filename,split
48948.pkl,train
8391.pkl,train
2847.pkl,train
21211.pkl,train
14670.pkl,train
43041.pkl,train
24293.pkl,train
22933.pkl,train
3775.pkl,train
19998.pkl,train
19311.pkl,train
51079.pkl,train
22635.pkl,train
35011.pkl,train
2706.pkl,train
47304.pkl,train
4536.pkl,train
45803.pkl,train
25227.pkl,train
17918.pkl,train
2348.pkl,train
22947.pkl,train
4095.pkl,train
1801.pkl,train
25104.pkl,train
34622.pkl,train
45313.pkl,train
19379.pkl,train
34450.pkl,train
26592.pkl,train
22233.pkl,train
49347.pkl,train
9001.pkl,train
8571.pkl,train
13036.pkl,train
47146.pkl,train
7574.pkl,train
41988.pkl,train
8804.pkl,train
28057.pkl,train
11278.pkl,train
20564.pkl,train
35879.pkl,train
16907.pkl,train
15040.pkl,train
17130.pkl,train
17769.pkl,train
29057.pkl,train
21528.pkl,train
49189.pkl,train
10550.pkl,train
56722.pkl,train
19728.pkl,train
52236.pkl,train
54634.pkl,train
23960.pkl,train
10296.pkl,train
4191.pkl,train
41203.pkl,train
36889.pkl,train
38358.pkl,train
30322.pkl,train
9509.pkl,train
53291.pkl,train
43122.pkl,train
21014.pkl,train
10442.pkl,train
5426.pkl,train
11079.pkl,train
46068.pkl,train
31870.pkl,train
53712.pkl,train
1580.pkl,train
39949.pkl,train
50614.pkl,train
56039.pkl,train
20452.pkl,train
41308.pkl,train
26032.pkl,train
42905.pkl,train
11029.pkl,train
38552.pkl,train
41902.pkl,train
32798.pkl,train
19035.pkl,train
47464.pkl,train
14872.pkl,train
52099.pkl,train
35626.pkl,train
36088.pkl,train
25250.pkl,train
12781.pkl,train
42769.pkl,train
28695.pkl,train
37984.pkl,train
8097.pkl,train
5511.pkl,train
3323.pkl,train
25323.pkl,train
48246.pkl,train
257.pkl,train
14132.pkl,train
21144.pkl,train
24420.pkl,train
14505.pkl,train
23665.pkl,train
19437.pkl,train
48629.pkl,train
45545.pkl,train
40555.pkl,train
48664.pkl,train
907.pkl,train
6557.pkl,train
19714.pkl,train
39818.pkl,train
12888.pkl,train
1521.pkl,train
49481.pkl,train
41613.pkl,train
56856.pkl,train
15979.pkl,train
44875.pkl,train
3387.pkl,train
52572.pkl,train
17629.pkl,train
15282.pkl,train
397.pkl,train
32321.pkl,train
21275.pkl,train
55292.pkl,train
20220.pkl,train
26313.pkl,train
30380.pkl,train
43426.pkl,train
29751.pkl,train
55765.pkl,train
4067.pkl,train
26767.pkl,train
1361.pkl,train
56895.pkl,train
51331.pkl,train
40127.pkl,train
16529.pkl,train
41708.pkl,train
9940.pkl,train
35126.pkl,train
53667.pkl,train
18149.pkl,train
44721.pkl,train
55790.pkl,train
29049.pkl,train
9580.pkl,train
12893.pkl,train
15784.pkl,train
53513.pkl,train
14895.pkl,train
13734.pkl,train
32736.pkl,train
39711.pkl,train
54193.pkl,train
549.pkl,train
45470.pkl,train
25613.pkl,train
16924.pkl,train
13151.pkl,train
14181.pkl,train
41159.pkl,train
56935.pkl,train
26447.pkl,train
6260.pkl,train
14620.pkl,train
16010.pkl,train
3560.pkl,train
12879.pkl,train
29145.pkl,train
12140.pkl,train
20589.pkl,train
44414.pkl,train
3823.pkl,train
46054.pkl,train
36619.pkl,train
44466.pkl,train
33899.pkl,train
17140.pkl,train
10527.pkl,train
13161.pkl,train
39542.pkl,train
22062.pkl,train
43719.pkl,train
20752.pkl,train
25049.pkl,train
26564.pkl,train
41196.pkl,train
18911.pkl,train
38335.pkl,train
14563.pkl,train
14006.pkl,train
13526.pkl,train
19576.pkl,train
24295.pkl,train
9568.pkl,train
15999.pkl,train
42559.pkl,train
33945.pkl,train
2485.pkl,train
36675.pkl,train
55075.pkl,train
24372.pkl,train
38103.pkl,train
49877.pkl,train
51248.pkl,train
33433.pkl,train
25384.pkl,train
14217.pkl,train
43741.pkl,train
3734.pkl,train
44876.pkl,train
26347.pkl,train
43689.pkl,train
50254.pkl,train
8525.pkl,train
21912.pkl,train
16718.pkl,train
45362.pkl,train
978.pkl,train
53168.pkl,train
25007.pkl,train
40668.pkl,train
34308.pkl,train
2302.pkl,train
4453.pkl,train
45233.pkl,train
53800.pkl,train
3646.pkl,train
37934.pkl,train
35822.pkl,train
14674.pkl,train
23792.pkl,train
30469.pkl,train
38226.pkl,train
15633.pkl,train
6223.pkl,train
38177.pkl,train
19079.pkl,train
25748.pkl,train
55494.pkl,train
16850.pkl,train
26763.pkl,train
8565.pkl,train
14227.pkl,train
23241.pkl,train
38542.pkl,train
46942.pkl,train
56323.pkl,train
1747.pkl,train
4782.pkl,train
30110.pkl,train
14764.pkl,train
20845.pkl,train
13392.pkl,train
44440.pkl,train
52271.pkl,train
36415.pkl,train
5483.pkl,train
22039.pkl,train
56069.pkl,train
51747.pkl,train
9612.pkl,train
44239.pkl,train
22785.pkl,train
55160.pkl,train
30105.pkl,train
28584.pkl,train
55193.pkl,train
7672.pkl,train
24516.pkl,train
20006.pkl,train
38926.pkl,train
28086.pkl,train
6598.pkl,train
1033.pkl,train
3638.pkl,train
49716.pkl,train
8602.pkl,train
19146.pkl,train
5229.pkl,train
34130.pkl,train
46286.pkl,train
13118.pkl,train
3674.pkl,train
26916.pkl,train
18190.pkl,train
14988.pkl,train
233.pkl,train
17054.pkl,train
30852.pkl,train
30248.pkl,train
9114.pkl,train
13887.pkl,train
42643.pkl,train
28217.pkl,train
20445.pkl,train
53939.pkl,train
23745.pkl,train
14351.pkl,train
5046.pkl,train
1059.pkl,train
36798.pkl,train
11351.pkl,train
5945.pkl,train
46766.pkl,train
47825.pkl,train
20419.pkl,train
17975.pkl,train
17665.pkl,train
4828.pkl,train
10877.pkl,train
35229.pkl,train
15786.pkl,train
17214.pkl,train
32401.pkl,train
41869.pkl,train
34481.pkl,train
54918.pkl,train
10294.pkl,train
51301.pkl,train
38108.pkl,train
26002.pkl,train
12278.pkl,train
31490.pkl,train
37815.pkl,train
37336.pkl,train
31797.pkl,train
4884.pkl,train
23585.pkl,train
39482.pkl,train
10622.pkl,train
10608.pkl,train
39247.pkl,train
3844.pkl,train
47801.pkl,train
37969.pkl,train
49353.pkl,train
52103.pkl,train
14416.pkl,train
15290.pkl,train
18479.pkl,train
54285.pkl,train
24124.pkl,train
50980.pkl,train
6138.pkl,train
55051.pkl,train
11393.pkl,train
49627.pkl,train
37464.pkl,train
45031.pkl,train
42050.pkl,train
23736.pkl,train
32140.pkl,train
18689.pkl,train
28610.pkl,train
10580.pkl,train
43547.pkl,train
15486.pkl,train
41484.pkl,train
27488.pkl,train
36622.pkl,train
3131.pkl,train
28029.pkl,train
39480.pkl,train
48930.pkl,train
13844.pkl,train
13942.pkl,train
29811.pkl,train
18546.pkl,train
34522.pkl,train
3008.pkl,train
56070.pkl,train
604.pkl,train
30935.pkl,train
1748.pkl,train
47929.pkl,train
19593.pkl,train
24999.pkl,train
28623.pkl,train
52202.pkl,train
37770.pkl,train
35554.pkl,train
19488.pkl,train
50463.pkl,train
41772.pkl,train
8658.pkl,train
18477.pkl,train
9882.pkl,train
4885.pkl,train
21047.pkl,train
40417.pkl,train
41206.pkl,train
28791.pkl,train
38857.pkl,train
40326.pkl,train
35951.pkl,train
46461.pkl,train
27251.pkl,train
10456.pkl,train
35430.pkl,train
9205.pkl,train
49150.pkl,train
56266.pkl,train
166.pkl,train
38638.pkl,train
21733.pkl,train
49217.pkl,train
6675.pkl,train
48408.pkl,train
25304.pkl,train
8848.pkl,train
15444.pkl,train
19448.pkl,train
26633.pkl,train
5387.pkl,train
53468.pkl,train
37226.pkl,train
796.pkl,train
26376.pkl,train
8480.pkl,train
33592.pkl,train
8265.pkl,train
38350.pkl,train
9083.pkl,train
26256.pkl,train
10673.pkl,train
9772.pkl,train
3125.pkl,train
46693.pkl,train
7521.pkl,train
3196.pkl,train
4715.pkl,train
5415.pkl,train
45894.pkl,train
7419.pkl,train
53758.pkl,train
32522.pkl,train
55726.pkl,train
16530.pkl,train
39731.pkl,train
924.pkl,train
21605.pkl,train
5984.pkl,train
39258.pkl,train
16488.pkl,train
9276.pkl,train
27964.pkl,train
43685.pkl,train
6823.pkl,train
30578.pkl,train
19609.pkl,train
10914.pkl,train
15018.pkl,train
7147.pkl,train
20207.pkl,train
46539.pkl,train
29097.pkl,train
19149.pkl,train
48782.pkl,train
35313.pkl,train
13610.pkl,train
46902.pkl,train
27160.pkl,train
15158.pkl,train
13588.pkl,train
22367.pkl,train
27770.pkl,train
2143.pkl,train
503.pkl,train
52604.pkl,train
6740.pkl,train
2683.pkl,train
16758.pkl,train
1192.pkl,train
35110.pkl,train
53089.pkl,train
15247.pkl,train
34343.pkl,train
28180.pkl,train
29851.pkl,train
26100.pkl,train
28608.pkl,train
8221.pkl,train
30748.pkl,train
32984.pkl,train
13344.pkl,train
47183.pkl,train
42159.pkl,train
35564.pkl,train
15976.pkl,train
13473.pkl,train
1091.pkl,train
12700.pkl,train
11178.pkl,train
53729.pkl,train
16575.pkl,train
47038.pkl,train
24285.pkl,train
36531.pkl,train
24945.pkl,train
27077.pkl,train
9802.pkl,train
25410.pkl,train
13923.pkl,train
55956.pkl,train
36145.pkl,train
36891.pkl,train
12656.pkl,train
38581.pkl,train
20462.pkl,train
10076.pkl,train
36461.pkl,train
14594.pkl,train
14346.pkl,train
24271.pkl,train
29624.pkl,train
17440.pkl,train
37591.pkl,train
44844.pkl,train
11547.pkl,train
54389.pkl,train
22383.pkl,train
55280.pkl,train
12780.pkl,train
29818.pkl,train
9265.pkl,train
23453.pkl,train
44922.pkl,train
41208.pkl,train
45500.pkl,train
15365.pkl,train
10632.pkl,train
52255.pkl,train
52335.pkl,train
11648.pkl,train
38459.pkl,train
14498.pkl,train
19490.pkl,train
56280.pkl,train
56260.pkl,train
54037.pkl,train
7752.pkl,train
29088.pkl,train
13204.pkl,train
23269.pkl,train
38579.pkl,train
54370.pkl,train
32762.pkl,train
52745.pkl,train
12963.pkl,train
47329.pkl,train
570.pkl,train
49768.pkl,train
1115.pkl,train
41501.pkl,train
21106.pkl,train
7362.pkl,train
56547.pkl,train
11966.pkl,train
986.pkl,train
13404.pkl,train
35182.pkl,train
43365.pkl,train
19494.pkl,train
33634.pkl,train
51947.pkl,train
21027.pkl,train
2065.pkl,train
33464.pkl,train
52272.pkl,train
45854.pkl,train
36540.pkl,train
15840.pkl,train
52452.pkl,train
46137.pkl,train
21163.pkl,train
8509.pkl,train
1727.pkl,train
47508.pkl,train
48006.pkl,train
31050.pkl,train
56391.pkl,train
22272.pkl,train
10071.pkl,train
16505.pkl,train
2363.pkl,train
53022.pkl,train
43071.pkl,train
20876.pkl,train
26573.pkl,train
14406.pkl,train
52888.pkl,train
38185.pkl,train
13776.pkl,train
6516.pkl,train
53755.pkl,train
25249.pkl,train
43194.pkl,train
19447.pkl,train
37938.pkl,train
5860.pkl,train
51506.pkl,train
10235.pkl,train
2062.pkl,train
27891.pkl,train
11747.pkl,train
16199.pkl,train
12839.pkl,train
30039.pkl,train
40253.pkl,train
5675.pkl,train
55011.pkl,train
48988.pkl,train
48079.pkl,train
13254.pkl,train
35232.pkl,train
9731.pkl,train
16383.pkl,train
31968.pkl,train
16121.pkl,train
20741.pkl,train
10090.pkl,train
42155.pkl,train
9788.pkl,train
49608.pkl,train
47919.pkl,train
27069.pkl,train
5695.pkl,train
30253.pkl,train
47934.pkl,train
13874.pkl,train
10567.pkl,train
4476.pkl,train
3226.pkl,train
2102.pkl,train
41323.pkl,train
56851.pkl,train
34254.pkl,train
20795.pkl,train
39641.pkl,train
28509.pkl,train
20184.pkl,train
23617.pkl,train
40662.pkl,train
28932.pkl,train
31265.pkl,train
40989.pkl,train
11482.pkl,train
16716.pkl,train
19677.pkl,train
31949.pkl,train
54524.pkl,train
36589.pkl,train
20831.pkl,train
48555.pkl,train
50363.pkl,train
44683.pkl,train
31818.pkl,train
37364.pkl,train
47272.pkl,train
27348.pkl,train
46395.pkl,train
52469.pkl,train
32696.pkl,train
47310.pkl,train
19460.pkl,train
38468.pkl,train
46127.pkl,train
46316.pkl,train
43503.pkl,train
45351.pkl,train
35274.pkl,train
12779.pkl,train
9776.pkl,train
23449.pkl,train
41451.pkl,train
37383.pkl,train
10832.pkl,train
19612.pkl,train
13306.pkl,train
11920.pkl,train
15261.pkl,train
25562.pkl,train
37624.pkl,train
50266.pkl,train
53264.pkl,train
248.pkl,train
46686.pkl,train
23046.pkl,train
43197.pkl,train
29519.pkl,train
5778.pkl,train
4336.pkl,train
34253.pkl,train
25055.pkl,train
30260.pkl,train
10855.pkl,train
3024.pkl,train
3848.pkl,train
33302.pkl,train
10559.pkl,train
55071.pkl,train
4938.pkl,train
47814.pkl,train
3460.pkl,train
14504.pkl,train
55184.pkl,train
46612.pkl,train
28219.pkl,train
39863.pkl,train
18812.pkl,train
10440.pkl,train
34637.pkl,train
13478.pkl,train
35793.pkl,train
5153.pkl,train
28858.pkl,train
54610.pkl,train
3193.pkl,train
20442.pkl,train
8884.pkl,train
26979.pkl,train
47817.pkl,train
34997.pkl,train
11471.pkl,train
1788.pkl,train
24920.pkl,train
35233.pkl,train
38405.pkl,train
32319.pkl,train
46101.pkl,train
29500.pkl,train
4227.pkl,train
16243.pkl,train
16500.pkl,train
24002.pkl,train
36901.pkl,train
41197.pkl,train
10588.pkl,train
41530.pkl,train
30106.pkl,train
13495.pkl,train
44362.pkl,train
46066.pkl,train
20883.pkl,train
13283.pkl,train
41251.pkl,train
22861.pkl,train
8579.pkl,train
9993.pkl,train
50457.pkl,train
9129.pkl,train
4450.pkl,train
16593.pkl,train
45875.pkl,train
33873.pkl,train
42325.pkl,train
12393.pkl,train
43065.pkl,train
18463.pkl,train
468.pkl,train
50205.pkl,train
19018.pkl,train
9267.pkl,train
12932.pkl,train
26294.pkl,train
32574.pkl,train
17737.pkl,train
12153.pkl,train
26490.pkl,train
20512.pkl,train
14380.pkl,train
32973.pkl,train
27347.pkl,train
47178.pkl,train
45098.pkl,train
28255.pkl,train
52515.pkl,train
10428.pkl,train
4507.pkl,train
49175.pkl,train
36274.pkl,train
44486.pkl,train
28017.pkl,train
28820.pkl,train
56097.pkl,train
42070.pkl,train
42451.pkl,train
27615.pkl,train
55140.pkl,train
39188.pkl,train
40731.pkl,train
12851.pkl,train
5353.pkl,train
19927.pkl,train
9395.pkl,train
45532.pkl,train
35892.pkl,train
47653.pkl,train
48276.pkl,train
9428.pkl,train
1621.pkl,train
49984.pkl,train
19272.pkl,train
3348.pkl,train
45341.pkl,train
16147.pkl,train
29886.pkl,train
47938.pkl,train
50455.pkl,train
49294.pkl,train
27785.pkl,train
5930.pkl,train
34414.pkl,train
46296.pkl,train
24658.pkl,train
40229.pkl,train
25907.pkl,train
14677.pkl,train
3375.pkl,train
29641.pkl,train
3190.pkl,train
29747.pkl,train
43384.pkl,train
35729.pkl,train
4277.pkl,train
34192.pkl,train
6561.pkl,train
42414.pkl,train
12489.pkl,train
26709.pkl,train
19266.pkl,train
20896.pkl,train
1061.pkl,train
21958.pkl,train
35873.pkl,train
47846.pkl,train
34017.pkl,train
7321.pkl,train
52467.pkl,train
34922.pkl,train
26749.pkl,train
54336.pkl,train
43027.pkl,train
724.pkl,train
9864.pkl,train
52849.pkl,train
55817.pkl,train
27539.pkl,train
36558.pkl,train
29718.pkl,train
43456.pkl,train
43814.pkl,train
2221.pkl,train
7276.pkl,train
38618.pkl,train
23225.pkl,train
35985.pkl,train
50132.pkl,train
26401.pkl,train
51563.pkl,train
56288.pkl,train
10648.pkl,train
23120.pkl,train
15894.pkl,train
31283.pkl,train
56513.pkl,train
20130.pkl,train
34383.pkl,train
34715.pkl,train
14811.pkl,train
10731.pkl,train
15628.pkl,train
56846.pkl,train
47519.pkl,train
22426.pkl,train
15515.pkl,train
48214.pkl,train
14200.pkl,train
54118.pkl,train
8001.pkl,train
11441.pkl,train
4954.pkl,train
55714.pkl,train
55513.pkl,train
3503.pkl,train
48992.pkl,train
10537.pkl,train
26738.pkl,train
35076.pkl,train
47971.pkl,train
55021.pkl,train
39272.pkl,train
8668.pkl,train
23161.pkl,train
27681.pkl,train
46372.pkl,train
38868.pkl,train
28163.pkl,train
26925.pkl,train
12280.pkl,train
28517.pkl,train
15225.pkl,train
21279.pkl,train
4848.pkl,train
17071.pkl,train
54705.pkl,train
55320.pkl,train
24867.pkl,train
44325.pkl,train
54623.pkl,train
51872.pkl,train
19788.pkl,train
47561.pkl,train
34720.pkl,train
6007.pkl,train
22118.pkl,train
11081.pkl,train
12306.pkl,train
32831.pkl,train
47472.pkl,train
49263.pkl,train
36495.pkl,train
9522.pkl,train
47545.pkl,train
43577.pkl,train
7289.pkl,train
29482.pkl,train
3904.pkl,train
2786.pkl,train
40589.pkl,train
22826.pkl,train
15703.pkl,train
39286.pkl,train
40767.pkl,train
55684.pkl,train
42545.pkl,train
55457.pkl,train
133.pkl,train
14379.pkl,train
18332.pkl,train
14823.pkl,train
41452.pkl,train
25941.pkl,train
28656.pkl,train
20698.pkl,train
51794.pkl,train
11635.pkl,train
4624.pkl,train
37235.pkl,train
28797.pkl,train
25334.pkl,train
11204.pkl,train
19105.pkl,train
33434.pkl,train
43674.pkl,train
33764.pkl,train
42189.pkl,train
1437.pkl,train
40951.pkl,train
35010.pkl,train
25271.pkl,train
13001.pkl,train
37723.pkl,train
1830.pkl,train
28162.pkl,train
10918.pkl,train
22871.pkl,train
11599.pkl,train
8641.pkl,train
47143.pkl,train
30871.pkl,train
51386.pkl,train
53464.pkl,train
55832.pkl,train
55581.pkl,train
32873.pkl,train
24633.pkl,train
41439.pkl,train
40434.pkl,train
1476.pkl,train
43262.pkl,train
46925.pkl,train
13551.pkl,train
28926.pkl,train
38315.pkl,train
34704.pkl,train
48445.pkl,train
18460.pkl,train
8450.pkl,train
4596.pkl,train
4057.pkl,train
43064.pkl,train
37169.pkl,train
22849.pkl,train
54265.pkl,train
37126.pkl,train
33467.pkl,train
28208.pkl,train
28700.pkl,train
9646.pkl,train
42323.pkl,train
52330.pkl,train
15951.pkl,train
10422.pkl,train
56665.pkl,train
40482.pkl,train
3813.pkl,train
13222.pkl,train
9925.pkl,train
40886.pkl,train
24788.pkl,train
36746.pkl,train
34890.pkl,train
7610.pkl,train
11021.pkl,train
501.pkl,train
1733.pkl,train
23947.pkl,train
19021.pkl,train
26.pkl,train
31003.pkl,train
16749.pkl,train
20025.pkl,train
43780.pkl,train
51498.pkl,train
26941.pkl,train
26993.pkl,train
10756.pkl,train
11963.pkl,train
872.pkl,train
15584.pkl,train
16678.pkl,train
12133.pkl,train
25798.pkl,train
32416.pkl,train
2841.pkl,train
8625.pkl,train
22993.pkl,train
9973.pkl,train
13007.pkl,train
49645.pkl,train
46268.pkl,train
45898.pkl,train
13245.pkl,train
47060.pkl,train
38714.pkl,train
19602.pkl,train
7351.pkl,train
37947.pkl,train
52181.pkl,train
44826.pkl,train
26694.pkl,train
56138.pkl,train
55881.pkl,train
16906.pkl,train
18171.pkl,train
51353.pkl,train
26445.pkl,train
27326.pkl,train
11369.pkl,train
2181.pkl,train
10197.pkl,train
48904.pkl,train
37498.pkl,train
52182.pkl,train
20832.pkl,train
19886.pkl,train
40612.pkl,train
5673.pkl,train
633.pkl,train
391.pkl,train
13922.pkl,train
37407.pkl,train
30996.pkl,train
49802.pkl,train
34495.pkl,train
53783.pkl,train
31062.pkl,train
6183.pkl,train
35459.pkl,train
50073.pkl,train
7439.pkl,train
31346.pkl,train
30520.pkl,train
14104.pkl,train
24743.pkl,train
38748.pkl,train
56986.pkl,train
25849.pkl,train
14291.pkl,train
35824.pkl,train
19245.pkl,train
40016.pkl,train
17825.pkl,train
22808.pkl,train
19599.pkl,train
23744.pkl,train
51293.pkl,train
25909.pkl,train
49795.pkl,train
44177.pkl,train
22608.pkl,train
4679.pkl,train
7301.pkl,train
28304.pkl,train
3051.pkl,train
33520.pkl,train
55383.pkl,train
3162.pkl,train
11433.pkl,train
10912.pkl,train
31919.pkl,train
4702.pkl,train
18370.pkl,train
22057.pkl,train
36406.pkl,train
31826.pkl,train
26176.pkl,train
32074.pkl,train
22077.pkl,train
43260.pkl,train
17345.pkl,train
7615.pkl,train
12822.pkl,train
49760.pkl,train
43406.pkl,train
2015.pkl,train
4464.pkl,train
17426.pkl,train
20776.pkl,train
10763.pkl,train
38921.pkl,train
55757.pkl,train
55315.pkl,train
54695.pkl,train
3356.pkl,train
6622.pkl,train
56725.pkl,train
1613.pkl,train
23352.pkl,train
44119.pkl,train
51282.pkl,train
6531.pkl,train
27481.pkl,train
8138.pkl,train
46511.pkl,train
1891.pkl,train
10355.pkl,train
51225.pkl,train
17796.pkl,train
46292.pkl,train
26038.pkl,train
37926.pkl,train
3267.pkl,train
14252.pkl,train
32239.pkl,train
2916.pkl,train
1558.pkl,train
5392.pkl,train
55308.pkl,train
3004.pkl,train
32999.pkl,train
11975.pkl,train
23941.pkl,train
40233.pkl,train
1963.pkl,train
43119.pkl,train
9128.pkl,train
15007.pkl,train
42887.pkl,train
37360.pkl,train
13639.pkl,train
37670.pkl,train
13073.pkl,train
33344.pkl,train
49623.pkl,train
28263.pkl,train
36903.pkl,train
13823.pkl,train
4729.pkl,train
44529.pkl,train
53524.pkl,train
12201.pkl,train
37985.pkl,train
39491.pkl,train
18628.pkl,train
30619.pkl,train
9181.pkl,train
31562.pkl,train
29127.pkl,train
6853.pkl,train
29389.pkl,train
27353.pkl,train
44234.pkl,train
8110.pkl,train
5071.pkl,train
35555.pkl,train
9378.pkl,train
36935.pkl,train
12021.pkl,train
42877.pkl,train
19859.pkl,train
55860.pkl,train
15755.pkl,train
17107.pkl,train
43724.pkl,train
1374.pkl,train
9998.pkl,train
36170.pkl,train
16392.pkl,train
28382.pkl,train
30938.pkl,train
485.pkl,train
13806.pkl,train
17919.pkl,train
23386.pkl,train
22289.pkl,train
32993.pkl,train
5324.pkl,train
53921.pkl,train
23472.pkl,train
41264.pkl,train
32314.pkl,train
22801.pkl,train
19584.pkl,train
6088.pkl,train
50309.pkl,train
25945.pkl,train
24495.pkl,train
28176.pkl,train
23093.pkl,train
48229.pkl,train
16619.pkl,train
46829.pkl,train
38144.pkl,train
39256.pkl,train
14840.pkl,train
39607.pkl,train
22615.pkl,train
41072.pkl,train
52749.pkl,train
53110.pkl,train
35161.pkl,train
53545.pkl,train
14730.pkl,train
10364.pkl,train
54247.pkl,train
53592.pkl,train
18340.pkl,train
5822.pkl,train
17892.pkl,train
50517.pkl,train
51133.pkl,train
16484.pkl,train
13970.pkl,train
383.pkl,train
32981.pkl,train
52177.pkl,train
328.pkl,train
48938.pkl,train
30278.pkl,train
14911.pkl,train
24703.pkl,train
12756.pkl,train
17552.pkl,train
46512.pkl,train
3598.pkl,train
13867.pkl,train
25124.pkl,train
48260.pkl,train
18507.pkl,train
42141.pkl,train
25243.pkl,train
6468.pkl,train
3172.pkl,train
3139.pkl,train
5627.pkl,train
8803.pkl,train
11230.pkl,train
53395.pkl,train
29815.pkl,train
13159.pkl,train
3403.pkl,train
48494.pkl,train
52081.pkl,train
1599.pkl,train
41246.pkl,train
47540.pkl,train
36456.pkl,train
17213.pkl,train
1912.pkl,train
2771.pkl,train
33534.pkl,train
43077.pkl,train
53679.pkl,train
25971.pkl,train
45517.pkl,train
50414.pkl,train
8984.pkl,train
6286.pkl,train
43347.pkl,train
16839.pkl,train
4484.pkl,train
15109.pkl,train
3409.pkl,train
20066.pkl,train
24866.pkl,train
30865.pkl,train
41061.pkl,train
7860.pkl,train
30466.pkl,train
6555.pkl,train
34312.pkl,train
54570.pkl,train
29287.pkl,train
15907.pkl,train
52501.pkl,train
41870.pkl,train
5959.pkl,train
6005.pkl,train
830.pkl,train
22432.pkl,train
25411.pkl,train
4932.pkl,train
774.pkl,train
54292.pkl,train
629.pkl,train
28711.pkl,train
26591.pkl,train
7900.pkl,train
50698.pkl,train
30729.pkl,train
29791.pkl,train
1417.pkl,train
37767.pkl,train
27992.pkl,train
32201.pkl,train
31542.pkl,train
35665.pkl,train
31471.pkl,train
10889.pkl,train
34162.pkl,train
41859.pkl,train
46356.pkl,train
54258.pkl,train
4189.pkl,train
14239.pkl,train
47532.pkl,train
36813.pkl,train
5961.pkl,train
55614.pkl,train
56675.pkl,train
9254.pkl,train
47027.pkl,train
11581.pkl,train
35374.pkl,train
40611.pkl,train
10106.pkl,train
7957.pkl,train
49573.pkl,train
48826.pkl,train
19333.pkl,train
50768.pkl,train
28515.pkl,train
22206.pkl,train
35768.pkl,train
27737.pkl,train
2713.pkl,train
20044.pkl,train
10132.pkl,train
3003.pkl,train
47724.pkl,train
850.pkl,train
47623.pkl,train
47494.pkl,train
46446.pkl,train
4541.pkl,train
24235.pkl,train
5521.pkl,train
16192.pkl,train
40212.pkl,train
10906.pkl,train
21934.pkl,train
14208.pkl,train
14261.pkl,train
4110.pkl,train
26934.pkl,train
26319.pkl,train
23137.pkl,train
42443.pkl,train
39280.pkl,train
22078.pkl,train
24986.pkl,train
18609.pkl,train
14947.pkl,train
440.pkl,train
38690.pkl,train
13792.pkl,train
30818.pkl,train
976.pkl,train
18286.pkl,train
52077.pkl,train
4632.pkl,train
45973.pkl,train
26168.pkl,train
12098.pkl,train
4383.pkl,train
9756.pkl,train
41443.pkl,train
22643.pkl,train
5953.pkl,train
42960.pkl,train
14779.pkl,train
33662.pkl,train
7859.pkl,train
24575.pkl,train
51364.pkl,train
18413.pkl,train
35486.pkl,train
53526.pkl,train
42596.pkl,train
43935.pkl,train
54864.pkl,train
27233.pkl,train
4023.pkl,train
28540.pkl,train
44901.pkl,train
14763.pkl,train
1292.pkl,train
130.pkl,train
54702.pkl,train
26044.pkl,train
44665.pkl,train
5559.pkl,train
51327.pkl,train
24432.pkl,train
52907.pkl,train
14393.pkl,train
43416.pkl,train
15349.pkl,train
16659.pkl,train
30283.pkl,train
2447.pkl,train
42768.pkl,train
24699.pkl,train
33123.pkl,train
5132.pkl,train
28110.pkl,train
9208.pkl,train
48413.pkl,train
10041.pkl,train
42073.pkl,train
30445.pkl,train
34371.pkl,train
11851.pkl,train
41858.pkl,train
31230.pkl,train
20047.pkl,train
48334.pkl,train
18140.pkl,train
54479.pkl,train
28594.pkl,train
23413.pkl,train
28897.pkl,train
17707.pkl,train
3042.pkl,train
35138.pkl,train
40309.pkl,train
5470.pkl,train
36209.pkl,train
38246.pkl,train
6323.pkl,train
24626.pkl,train
41667.pkl,train
3628.pkl,train
13508.pkl,train
21491.pkl,train
18890.pkl,train
28772.pkl,train
46851.pkl,train
13999.pkl,train
27176.pkl,train
56120.pkl,train
30446.pkl,train
33633.pkl,train
44335.pkl,train
42439.pkl,train
45343.pkl,train
28902.pkl,train
10183.pkl,train
3986.pkl,train
55795.pkl,train
19745.pkl,train
27253.pkl,train
13719.pkl,train
44818.pkl,train
29956.pkl,train
54040.pkl,train
14798.pkl,train
22355.pkl,train
18504.pkl,train
24590.pkl,train
8514.pkl,train
16493.pkl,train
26170.pkl,train
33211.pkl,train
41603.pkl,train
46190.pkl,train
41848.pkl,train
9381.pkl,train
62.pkl,train
28308.pkl,train
53463.pkl,train
31014.pkl,train
27102.pkl,train
35077.pkl,train
38597.pkl,train
260.pkl,train
19962.pkl,train
52227.pkl,train
9543.pkl,train
6156.pkl,train
18223.pkl,train
13341.pkl,train
54036.pkl,train
46813.pkl,train
25315.pkl,train
25127.pkl,train
422.pkl,train
27238.pkl,train
21668.pkl,train
38553.pkl,train
45133.pkl,train
50784.pkl,train
10309.pkl,train
7822.pkl,train
961.pkl,train
37915.pkl,train
31391.pkl,train
17205.pkl,train
43415.pkl,train
26625.pkl,train
43833.pkl,train
9399.pkl,train
8892.pkl,train
44220.pkl,train
1587.pkl,train
55417.pkl,train
2074.pkl,train
51389.pkl,train
3754.pkl,train
19201.pkl,train
11915.pkl,train
42614.pkl,train
39889.pkl,train
29195.pkl,train
29243.pkl,train
28303.pkl,train
31767.pkl,train
49249.pkl,train
4384.pkl,train
14198.pkl,train
50377.pkl,train
11531.pkl,train
30024.pkl,train
46434.pkl,train
28276.pkl,train
18622.pkl,train
41893.pkl,train
31982.pkl,train
16683.pkl,train
45184.pkl,train
48047.pkl,train
52204.pkl,train
22744.pkl,train
43921.pkl,train
14654.pkl,train
41151.pkl,train
15916.pkl,train
50009.pkl,train
23805.pkl,train
45551.pkl,train
53280.pkl,train
35363.pkl,train
55911.pkl,train
34968.pkl,train
3292.pkl,train
1411.pkl,train
27701.pkl,train
56880.pkl,train
9799.pkl,train
41793.pkl,train
31991.pkl,train
12543.pkl,train
56450.pkl,train
14218.pkl,train
36189.pkl,train
21776.pkl,train
39503.pkl,train
36065.pkl,train
20620.pkl,train
56593.pkl,train
18457.pkl,train
47384.pkl,train
20046.pkl,train
19474.pkl,train
38966.pkl,train
45755.pkl,train
49882.pkl,train
29235.pkl,train
2176.pkl,train
28210.pkl,train
43213.pkl,train
21656.pkl,train
22475.pkl,train
25810.pkl,train
32028.pkl,train
42780.pkl,train
22121.pkl,train
22093.pkl,train
7361.pkl,train
43386.pkl,train
18605.pkl,train
7177.pkl,train
31511.pkl,train
2944.pkl,train
12249.pkl,train
56395.pkl,train
13187.pkl,train
34664.pkl,train
12976.pkl,train
39941.pkl,train
27643.pkl,train
596.pkl,train
48488.pkl,train
11827.pkl,train
52071.pkl,train
25345.pkl,train
7894.pkl,train
24373.pkl,train
55718.pkl,train
15497.pkl,train
3950.pkl,train
19523.pkl,train
28107.pkl,train
11550.pkl,train
31992.pkl,train
6762.pkl,train
17073.pkl,train
4316.pkl,train
35150.pkl,train
22660.pkl,train
14206.pkl,train
25929.pkl,train
19818.pkl,train
42003.pkl,train
1844.pkl,train
51435.pkl,train
27097.pkl,train
15892.pkl,train
186.pkl,train
26995.pkl,train
28541.pkl,train
22654.pkl,train
2748.pkl,train
50158.pkl,train
9968.pkl,train
294.pkl,train
43997.pkl,train
21794.pkl,train
89.pkl,train
48340.pkl,train
53510.pkl,train
12569.pkl,train
20632.pkl,train
48831.pkl,train
32189.pkl,train
36097.pkl,train
40230.pkl,train
47409.pkl,train
31309.pkl,train
38830.pkl,train
50409.pkl,train
40834.pkl,train
19623.pkl,train
16235.pkl,train
46566.pkl,train
6147.pkl,train
48387.pkl,train
22958.pkl,train
44847.pkl,train
5474.pkl,train
20991.pkl,train
20113.pkl,train
30153.pkl,train
8332.pkl,train
24003.pkl,train
39344.pkl,train
38854.pkl,train
17245.pkl,train
39019.pkl,train
2047.pkl,train
54134.pkl,train
55109.pkl,train
55962.pkl,train
15944.pkl,train
30179.pkl,train
56113.pkl,train
42339.pkl,train
34003.pkl,train
11364.pkl,train
7433.pkl,train
22556.pkl,train
12289.pkl,train
48884.pkl,train
20231.pkl,train
52915.pkl,train
4820.pkl,train
43740.pkl,train
56998.pkl,train
5036.pkl,train
43540.pkl,train
28685.pkl,train
19924.pkl,train
9605.pkl,train
11399.pkl,train
37044.pkl,train
3829.pkl,train
28739.pkl,train
36437.pkl,train
1395.pkl,train
28590.pkl,train
38299.pkl,train
53393.pkl,train
21943.pkl,train
41866.pkl,train
36639.pkl,train
56488.pkl,train
625.pkl,train
25398.pkl,train
22428.pkl,train
30447.pkl,train
21897.pkl,train
19004.pkl,train
41539.pkl,train
25359.pkl,train
18193.pkl,train
38781.pkl,train
39065.pkl,train
7562.pkl,train
610.pkl,train
6854.pkl,train
9189.pkl,train
4240.pkl,train
22246.pkl,train
38513.pkl,train
45092.pkl,train
26374.pkl,train
27647.pkl,train
2479.pkl,train
23315.pkl,train
10863.pkl,train
47737.pkl,train
3289.pkl,train
27791.pkl,train
3037.pkl,train
18772.pkl,train
21223.pkl,train
51175.pkl,train
3256.pkl,train
47325.pkl,train
27508.pkl,train
378.pkl,train
43211.pkl,train
56802.pkl,train
53399.pkl,train
569.pkl,train
36103.pkl,train
47305.pkl,train
2545.pkl,train
49715.pkl,train
1357.pkl,train
33192.pkl,train
25619.pkl,train
47177.pkl,train
7771.pkl,train
21295.pkl,train
32100.pkl,train
2121.pkl,train
25512.pkl,train
35477.pkl,train
36457.pkl,train
30173.pkl,train
25424.pkl,train
47504.pkl,train
22813.pkl,train
15849.pkl,train
48596.pkl,train
51075.pkl,train
9676.pkl,train
54400.pkl,train
44324.pkl,train
45935.pkl,train
42349.pkl,train
30133.pkl,train
9539.pkl,train
13827.pkl,train
18261.pkl,train
44991.pkl,train
10093.pkl,train
43684.pkl,train
50106.pkl,train
47408.pkl,train
11154.pkl,train
17049.pkl,train
45453.pkl,train
26142.pkl,train
12798.pkl,train
38696.pkl,train
54368.pkl,train
39117.pkl,train
14033.pkl,train
36731.pkl,train
3899.pkl,train
6911.pkl,train
43541.pkl,train
53511.pkl,train
22482.pkl,train
43670.pkl,train
16898.pkl,train
8439.pkl,train
28849.pkl,train
25205.pkl,train
35198.pkl,train
20571.pkl,train
50451.pkl,train
32126.pkl,train
578.pkl,train
18475.pkl,train
29387.pkl,train
49012.pkl,train
36647.pkl,train
12921.pkl,train
13958.pkl,train
47243.pkl,train
49919.pkl,train
50648.pkl,train
22024.pkl,train
11859.pkl,train
29999.pkl,train
6791.pkl,train
29561.pkl,train
16496.pkl,train
13117.pkl,train
46148.pkl,train
51806.pkl,train
3536.pkl,train
7504.pkl,train
34305.pkl,train
34453.pkl,train
23312.pkl,train
49999.pkl,train
27122.pkl,train
44951.pkl,train
55360.pkl,train
11786.pkl,train
19095.pkl,train
20538.pkl,train
42004.pkl,train
23344.pkl,train
33501.pkl,train
17571.pkl,train
13397.pkl,train
23346.pkl,train
26361.pkl,train
9357.pkl,train
9171.pkl,train
51274.pkl,train
45004.pkl,train
21936.pkl,train
23975.pkl,train
4668.pkl,train
34070.pkl,train
49646.pkl,train
29194.pkl,train
39335.pkl,train
49676.pkl,train
27788.pkl,train
3703.pkl,train
52778.pkl,train
19618.pkl,train
52680.pkl,train
38260.pkl,train
21269.pkl,train
22638.pkl,train
55416.pkl,train
29452.pkl,train
24190.pkl,train
36615.pkl,train
9429.pkl,train
9324.pkl,train
5719.pkl,train
29891.pkl,train
54897.pkl,train
17134.pkl,train
46737.pkl,train
22018.pkl,train
37494.pkl,train
31294.pkl,train
27679.pkl,train
42429.pkl,train
18014.pkl,train
19922.pkl,train
21147.pkl,train
21779.pkl,train
41393.pkl,train
18420.pkl,train
9244.pkl,train
32029.pkl,train
43153.pkl,train
10690.pkl,train
5602.pkl,train
45267.pkl,train
51160.pkl,train
6977.pkl,train
16813.pkl,train
4509.pkl,train
1616.pkl,train
24332.pkl,train
17393.pkl,train
38947.pkl,train
25570.pkl,train
13959.pkl,train
20877.pkl,train
8483.pkl,train
34185.pkl,train
28122.pkl,train
9585.pkl,train
6739.pkl,train
47022.pkl,train
22569.pkl,train
5796.pkl,train
35664.pkl,train
2650.pkl,train
4225.pkl,train
19216.pkl,train
38764.pkl,train
38484.pkl,train
8671.pkl,train
24486.pkl,train
27747.pkl,train
27360.pkl,train
12754.pkl,train
39492.pkl,train
48016.pkl,train
35251.pkl,train
22455.pkl,train
45806.pkl,train
33985.pkl,train
35591.pkl,train
41507.pkl,train
11141.pkl,train
47743.pkl,train
28405.pkl,train
13312.pkl,train
4233.pkl,train
39443.pkl,train
20790.pkl,train
5432.pkl,train
29223.pkl,train
50913.pkl,train
51321.pkl,train
10569.pkl,train
32713.pkl,train
14213.pkl,train
48237.pkl,train
5365.pkl,train
45579.pkl,train
35385.pkl,train
14514.pkl,train
30810.pkl,train
54659.pkl,train
53084.pkl,train
48093.pkl,train
36050.pkl,train
22002.pkl,train
36481.pkl,train
26399.pkl,train
32545.pkl,train
52781.pkl,train
7115.pkl,train
41210.pkl,train
19919.pkl,train
33793.pkl,train
18682.pkl,train
44745.pkl,train
10937.pkl,train
33445.pkl,train
31119.pkl,train
27981.pkl,train
8790.pkl,train
34686.pkl,train
3087.pkl,train
43334.pkl,train
53587.pkl,train
52543.pkl,train
15507.pkl,train
8055.pkl,train
29922.pkl,train
46660.pkl,train
40292.pkl,train
41622.pkl,train
22124.pkl,train
21771.pkl,train
4566.pkl,train
18518.pkl,train
26034.pkl,train
13964.pkl,train
45807.pkl,train
33560.pkl,train
6985.pkl,train
54823.pkl,train
39061.pkl,train
4456.pkl,train
39132.pkl,train
12998.pkl,train
38480.pkl,train
55593.pkl,train
50912.pkl,train
1815.pkl,train
50534.pkl,train
27726.pkl,train
50525.pkl,train
56683.pkl,train
7968.pkl,train
37657.pkl,train
32313.pkl,train
48788.pkl,train
42410.pkl,train
11205.pkl,train
30822.pkl,train
32052.pkl,train
21769.pkl,train
235.pkl,train
26635.pkl,train
32583.pkl,train
49411.pkl,train
25434.pkl,train
31906.pkl,train
7206.pkl,train
49490.pkl,train
35953.pkl,train
33623.pkl,train
8233.pkl,train
18136.pkl,train
1990.pkl,train
2940.pkl,train
25712.pkl,train
1376.pkl,train
7443.pkl,train
17425.pkl,train
22431.pkl,train
53380.pkl,train
9379.pkl,train
11606.pkl,train
12376.pkl,train
44245.pkl,train
11128.pkl,train
42744.pkl,train
27242.pkl,train
37018.pkl,train
48491.pkl,train
11710.pkl,train
17379.pkl,train
14884.pkl,train
34451.pkl,train
56592.pkl,train
3132.pkl,train
31192.pkl,train
51684.pkl,train
34391.pkl,train
28894.pkl,train
22596.pkl,train
40215.pkl,train
12977.pkl,train
32446.pkl,train
52400.pkl,train
36003.pkl,train
56386.pkl,train
54451.pkl,train
37231.pkl,train
35970.pkl,train
10358.pkl,train
45452.pkl,train
46576.pkl,train
26761.pkl,train
42934.pkl,train
13789.pkl,train
23770.pkl,train
42930.pkl,train
46904.pkl,train
44614.pkl,train
34300.pkl,train
29858.pkl,train
50213.pkl,train
16871.pkl,train
36488.pkl,train
53349.pkl,train
5171.pkl,train
7042.pkl,train
33612.pkl,train
16408.pkl,train
2087.pkl,train
41438.pkl,train
46949.pkl,train
23686.pkl,train
25938.pkl,train
39131.pkl,train
31441.pkl,train
2506.pkl,train
43528.pkl,train
33099.pkl,train
19865.pkl,train
11069.pkl,train
27381.pkl,train
2896.pkl,train
53946.pkl,train
18256.pkl,train
7697.pkl,train
27060.pkl,train
44724.pkl,train
36278.pkl,train
9608.pkl,train
22544.pkl,train
34492.pkl,train
33703.pkl,train
54055.pkl,train
2877.pkl,train
52502.pkl,train
33590.pkl,train
34184.pkl,train
30554.pkl,train
20958.pkl,train
46119.pkl,train
15172.pkl,train
44746.pkl,train
39932.pkl,train
39884.pkl,train
43530.pkl,train
41418.pkl,train
11520.pkl,train
12477.pkl,train
964.pkl,train
29278.pkl,train
7031.pkl,train
12314.pkl,train
5085.pkl,train
32965.pkl,train
51149.pkl,train
47353.pkl,train
12187.pkl,train
35691.pkl,train
12514.pkl,train
44219.pkl,train
3568.pkl,train
5534.pkl,train
5970.pkl,train
5465.pkl,train
34808.pkl,train
50717.pkl,train
29529.pkl,train
31170.pkl,train
15277.pkl,train
3018.pkl,train
4028.pkl,train
14340.pkl,train
11458.pkl,train
52909.pkl,train
34538.pkl,train
40732.pkl,train
44002.pkl,train
1609.pkl,train
27275.pkl,train
36568.pkl,train
30177.pkl,train
46917.pkl,train
4713.pkl,train
16276.pkl,train
33340.pkl,train
34909.pkl,train
21098.pkl,train
41542.pkl,train
2681.pkl,train
2595.pkl,train
44587.pkl,train
12024.pkl,train
39875.pkl,train
50554.pkl,train
28067.pkl,train
37476.pkl,train
17086.pkl,train
3176.pkl,train
23491.pkl,train
33277.pkl,train
55293.pkl,train
34150.pkl,train
13663.pkl,train
20408.pkl,train
56768.pkl,train
53744.pkl,train
19826.pkl,train
23404.pkl,train
53984.pkl,train
14282.pkl,train
29030.pkl,train
15271.pkl,train
19615.pkl,train
23526.pkl,train
24518.pkl,train
48222.pkl,train
2353.pkl,train
22109.pkl,train
45983.pkl,train
3010.pkl,train
22699.pkl,train
2591.pkl,train
54726.pkl,train
5074.pkl,train
24503.pkl,train
37028.pkl,train
4931.pkl,train
39802.pkl,train
47816.pkl,train
52564.pkl,train
51480.pkl,train
31754.pkl,train
42045.pkl,train
2500.pkl,train
40001.pkl,train
12670.pkl,train
29578.pkl,train
39770.pkl,train
40484.pkl,train
14517.pkl,train
3889.pkl,train
43017.pkl,train
19343.pkl,train
54822.pkl,train
19277.pkl,train
43035.pkl,train
19252.pkl,train
43569.pkl,train
11983.pkl,train
46399.pkl,train
41882.pkl,train
5410.pkl,train
22633.pkl,train
45611.pkl,train
31770.pkl,train
33131.pkl,train
4045.pkl,train
3104.pkl,train
14999.pkl,train
16921.pkl,train
26516.pkl,train
34194.pkl,train
46504.pkl,train
7782.pkl,train
38708.pkl,train
51776.pkl,train
16455.pkl,train
46751.pkl,train
27567.pkl,train
41346.pkl,train
56033.pkl,train
18235.pkl,train
11717.pkl,train
43173.pkl,train
8206.pkl,train
42840.pkl,train
13708.pkl,train
24465.pkl,train
33835.pkl,train
48129.pkl,train
8539.pkl,train
30191.pkl,train
35795.pkl,train
23919.pkl,train
48107.pkl,train
45335.pkl,train
17041.pkl,train
9314.pkl,train
8843.pkl,train
53136.pkl,train
45511.pkl,train
32878.pkl,train
1814.pkl,train
2308.pkl,train
18916.pkl,train
32868.pkl,train
52718.pkl,train
26093.pkl,train
37372.pkl,train
2519.pkl,train
228.pkl,train
38346.pkl,train
10291.pkl,train
52051.pkl,train
33914.pkl,train
46331.pkl,train
42300.pkl,train
45531.pkl,train
37041.pkl,train
27757.pkl,train
36537.pkl,train
49815.pkl,train
48603.pkl,train
40368.pkl,train
25829.pkl,train
33876.pkl,train
16750.pkl,train
39882.pkl,train
34772.pkl,train
7915.pkl,train
35115.pkl,train
34792.pkl,train
14907.pkl,train
10876.pkl,train
34826.pkl,train
27583.pkl,train
17568.pkl,train
56887.pkl,train
31435.pkl,train
4221.pkl,train
39241.pkl,train
31839.pkl,train
12947.pkl,train
18856.pkl,train
6195.pkl,train
9445.pkl,train
3239.pkl,train
10482.pkl,train
2878.pkl,train
54328.pkl,train
43033.pkl,train
24177.pkl,train
14577.pkl,train
18449.pkl,train
51881.pkl,train
9729.pkl,train
8177.pkl,train
29539.pkl,train
40330.pkl,train
10852.pkl,train
52975.pkl,train
53641.pkl,train
17602.pkl,train
32788.pkl,train
7428.pkl,train
8710.pkl,train
17482.pkl,train
11264.pkl,train
29855.pkl,train
9020.pkl,train
3308.pkl,train
2632.pkl,train
45713.pkl,train
36249.pkl,train
666.pkl,train
21185.pkl,train
9038.pkl,train
53471.pkl,train
28113.pkl,train
44534.pkl,train
50864.pkl,train
45941.pkl,train
33294.pkl,train
23933.pkl,train
52942.pkl,train
11522.pkl,train
37759.pkl,train
25087.pkl,train
48350.pkl,train
2622.pkl,train
19840.pkl,train
2838.pkl,train
50938.pkl,train
11400.pkl,train
12476.pkl,train
3977.pkl,train
55066.pkl,train
31207.pkl,train
19286.pkl,train
55688.pkl,train
44210.pkl,train
12831.pkl,train
42713.pkl,train
30200.pkl,train
11132.pkl,train
26659.pkl,train
18803.pkl,train
5286.pkl,train
33249.pkl,train
49287.pkl,train
50406.pkl,train
17835.pkl,train
24099.pkl,train
27448.pkl,train
26197.pkl,train
42552.pkl,train
29647.pkl,train
48589.pkl,train
25322.pkl,train
47289.pkl,train
13189.pkl,train
50295.pkl,train
3398.pkl,train
28802.pkl,train
51867.pkl,train
15512.pkl,train
34101.pkl,train
14136.pkl,train
39293.pkl,train
16543.pkl,train
14781.pkl,train
34657.pkl,train
28691.pkl,train
12765.pkl,train
18165.pkl,train
32292.pkl,train
16869.pkl,train
27320.pkl,train
34563.pkl,train
46251.pkl,train
53862.pkl,train
46897.pkl,train
10928.pkl,train
35083.pkl,train
19715.pkl,train
15593.pkl,train
7202.pkl,train
759.pkl,train
35384.pkl,train
33127.pkl,train
24581.pkl,train
2217.pkl,train
45921.pkl,train
43737.pkl,train
42582.pkl,train
28983.pkl,train
14179.pkl,train
26173.pkl,train
39127.pkl,train
43822.pkl,train
29628.pkl,train
12731.pkl,train
33742.pkl,train
43585.pkl,train
21417.pkl,train
26393.pkl,train
15393.pkl,train
14973.pkl,train
42925.pkl,train
41888.pkl,train
11485.pkl,train
21914.pkl,train
44226.pkl,train
32347.pkl,train
4021.pkl,train
35425.pkl,train
24358.pkl,train
4358.pkl,train
48932.pkl,train
50692.pkl,train
2017.pkl,train
53975.pkl,train
2942.pkl,train
17793.pkl,train
39070.pkl,train
6248.pkl,train
40870.pkl,train
55266.pkl,train
26134.pkl,train
29582.pkl,train
25926.pkl,train
52333.pkl,train
9512.pkl,train
55739.pkl,train
45214.pkl,train
10060.pkl,train
26377.pkl,train
38537.pkl,train
49820.pkl,train
43860.pkl,train
30423.pkl,train
22645.pkl,train
583.pkl,train
48536.pkl,train
23751.pkl,train
5145.pkl,train
2882.pkl,train
26166.pkl,train
48516.pkl,train
12792.pkl,train
18575.pkl,train
16136.pkl,train
52359.pkl,train
51440.pkl,train
53088.pkl,train
56967.pkl,train
15806.pkl,train
4967.pkl,train
36241.pkl,train
13630.pkl,train
50524.pkl,train
17767.pkl,train
9670.pkl,train
54898.pkl,train
9213.pkl,train
18494.pkl,train
26307.pkl,train
35145.pkl,train
44450.pkl,train
262.pkl,train
49477.pkl,train
29725.pkl,train
34144.pkl,train
36141.pkl,train
12366.pkl,train
37746.pkl,train
47362.pkl,train
6773.pkl,train
41363.pkl,train
10677.pkl,train
8496.pkl,train
46915.pkl,train
26055.pkl,train
42683.pkl,train
23.pkl,train
6270.pkl,train
31528.pkl,train
5603.pkl,train
51887.pkl,train
19060.pkl,train
7885.pkl,train
13621.pkl,train
23085.pkl,train
1851.pkl,train
9583.pkl,train
45456.pkl,train
7480.pkl,train
30718.pkl,train
23243.pkl,train
27540.pkl,train
54084.pkl,train
1571.pkl,train
16545.pkl,train
36771.pkl,train
28674.pkl,train
30675.pkl,train
56439.pkl,train
13252.pkl,train
28432.pkl,train
41086.pkl,train
38879.pkl,train
34405.pkl,train
48221.pkl,train
37270.pkl,train
46764.pkl,train
24690.pkl,train
45481.pkl,train
3194.pkl,train
41095.pkl,train
12683.pkl,train
32792.pkl,train
7216.pkl,train
34121.pkl,train
51012.pkl,train
35528.pkl,train
29936.pkl,train
56854.pkl,train
53810.pkl,train
32474.pkl,train
17116.pkl,train
53417.pkl,train
15430.pkl,train
27026.pkl,train
28721.pkl,train
16975.pkl,train
40610.pkl,train
14786.pkl,train
6567.pkl,train
27645.pkl,train
3576.pkl,train
3337.pkl,train
6661.pkl,train
35439.pkl,train
41950.pkl,train
38234.pkl,train
26945.pkl,train
4299.pkl,train
29374.pkl,train
8269.pkl,train
12592.pkl,train
55327.pkl,train
47490.pkl,train
53254.pkl,train
2233.pkl,train
49261.pkl,train
28486.pkl,train
10828.pkl,train
3718.pkl,train
16410.pkl,train
15065.pkl,train
8334.pkl,train
11012.pkl,train
45029.pkl,train
19119.pkl,train
13795.pkl,train
37931.pkl,train
28403.pkl,train
4351.pkl,train
16930.pkl,train
24515.pkl,train
41567.pkl,train
49833.pkl,train
24048.pkl,train
44202.pkl,train
16366.pkl,train
42201.pkl,train
54986.pkl,train
42487.pkl,train
45170.pkl,train
53377.pkl,train
43118.pkl,train
31352.pkl,train
8302.pkl,train
2993.pkl,train
39478.pkl,train
7891.pkl,train
36541.pkl,train
43023.pkl,train
6100.pkl,train
25185.pkl,train
33081.pkl,train
1482.pkl,train
1767.pkl,train
30974.pkl,train
47554.pkl,train
13919.pkl,train
42336.pkl,train
27522.pkl,train
8533.pkl,train
34242.pkl,train
897.pkl,train
53166.pkl,train
36201.pkl,train
44464.pkl,train
53366.pkl,train
11175.pkl,train
35180.pkl,train
52191.pkl,train
33657.pkl,train
2976.pkl,train
49787.pkl,train
55363.pkl,train
48375.pkl,train
18344.pkl,train
29909.pkl,train
32902.pkl,train
31233.pkl,train
1351.pkl,train
30314.pkl,train
2619.pkl,train
25528.pkl,train
39006.pkl,train
49178.pkl,train
7577.pkl,train
38865.pkl,train
47559.pkl,train
51450.pkl,train
36281.pkl,train
54171.pkl,train
56619.pkl,train
37074.pkl,train
46420.pkl,train
28098.pkl,train
8844.pkl,train
15243.pkl,train
14402.pkl,train
18325.pkl,train
41065.pkl,train
18690.pkl,train
12041.pkl,train
36562.pkl,train
32270.pkl,train
15847.pkl,train
38592.pkl,train
13330.pkl,train
48218.pkl,train
31893.pkl,train
28377.pkl,train
32420.pkl,train
15176.pkl,train
54907.pkl,train
50327.pkl,train
23729.pkl,train
5866.pkl,train
9946.pkl,train
17287.pkl,train
50232.pkl,train
32407.pkl,train
22688.pkl,train
32971.pkl,train
15240.pkl,train
55783.pkl,train
32178.pkl,train
6029.pkl,train
29224.pkl,train
52850.pkl,train
46171.pkl,train
33105.pkl,train
33583.pkl,train
33775.pkl,train
32233.pkl,train
48137.pkl,train
34760.pkl,train
4919.pkl,train
21322.pkl,train
28967.pkl,train
56680.pkl,train
44336.pkl,train
33224.pkl,train
30786.pkl,train
16606.pkl,train
23904.pkl,train
15123.pkl,train
29275.pkl,train
6896.pkl,train
38527.pkl,train
10993.pkl,train
19331.pkl,train
50202.pkl,train
19955.pkl,train
25377.pkl,train
30497.pkl,train
4319.pkl,train
55355.pkl,train
53151.pkl,train
16821.pkl,train
23220.pkl,train
15846.pkl,train
46996.pkl,train
44694.pkl,train
17027.pkl,train
12630.pkl,train
40737.pkl,train
30462.pkl,train
8415.pkl,train
19250.pkl,train
35219.pkl,train
47795.pkl,train
35668.pkl,train
20186.pkl,train
30952.pkl,train
37222.pkl,train
19501.pkl,train
24130.pkl,train
4928.pkl,train
15133.pkl,train
6441.pkl,train
20788.pkl,train
45900.pkl,train
27851.pkl,train
4123.pkl,train
42383.pkl,train
35381.pkl,train
30772.pkl,train
56191.pkl,train
7571.pkl,train
42193.pkl,train
56232.pkl,train
44254.pkl,train
16849.pkl,train
54001.pkl,train
23501.pkl,train
26621.pkl,train
3959.pkl,train
29183.pkl,train
7757.pkl,train
33818.pkl,train
6289.pkl,train
38525.pkl,train
18059.pkl,train
1488.pkl,train
44944.pkl,train
37808.pkl,train
36770.pkl,train
25099.pkl,train
5023.pkl,train
42663.pkl,train
31798.pkl,train
56886.pkl,train
44814.pkl,train
4032.pkl,train
25868.pkl,train
34926.pkl,train
21218.pkl,train
33078.pkl,train
52262.pkl,train
34744.pkl,train
11762.pkl,train
37458.pkl,train
5142.pkl,train
28476.pkl,train
9866.pkl,train
50930.pkl,train
16708.pkl,train
42827.pkl,train
54452.pkl,train
26449.pkl,train
42825.pkl,train
6127.pkl,train
10400.pkl,train
17048.pkl,train
13980.pkl,train
17124.pkl,train
10237.pkl,train
194.pkl,train
27816.pkl,train
18649.pkl,train
4773.pkl,train
25814.pkl,train
33580.pkl,train
29024.pkl,train
39601.pkl,train
27482.pkl,train
35442.pkl,train
48672.pkl,train
29284.pkl,train
327.pkl,train
36345.pkl,train
32701.pkl,train
2320.pkl,train
16334.pkl,train
49479.pkl,train
23032.pkl,train
11537.pkl,train
27033.pkl,train
52770.pkl,train
14807.pkl,train
35706.pkl,train
7981.pkl,train
613.pkl,train
5346.pkl,train
31633.pkl,train
53616.pkl,train
33156.pkl,train
672.pkl,train
8769.pkl,train
4430.pkl,train
42084.pkl,train
20985.pkl,train
28974.pkl,train
14769.pkl,train
54648.pkl,train
50901.pkl,train
17692.pkl,train
16447.pkl,train
48503.pkl,train
21634.pkl,train
16724.pkl,train
7813.pkl,train
53101.pkl,train
32936.pkl,train
28147.pkl,train
9456.pkl,train
20570.pkl,train
28248.pkl,train
5282.pkl,train
39282.pkl,train
25966.pkl,train
35984.pkl,train
45127.pkl,train
34656.pkl,train
34865.pkl,train
45441.pkl,train
116.pkl,train
12762.pkl,train
6757.pkl,train
44873.pkl,train
38038.pkl,train
56235.pkl,train
16203.pkl,train
5491.pkl,train
28798.pkl,train
26118.pkl,train
39494.pkl,train
25548.pkl,train
44687.pkl,train
2636.pkl,train
35018.pkl,train
48438.pkl,train
26493.pkl,train
4518.pkl,train
22717.pkl,train
40509.pkl,train
43544.pkl,train
13894.pkl,train
339.pkl,train
8780.pkl,train
20931.pkl,train
32598.pkl,train
11996.pkl,train
23016.pkl,train
40905.pkl,train
28260.pkl,train
17974.pkl,train
48083.pkl,train
11989.pkl,train
7962.pkl,train
53224.pkl,train
13756.pkl,train
23506.pkl,train
15779.pkl,train
42819.pkl,train
56332.pkl,train
335.pkl,train
9418.pkl,train
43726.pkl,train
16783.pkl,train
40501.pkl,train
4462.pkl,train
20968.pkl,train
39962.pkl,train
53748.pkl,train
32594.pkl,train
2169.pkl,train
43647.pkl,train
30646.pkl,train
42778.pkl,train
15607.pkl,train
17960.pkl,train
55965.pkl,train
20144.pkl,train
46285.pkl,train
51254.pkl,train
42329.pkl,train
56581.pkl,train
20068.pkl,train
19345.pkl,train
43777.pkl,train
5766.pkl,train
18313.pkl,train
14816.pkl,train
4040.pkl,train
35267.pkl,train
49103.pkl,train
19831.pkl,train
48959.pkl,train
5963.pkl,train
6814.pkl,train
9859.pkl,train
34524.pkl,train
55957.pkl,train
53630.pkl,train
23253.pkl,train
35782.pkl,train
18958.pkl,train
50211.pkl,train
50716.pkl,train
20967.pkl,train
4488.pkl,train
546.pkl,train
24042.pkl,train
16504.pkl,train
54041.pkl,train
26018.pkl,train
53123.pkl,train
28916.pkl,train
3862.pkl,train
863.pkl,train
7540.pkl,train
22838.pkl,train
13248.pkl,train
35132.pkl,train
1837.pkl,train
22389.pkl,train
36842.pkl,train
42444.pkl,train
11590.pkl,train
37380.pkl,train
56423.pkl,train
2039.pkl,train
37308.pkl,train
43944.pkl,train
25446.pkl,train
30471.pkl,train
24667.pkl,train
13056.pkl,train
214.pkl,train
41011.pkl,train
31247.pkl,train
15706.pkl,train
56509.pkl,train
36998.pkl,train
44303.pkl,train
54275.pkl,train
35118.pkl,train
50427.pkl,train
2855.pkl,train
51581.pkl,train
7411.pkl,train
24859.pkl,train
18697.pkl,train
19862.pkl,train
25947.pkl,train
49930.pkl,train
2821.pkl,train
39561.pkl,train
24974.pkl,train
47594.pkl,train
17195.pkl,train
43659.pkl,train
49359.pkl,train
52655.pkl,train
39741.pkl,train
46515.pkl,train
20343.pkl,train
50501.pkl,train
56775.pkl,train
38976.pkl,train
41989.pkl,train
53534.pkl,train
25862.pkl,train
52972.pkl,train
24769.pkl,train
50025.pkl,train
56045.pkl,train
55186.pkl,train
24714.pkl,train
11777.pkl,train
8457.pkl,train
27900.pkl,train
23357.pkl,train
29082.pkl,train
48537.pkl,train
43784.pkl,train
14166.pkl,train
46816.pkl,train
20613.pkl,train
44802.pkl,train
26273.pkl,train
50320.pkl,train
33754.pkl,train
23748.pkl,train
3029.pkl,train
41468.pkl,train
11582.pkl,train
20818.pkl,train
14103.pkl,train
43606.pkl,train
36855.pkl,train
35654.pkl,train
9095.pkl,train
37244.pkl,train
53295.pkl,train
51414.pkl,train
6054.pkl,train
27977.pkl,train
2408.pkl,train
26092.pkl,train
951.pkl,train
10554.pkl,train
25275.pkl,train
30820.pkl,train
45324.pkl,train
16562.pkl,train
30052.pkl,train
25777.pkl,train
15321.pkl,train
31123.pkl,train
17192.pkl,train
6446.pkl,train
28572.pkl,train
25336.pkl,train
9245.pkl,train
39686.pkl,train
26735.pkl,train
1312.pkl,train
26321.pkl,train
40162.pkl,train
31886.pkl,train
1349.pkl,train
31527.pkl,train
26335.pkl,train
31615.pkl,train
39936.pkl,train
35423.pkl,train
56519.pkl,train
26874.pkl,train
7607.pkl,train
56855.pkl,train
88.pkl,train
51471.pkl,train
16337.pkl,train
18380.pkl,train
6821.pkl,train
18618.pkl,train
12815.pkl,train
13017.pkl,train
55350.pkl,train
45221.pkl,train
17474.pkl,train
3737.pkl,train
40064.pkl,train
10599.pkl,train
21224.pkl,train
17851.pkl,train
27760.pkl,train
24346.pkl,train
3978.pkl,train
10991.pkl,train
39881.pkl,train
3739.pkl,train
45696.pkl,train
47815.pkl,train
8067.pkl,train
15443.pkl,train
20722.pkl,train
14742.pkl,train
8730.pkl,train
7666.pkl,train
39116.pkl,train
45844.pkl,train
14237.pkl,train
4025.pkl,train
55369.pkl,train
29345.pkl,train
30565.pkl,train
43182.pkl,train
1368.pkl,train
1514.pkl,train
782.pkl,train
9628.pkl,train
18007.pkl,train
3822.pkl,train
28663.pkl,train
42996.pkl,train
33221.pkl,train
27083.pkl,train
34855.pkl,train
38160.pkl,train
53723.pkl,train
36082.pkl,train
49396.pkl,train
52277.pkl,train
51034.pkl,train
27734.pkl,train
39101.pkl,train
41970.pkl,train
3100.pkl,train
27108.pkl,train
21888.pkl,train
56830.pkl,train
21840.pkl,train
52577.pkl,train
1165.pkl,train
43951.pkl,train
34021.pkl,train
44217.pkl,train
31013.pkl,train
5433.pkl,train
54454.pkl,train
20340.pkl,train
7007.pkl,train
35927.pkl,train
44983.pkl,train
24272.pkl,train
17349.pkl,train
33911.pkl,train
7360.pkl,train
50976.pkl,train
7194.pkl,train
3956.pkl,train
54819.pkl,train
20404.pkl,train
21524.pkl,train
12487.pkl,train
78.pkl,train
18341.pkl,train
36649.pkl,train
51667.pkl,train
2758.pkl,train
39811.pkl,train
36806.pkl,train
44167.pkl,train
56857.pkl,train
21130.pkl,train
19812.pkl,train
14122.pkl,train
31360.pkl,train
50055.pkl,train
54981.pkl,train
4171.pkl,train
35709.pkl,train
52575.pkl,train
17885.pkl,train
33652.pkl,train
22662.pkl,train
43792.pkl,train
11226.pkl,train
19214.pkl,train
14959.pkl,train
27695.pkl,train
12362.pkl,train
36447.pkl,train
32030.pkl,train
25260.pkl,train
6704.pkl,train
10653.pkl,train
21448.pkl,train
8656.pkl,train
32840.pkl,train
34862.pkl,train
44571.pkl,train
16909.pkl,train
12587.pkl,train
2931.pkl,train
1832.pkl,train
2032.pkl,train
36638.pkl,train
33740.pkl,train
44500.pkl,train
18566.pkl,train
21510.pkl,train
15856.pkl,train
47341.pkl,train
44521.pkl,train
30908.pkl,train
17822.pkl,train
6521.pkl,train
21287.pkl,train
45042.pkl,train
26766.pkl,train
7402.pkl,train
54694.pkl,train
30699.pkl,train
5803.pkl,train
45121.pkl,train
22530.pkl,train
46980.pkl,train
32904.pkl,train
33233.pkl,train
1762.pkl,train
28701.pkl,train
46725.pkl,train
8071.pkl,train
103.pkl,train
44606.pkl,train
8056.pkl,train
24672.pkl,train
13683.pkl,train
15442.pkl,train
13797.pkl,train
14546.pkl,train
40017.pkl,train
28469.pkl,train
12811.pkl,train
22378.pkl,train
54620.pkl,train
4930.pkl,train
6439.pkl,train
46634.pkl,train
12951.pkl,train
295.pkl,train
1257.pkl,train
7907.pkl,train
14544.pkl,train
21001.pkl,train
53267.pkl,train
53657.pkl,train
51835.pkl,train
48919.pkl,train
10661.pkl,train
20048.pkl,train
8601.pkl,train
26822.pkl,train
43332.pkl,train
49352.pkl,train
14898.pkl,train
32014.pkl,train
37956.pkl,train
31476.pkl,train
23910.pkl,train
10433.pkl,train
13943.pkl,train
19017.pkl,train
14946.pkl,train
49158.pkl,train
8384.pkl,train
20355.pkl,train
43919.pkl,train
16450.pkl,train
16114.pkl,train
10942.pkl,train
30835.pkl,train
31613.pkl,train
45546.pkl,train
48372.pkl,train
17243.pkl,train
45493.pkl,train
21271.pkl,train
17082.pkl,train
45783.pkl,train
28742.pkl,train
42040.pkl,train
1945.pkl,train
34490.pkl,train
43710.pkl,train
1693.pkl,train
1808.pkl,train
29681.pkl,train
29832.pkl,train
17828.pkl,train
36231.pkl,train
4482.pkl,train
24040.pkl,train
34908.pkl,train
22664.pkl,train
31664.pkl,train
6424.pkl,train
52250.pkl,train
18219.pkl,train
36722.pkl,train
36262.pkl,train
35973.pkl,train
16379.pkl,train
5685.pkl,train
50879.pkl,train
4483.pkl,train
48921.pkl,train
35429.pkl,train
52678.pkl,train
6864.pkl,train
18975.pkl,train
33497.pkl,train
54789.pkl,train
54968.pkl,train
33977.pkl,train
42244.pkl,train
16647.pkl,train
31620.pkl,train
2576.pkl,train
8455.pkl,train
24306.pkl,train
43613.pkl,train
21978.pkl,train
8040.pkl,train
50206.pkl,train
5881.pkl,train
16825.pkl,train
13166.pkl,train
1847.pkl,train
19055.pkl,train
43781.pkl,train
56623.pkl,train
10699.pkl,train
18301.pkl,train
48504.pkl,train
41985.pkl,train
46817.pkl,train
3098.pkl,train
11218.pkl,train
22856.pkl,train
53867.pkl,train
2252.pkl,train
54397.pkl,train
17296.pkl,train
46574.pkl,train
25482.pkl,train
6541.pkl,train
49899.pkl,train
46146.pkl,train
20678.pkl,train
53491.pkl,train
13230.pkl,train
56477.pkl,train
19667.pkl,train
41004.pkl,train
49742.pkl,train
32299.pkl,train
43237.pkl,train
34989.pkl,train
18935.pkl,train
32490.pkl,train
52867.pkl,train
46556.pkl,train
17288.pkl,train
55899.pkl,train
51601.pkl,train
21056.pkl,train
19897.pkl,train
33932.pkl,train
44149.pkl,train
13813.pkl,train
1993.pkl,train
55072.pkl,train
52334.pkl,train
3572.pkl,train
41830.pkl,train
14140.pkl,train
46886.pkl,train
39197.pkl,train
45937.pkl,train
1174.pkl,train
51514.pkl,train
39759.pkl,train
40079.pkl,train
46510.pkl,train
37572.pkl,train
43888.pkl,train
15736.pkl,train
16591.pkl,train
45152.pkl,train
31957.pkl,train
51613.pkl,train
15737.pkl,train
8762.pkl,train
15222.pkl,train
56201.pkl,train
3970.pkl,train
18536.pkl,train
26645.pkl,train
208.pkl,train
15392.pkl,train
54711.pkl,train
51530.pkl,train
44373.pkl,train
17986.pkl,train
48909.pkl,train
50793.pkl,train
16006.pkl,train
19284.pkl,train
28391.pkl,train
25725.pkl,train
26990.pkl,train
25196.pkl,train
32690.pkl,train
21398.pkl,train
39278.pkl,train
38550.pkl,train
51485.pkl,train
7678.pkl,train
26658.pkl,train
2679.pkl,train
12526.pkl,train
8339.pkl,train
35216.pkl,train
9642.pkl,train
11242.pkl,train
5127.pkl,train
27761.pkl,train
26688.pkl,train
17927.pkl,train
19194.pkl,train
21646.pkl,train
33171.pkl,train
40260.pkl,train
32443.pkl,train
54004.pkl,train
17318.pkl,train
27825.pkl,train
7382.pkl,train
4186.pkl,train
41027.pkl,train
38453.pkl,train
44530.pkl,train
38693.pkl,train
6174.pkl,train
36338.pkl,train
20358.pkl,train
30843.pkl,train
50222.pkl,train
25451.pkl,train
24849.pkl,train
26889.pkl,train
4569.pkl,train
4343.pkl,train
8826.pkl,train
46746.pkl,train
943.pkl,train
32146.pkl,train
11682.pkl,train
30678.pkl,train
47837.pkl,train
26322.pkl,train
34599.pkl,train
14286.pkl,train
55469.pkl,train
3031.pkl,train
5280.pkl,train
25444.pkl,train
53993.pkl,train
21551.pkl,train
40911.pkl,train
3261.pkl,train
6937.pkl,train
2822.pkl,train
9420.pkl,train
33663.pkl,train
18600.pkl,train
54872.pkl,train
42096.pkl,train
17613.pkl,train
48275.pkl,train
42794.pkl,train
37872.pkl,train
24208.pkl,train
6331.pkl,train
24279.pkl,train
50538.pkl,train
22969.pkl,train
37635.pkl,train
19325.pkl,train
27324.pkl,train
29085.pkl,train
47028.pkl,train
56339.pkl,train
49568.pkl,train
7754.pkl,train
9133.pkl,train
49079.pkl,train
24681.pkl,train
8201.pkl,train
19110.pkl,train
26069.pkl,train
11580.pkl,train
21845.pkl,train
8532.pkl,train
52783.pkl,train
22634.pkl,train
22193.pkl,train
54896.pkl,train
55999.pkl,train
22171.pkl,train
24580.pkl,train
9145.pkl,train
51982.pkl,train
16340.pkl,train
32580.pkl,train
48249.pkl,train
7173.pkl,train
36853.pkl,train
48032.pkl,train
7756.pkl,train
300.pkl,train
24821.pkl,train
44150.pkl,train
8311.pkl,train
7389.pkl,train
49325.pkl,train
9725.pkl,train
11986.pkl,train
49068.pkl,train
18095.pkl,train
17599.pkl,train
13973.pkl,train
16328.pkl,train
54382.pkl,train
56526.pkl,train
20328.pkl,train
18002.pkl,train
24403.pkl,train
35587.pkl,train
42561.pkl,train
1377.pkl,train
5664.pkl,train
47004.pkl,train
22548.pkl,train
36305.pkl,train
35326.pkl,train
29745.pkl,train
50397.pkl,train
16283.pkl,train
48733.pkl,train
9555.pkl,train
42944.pkl,train
55728.pkl,train
7867.pkl,train
41496.pkl,train
30040.pkl,train
30152.pkl,train
35358.pkl,train
28705.pkl,train
49979.pkl,train
45020.pkl,train
52338.pkl,train
8676.pkl,train
40243.pkl,train
14465.pkl,train
50988.pkl,train
45439.pkl,train
23598.pkl,train
3225.pkl,train
1946.pkl,train
18744.pkl,train
33651.pkl,train
24241.pkl,train
40673.pkl,train
4727.pkl,train
42718.pkl,train
37080.pkl,train
54378.pkl,train
28125.pkl,train
15351.pkl,train
5620.pkl,train
19779.pkl,train
52180.pkl,train
40007.pkl,train
19378.pkl,train
35347.pkl,train
6921.pkl,train
7472.pkl,train
45234.pkl,train
47260.pkl,train
24890.pkl,train
37154.pkl,train
40729.pkl,train
32623.pkl,train
11163.pkl,train
6856.pkl,train
39899.pkl,train
54902.pkl,train
13601.pkl,train
46981.pkl,train
30707.pkl,train
33731.pkl,train
42742.pkl,train
41292.pkl,train
24481.pkl,train
37159.pkl,train
25627.pkl,train
28485.pkl,train
9490.pkl,train
42498.pkl,train
44917.pkl,train
51736.pkl,train
28297.pkl,train
35955.pkl,train
54014.pkl,train
39345.pkl,train
27128.pkl,train
52732.pkl,train
38341.pkl,train
6095.pkl,train
36949.pkl,train
11793.pkl,train
23783.pkl,train
15652.pkl,train
18523.pkl,train
25254.pkl,train
49983.pkl,train
21697.pkl,train
13390.pkl,train
24706.pkl,train
32310.pkl,train
50212.pkl,train
51860.pkl,train
33530.pkl,train
27602.pkl,train
24120.pkl,train
16609.pkl,train
16439.pkl,train
29083.pkl,train
25760.pkl,train
29178.pkl,train
7153.pkl,train
5971.pkl,train
49583.pkl,train
53435.pkl,train
55078.pkl,train
10553.pkl,train
44924.pkl,train
31807.pkl,train
13535.pkl,train
37836.pkl,train
13830.pkl,train
41649.pkl,train
15670.pkl,train
42523.pkl,train
10278.pkl,train
22298.pkl,train
35567.pkl,train
20682.pkl,train
30850.pkl,train
9211.pkl,train
38386.pkl,train
4285.pkl,train
44659.pkl,train
31175.pkl,train
46684.pkl,train
35897.pkl,train
3057.pkl,train
23780.pkl,train
54018.pkl,train
20940.pkl,train
14042.pkl,train
53927.pkl,train
32368.pkl,train
21624.pkl,train
53055.pkl,train
2608.pkl,train
49866.pkl,train
41495.pkl,train
46175.pkl,train
36400.pkl,train
47270.pkl,train
9070.pkl,train
32434.pkl,train
29420.pkl,train
40650.pkl,train
31343.pkl,train
27819.pkl,train
38502.pkl,train
30479.pkl,train
33225.pkl,train
39123.pkl,train
32799.pkl,train
7906.pkl,train
41854.pkl,train
30388.pkl,train
23129.pkl,train
24105.pkl,train
45650.pkl,train
47811.pkl,train
32334.pkl,train
17162.pkl,train
20648.pkl,train
41104.pkl,train
29842.pkl,train
6563.pkl,train
6305.pkl,train
18564.pkl,train
24796.pkl,train
23326.pkl,train
36902.pkl,train
7164.pkl,train
27261.pkl,train
7030.pkl,train
24492.pkl,train
39084.pkl,train
42421.pkl,train
38526.pkl,train
6643.pkl,train
16899.pkl,train
51745.pkl,train
31244.pkl,train
30647.pkl,train
52811.pkl,train
3367.pkl,train
1117.pkl,train
5582.pkl,train
46239.pkl,train
53203.pkl,train
14952.pkl,train
887.pkl,train
22136.pkl,train
50208.pkl,train
23431.pkl,train
41780.pkl,train
11888.pkl,train
12296.pkl,train
24751.pkl,train
55554.pkl,train
1100.pkl,train
29328.pkl,train
30407.pkl,train
19094.pkl,train
5802.pkl,train
26154.pkl,train
19562.pkl,train
28879.pkl,train
26007.pkl,train
26596.pkl,train
51297.pkl,train
25883.pkl,train
12865.pkl,train
30750.pkl,train
9681.pkl,train
6718.pkl,train
39276.pkl,train
45706.pkl,train
8353.pkl,train
25589.pkl,train
56973.pkl,train
38499.pkl,train
48935.pkl,train
45056.pkl,train
16586.pkl,train
48426.pkl,train
56607.pkl,train
53350.pkl,train
35802.pkl,train
31066.pkl,train
47086.pkl,train
6562.pkl,train
6528.pkl,train
22496.pkl,train
52325.pkl,train
33567.pkl,train
35036.pkl,train
20929.pkl,train
13149.pkl,train
55385.pkl,train
2018.pkl,train
11796.pkl,train
38676.pkl,train
8490.pkl,train
35135.pkl,train
56800.pkl,train
52056.pkl,train
16432.pkl,train
5204.pkl,train
33861.pkl,train
49384.pkl,train
54539.pkl,train
27165.pkl,train
31163.pkl,train
19347.pkl,train
12271.pkl,train
1389.pkl,train
46600.pkl,train
25018.pkl,train
18254.pkl,train
50242.pkl,train
17731.pkl,train
29124.pkl,train
56007.pkl,train
19168.pkl,train
26444.pkl,train
2922.pkl,train
30051.pkl,train
51189.pkl,train
1141.pkl,train
14449.pkl,train
33248.pkl,train
21136.pkl,train
30265.pkl,train
40464.pkl,train
12681.pkl,train
39769.pkl,train
2651.pkl,train
9535.pkl,train
7856.pkl,train
31103.pkl,train
44053.pkl,train
14768.pkl,train
20545.pkl,train
12791.pkl,train
15850.pkl,train
39071.pkl,train
6064.pkl,train
28160.pkl,train
21552.pkl,train
6885.pkl,train
32427.pkl,train
52451.pkl,train
47970.pkl,train
23571.pkl,train
3532.pkl,train
53134.pkl,train
4618.pkl,train
36597.pkl,train
741.pkl,train
27796.pkl,train
52318.pkl,train
1028.pkl,train
49655.pkl,train
22173.pkl,train
31193.pkl,train
18116.pkl,train
26908.pkl,train
34984.pkl,train
39028.pkl,train
24610.pkl,train
3880.pkl,train
28567.pkl,train
49122.pkl,train
9934.pkl,train
49941.pkl,train
17498.pkl,train
48358.pkl,train
48118.pkl,train
46514.pkl,train
6149.pkl,train
7195.pkl,train
56408.pkl,train
15189.pkl,train
30853.pkl,train
54138.pkl,train
30274.pkl,train
53364.pkl,train
51719.pkl,train
5575.pkl,train
2658.pkl,train
5043.pkl,train
53858.pkl,train
16549.pkl,train
56833.pkl,train
54136.pkl,train
55734.pkl,train
14703.pkl,train
50757.pkl,train
48768.pkl,train
56075.pkl,train
1730.pkl,train
282.pkl,train
38152.pkl,train
8369.pkl,train
30741.pkl,train
39085.pkl,train
16001.pkl,train
55491.pkl,train
12209.pkl,train
4997.pkl,train
12814.pkl,train
37196.pkl,train
707.pkl,train
8331.pkl,train
5337.pkl,train
27255.pkl,train
29810.pkl,train
30227.pkl,train
42194.pkl,train
36071.pkl,train
16604.pkl,train
15354.pkl,train
38594.pkl,train
16017.pkl,train
52878.pkl,train
22612.pkl,train
1918.pkl,train
32943.pkl,train
55671.pkl,train
49281.pkl,train
34280.pkl,train
7126.pkl,train
8968.pkl,train
24198.pkl,train
13095.pkl,train
29655.pkl,train
9351.pkl,train
37466.pkl,train
46638.pkl,train
14935.pkl,train
5044.pkl,train
31056.pkl,train
30588.pkl,train
22944.pkl,train
52488.pkl,train
54874.pkl,train
5996.pkl,train
55675.pkl,train
27299.pkl,train
34317.pkl,train
24869.pkl,train
51949.pkl,train
26275.pkl,train
8322.pkl,train
54725.pkl,train
20513.pkl,train
42980.pkl,train
50830.pkl,train
51478.pkl,train
44088.pkl,train
1998.pkl,train
20143.pkl,train
10070.pkl,train
52868.pkl,train
46953.pkl,train
17504.pkl,train
36883.pkl,train
56419.pkl,train
32234.pkl,train
54002.pkl,train
19762.pkl,train
51560.pkl,train
18065.pkl,train
14954.pkl,train
38312.pkl,train
40237.pkl,train
568.pkl,train
27596.pkl,train
49412.pkl,train
10370.pkl,train
50870.pkl,train
15198.pkl,train
7372.pkl,train
40926.pkl,train
5610.pkl,train
23714.pkl,train
56837.pkl,train
34424.pkl,train
6191.pkl,train
55510.pkl,train
36517.pkl,train
8083.pkl,train
48252.pkl,train
11058.pkl,train
27898.pkl,train
30158.pkl,train
1136.pkl,train
30285.pkl,train
49446.pkl,train
19184.pkl,train
24383.pkl,train
52303.pkl,train
43683.pkl,train
30160.pkl,train
7407.pkl,train
4458.pkl,train
8981.pkl,train
43834.pkl,train
3914.pkl,train
3609.pkl,train
37374.pkl,train
10513.pkl,train
6233.pkl,train
18434.pkl,train
21661.pkl,train
51763.pkl,train
2614.pkl,train
45240.pkl,train
33960.pkl,train
4187.pkl,train
37260.pkl,train
11817.pkl,train
49450.pkl,train
13984.pkl,train
22361.pkl,train
16414.pkl,train
34353.pkl,train
47401.pkl,train
29537.pkl,train
38858.pkl,train
27942.pkl,train
40479.pkl,train
58.pkl,train
35360.pkl,train
30815.pkl,train
20487.pkl,train
46153.pkl,train
35708.pkl,train
6320.pkl,train
48344.pkl,train
46940.pkl,train
25109.pkl,train
34400.pkl,train
3333.pkl,train
1540.pkl,train
23981.pkl,train
5126.pkl,train
41224.pkl,train
7507.pkl,train
15776.pkl,train
32436.pkl,train
36829.pkl,train
11658.pkl,train
50759.pkl,train
50269.pkl,train
43454.pkl,train
8786.pkl,train
10047.pkl,train
5908.pkl,train
32351.pkl,train
12014.pkl,train
55507.pkl,train
43131.pkl,train
51988.pkl,train
6982.pkl,train
42472.pkl,train
44056.pkl,train
18250.pkl,train
19751.pkl,train
20927.pkl,train
46382.pkl,train
43991.pkl,train
41497.pkl,train
50546.pkl,train
41692.pkl,train
23356.pkl,train
9908.pkl,train
28730.pkl,train
14177.pkl,train
11820.pkl,train
39518.pkl,train
31057.pkl,train
36882.pkl,train
6890.pkl,train
26982.pkl,train
56525.pkl,train
21969.pkl,train
34274.pkl,train
54678.pkl,train
43673.pkl,train
10791.pkl,train
42145.pkl,train
15752.pkl,train
9154.pkl,train
17382.pkl,train
20480.pkl,train
49108.pkl,train
21135.pkl,train
56114.pkl,train
1614.pkl,train
31456.pkl,train
47298.pkl,train
5745.pkl,train
12423.pkl,train
25646.pkl,train
54392.pkl,train
40946.pkl,train
36895.pkl,train
2332.pkl,train
26702.pkl,train
19512.pkl,train
36386.pkl,train
34198.pkl,train
24119.pkl,train
8084.pkl,train
52495.pkl,train
10772.pkl,train
52026.pkl,train
50121.pkl,train
11709.pkl,train
55657.pkl,train
42086.pkl,train
29787.pkl,train
27000.pkl,train
29093.pkl,train
19137.pkl,train
3837.pkl,train
15914.pkl,train
50079.pkl,train
39037.pkl,train
41722.pkl,train
42789.pkl,train
31313.pkl,train
55570.pkl,train
32097.pkl,train
49184.pkl,train
23514.pkl,train
44371.pkl,train
22029.pkl,train
35489.pkl,train
39723.pkl,train
48881.pkl,train
14642.pkl,train
3436.pkl,train
21500.pkl,train
49733.pkl,train
4531.pkl,train
7720.pkl,train
11322.pkl,train
36029.pkl,train
8637.pkl,train
47913.pkl,train
56835.pkl,train
39353.pkl,train
11801.pkl,train
9023.pkl,train
4591.pkl,train
39212.pkl,train
31099.pkl,train
49.pkl,train
52393.pkl,train
54737.pkl,train
16860.pkl,train
11186.pkl,train
11892.pkl,train
20083.pkl,train
49170.pkl,train
23632.pkl,train
46894.pkl,train
29156.pkl,train
15134.pkl,train
13605.pkl,train
31129.pkl,train
3678.pkl,train
25080.pkl,train
25501.pkl,train
56303.pkl,train
4687.pkl,train
24446.pkl,train
13195.pkl,train
3721.pkl,train
40711.pkl,train
17106.pkl,train
1697.pkl,train
41696.pkl,train
26161.pkl,train
32777.pkl,train
36322.pkl,train
42509.pkl,train
41576.pkl,train
28553.pkl,train
31272.pkl,train
7648.pkl,train
2981.pkl,train
40826.pkl,train
8583.pkl,train
29895.pkl,train
41376.pkl,train
13507.pkl,train
5655.pkl,train
14559.pkl,train
2468.pkl,train
56667.pkl,train
52720.pkl,train
16846.pkl,train
54217.pkl,train
10824.pkl,train
47577.pkl,train
43992.pkl,train
16239.pkl,train
6689.pkl,train
34639.pkl,train
38196.pkl,train
3927.pkl,train
8834.pkl,train
21641.pkl,train
39746.pkl,train
35059.pkl,train
5887.pkl,train
7632.pkl,train
50638.pkl,train
13271.pkl,train
11868.pkl,train
47813.pkl,train
35134.pkl,train
17138.pkl,train
41515.pkl,train
30679.pkl,train
35786.pkl,train
8371.pkl,train
39363.pkl,train
45528.pkl,train
11498.pkl,train
41620.pkl,train
10313.pkl,train
49854.pkl,train
12020.pkl,train
45953.pkl,train
31661.pkl,train
45828.pkl,train
8998.pkl,train
23939.pkl,train
9523.pkl,train
16151.pkl,train
28542.pkl,train
55347.pkl,train
30422.pkl,train
46117.pkl,train
1190.pkl,train
31854.pkl,train
1770.pkl,train
39401.pkl,train
4911.pkl,train
39050.pkl,train
7705.pkl,train
49703.pkl,train
55373.pkl,train
27641.pkl,train
21657.pkl,train
1856.pkl,train
20853.pkl,train
49339.pkl,train
40749.pkl,train
30342.pkl,train
10604.pkl,train
25318.pkl,train
23494.pkl,train
35246.pkl,train
20798.pkl,train
24848.pkl,train
53756.pkl,train
19081.pkl,train
32570.pkl,train
37479.pkl,train
19626.pkl,train
11980.pkl,train
11116.pkl,train
40474.pkl,train
37207.pkl,train
2476.pkl,train
31090.pkl,train
38028.pkl,train
34477.pkl,train
21674.pkl,train
25735.pkl,train
29846.pkl,train
31817.pkl,train
4833.pkl,train
28202.pkl,train
36921.pkl,train
9960.pkl,train
13993.pkl,train
53010.pkl,train
56845.pkl,train
27082.pkl,train
5980.pkl,train
44843.pkl,train
3199.pkl,train
33756.pkl,train
50086.pkl,train
23378.pkl,train
73.pkl,train
53130.pkl,train
10243.pkl,train
47333.pkl,train
43138.pkl,train
40817.pkl,train
47301.pkl,train
37066.pkl,train
5064.pkl,train
15620.pkl,train
7355.pkl,train
6404.pkl,train
55033.pkl,train
26204.pkl,train
14400.pkl,train
1929.pkl,train
24274.pkl,train
32386.pkl,train
27548.pkl,train
53870.pkl,train
5439.pkl,train
9427.pkl,train
13493.pkl,train
19541.pkl,train
38075.pkl,train
6784.pkl,train
48663.pkl,train
47461.pkl,train
44030.pkl,train
1886.pkl,train
54175.pkl,train
45743.pkl,train
38131.pkl,train
33959.pkl,train
21736.pkl,train
53809.pkl,train
3013.pkl,train
22631.pkl,train
46223.pkl,train
42332.pkl,train
9513.pkl,train
25559.pkl,train
50256.pkl,train
40175.pkl,train
35578.pkl,train
23928.pkl,train
46871.pkl,train
40821.pkl,train
39215.pkl,train
42814.pkl,train
41041.pkl,train
25611.pkl,train
33547.pkl,train
51646.pkl,train
41173.pkl,train
21090.pkl,train
49630.pkl,train
27532.pkl,train
29648.pkl,train
56694.pkl,train
148.pkl,train
51957.pkl,train
45924.pkl,train
11612.pkl,train
47522.pkl,train
14715.pkl,train
22991.pkl,train
9832.pkl,train
25215.pkl,train
23976.pkl,train
18714.pkl,train
41304.pkl,train
40908.pkl,train
10651.pkl,train
50775.pkl,train
49869.pkl,train
50564.pkl,train
17898.pkl,train
28899.pkl,train
21660.pkl,train
464.pkl,train
2709.pkl,train
18907.pkl,train
26680.pkl,train
54290.pkl,train
39350.pkl,train
40574.pkl,train
2101.pkl,train
5488.pkl,train
6431.pkl,train
46969.pkl,train
53278.pkl,train
11616.pkl,train
30242.pkl,train
1593.pkl,train
32246.pkl,train
31078.pkl,train
36358.pkl,train
47902.pkl,train
25832.pkl,train
9160.pkl,train
8303.pkl,train
26588.pkl,train
49985.pkl,train
46346.pkl,train
7951.pkl,train
42842.pkl,train
32547.pkl,train
29698.pkl,train
41884.pkl,train
42671.pkl,train
15559.pkl,train
23217.pkl,train
14849.pkl,train
41967.pkl,train
23067.pkl,train
5300.pkl,train
55558.pkl,train
27045.pkl,train
24400.pkl,train
33555.pkl,train
46826.pkl,train
25001.pkl,train
7576.pkl,train
29052.pkl,train
922.pkl,train
42793.pkl,train
25073.pkl,train
21721.pkl,train
52605.pkl,train
30648.pkl,train
50840.pkl,train
15864.pkl,train
47168.pkl,train
18685.pkl,train
15518.pkl,train
5326.pkl,train
55048.pkl,train
56370.pkl,train
19911.pkl,train
21414.pkl,train
22713.pkl,train
56382.pkl,train
21272.pkl,train
38791.pkl,train
36471.pkl,train
56934.pkl,train
51392.pkl,train
44044.pkl,train
9621.pkl,train
19968.pkl,train
21898.pkl,train
16184.pkl,train
8276.pkl,train
11861.pkl,train
17083.pkl,train
11466.pkl,train
7823.pkl,train
38656.pkl,train
18423.pkl,train
22301.pkl,train
45825.pkl,train
48024.pkl,train
46624.pkl,train
21683.pkl,train
5340.pkl,train
34880.pkl,train
41121.pkl,train
26967.pkl,train
7549.pkl,train
20362.pkl,train
238.pkl,train
32343.pkl,train
7969.pkl,train
30257.pkl,train
24556.pkl,train
5225.pkl,train
51246.pkl,train
37533.pkl,train
9385.pkl,train
27751.pkl,train
21756.pkl,train
47200.pkl,train
33306.pkl,train
42357.pkl,train
16326.pkl,train
10399.pkl,train
51841.pkl,train
39837.pkl,train
47862.pkl,train
46540.pkl,train
47933.pkl,train
55963.pkl,train
54411.pkl,train
6949.pkl,train
46247.pkl,train
42785.pkl,train
54390.pkl,train
30142.pkl,train
45433.pkl,train
35730.pkl,train
24183.pkl,train
48741.pkl,train
47547.pkl,train
30507.pkl,train
1789.pkl,train
31729.pkl,train
25900.pkl,train
51577.pkl,train
49313.pkl,train
25956.pkl,train
16272.pkl,train
6135.pkl,train
12795.pkl,train
35123.pkl,train
35362.pkl,train
11573.pkl,train
21533.pkl,train
18529.pkl,train
44433.pkl,train
36653.pkl,train
43976.pkl,train
31258.pkl,train
49594.pkl,train
15553.pkl,train
10719.pkl,train
8818.pkl,train
31359.pkl,train
35037.pkl,train
22698.pkl,train
10133.pkl,train
19409.pkl,train
55571.pkl,train
15461.pkl,train
15565.pkl,train
31322.pkl,train
37039.pkl,train
56670.pkl,train
52518.pkl,train
30228.pkl,train
19223.pkl,train
33599.pkl,train
55414.pkl,train
36197.pkl,train
5691.pkl,train
23025.pkl,train
37606.pkl,train
44789.pkl,train
12647.pkl,train
53681.pkl,train
27268.pkl,train
41226.pkl,train
55002.pkl,train
28961.pkl,train
18044.pkl,train
34399.pkl,train
36598.pkl,train
8359.pkl,train
41329.pkl,train
35893.pkl,train
20891.pkl,train
33236.pkl,train
43008.pkl,train
9170.pkl,train
38446.pkl,train
25488.pkl,train
51706.pkl,train
28456.pkl,train
38704.pkl,train
8745.pkl,train
42338.pkl,train
40530.pkl,train
5642.pkl,train
28312.pkl,train
33453.pkl,train
915.pkl,train
9495.pkl,train
35592.pkl,train
46124.pkl,train
36736.pkl,train
28679.pkl,train
19213.pkl,train
18545.pkl,train
56738.pkl,train
42940.pkl,train
2052.pkl,train
24560.pkl,train
18898.pkl,train
45653.pkl,train
41408.pkl,train
4348.pkl,train
44868.pkl,train
42114.pkl,train
17508.pkl,train
2655.pkl,train
33180.pkl,train
3355.pkl,train
33073.pkl,train
45446.pkl,train
34831.pkl,train
12763.pkl,train
37117.pkl,train
56730.pkl,train
37142.pkl,train
4947.pkl,train
45263.pkl,train
44662.pkl,train
23071.pkl,train
21375.pkl,train
41874.pkl,train
13091.pkl,train
34212.pkl,train
31105.pkl,train
13177.pkl,train
44148.pkl,train
23707.pkl,train
8257.pkl,train
48781.pkl,train
12938.pkl,train
4260.pkl,train
25689.pkl,train
31784.pkl,train
27155.pkl,train
55098.pkl,train
53751.pkl,train
43675.pkl,train
25953.pkl,train
25933.pkl,train
49197.pkl,train
841.pkl,train
56052.pkl,train
23311.pkl,train
34737.pkl,train
1758.pkl,train
1462.pkl,train
52977.pkl,train
42075.pkl,train
32221.pkl,train
28965.pkl,train
47603.pkl,train
5747.pkl,train
39680.pkl,train
29938.pkl,train
19077.pkl,train
11366.pkl,train
47158.pkl,train
15165.pkl,train
17548.pkl,train
40247.pkl,train
30972.pkl,train
30103.pkl,train
31074.pkl,train
28038.pkl,train
537.pkl,train
16621.pkl,train
52423.pkl,train
52941.pkl,train
51024.pkl,train
37955.pkl,train
47412.pkl,train
289.pkl,train
35308.pkl,train
17292.pkl,train
33786.pkl,train
18942.pkl,train
45852.pkl,train
47882.pkl,train
37642.pkl,train
34729.pkl,train
52790.pkl,train
6828.pkl,train
12363.pkl,train
28939.pkl,train
117.pkl,train
37637.pkl,train
8075.pkl,train
41928.pkl,train
52004.pkl,train
55122.pkl,train
45666.pkl,train
35966.pkl,train
1436.pkl,train
42566.pkl,train
18062.pkl,train
12138.pkl,train
13109.pkl,train
35495.pkl,train
43705.pkl,train
12873.pkl,train
41429.pkl,train
29572.pkl,train
26255.pkl,train
22446.pkl,train
36947.pkl,train
33363.pkl,train
21863.pkl,train
6469.pkl,train
52607.pkl,train
50630.pkl,train
38053.pkl,train
47637.pkl,train
18992.pkl,train
8423.pkl,train
352.pkl,train
41660.pkl,train
32518.pkl,train
196.pkl,train
36129.pkl,train
31758.pkl,train
15353.pkl,train
23538.pkl,train
29559.pkl,train
41385.pkl,train
55643.pkl,train
28078.pkl,train
50317.pkl,train
15016.pkl,train
49116.pkl,train
44376.pkl,train
3542.pkl,train
47580.pkl,train
14714.pkl,train
13570.pkl,train
19783.pkl,train
23034.pkl,train
31616.pkl,train
889.pkl,train
45707.pkl,train
26327.pkl,train
51770.pkl,train
21261.pkl,train
39529.pkl,train
1183.pkl,train
22053.pkl,train
53897.pkl,train
31736.pkl,train
21694.pkl,train
52497.pkl,train
41908.pkl,train
56250.pkl,train
47654.pkl,train
33809.pkl,train
20490.pkl,train
8342.pkl,train
31944.pkl,train
37356.pkl,train
50580.pkl,train
56914.pkl,train
14545.pkl,train
8694.pkl,train
33878.pkl,train
17332.pkl,train
18416.pkl,train
24921.pkl,train
25936.pkl,train
53830.pkl,train
40624.pkl,train
33441.pkl,train
2610.pkl,train
41924.pkl,train
46231.pkl,train
35304.pkl,train
23328.pkl,train
12108.pkl,train
10850.pkl,train
54649.pkl,train
17294.pkl,train
20117.pkl,train
36435.pkl,train
30868.pkl,train
48967.pkl,train
39909.pkl,train
50790.pkl,train
52824.pkl,train
23186.pkl,train
4513.pkl,train
49673.pkl,train
10445.pkl,train
28049.pkl,train
2605.pkl,train
46795.pkl,train
31881.pkl,train
591.pkl,train
27855.pkl,train
7348.pkl,train
28326.pkl,train
53302.pkl,train
41467.pkl,train
8464.pkl,train
4408.pkl,train
39185.pkl,train
1890.pkl,train
24902.pkl,train
50282.pkl,train
41486.pkl,train
519.pkl,train
4393.pkl,train
37452.pkl,train
21253.pkl,train
26932.pkl,train
54053.pkl,train
48066.pkl,train
18240.pkl,train
41875.pkl,train
13983.pkl,train
50267.pkl,train
22146.pkl,train
29544.pkl,train
44161.pkl,train
16556.pkl,train
56595.pkl,train
6379.pkl,train
56971.pkl,train
31773.pkl,train
45247.pkl,train
30723.pkl,train
6650.pkl,train
56008.pkl,train
7214.pkl,train
52921.pkl,train
32891.pkl,train
51722.pkl,train
36168.pkl,train
21242.pkl,train
39655.pkl,train
40108.pkl,train
52662.pkl,train
39328.pkl,train
21333.pkl,train
34229.pkl,train
40528.pkl,train
21438.pkl,train
34431.pkl,train
56355.pkl,train
5332.pkl,train
21457.pkl,train
46788.pkl,train
22908.pkl,train
8923.pkl,train
33879.pkl,train
38393.pkl,train
3065.pkl,train
49011.pkl,train
12981.pkl,train
21120.pkl,train
31884.pkl,train
28354.pkl,train
42175.pkl,train
19653.pkl,train
10958.pkl,train
27554.pkl,train
25041.pkl,train
24973.pkl,train
15708.pkl,train
36727.pkl,train
37077.pkl,train
37885.pkl,train
49916.pkl,train
42760.pkl,train
30844.pkl,train
24424.pkl,train
19140.pkl,train
35176.pkl,train
32582.pkl,train
29552.pkl,train
8897.pkl,train
55680.pkl,train
33148.pkl,train
45556.pkl,train
11115.pkl,train
11011.pkl,train
18962.pkl,train
46009.pkl,train
38609.pkl,train
920.pkl,train
9658.pkl,train
10728.pkl,train
48392.pkl,train
52148.pkl,train
37691.pkl,train
25952.pkl,train
14685.pkl,train
3433.pkl,train
39694.pkl,train
26039.pkl,train
4333.pkl,train
17964.pkl,train
56878.pkl,train
29554.pkl,train
16.pkl,train
45115.pkl,train
44131.pkl,train
47807.pkl,train
37081.pkl,train
3506.pkl,train
19679.pkl,train
23388.pkl,train
4477.pkl,train
39749.pkl,train
8905.pkl,train
51184.pkl,train
43116.pkl,train
37654.pkl,train
31576.pkl,train
44846.pkl,train
12927.pkl,train
45889.pkl,train
6714.pkl,train
13284.pkl,train
23296.pkl,train
50325.pkl,train
53725.pkl,train
6938.pkl,train
47800.pkl,train
34240.pkl,train
5946.pkl,train
24065.pkl,train
48953.pkl,train
31377.pkl,train
28949.pkl,train
42478.pkl,train
43285.pkl,train
48915.pkl,train
37293.pkl,train
17368.pkl,train
23790.pkl,train
28723.pkl,train
48148.pkl,train
5731.pkl,train
16402.pkl,train
24223.pkl,train
24022.pkl,train
55868.pkl,train
54961.pkl,train
10049.pkl,train
7391.pkl,train
8692.pkl,train
6612.pkl,train
36172.pkl,train
31448.pkl,train
55409.pkl,train
20600.pkl,train
11111.pkl,train
43766.pkl,train
8130.pkl,train
22418.pkl,train
27272.pkl,train
20668.pkl,train
35479.pkl,train
55669.pkl,train
40020.pkl,train
20172.pkl,train
30727.pkl,train
41187.pkl,train
53242.pkl,train
2481.pkl,train
29814.pkl,train
34103.pkl,train
50125.pkl,train
46347.pkl,train
37238.pkl,train
7799.pkl,train
49544.pkl,train
43364.pkl,train
31182.pkl,train
45141.pkl,train
42426.pkl,train
18926.pkl,train
33036.pkl,train
9746.pkl,train
37786.pkl,train
13661.pkl,train
31564.pkl,train
11129.pkl,train
35432.pkl,train
27624.pkl,train
18993.pkl,train
17591.pkl,train
52886.pkl,train
44998.pkl,train
20581.pkl,train
52643.pkl,train
27638.pkl,train
24694.pkl,train
1247.pkl,train
32848.pkl,train
44055.pkl,train
27228.pkl,train
26198.pkl,train
22875.pkl,train
25793.pkl,train
50637.pkl,train
13212.pkl,train
5489.pkl,train
22502.pkl,train
38933.pkl,train
44897.pkl,train
45948.pkl,train
40098.pkl,train
18111.pkl,train
42957.pkl,train
34168.pkl,train
40140.pkl,train
41326.pkl,train
14752.pkl,train
55202.pkl,train
48282.pkl,train
35098.pkl,train
220.pkl,train
43006.pkl,train
19289.pkl,train
31081.pkl,train
36066.pkl,train
17507.pkl,train
49736.pkl,train
14739.pkl,train
22586.pkl,train
25968.pkl,train
19159.pkl,train
6931.pkl,train
2914.pkl,train
5065.pkl,train
27543.pkl,train
11557.pkl,train
13464.pkl,train
28794.pkl,train
47387.pkl,train
5450.pkl,train
48181.pkl,train
41123.pkl,train
53461.pkl,train
3380.pkl,train
30375.pkl,train
21989.pkl,train
42335.pkl,train
34079.pkl,train
45902.pkl,train
8499.pkl,train
42420.pkl,train
18880.pkl,train
9691.pkl,train
5319.pkl,train
56275.pkl,train
28966.pkl,train
29339.pkl,train
22138.pkl,train
50963.pkl,train
29873.pkl,train
45134.pkl,train
18751.pkl,train
40630.pkl,train
42321.pkl,train
39392.pkl,train
7390.pkl,train
16889.pkl,train
16743.pkl,train
55322.pkl,train
2920.pkl,train
45353.pkl,train
19393.pkl,train
1244.pkl,train
53646.pkl,train
10720.pkl,train
35885.pkl,train
33195.pkl,train
12651.pkl,train
39689.pkl,train
16992.pkl,train
32286.pkl,train
46827.pkl,train
18315.pkl,train
5362.pkl,train
5296.pkl,train
31160.pkl,train
37655.pkl,train
27640.pkl,train
44551.pkl,train
47997.pkl,train
37665.pkl,train
30198.pkl,train
35702.pkl,train
36173.pkl,train
38848.pkl,train
26866.pkl,train
49485.pkl,train
41628.pkl,train
52089.pkl,train
47537.pkl,train
13285.pkl,train
2761.pkl,train
16155.pkl,train
1938.pkl,train
44413.pkl,train
2556.pkl,train
2925.pkl,train
51027.pkl,train
48578.pkl,train
22851.pkl,train
19909.pkl,train
18231.pkl,train
43354.pkl,train
30280.pkl,train
38170.pkl,train
22518.pkl,train
14924.pkl,train
33536.pkl,train
12134.pkl,train
46862.pkl,train
5262.pkl,train
12454.pkl,train
33513.pkl,train
20469.pkl,train
56088.pkl,train
42143.pkl,train
31001.pkl,train
52822.pkl,train
19320.pkl,train
35396.pkl,train
11514.pkl,train
39939.pkl,train
16927.pkl,train
2984.pkl,train
49264.pkl,train
36051.pkl,train
25827.pkl,train
5059.pkl,train
11210.pkl,train
15869.pkl,train
11752.pkl,train
48747.pkl,train
10779.pkl,train
34817.pkl,train
45211.pkl,train
54801.pkl,train
35140.pkl,train
28313.pkl,train
21818.pkl,train
30169.pkl,train
692.pkl,train
1812.pkl,train
31398.pkl,train
22528.pkl,train
34161.pkl,train
21477.pkl,train
21190.pkl,train
17859.pkl,train
5604.pkl,train
1149.pkl,train
10172.pkl,train
45729.pkl,train
3923.pkl,train
52820.pkl,train
50935.pkl,train
16031.pkl,train
33714.pkl,train
24390.pkl,train
54690.pkl,train
18237.pkl,train
7789.pkl,train
38773.pkl,train
14231.pkl,train
50676.pkl,train
5215.pkl,train
28880.pkl,train
3709.pkl,train
23899.pkl,train
22916.pkl,train
43974.pkl,train
27616.pkl,train
28809.pkl,train
54895.pkl,train
22493.pkl,train
30696.pkl,train
38124.pkl,train
25666.pkl,train
53722.pkl,train
14093.pkl,train
24790.pkl,train
56703.pkl,train
27467.pkl,train
1360.pkl,train
56479.pkl,train
47395.pkl,train
24369.pkl,train
24695.pkl,train
31656.pkl,train
46207.pkl,train
54940.pkl,train
42779.pkl,train
48719.pkl,train
25368.pkl,train
3772.pkl,train
43863.pkl,train
1541.pkl,train
7674.pkl,train
29332.pkl,train
47660.pkl,train
8106.pkl,train
43031.pkl,train
6957.pkl,train
43841.pkl,train
7936.pkl,train
4589.pkl,train
12750.pkl,train
27331.pkl,train
16848.pkl,train
48839.pkl,train
24904.pkl,train
7803.pkl,train
48830.pkl,train
53044.pkl,train
22920.pkl,train
30505.pkl,train
52282.pkl,train
6717.pkl,train
39913.pkl,train
1293.pkl,train
34117.pkl,train
50611.pkl,train
37323.pkl,train
37394.pkl,train
39080.pkl,train
41399.pkl,train
43696.pkl,train
41847.pkl,train
7723.pkl,train
10098.pkl,train
25915.pkl,train
17133.pkl,train
7144.pkl,train
47428.pkl,train
16100.pkl,train
34925.pkl,train
32622.pkl,train
36417.pkl,train
20841.pkl,train
39883.pkl,train
359.pkl,train
53996.pkl,train
52076.pkl,train
50764.pkl,train
828.pkl,train
53538.pkl,train
20010.pkl,train
21768.pkl,train
23853.pkl,train
31916.pkl,train
49509.pkl,train
48852.pkl,train
3647.pkl,train
49315.pkl,train
24660.pkl,train
33052.pkl,train
9304.pkl,train
14419.pkl,train
27124.pkl,train
25925.pkl,train
30927.pkl,train
50088.pkl,train
22718.pkl,train
3329.pkl,train
26587.pkl,train
16240.pkl,train
32251.pkl,train
17346.pkl,train
40832.pkl,train
31179.pkl,train
47021.pkl,train
40281.pkl,train
23949.pkl,train
54654.pkl,train
24435.pkl,train
14326.pkl,train
45256.pkl,train
56218.pkl,train
42052.pkl,train
43895.pkl,train
19573.pkl,train
44963.pkl,train
49838.pkl,train
11274.pkl,train
52953.pkl,train
7718.pkl,train
16233.pkl,train
4373.pkl,train
15378.pkl,train
10346.pkl,train
11742.pkl,train
37288.pkl,train
2258.pkl,train
35412.pkl,train
29233.pkl,train
50096.pkl,train
53976.pkl,train
21784.pkl,train
42899.pkl,train
34503.pkl,train
12302.pkl,train
24779.pkl,train
21193.pkl,train
36783.pkl,train
14573.pkl,train
25786.pkl,train
8620.pkl,train
51074.pkl,train
6747.pkl,train
8317.pkl,train
2223.pkl,train
39742.pkl,train
19801.pkl,train
30682.pkl,train
41777.pkl,train
10048.pkl,train
19575.pkl,train
15637.pkl,train
48418.pkl,train
13872.pkl,train
2384.pkl,train
27926.pkl,train
5147.pkl,train
11126.pkl,train
4461.pkl,train
32819.pkl,train
21108.pkl,train
21039.pkl,train
16804.pkl,train
43537.pkl,train
6448.pkl,train
19492.pkl,train
36646.pkl,train
13436.pkl,train
30391.pkl,train
32569.pkl,train
10021.pkl,train
48637.pkl,train
32371.pkl,train
33430.pkl,train
40607.pkl,train
28990.pkl,train
399.pkl,train
17714.pkl,train
27025.pkl,train
6780.pkl,train
7184.pkl,train
54818.pkl,train
53045.pkl,train
2401.pkl,train
10986.pkl,train
27588.pkl,train
36893.pkl,train
45488.pkl,train
13643.pkl,train
26586.pkl,train
33573.pkl,train
14475.pkl,train
34327.pkl,train
11254.pkl,train
39824.pkl,train
17880.pkl,train
4160.pkl,train
41845.pkl,train
49469.pkl,train
55666.pkl,train
52059.pkl,train
42473.pkl,train
22601.pkl,train
15592.pkl,train
55883.pkl,train
53506.pkl,train
1507.pkl,train
41098.pkl,train
20393.pkl,train
43789.pkl,train
46249.pkl,train
4978.pkl,train
6084.pkl,train
22656.pkl,train
38705.pkl,train
2024.pkl,train
31876.pkl,train
12875.pkl,train
48019.pkl,train
129.pkl,train
44828.pkl,train
26145.pkl,train
22831.pkl,train
44986.pkl,train
30955.pkl,train
2082.pkl,train
54624.pkl,train
19816.pkl,train
21814.pkl,train
14688.pkl,train
27991.pkl,train
52767.pkl,train
21921.pkl,train
21285.pkl,train
25146.pkl,train
29614.pkl,train
3777.pkl,train
29015.pkl,train
22401.pkl,train
44960.pkl,train
39799.pkl,train
15623.pkl,train
3980.pkl,train
20326.pkl,train
46194.pkl,train
48268.pkl,train
17291.pkl,train
25169.pkl,train
41652.pkl,train
574.pkl,train
27822.pkl,train
2364.pkl,train
2853.pkl,train
12411.pkl,train
55424.pkl,train
4949.pkl,train
48035.pkl,train
15988.pkl,train
33928.pkl,train
5267.pkl,train
13098.pkl,train
10199.pkl,train
32318.pkl,train
6654.pkl,train
3023.pkl,train
5072.pkl,train
5210.pkl,train
41658.pkl,train
42588.pkl,train
19969.pkl,train
21850.pkl,train
27823.pkl,train
10674.pkl,train
17759.pkl,train
27546.pkl,train
12516.pkl,train
49322.pkl,train
48825.pkl,train
2107.pkl,train
20297.pkl,train
32662.pkl,train
23648.pkl,train
25297.pkl,train
29776.pkl,train
9403.pkl,train
10711.pkl,train
12961.pkl,train
3979.pkl,train
55647.pkl,train
8154.pkl,train
13935.pkl,train
54421.pkl,train
38619.pkl,train
44282.pkl,train
36279.pkl,train
47772.pkl,train
33755.pkl,train
12703.pkl,train
8409.pkl,train
3039.pkl,train
42856.pkl,train
24134.pkl,train
20728.pkl,train
55402.pkl,train
4114.pkl,train
51381.pkl,train
53805.pkl,train
49773.pkl,train
40968.pkl,train
1590.pkl,train
4414.pkl,train
56392.pkl,train
34596.pkl,train
34611.pkl,train
18519.pkl,train
11566.pkl,train
18595.pkl,train
13665.pkl,train
31495.pkl,train
33053.pkl,train
29483.pkl,train
45367.pkl,train
17968.pkl,train
1045.pkl,train
48466.pkl,train
8354.pkl,train
38516.pkl,train
10743.pkl,train
21246.pkl,train
19817.pkl,train
44753.pkl,train
52904.pkl,train
8043.pkl,train
30568.pkl,train
18374.pkl,train
44736.pkl,train
18527.pkl,train
37405.pkl,train
54330.pkl,train
23349.pkl,train
55182.pkl,train
29131.pkl,train
12184.pkl,train
21015.pkl,train
50417.pkl,train
31642.pkl,train
26284.pkl,train
55397.pkl,train
30893.pkl,train
54133.pkl,train
6384.pkl,train
38291.pkl,train
13979.pkl,train
40077.pkl,train
44333.pkl,train
32525.pkl,train
53160.pkl,train
18283.pkl,train
16008.pkl,train
45744.pkl,train
31421.pkl,train
24791.pkl,train
45981.pkl,train
7689.pkl,train
423.pkl,train
55751.pkl,train
46354.pkl,train
6756.pkl,train
56117.pkl,train
49637.pkl,train
23900.pkl,train
53819.pkl,train
42260.pkl,train
37061.pkl,train
16875.pkl,train
7430.pkl,train
28885.pkl,train
56875.pkl,train
23608.pkl,train
29031.pkl,train
40803.pkl,train
47538.pkl,train
51217.pkl,train
50506.pkl,train
8956.pkl,train
18354.pkl,train
24357.pkl,train
611.pkl,train
28955.pkl,train
7717.pkl,train
9626.pkl,train
31757.pkl,train
36926.pkl,train
44978.pkl,train
35279.pkl,train
40341.pkl,train
7931.pkl,train
12124.pkl,train
65.pkl,train
24567.pkl,train
6843.pkl,train
27006.pkl,train
24960.pkl,train
69.pkl,train
23119.pkl,train
39606.pkl,train
10788.pkl,train
3771.pkl,train
11118.pkl,train
28046.pkl,train
30.pkl,train
3242.pkl,train
15656.pkl,train
7421.pkl,train
39638.pkl,train
10308.pkl,train
22207.pkl,train
55753.pkl,train
40751.pkl,train
40565.pkl,train
54357.pkl,train
3040.pkl,train
30985.pkl,train
31177.pkl,train
3201.pkl,train
12872.pkl,train
21404.pkl,train
8017.pkl,train
23872.pkl,train
5269.pkl,train
16266.pkl,train
30321.pkl,train
17492.pkl,train
56430.pkl,train
27989.pkl,train
9584.pkl,train
28336.pkl,train
39288.pkl,train
32149.pkl,train
51893.pkl,train
13375.pkl,train
44716.pkl,train
27776.pkl,train
26143.pkl,train
2340.pkl,train
46752.pkl,train
3797.pkl,train
12147.pkl,train
24546.pkl,train
48790.pkl,train
15844.pkl,train
32135.pkl,train
31445.pkl,train
25350.pkl,train
48518.pkl,train
44307.pkl,train
26022.pkl,train
1588.pkl,train
50865.pkl,train
979.pkl,train
47752.pkl,train
6453.pkl,train
41003.pkl,train
27199.pkl,train
31788.pkl,train
36747.pkl,train
13754.pkl,train
53373.pkl,train
27308.pkl,train
14876.pkl,train
13707.pkl,train
37419.pkl,train
18027.pkl,train
50852.pkl,train
11650.pkl,train
40927.pkl,train
20633.pkl,train
30781.pkl,train
5972.pkl,train
21614.pkl,train
13387.pkl,train
45225.pkl,train
9637.pkl,train
13361.pkl,train
25723.pkl,train
3895.pkl,train
51477.pkl,train
31964.pkl,train
31962.pkl,train
882.pkl,train
5962.pkl,train
17478.pkl,train
42154.pkl,train
18720.pkl,train
2987.pkl,train
44195.pkl,train
52610.pkl,train
52931.pkl,train
53074.pkl,train
41435.pkl,train
11207.pkl,train
44514.pkl,train
51423.pkl,train
10102.pkl,train
36287.pkl,train
693.pkl,train
19193.pkl,train
818.pkl,train
26331.pkl,train
37309.pkl,train
32935.pkl,train
16631.pkl,train
30428.pkl,train
5028.pkl,train
21691.pkl,train
48819.pkl,train
55772.pkl,train
35571.pkl,train
26711.pkl,train
2623.pkl,train
56015.pkl,train
38062.pkl,train
49468.pkl,train
11792.pkl,train
22970.pkl,train
38344.pkl,train
29898.pkl,train
35146.pkl,train
12874.pkl,train
5789.pkl,train
19842.pkl,train
8727.pkl,train
38769.pkl,train
727.pkl,train
14003.pkl,train
40919.pkl,train
50654.pkl,train
29474.pkl,train
9697.pkl,train
55617.pkl,train
21194.pkl,train
17229.pkl,train
49168.pkl,train
11251.pkl,train
8124.pkl,train
16353.pkl,train
56942.pkl,train
8015.pkl,train
6072.pkl,train
13492.pkl,train
20859.pkl,train
41195.pkl,train
29589.pkl,train
3393.pkl,train
28986.pkl,train
50515.pkl,train
38751.pkl,train
9893.pkl,train
16990.pkl,train
16662.pkl,train
46824.pkl,train
51588.pkl,train
50528.pkl,train
27668.pkl,train
46939.pkl,train
16247.pkl,train
25103.pkl,train
35089.pkl,train
19348.pkl,train
46221.pkl,train
34486.pkl,train
4085.pkl,train
10479.pkl,train
28212.pkl,train
28752.pkl,train
11493.pkl,train
54685.pkl,train
11653.pkl,train
15997.pkl,train
46424.pkl,train
27012.pkl,train
27667.pkl,train
19037.pkl,train
43711.pkl,train
34836.pkl,train
23385.pkl,train
18666.pkl,train
19921.pkl,train
33290.pkl,train
5722.pkl,train
1951.pkl,train
15450.pkl,train
44994.pkl,train
55637.pkl,train
12705.pkl,train
18721.pkl,train
32753.pkl,train
14394.pkl,train
56186.pkl,train
29689.pkl,train
34789.pkl,train
36196.pkl,train
25490.pkl,train
41131.pkl,train
43588.pkl,train
27332.pkl,train
24984.pkl,train
28185.pkl,train
24205.pkl,train
46237.pkl,train
40141.pkl,train
49987.pkl,train
1263.pkl,train
10512.pkl,train
4376.pkl,train
48987.pkl,train
27357.pkl,train
19485.pkl,train
6246.pkl,train
33116.pkl,train
3083.pkl,train
8100.pkl,train
15199.pkl,train
16032.pkl,train
14777.pkl,train
11112.pkl,train
12943.pkl,train
15854.pkl,train
3723.pkl,train
13833.pkl,train
48307.pkl,train
53594.pkl,train
5594.pkl,train
42295.pkl,train
18247.pkl,train
56456.pkl,train
48422.pkl,train
36042.pkl,train
50392.pkl,train
19058.pkl,train
4279.pkl,train
38870.pkl,train
30856.pkl,train
31349.pkl,train
17217.pkl,train
34428.pkl,train
18551.pkl,train
15998.pkl,train
332.pkl,train
11791.pkl,train
1189.pkl,train
1302.pkl,train
3727.pkl,train
38987.pkl,train
10700.pkl,train
46830.pkl,train
32175.pkl,train
56793.pkl,train
42654.pkl,train
8403.pkl,train
10413.pkl,train
34153.pkl,train
25190.pkl,train
19971.pkl,train
41918.pkl,train
2783.pkl,train
56283.pkl,train
35789.pkl,train
32494.pkl,train
49974.pkl,train
13802.pkl,train
7841.pkl,train
11633.pkl,train
496.pkl,train
21618.pkl,train
46211.pkl,train
38894.pkl,train
6087.pkl,train
40645.pkl,train
2765.pkl,train
43417.pkl,train
52223.pkl,train
16395.pkl,train
29143.pkl,train
29593.pkl,train
50595.pkl,train
27690.pkl,train
51380.pkl,train
52566.pkl,train
5237.pkl,train
53825.pkl,train
19397.pkl,train
46973.pkl,train
20658.pkl,train
34469.pkl,train
33337.pkl,train
25341.pkl,train
22779.pkl,train
31120.pkl,train
6876.pkl,train
41085.pkl,train
29550.pkl,train
4510.pkl,train
23643.pkl,train
36787.pkl,train
11237.pkl,train
55362.pkl,train
32676.pkl,train
43014.pkl,train
49821.pkl,train
29347.pkl,train
54612.pkl,train
29941.pkl,train
1995.pkl,train
14707.pkl,train
29475.pkl,train
53947.pkl,train
47465.pkl,train
13076.pkl,train
49522.pkl,train
2229.pkl,train
26812.pkl,train
6317.pkl,train
19659.pkl,train
10506.pkl,train
49649.pkl,train
11536.pkl,train
13902.pkl,train
47842.pkl,train
42327.pkl,train
51041.pkl,train
16579.pkl,train
52872.pkl,train
983.pkl,train
16446.pkl,train
49064.pkl,train
14088.pkl,train
20302.pkl,train
46637.pkl,train
21370.pkl,train
23367.pkl,train
5373.pkl,train
29506.pkl,train
29196.pkl,train
27493.pkl,train
34505.pkl,train
31959.pkl,train
2714.pkl,train
48874.pkl,train
52922.pkl,train
51449.pkl,train
23384.pkl,train
49823.pkl,train
28662.pkl,train
53713.pkl,train
10182.pkl,train
48431.pkl,train
45190.pkl,train
49539.pkl,train
3726.pkl,train
49102.pkl,train
55480.pkl,train
5211.pkl,train
36843.pkl,train
56409.pkl,train
18284.pkl,train
43253.pkl,train
23610.pkl,train
49947.pkl,train
1674.pkl,train
2303.pkl,train
9698.pkl,train
33702.pkl,train
55722.pkl,train
25342.pkl,train
16808.pkl,train
12196.pkl,train
3339.pkl,train
12598.pkl,train
26814.pkl,train
54939.pkl,train
32602.pkl,train
23520.pkl,train
8315.pkl,train
54603.pkl,train
11490.pkl,train
28507.pkl,train
54385.pkl,train
21199.pkl,train
35915.pkl,train
32109.pkl,train
17535.pkl,train
19480.pkl,train
39091.pkl,train
54408.pkl,train
29528.pkl,train
19464.pkl,train
44369.pkl,train
13386.pkl,train
9515.pkl,train
8248.pkl,train
22533.pkl,train
49993.pkl,train
53205.pkl,train
48113.pkl,train
51452.pkl,train
36693.pkl,train
20816.pkl,train
23963.pkl,train
30459.pkl,train
27046.pkl,train
7322.pkl,train
55212.pkl,train
18602.pkl,train
44823.pkl,train
9055.pkl,train
55199.pkl,train
6058.pkl,train
11608.pkl,train
18216.pkl,train
13615.pkl,train
39045.pkl,train
26850.pkl,train
17645.pkl,train
31777.pkl,train
30650.pkl,train
15251.pkl,train
18427.pkl,train
12383.pkl,train
29427.pkl,train
52854.pkl,train
41749.pkl,train
28301.pkl,train
10000.pkl,train
2831.pkl,train
29917.pkl,train
38660.pkl,train
24707.pkl,train
29520.pkl,train
48789.pkl,train
40252.pkl,train
8119.pkl,train
7959.pkl,train
48072.pkl,train
17582.pkl,train
39431.pkl,train
38455.pkl,train
7937.pkl,train
1180.pkl,train
30203.pkl,train
37694.pkl,train
17350.pkl,train
44510.pkl,train
43333.pkl,train
4736.pkl,train
18072.pkl,train
3761.pkl,train
2899.pkl,train
22598.pkl,train
48899.pkl,train
19203.pkl,train
28448.pkl,train
31577.pkl,train
27048.pkl,train
3389.pkl,train
43264.pkl,train
30618.pkl,train
39536.pkl,train
7869.pkl,train
24857.pkl,train
4969.pkl,train
14436.pkl,train
48235.pkl,train
49538.pkl,train
3273.pkl,train
40443.pkl,train
14808.pkl,train
26931.pkl,train
18671.pkl,train
44441.pkl,train
51052.pkl,train
9164.pkl,train
10602.pkl,train
26097.pkl,train
54866.pkl,train
30060.pkl,train
38955.pkl,train
7658.pkl,train
54813.pkl,train
34026.pkl,train
42941.pkl,train
4445.pkl,train
56151.pkl,train
38200.pkl,train
54333.pkl,train
38739.pkl,train
26654.pkl,train
35102.pkl,train
50986.pkl,train
53514.pkl,train
33543.pkl,train
26839.pkl,train
19091.pkl,train
23180.pkl,train
56642.pkl,train
31116.pkl,train
17646.pkl,train
42619.pkl,train
38990.pkl,train
46771.pkl,train
9091.pkl,train
50265.pkl,train
27717.pkl,train
37930.pkl,train
52738.pkl,train
55823.pkl,train
35570.pkl,train
3827.pkl,train
1901.pkl,train
14160.pkl,train
27444.pkl,train
55736.pkl,train
32616.pkl,train
17454.pkl,train
49604.pkl,train
40217.pkl,train
2654.pkl,train
25935.pkl,train
20366.pkl,train
26511.pkl,train
27998.pkl,train
37531.pkl,train
32653.pkl,train
12507.pkl,train
4953.pkl,train
37465.pkl,train
47315.pkl,train
4251.pkl,train
29575.pkl,train
35673.pkl,train
24860.pkl,train
15558.pkl,train
28866.pkl,train
48869.pkl,train
16270.pkl,train
41007.pkl,train
9060.pkl,train
55009.pkl,train
27536.pkl,train
19595.pkl,train
31487.pkl,train
22835.pkl,train
27270.pkl,train
8878.pkl,train
15410.pkl,train
50845.pkl,train
4359.pkl,train
45477.pkl,train
56483.pkl,train
2137.pkl,train
21731.pkl,train
41265.pkl,train
4667.pkl,train
14744.pkl,train
18883.pkl,train
36917.pkl,train
26191.pkl,train
15881.pkl,train
8755.pkl,train
12009.pkl,train
19025.pkl,train
30886.pkl,train
9.pkl,train
5133.pkl,train
31318.pkl,train
42372.pkl,train
16051.pkl,train
40892.pkl,train
29306.pkl,train
108.pkl,train
29934.pkl,train
8481.pkl,train
37042.pkl,train
3696.pkl,train
26928.pkl,train
50559.pkl,train
1022.pkl,train
54845.pkl,train
20959.pkl,train
3197.pkl,train
27742.pkl,train
16429.pkl,train
35740.pkl,train
32308.pkl,train
7730.pkl,train
38839.pkl,train
10357.pkl,train
11750.pkl,train
38166.pkl,train
41500.pkl,train
40545.pkl,train
7114.pkl,train
19739.pkl,train
22888.pkl,train
51518.pkl,train
56371.pkl,train
42547.pkl,train
52694.pkl,train
12708.pkl,train
47111.pkl,train
29881.pkl,train
26389.pkl,train
29531.pkl,train
21419.pkl,train
7279.pkl,train
38452.pkl,train
49234.pkl,train
8942.pkl,train
7187.pkl,train
38984.pkl,train
36627.pkl,train
19860.pkl,train
27657.pkl,train
44291.pkl,train
13120.pkl,train
3015.pkl,train
2521.pkl,train
27367.pkl,train
38157.pkl,train
44738.pkl,train
41641.pkl,train
16827.pkl,train
45678.pkl,train
45109.pkl,train
20275.pkl,train
33885.pkl,train
15088.pkl,train
44298.pkl,train
34109.pkl,train
15216.pkl,train
19030.pkl,train
14564.pkl,train
23669.pkl,train
49617.pkl,train
29742.pkl,train
20051.pkl,train
22439.pkl,train
49342.pkl,train
18310.pkl,train
29248.pkl,train
26707.pkl,train
13234.pkl,train
22514.pkl,train
38875.pkl,train
15766.pkl,train
42191.pkl,train
24410.pkl,train
18694.pkl,train
1024.pkl,train
51529.pkl,train
7700.pkl,train
9750.pkl,train
17866.pkl,train
10649.pkl,train
39430.pkl,train
22165.pkl,train
24853.pkl,train
2686.pkl,train
3706.pkl,train
42685.pkl,train
5774.pkl,train
13644.pkl,train
11469.pkl,train
44803.pkl,train
22914.pkl,train
42690.pkl,train
52065.pkl,train
40793.pkl,train
34751.pkl,train
38173.pkl,train
44817.pkl,train
55144.pkl,train
53682.pkl,train
39766.pkl,train
771.pkl,train
11090.pkl,train
30728.pkl,train
37550.pkl,train
9717.pkl,train
55393.pkl,train
14749.pkl,train
41302.pkl,train
431.pkl,train
50257.pkl,train
41035.pkl,train
42818.pkl,train
27263.pkl,train
28667.pkl,train
5026.pkl,train
40073.pkl,train
16858.pkl,train
17483.pkl,train
3868.pkl,train
20751.pkl,train
30920.pkl,train
23787.pkl,train
30146.pkl,train
17348.pkl,train
22498.pkl,train
4313.pkl,train
55467.pkl,train
38485.pkl,train
24600.pkl,train
6078.pkl,train
37728.pkl,train
42646.pkl,train
49157.pkl,train
44274.pkl,train
4310.pkl,train
14029.pkl,train
13821.pkl,train
11539.pkl,train
6464.pkl,train
31676.pkl,train
43866.pkl,train
9758.pkl,train
51317.pkl,train
32274.pkl,train
41050.pkl,train
47324.pkl,train
55995.pkl,train
6609.pkl,train
37865.pkl,train
54731.pkl,train
32566.pkl,train
9448.pkl,train
33865.pkl,train
52337.pkl,train
13855.pkl,train
34595.pkl,train
28637.pkl,train
46011.pkl,train
41807.pkl,train
44563.pkl,train
37648.pkl,train
39640.pkl,train
20574.pkl,train
18262.pkl,train
6634.pkl,train
49199.pkl,train
37923.pkl,train
27386.pkl,train
1926.pkl,train
33658.pkl,train
51976.pkl,train
22971.pkl,train
27636.pkl,train
32692.pkl,train
27801.pkl,train
37175.pkl,train
37361.pkl,train
37603.pkl,train
44263.pkl,train
32905.pkl,train
42573.pkl,train
37369.pkl,train
279.pkl,train
12540.pkl,train
2072.pkl,train
36381.pkl,train
17038.pkl,train
32886.pkl,train
9764.pkl,train
54910.pkl,train
47868.pkl,train
4055.pkl,train
28341.pkl,train
138.pkl,train
42783.pkl,train
6359.pkl,train
38804.pkl,train
35026.pkl,train
31084.pkl,train
46088.pkl,train
44835.pkl,train
30193.pkl,train
48091.pkl,train
53184.pkl,train
3881.pkl,train
19707.pkl,train
55605.pkl,train
7565.pkl,train
38749.pkl,train
53739.pkl,train
19268.pkl,train
3846.pkl,train
20983.pkl,train
23522.pkl,train
36098.pkl,train
21793.pkl,train
14972.pkl,train
52435.pkl,train
40032.pkl,train
1419.pkl,train
28423.pkl,train
3381.pkl,train
7711.pkl,train
4058.pkl,train
11224.pkl,train
721.pkl,train
14656.pkl,train
8920.pkl,train
11052.pkl,train
50907.pkl,train
46990.pkl,train
43884.pkl,train
16645.pkl,train
5767.pkl,train
2796.pkl,train
30167.pkl,train
17845.pkl,train
45978.pkl,train
37106.pkl,train
147.pkl,train
46036.pkl,train
6455.pkl,train
55893.pkl,train
41786.pkl,train
3370.pkl,train
42661.pkl,train
34134.pkl,train
31922.pkl,train
11174.pkl,train
48357.pkl,train
27110.pkl,train
49724.pkl,train
28311.pkl,train
12407.pkl,train
23673.pkl,train
27039.pkl,train
22691.pkl,train
33500.pkl,train
11896.pkl,train
43854.pkl,train
40074.pkl,train
30643.pkl,train
43019.pkl,train
13078.pkl,train
18167.pkl,train
49048.pkl,train
12512.pkl,train
18068.pkl,train
52753.pkl,train
5979.pkl,train
54050.pkl,train
47226.pkl,train
37294.pkl,train
41589.pkl,train
22672.pkl,train
13240.pkl,train
16391.pkl,train
31437.pkl,train
1151.pkl,train
481.pkl,train
35701.pkl,train
21362.pkl,train
33851.pkl,train
48505.pkl,train
45986.pkl,train
55738.pkl,train
888.pkl,train
14445.pkl,train
41174.pkl,train
54855.pkl,train
56032.pkl,train
21072.pkl,train
46672.pkl,train
19471.pkl,train
32897.pkl,train
37384.pkl,train
25526.pkl,train
45300.pkl,train
8211.pkl,train
44731.pkl,train
36849.pkl,train
11849.pkl,train
24089.pkl,train
9165.pkl,train
28804.pkl,train
21772.pkl,train
25247.pkl,train
48616.pkl,train
46324.pkl,train
56193.pkl,train
48104.pkl,train
21767.pkl,train
16589.pkl,train
1120.pkl,train
5016.pkl,train
25743.pkl,train
36779.pkl,train
49000.pkl,train
602.pkl,train
6776.pkl,train
51574.pkl,train
13580.pkl,train
29014.pkl,train
7050.pkl,train
36044.pkl,train
37069.pkl,train
36039.pkl,train
39511.pkl,train
9842.pkl,train
18959.pkl,train
33353.pkl,train
17449.pkl,train
44849.pkl,train
51068.pkl,train
46742.pkl,train
42384.pkl,train
33184.pkl,train
56196.pkl,train
49892.pkl,train
39937.pkl,train
48008.pkl,train
22239.pkl,train
52066.pkl,train
60.pkl,train
47979.pkl,train
29558.pkl,train
49994.pkl,train
25456.pkl,train
33558.pkl,train
11604.pkl,train
10307.pkl,train
38174.pkl,train
35316.pkl,train
40774.pkl,train
46086.pkl,train
21372.pkl,train
21410.pkl,train
55913.pkl,train
38790.pkl,train
46258.pkl,train
47786.pkl,train
37725.pkl,train
47681.pkl,train
46252.pkl,train
1714.pkl,train
2692.pkl,train
50979.pkl,train
1598.pkl,train
46435.pkl,train
5081.pkl,train
24630.pkl,train
16863.pkl,train
37570.pkl,train
26620.pkl,train
19795.pkl,train
33432.pkl,train
20528.pkl,train
13614.pkl,train
30686.pkl,train
3384.pkl,train
39179.pkl,train
30580.pkl,train
9959.pkl,train
23563.pkl,train
48521.pkl,train
49650.pkl,train
1792.pkl,train
31760.pkl,train
35451.pkl,train
47662.pkl,train
30797.pkl,train
67.pkl,train
3347.pkl,train
54191.pkl,train
54019.pkl,train
5504.pkl,train
12789.pkl,train
50354.pkl,train
7911.pkl,train
48162.pkl,train
20962.pkl,train
28081.pkl,train
34919.pkl,train
35057.pkl,train
14499.pkl,train
50373.pkl,train
50596.pkl,train
23713.pkl,train
38671.pkl,train
5672.pkl,train
55128.pkl,train
1082.pkl,train
19564.pkl,train
44188.pkl,train
53419.pkl,train
46744.pkl,train
51950.pkl,train
48636.pkl,train
45915.pkl,train
56641.pkl,train
42243.pkl,train
6037.pkl,train
36124.pkl,train
36427.pkl,train
36837.pkl,train
39842.pkl,train
36453.pkl,train
10427.pkl,train
8041.pkl,train
9326.pkl,train
40423.pkl,train
44544.pkl,train
10652.pkl,train
26787.pkl,train
32802.pkl,train
26147.pkl,train
32396.pkl,train
55028.pkl,train
14222.pkl,train
7652.pkl,train
43980.pkl,train
55282.pkl,train
44887.pkl,train
28235.pkl,train
7940.pkl,train
32453.pkl,train
45558.pkl,train
52160.pkl,train
28871.pkl,train
26375.pkl,train
54355.pkl,train
28782.pkl,train
41899.pkl,train
2549.pkl,train
49519.pkl,train
48849.pkl,train
2336.pkl,train
24661.pkl,train
25927.pkl,train
31699.pkl,train
3861.pkl,train
1109.pkl,train
34733.pkl,train
30159.pkl,train
20109.pkl,train
16311.pkl,train
27419.pkl,train
39589.pkl,train
1286.pkl,train
47711.pkl,train
41806.pkl,train
25781.pkl,train
48683.pkl,train
34311.pkl,train
2736.pkl,train
10213.pkl,train
11146.pkl,train
38010.pkl,train
30914.pkl,train
5981.pkl,train
19262.pkl,train
49744.pkl,train
18823.pkl,train
15830.pkl,train
39816.pkl,train
2712.pkl,train
34838.pkl,train
34077.pkl,train
21870.pkl,train
8181.pkl,train
24592.pkl,train
17951.pkl,train
47922.pkl,train
5399.pkl,train
10939.pkl,train
26796.pkl,train
36684.pkl,train
28231.pkl,train
54775.pkl,train
52952.pkl,train
17191.pkl,train
1400.pkl,train
18790.pkl,train
36239.pkl,train
22471.pkl,train
9191.pkl,train
24692.pkl,train
30958.pkl,train
10741.pkl,train
32644.pkl,train
10117.pkl,train
46585.pkl,train
6742.pkl,train
28000.pkl,train
23578.pkl,train
16806.pkl,train
2120.pkl,train
46955.pkl,train
14918.pkl,train
13367.pkl,train
48940.pkl,train
6984.pkl,train
31126.pkl,train
18292.pkl,train
18331.pkl,train
31034.pkl,train
37463.pkl,train
1234.pkl,train
53126.pkl,train
16472.pkl,train
33674.pkl,train
8832.pkl,train
27479.pkl,train
48687.pkl,train
30056.pkl,train
44004.pkl,train
51049.pkl,train
32227.pkl,train
13065.pkl,train
36995.pkl,train
40540.pkl,train
219.pkl,train
50707.pkl,train
1015.pkl,train
47964.pkl,train
25338.pkl,train
26760.pkl,train
5542.pkl,train
53270.pkl,train
10593.pkl,train
43893.pkl,train
30049.pkl,train
21151.pkl,train
1895.pkl,train
36725.pkl,train
25549.pkl,train
27542.pkl,train
51457.pkl,train
26535.pkl,train
42465.pkl,train
28012.pkl,train
51235.pkl,train
21988.pkl,train
16284.pkl,train
24932.pkl,train
19280.pkl,train
52415.pkl,train
33799.pkl,train
999.pkl,train
14401.pkl,train
6722.pkl,train
47188.pkl,train
54142.pkl,train
36078.pkl,train
17621.pkl,train
21268.pkl,train
3108.pkl,train
50113.pkl,train
21895.pkl,train
40201.pkl,train
5535.pkl,train
26094.pkl,train
1763.pkl,train
38851.pkl,train
29930.pkl,train
23470.pkl,train
14178.pkl,train
23452.pkl,train
8958.pkl,train
47689.pkl,train
27147.pkl,train
50667.pkl,train
40719.pkl,train
43086.pkl,train
20913.pkl,train
44967.pkl,train
56814.pkl,train
25407.pkl,train
15402.pkl,train
17563.pkl,train
13860.pkl,train
3314.pkl,train
25960.pkl,train
12097.pkl,train
13796.pkl,train
28240.pkl,train
26985.pkl,train
26878.pkl,train
7271.pkl,train
13488.pkl,train
25601.pkl,train
17199.pkl,train
40374.pkl,train
38422.pkl,train
39903.pkl,train
31303.pkl,train
2667.pkl,train
48463.pkl,train
42297.pkl,train
22772.pkl,train
28252.pkl,train
3683.pkl,train
1369.pkl,train
27183.pkl,train
39114.pkl,train
42967.pkl,train
15483.pkl,train
35291.pkl,train
26685.pkl,train
50847.pkl,train
21427.pkl,train
18305.pkl,train
12114.pkl,train
14784.pkl,train
16042.pkl,train
53106.pkl,train
35900.pkl,train
5063.pkl,train
24782.pkl,train
35917.pkl,train
44517.pkl,train
21377.pkl,train
19076.pkl,train
54232.pkl,train
54224.pkl,train
51647.pkl,train
4470.pkl,train
8540.pkl,train
8814.pkl,train
20000.pkl,train
15930.pkl,train
13785.pkl,train
4906.pkl,train
53720.pkl,train
48152.pkl,train
24598.pkl,train
39530.pkl,train
4585.pkl,train
32322.pkl,train
17580.pkl,train
35775.pkl,train
45288.pkl,train
10139.pkl,train
34915.pkl,train
44743.pkl,train
26349.pkl,train
16936.pkl,train
33013.pkl,train
45165.pkl,train
48493.pkl,train
27178.pkl,train
35389.pkl,train
28243.pkl,train
55635.pkl,train
35574.pkl,train
2129.pkl,train
42317.pkl,train
45193.pkl,train
41954.pkl,train
15379.pkl,train
25319.pkl,train
56743.pkl,train
17533.pkl,train
41303.pkl,train
26561.pkl,train
18989.pkl,train
56517.pkl,train
50964.pkl,train
56177.pkl,train
11487.pkl,train
7583.pkl,train
37472.pkl,train
3786.pkl,train
34392.pkl,train
18933.pkl,train
15638.pkl,train
10276.pkl,train
54034.pkl,train
2522.pkl,train
52395.pkl,train
55428.pkl,train
1561.pkl,train
43167.pkl,train
49785.pkl,train
4631.pkl,train
54571.pkl,train
56795.pkl,train
32072.pkl,train
55742.pkl,train
37098.pkl,train
28396.pkl,train
55040.pkl,train
40094.pkl,train
32429.pkl,train
42516.pkl,train
17689.pkl,train
36865.pkl,train
37402.pkl,train
42081.pkl,train
24711.pkl,train
17525.pkl,train
52623.pkl,train
9876.pkl,train
42867.pkl,train
13033.pkl,train
27594.pkl,train
25180.pkl,train
23889.pkl,train
16521.pkl,train
9979.pkl,train
41059.pkl,train
40130.pkl,train
52777.pkl,train
13997.pkl,train
37659.pkl,train
5200.pkl,train
4190.pkl,train
23589.pkl,train
52786.pkl,train
31455.pkl,train
56080.pkl,train
7142.pkl,train
15220.pkl,train
55238.pkl,train
6083.pkl,train
14712.pkl,train
9328.pkl,train
4463.pkl,train
47640.pkl,train
48122.pkl,train
42128.pkl,train
6687.pkl,train
40956.pkl,train
28227.pkl,train
52528.pkl,train
43407.pkl,train
39003.pkl,train
37187.pkl,train
16540.pkl,train
22873.pkl,train
27719.pkl,train
55268.pkl,train
2114.pkl,train
44930.pkl,train
17829.pkl,train
51108.pkl,train
39111.pkl,train
17171.pkl,train
44186.pkl,train
1276.pkl,train
43957.pkl,train
37192.pkl,train
38323.pkl,train
9784.pkl,train
11806.pkl,train
29297.pkl,train
13494.pkl,train
56611.pkl,train
14686.pkl,train
48330.pkl,train
8904.pkl,train
54048.pkl,train
24193.pkl,train
2292.pkl,train
12070.pkl,train
24437.pkl,train
28497.pkl,train
56231.pkl,train
45490.pkl,train
39829.pkl,train
41527.pkl,train
22880.pkl,train
24.pkl,train
4292.pkl,train
39041.pkl,train
24227.pkl,train
11847.pkl,train
19391.pkl,train
41775.pkl,train
54476.pkl,train
22652.pkl,train
55748.pkl,train
22567.pkl,train
52553.pkl,train
20622.pkl,train
35810.pkl,train
27222.pkl,train
42221.pkl,train
29703.pkl,train
7225.pkl,train
27064.pkl,train
22926.pkl,train
40310.pkl,train
7515.pkl,train
56696.pkl,train
40781.pkl,train
11973.pkl,train
30070.pkl,train
31141.pkl,train
23865.pkl,train
6681.pkl,train
1518.pkl,train
7399.pkl,train
38030.pkl,train
10111.pkl,train
8700.pkl,train
9571.pkl,train
29741.pkl,train
29969.pkl,train
19418.pkl,train
25505.pkl,train
33482.pkl,train
770.pkl,train
9161.pkl,train
34257.pkl,train
25418.pkl,train
11216.pkl,train
17612.pkl,train
29819.pkl,train
48354.pkl,train
15115.pkl,train
24797.pkl,train
25266.pkl,train
23393.pkl,train
36432.pkl,train
29678.pkl,train
17132.pkl,train
10737.pkl,train
49101.pkl,train
19508.pkl,train
35934.pkl,train
35401.pkl,train
12207.pkl,train
53986.pkl,train
5951.pkl,train
28058.pkl,train
34834.pkl,train
39386.pkl,train
42220.pkl,train
28649.pkl,train
18118.pkl,train
7009.pkl,train
46490.pkl,train
29877.pkl,train
22597.pkl,train
20168.pkl,train
20094.pkl,train
32342.pkl,train
39815.pkl,train
18417.pkl,train
42044.pkl,train
25720.pkl,train
25187.pkl,train
28157.pkl,train
30495.pkl,train
4975.pkl,train
5479.pkl,train
8340.pkl,train
35849.pkl,train
177.pkl,train
109.pkl,train
37155.pkl,train
56933.pkl,train
33855.pkl,train
32024.pkl,train
24757.pkl,train
14933.pkl,train
52331.pkl,train
5864.pkl,train
36060.pkl,train
33812.pkl,train
7624.pkl,train
17814.pkl,train
22076.pkl,train
7790.pkl,train
43818.pkl,train
50040.pkl,train
29005.pkl,train
51343.pkl,train
12192.pkl,train
50483.pkl,train
41163.pkl,train
39207.pkl,train
18224.pkl,train
49641.pkl,train
14251.pkl,train
396.pkl,train
19879.pkl,train
22620.pkl,train
33594.pkl,train
29004.pkl,train
5111.pkl,train
44985.pkl,train
25837.pkl,train
15765.pkl,train
55177.pkl,train
29423.pkl,train
48834.pkl,train
22526.pkl,train
9349.pkl,train
41153.pkl,train
37703.pkl,train
56890.pkl,train
40283.pkl,train
43839.pkl,train
13954.pkl,train
23099.pkl,train
14142.pkl,train
10654.pkl,train
30145.pkl,train
16599.pkl,train
42230.pkl,train
17324.pkl,train
3258.pkl,train
44116.pkl,train
52392.pkl,train
18267.pkl,train
28394.pkl,train
45547.pkl,train
29586.pkl,train
42688.pkl,train
3301.pkl,train
883.pkl,train
13133.pkl,train
45862.pkl,train
39073.pkl,train
259.pkl,train
29110.pkl,train
32837.pkl,train
31311.pkl,train
1772.pkl,train
19001.pkl,train
24382.pkl,train
54229.pkl,train
9981.pkl,train
15249.pkl,train
56256.pkl,train
9108.pkl,train
37201.pkl,train
20260.pkl,train
5393.pkl,train
13425.pkl,train
3158.pkl,train
46166.pkl,train
51042.pkl,train
3873.pkl,train
21454.pkl,train
33909.pkl,train
45836.pkl,train
49277.pkl,train
34330.pkl,train
19014.pkl,train
38429.pkl,train
22728.pkl,train
50436.pkl,train
53784.pkl,train
13304.pkl,train
5576.pkl,train
55705.pkl,train
52396.pkl,train
49413.pkl,train
20724.pkl,train
5012.pkl,train
45718.pkl,train
18364.pkl,train
8549.pkl,train
9260.pkl,train
2741.pkl,train
10134.pkl,train
49511.pkl,train
47725.pkl,train
22364.pkl,train
14552.pkl,train
52801.pkl,train
51137.pkl,train
23587.pkl,train
18806.pkl,train
7628.pkl,train
11180.pkl,train
10014.pkl,train
52559.pkl,train
28946.pkl,train
32699.pkl,train
43701.pkl,train
18799.pkl,train
3743.pkl,train
25924.pkl,train
14135.pkl,train
21436.pkl,train
56141.pkl,train
18908.pkl,train
49654.pkl,train
20365.pkl,train
37676.pkl,train
47214.pkl,train
56173.pkl,train
10644.pkl,train
19049.pkl,train
41078.pkl,train
24913.pkl,train
36697.pkl,train
11631.pkl,train
30303.pkl,train
41347.pkl,train
47351.pkl,train
44931.pkl,train
39609.pkl,train
36309.pkl,train
17799.pkl,train
16528.pkl,train
25773.pkl,train
9753.pkl,train
36123.pkl,train
44628.pkl,train
2455.pkl,train
33990.pkl,train
56627.pkl,train
39715.pkl,train
40191.pkl,train
48777.pkl,train
402.pkl,train
34998.pkl,train
21616.pkl,train
56916.pkl,train
1119.pkl,train
43924.pkl,train
42910.pkl,train
49246.pkl,train
29040.pkl,train
14202.pkl,train
52992.pkl,train
1135.pkl,train
9457.pkl,train
45784.pkl,train
5438.pkl,train
28934.pkl,train
41681.pkl,train
39702.pkl,train
42977.pkl,train
45202.pkl,train
13772.pkl,train
27327.pkl,train
41113.pkl,train
10030.pkl,train
27218.pkl,train
15093.pkl,train
20214.pkl,train
9800.pkl,train
20744.pkl,train
9388.pkl,train
46801.pkl,train
3546.pkl,train
45646.pkl,train
38622.pkl,train
8494.pkl,train
24176.pkl,train
27392.pkl,train
44068.pkl,train
548.pkl,train
56798.pkl,train
17236.pkl,train
9863.pkl,train
4194.pkl,train
18294.pkl,train
8192.pkl,train
55938.pkl,train
54635.pkl,train
38300.pkl,train
26811.pkl,train
31256.pkl,train
41259.pkl,train
48927.pkl,train
52234.pkl,train
23371.pkl,train
30636.pkl,train
41611.pkl,train
19248.pkl,train
54274.pkl,train
25991.pkl,train
53374.pkl,train
56584.pkl,train
33006.pkl,train
50550.pkl,train
55597.pkl,train
13846.pkl,train
26174.pkl,train
39804.pkl,train
5537.pkl,train
23298.pkl,train
46044.pkl,train
46256.pkl,train
36266.pkl,train
42484.pkl,train
35276.pkl,train
27814.pkl,train
30022.pkl,train
54608.pkl,train
1169.pkl,train
849.pkl,train
31064.pkl,train
33450.pkl,train
280.pkl,train
29968.pkl,train
49358.pkl,train
16145.pkl,train
5558.pkl,train
42380.pkl,train
46662.pkl,train
37549.pkl,train
55283.pkl,train
34739.pkl,train
50381.pkl,train
46999.pkl,train
5428.pkl,train
35293.pkl,train
23397.pkl,train
45895.pkl,train
46580.pkl,train
21562.pkl,train
23737.pkl,train
32356.pkl,train
11917.pkl,train
12082.pkl,train
7557.pkl,train
11336.pkl,train
43140.pkl,train
14828.pkl,train
6092.pkl,train
29061.pkl,train
13871.pkl,train
27125.pkl,train
46163.pkl,train
3351.pkl,train
31683.pkl,train
11825.pkl,train
47628.pkl,train
29414.pkl,train
28822.pkl,train
21121.pkl,train
37929.pkl,train
52539.pkl,train
22928.pkl,train
39719.pkl,train
17167.pkl,train
32535.pkl,train
14254.pkl,train
49643.pkl,train
2808.pkl,train
53189.pkl,train
10800.pkl,train
6034.pkl,train
6228.pkl,train
49105.pkl,train
47332.pkl,train
32383.pkl,train
24477.pkl,train
3175.pkl,train
8528.pkl,train
22545.pkl,train
46213.pkl,train
42597.pkl,train
26003.pkl,train
26543.pkl,train
29861.pkl,train
23471.pkl,train
25277.pkl,train
27169.pkl,train
22453.pkl,train
33901.pkl,train
26068.pkl,train
51664.pkl,train
30298.pkl,train
33356.pkl,train
14481.pkl,train
19698.pkl,train
24858.pkl,train
48360.pkl,train
37023.pkl,train
9494.pkl,train
41986.pkl,train
52480.pkl,train
46659.pkl,train
3107.pkl,train
31590.pkl,train
9769.pkl,train
29111.pkl,train
38195.pkl,train
43171.pkl,train
46872.pkl,train
15322.pkl,train
26998.pkl,train
20080.pkl,train
975.pkl,train
14647.pkl,train
49153.pkl,train
4581.pkl,train
51599.pkl,train
344.pkl,train
54394.pkl,train
35791.pkl,train
24771.pkl,train
35707.pkl,train
54112.pkl,train
42736.pkl,train
7832.pkl,train
35.pkl,train
53928.pkl,train
9424.pkl,train
39180.pkl,train
46922.pkl,train
39838.pkl,train
39590.pkl,train
7946.pkl,train
6235.pkl,train
54715.pkl,train
27086.pkl,train
5689.pkl,train
50284.pkl,train
41680.pkl,train
43121.pkl,train
23604.pkl,train
26263.pkl,train
32814.pkl,train
55490.pkl,train
56684.pkl,train
41774.pkl,train
37616.pkl,train
20638.pkl,train
6535.pkl,train
46250.pkl,train
13342.pkl,train
51520.pkl,train
37228.pkl,train
53644.pkl,train
23377.pkl,train
21079.pkl,train
56731.pkl,train
10420.pkl,train
32063.pkl,train
4755.pkl,train
37630.pkl,train
13231.pkl,train
36308.pkl,train
48985.pkl,train
36083.pkl,train
12944.pkl,train
35932.pkl,train
39823.pkl,train
27089.pkl,train
33998.pkl,train
33360.pkl,train
42913.pkl,train
7727.pkl,train
19241.pkl,train
7858.pkl,train
40702.pkl,train
38743.pkl,train
35311.pkl,train
16580.pkl,train
10969.pkl,train
13235.pkl,train
18909.pkl,train
31637.pkl,train
4722.pkl,train
42146.pkl,train
843.pkl,train
42353.pkl,train
38289.pkl,train
53580.pkl,train
39981.pkl,train
55879.pkl,train
54856.pkl,train
43242.pkl,train
36183.pkl,train
48428.pkl,train
10903.pkl,train
23822.pkl,train
23111.pkl,train
31065.pkl,train
29102.pkl,train
31532.pkl,train
40408.pkl,train
24775.pkl,train
33854.pkl,train
55235.pkl,train
56879.pkl,train
5198.pkl,train
10209.pkl,train
10498.pkl,train
6429.pkl,train
12364.pkl,train
6581.pkl,train
11120.pkl,train
27053.pkl,train
54369.pkl,train
39586.pkl,train
18913.pkl,train
799.pkl,train
51244.pkl,train
3207.pkl,train
44997.pkl,train
3874.pkl,train
28952.pkl,train
49426.pkl,train
36744.pkl,train
41937.pkl,train
46944.pkl,train
1238.pkl,train
51654.pkl,train
5764.pkl,train
15767.pkl,train
13753.pkl,train
55274.pkl,train
28835.pkl,train
32492.pkl,train
28646.pkl,train
13237.pkl,train
5838.pkl,train
21195.pkl,train
9589.pkl,train
38376.pkl,train
42241.pkl,train
26683.pkl,train
46452.pkl,train
20497.pkl,train
14456.pkl,train
29342.pkl,train
36359.pkl,train
30461.pkl,train
10020.pkl,train
54718.pkl,train
51129.pkl,train
45873.pkl,train
35446.pkl,train
16933.pkl,train
39043.pkl,train
55225.pkl,train
51329.pkl,train
42978.pkl,train
4429.pkl,train
51969.pkl,train
23915.pkl,train
55750.pkl,train
37954.pkl,train
35679.pkl,train
43704.pkl,train
33087.pkl,train
32077.pkl,train
2750.pkl,train
6283.pkl,train
17751.pkl,train
13443.pkl,train
55533.pkl,train
17338.pkl,train
8655.pkl,train
26253.pkl,train
28878.pkl,train
16046.pkl,train
7713.pkl,train
55495.pkl,train
8367.pkl,train
24368.pkl,train
39524.pkl,train
7829.pkl,train
6647.pkl,train
55269.pkl,train
10185.pkl,train
19511.pkl,train
15421.pkl,train
51473.pkl,train
45530.pkl,train
46017.pkl,train
22692.pkl,train
39396.pkl,train
41258.pkl,train
26114.pkl,train
15975.pkl,train
29221.pkl,train
48285.pkl,train
1036.pkl,train
39639.pkl,train
11838.pkl,train
35612.pkl,train
48982.pkl,train
33622.pkl,train
23447.pkl,train
22456.pkl,train
16449.pkl,train
173.pkl,train
26826.pkl,train
46717.pkl,train
2613.pkl,train
20604.pkl,train
43311.pkl,train
49831.pkl,train
32620.pkl,train
36628.pkl,train
5659.pkl,train
56589.pkl,train
35978.pkl,train
26236.pkl,train
13472.pkl,train
8971.pkl,train
19758.pkl,train
22430.pkl,train
37964.pkl,train
44143.pkl,train
8912.pkl,train
27958.pkl,train
21659.pkl,train
44426.pkl,train
52590.pkl,train
18804.pkl,train
37804.pkl,train
43539.pkl,train
29461.pkl,train
33983.pkl,train
18080.pkl,train
35235.pkl,train
39126.pkl,train
46459.pkl,train
33571.pkl,train
52869.pkl,train
41107.pkl,train
51136.pkl,train
24593.pkl,train
47937.pkl,train
14087.pkl,train
6470.pkl,train
27370.pkl,train
20969.pkl,train
3938.pkl,train
11665.pkl,train
34313.pkl,train
2704.pkl,train
37252.pkl,train
75.pkl,train
1355.pkl,train
7131.pkl,train
19561.pkl,train
942.pkl,train
7463.pkl,train
6123.pkl,train
24856.pkl,train
12931.pkl,train
54672.pkl,train
14017.pkl,train
5084.pkl,train
31465.pkl,train
8774.pkl,train
28817.pkl,train
475.pkl,train
41925.pkl,train
38852.pkl,train
18307.pkl,train
40470.pkl,train
29168.pkl,train
8704.pkl,train
53290.pkl,train
740.pkl,train
47400.pkl,train
34190.pkl,train
16747.pkl,train
55712.pkl,train
18052.pkl,train
42057.pkl,train
2404.pkl,train
32524.pkl,train
42470.pkl,train
25599.pkl,train
790.pkl,train
37963.pkl,train
42259.pkl,train
44841.pkl,train
36524.pkl,train
14187.pkl,train
20737.pkl,train
42328.pkl,train
41074.pkl,train
35877.pkl,train
51180.pkl,train
10770.pkl,train
11461.pkl,train
21838.pkl,train
50782.pkl,train
10418.pkl,train
18947.pkl,train
41055.pkl,train
5781.pkl,train
35191.pkl,train
36529.pkl,train
38836.pkl,train
13329.pkl,train
9051.pkl,train
45347.pkl,train
20760.pkl,train
11001.pkl,train
15897.pkl,train
6858.pkl,train
56896.pkl,train
9355.pkl,train
40128.pkl,train
50179.pkl,train
42527.pkl,train
17340.pkl,train
44631.pkl,train
35572.pkl,train
8576.pkl,train
32827.pkl,train
51600.pkl,train
32727.pkl,train
3489.pkl,train
15024.pkl,train
50921.pkl,train
48320.pkl,train
47915.pkl,train
56064.pkl,train
10164.pkl,train
17033.pkl,train
43764.pkl,train
31526.pkl,train
45295.pkl,train
21546.pkl,train
37653.pkl,train
29574.pkl,train
48645.pkl,train
25642.pkl,train
6304.pkl,train
16209.pkl,train
4200.pkl,train
24844.pkl,train
37974.pkl,train
40335.pkl,train
51158.pkl,train
31128.pkl,train
19614.pkl,train
17671.pkl,train
40669.pkl,train
21183.pkl,train
49023.pkl,train
47001.pkl,train
7993.pkl,train
22461.pkl,train
20056.pkl,train
7800.pkl,train
24421.pkl,train
11979.pkl,train
15601.pkl,train
56498.pkl,train
23141.pkl,train
15707.pkl,train
32332.pkl,train
46811.pkl,train
10157.pkl,train
56663.pkl,train
34044.pkl,train
54043.pkl,train
52130.pkl,train
25131.pkl,train
33820.pkl,train
47877.pkl,train
37845.pkl,train
50388.pkl,train
7418.pkl,train
52430.pkl,train
27626.pkl,train
53365.pkl,train
1178.pkl,train
17413.pkl,train
19092.pkl,train
53971.pkl,train
16570.pkl,train
38539.pkl,train
54936.pkl,train
13157.pkl,train
30611.pkl,train
18085.pkl,train
33603.pkl,train
40631.pkl,train
21207.pkl,train
44919.pkl,train
38909.pkl,train
53875.pkl,train
39493.pkl,train
56157.pkl,train
16592.pkl,train
47488.pkl,train
43015.pkl,train
22987.pkl,train
43848.pkl,train
47434.pkl,train
20360.pkl,train
19929.pkl,train
48957.pkl,train
41747.pkl,train
23645.pkl,train
27721.pkl,train
21174.pkl,train
27505.pkl,train
2207.pkl,train
31933.pkl,train
8775.pkl,train
43370.pkl,train
40494.pkl,train
51102.pkl,train
55850.pkl,train
36296.pkl,train
40674.pkl,train
12595.pkl,train
48265.pkl,train
42928.pkl,train
24459.pkl,train
9917.pkl,train
43572.pkl,train
56211.pkl,train
28692.pkl,train
54489.pkl,train
17197.pkl,train
24957.pkl,train
51441.pkl,train
46649.pkl,train
16049.pkl,train
56867.pkl,train
55090.pkl,train
14856.pkl,train
47090.pkl,train
56852.pkl,train
16406.pkl,train
4036.pkl,train
2354.pkl,train
50753.pkl,train
54783.pkl,train
11501.pkl,train
40430.pkl,train
1988.pkl,train
42396.pkl,train
45998.pkl,train
8879.pkl,train
45461.pkl,train
10486.pkl,train
17261.pkl,train
37897.pkl,train
18747.pkl,train
9506.pkl,train
1977.pkl,train
51926.pkl,train
48556.pkl,train
51442.pkl,train
84.pkl,train
28827.pkl,train
47549.pkl,train
26040.pkl,train
31525.pkl,train
29147.pkl,train
40397.pkl,train
52460.pkl,train
12644.pkl,train
23136.pkl,train
1668.pkl,train
41561.pkl,train
48100.pkl,train
34120.pkl,train
14487.pkl,train
13985.pkl,train
41768.pkl,train
965.pkl,train
6077.pkl,train
37632.pkl,train
16377.pkl,train
19743.pkl,train
22017.pkl,train
10051.pkl,train
15105.pkl,train
20848.pkl,train
46653.pkl,train
33963.pkl,train
4812.pkl,train
51497.pkl,train
6569.pkl,train
22789.pkl,train
50400.pkl,train
13182.pkl,train
20078.pkl,train
24961.pkl,train
10301.pkl,train
2569.pkl,train
16492.pkl,train
56034.pkl,train
27846.pkl,train
47783.pkl,train
19510.pkl,train
12761.pkl,train
38318.pkl,train
38935.pkl,train
3684.pkl,train
46047.pkl,train
36493.pkl,train
12061.pkl,train
53718.pkl,train
36422.pkl,train
3819.pkl,train
51111.pkl,train
4690.pkl,train
41154.pkl,train
21107.pkl,train
9840.pkl,train
47844.pkl,train
41720.pkl,train
23122.pkl,train
42564.pkl,train
53619.pkl,train
48787.pkl,train
28189.pkl,train
46365.pkl,train
43827.pkl,train
16585.pkl,train
2824.pkl,train
29218.pkl,train
54779.pkl,train
48496.pkl,train
26216.pkl,train
50647.pkl,train
30394.pkl,train
49484.pkl,train
7863.pkl,train
46359.pkl,train
44487.pkl,train
29259.pkl,train
45760.pkl,train
53753.pkl,train
36643.pkl,train
43492.pkl,train
19827.pkl,train
3366.pkl,train
8169.pkl,train
34743.pkl,train
38901.pkl,train
12898.pkl,train
5548.pkl,train
33930.pkl,train
54391.pkl,train
24599.pkl,train
6712.pkl,train
29454.pkl,train
37010.pkl,train
41690.pkl,train
13862.pkl,train
49247.pkl,train
13191.pkl,train
56376.pkl,train
22764.pkl,train
25664.pkl,train
37078.pkl,train
2185.pkl,train
36762.pkl,train
14172.pkl,train
17683.pkl,train
19440.pkl,train
40365.pkl,train
30430.pkl,train
44253.pkl,train
7240.pkl,train
23523.pkl,train
7170.pkl,train
48160.pkl,train
47633.pkl,train
23926.pkl,train
32726.pkl,train
11149.pkl,train
52570.pkl,train
9412.pkl,train
31666.pkl,train
55301.pkl,train
37314.pkl,train
40849.pkl,train
33074.pkl,train
33813.pkl,train
44366.pkl,train
10423.pkl,train
22003.pkl,train
29192.pkl,train
37079.pkl,train
50310.pkl,train
28400.pkl,train
16837.pkl,train
20828.pkl,train
18895.pkl,train
11272.pkl,train
18185.pkl,train
24334.pkl,train
35693.pkl,train
33358.pkl,train
25910.pkl,train
47624.pkl,train
23688.pkl,train
36797.pkl,train
51126.pkl,train
26058.pkl,train
46394.pkl,train
49897.pkl,train
26300.pkl,train
40118.pkl,train
50500.pkl,train
19710.pkl,train
42991.pkl,train
53454.pkl,train
51802.pkl,train
10757.pkl,train
6589.pkl,train
21433.pkl,train
29230.pkl,train
34304.pkl,train
44312.pkl,train
1262.pkl,train
14190.pkl,train
32172.pkl,train
2511.pkl,train
54314.pkl,train
12770.pkl,train
19205.pkl,train
46821.pkl,train
17875.pkl,train
2030.pkl,train
5690.pkl,train
33968.pkl,train
34055.pkl,train
40392.pkl,train
43795.pkl,train
34275.pkl,train
33199.pkl,train
26642.pkl,train
506.pkl,train
38101.pkl,train
29456.pkl,train
32388.pkl,train
37605.pkl,train
48611.pkl,train
47231.pkl,train
31640.pkl,train
59.pkl,train
15214.pkl,train
20131.pkl,train
35060.pkl,train
55103.pkl,train
52568.pkl,train
36153.pkl,train
14637.pkl,train
20151.pkl,train
3106.pkl,train
4822.pkl,train
36800.pkl,train
6369.pkl,train
24402.pkl,train
9910.pkl,train
39458.pkl,train
198.pkl,train
35623.pkl,train
13272.pkl,train
4236.pkl,train
35048.pkl,train
7827.pkl,train
11873.pkl,train
10352.pkl,train
22532.pkl,train
44582.pkl,train
25425.pkl,train
4282.pkl,train
16339.pkl,train
2388.pkl,train
20858.pkl,train
21521.pkl,train
38904.pkl,train
34452.pkl,train
8085.pkl,train
5977.pkl,train
48895.pkl,train
48449.pkl,train
9549.pkl,train
46783.pkl,train
17755.pkl,train
15156.pkl,train
26823.pkl,train
46769.pkl,train
37124.pkl,train
26805.pkl,train
16590.pkl,train
10884.pkl,train
30100.pkl,train
28447.pkl,train
5441.pkl,train
23723.pkl,train
18562.pkl,train
16942.pkl,train
26854.pkl,train
8010.pkl,train
18533.pkl,train
20998.pkl,train
10033.pkl,train
16385.pkl,train
16300.pkl,train
29073.pkl,train
17343.pkl,train
45021.pkl,train
55756.pkl,train
23549.pkl,train
22253.pkl,train
36542.pkl,train
56755.pkl,train
13456.pkl,train
21067.pkl,train
39891.pkl,train
40057.pkl,train
10224.pkl,train
37334.pkl,train
45615.pkl,train
10834.pkl,train
22184.pkl,train
26205.pkl,train
1156.pkl,train
16937.pkl,train
9151.pkl,train
23221.pkl,train
15913.pkl,train
22416.pkl,train
46457.pkl,train
22549.pkl,train
45823.pkl,train
9464.pkl,train
30044.pkl,train
18675.pkl,train
30089.pkl,train
51401.pkl,train
1787.pkl,train
52016.pkl,train
38431.pkl,train
14521.pkl,train
47467.pkl,train
25147.pkl,train
35531.pkl,train
19625.pkl,train
9810.pkl,train
23362.pkl,train
15977.pkl,train
5710.pkl,train
9739.pkl,train
31263.pkl,train
46780.pkl,train
44600.pkl,train
10667.pkl,train
51464.pkl,train
37745.pkl,train
2744.pkl,train
34934.pkl,train
27408.pkl,train
24034.pkl,train
9975.pkl,train
5096.pkl,train
33938.pkl,train
51940.pkl,train
30452.pkl,train
5247.pkl,train
26597.pkl,train
50592.pkl,train
35696.pkl,train
30453.pkl,train
33205.pkl,train
32498.pkl,train
54760.pkl,train
12755.pkl,train
20202.pkl,train
51355.pkl,train
17873.pkl,train
6132.pkl,train
12440.pkl,train
28346.pkl,train
14536.pkl,train
19773.pkl,train
47674.pkl,train
35343.pkl,train
46203.pkl,train
53029.pkl,train
28488.pkl,train
36997.pkl,train
510.pkl,train
27465.pkl,train
12101.pkl,train
52405.pkl,train
2059.pkl,train
30363.pkl,train
41994.pkl,train
11293.pkl,train
11632.pkl,train
55421.pkl,train
10108.pkl,train
45960.pkl,train
6438.pkl,train
7366.pkl,train
29047.pkl,train
47067.pkl,train
29067.pkl,train
16567.pkl,train
11857.pkl,train
51758.pkl,train
21511.pkl,train
48295.pkl,train
42008.pkl,train
27503.pkl,train
6336.pkl,train
56368.pkl,train
41633.pkl,train
43142.pkl,train
13729.pkl,train
18107.pkl,train
46614.pkl,train
43319.pkl,train
41245.pkl,train
17831.pkl,train
15031.pkl,train
46188.pkl,train
54938.pkl,train
7039.pkl,train
56944.pkl,train
11290.pkl,train
20684.pkl,train
19893.pkl,train
13509.pkl,train
47122.pkl,train
25741.pkl,train
56379.pkl,train
24712.pkl,train
52141.pkl,train
11600.pkl,train
42399.pkl,train
14658.pkl,train
37966.pkl,train
47762.pkl,train
21421.pkl,train
20970.pkl,train
34872.pkl,train
46484.pkl,train
49449.pkl,train
32199.pkl,train
14333.pkl,train
2887.pkl,train
36384.pkl,train
17719.pkl,train
22540.pkl,train
51128.pkl,train
43522.pkl,train
31133.pkl,train
20672.pkl,train
19964.pkl,train
17161.pkl,train
18627.pkl,train
48918.pkl,train
12979.pkl,train
6101.pkl,train
14921.pkl,train
5660.pkl,train
31088.pkl,train
38434.pkl,train
36128.pkl,train
14604.pkl,train
10208.pkl,train
45219.pkl,train
41474.pkl,train
11636.pkl,train
45103.pkl,train
28245.pkl,train
13351.pkl,train
37509.pkl,train
46145.pkl,train
24033.pkl,train
18584.pkl,train
31543.pkl,train
603.pkl,train
22781.pkl,train
48757.pkl,train
27283.pkl,train
18729.pkl,train
53850.pkl,train
3941.pkl,train
46923.pkl,train
28368.pkl,train
8734.pkl,train
21460.pkl,train
53670.pkl,train
2570.pkl,train
34372.pkl,train
46121.pkl,train
6769.pkl,train
9318.pkl,train
24261.pkl,train
35944.pkl,train
53735.pkl,train
43821.pkl,train
47531.pkl,train
7230.pkl,train
46299.pkl,train
13173.pkl,train
42636.pkl,train
52912.pkl,train
31075.pkl,train
30147.pkl,train
17905.pkl,train
3484.pkl,train
52855.pkl,train
44280.pkl,train
42131.pkl,train
42558.pkl,train
36526.pkl,train
27095.pkl,train
12778.pkl,train
5381.pkl,train
17323.pkl,train
34036.pkl,train
41428.pkl,train
22870.pkl,train
34350.pkl,train
38522.pkl,train
28579.pkl,train
3074.pkl,train
19560.pkl,train
17903.pkl,train
11721.pkl,train
55606.pkl,train
3394.pkl,train
16509.pkl,train
11956.pkl,train
12273.pkl,train
33673.pkl,train
19620.pkl,train
18558.pkl,train
10517.pkl,train
50037.pkl,train
7464.pkl,train
42401.pkl,train
5808.pkl,train
2304.pkl,train
17843.pkl,train
2034.pkl,train
34334.pkl,train
19913.pkl,train
51545.pkl,train
5591.pkl,train
14306.pkl,train
48563.pkl,train
12655.pkl,train
48495.pkl,train
22266.pkl,train
53747.pkl,train
45124.pkl,train
28680.pkl,train
6075.pkl,train
47213.pkl,train
21227.pkl,train
40165.pkl,train
40420.pkl,train
25871.pkl,train
41018.pkl,train
24937.pkl,train
40286.pkl,train
3282.pkl,train
15542.pkl,train
44412.pkl,train
46861.pkl,train
16434.pkl,train
1154.pkl,train
28636.pkl,train
9890.pkl,train
18498.pkl,train
6144.pkl,train
29343.pkl,train
48920.pkl,train
21971.pkl,train
55296.pkl,train
37219.pkl,train
49115.pkl,train
42304.pkl,train
15530.pkl,train
14022.pkl,train
18692.pkl,train
17475.pkl,train
41124.pkl,train
9831.pkl,train
24640.pkl,train
37122.pkl,train
1557.pkl,train
43037.pkl,train
3893.pkl,train
37890.pkl,train
17322.pkl,train
15818.pkl,train
22460.pkl,train
4449.pkl,train
42817.pkl,train
38995.pkl,train
49007.pkl,train
53654.pkl,train
5621.pkl,train
55049.pkl,train
25497.pkl,train
10321.pkl,train
21685.pkl,train
39058.pkl,train
37781.pkl,train
29315.pkl,train
35510.pkl,train
11674.pkl,train
8024.pkl,train
38881.pkl,train
46393.pkl,train
21221.pkl,train
16587.pkl,train
21179.pkl,train
15337.pkl,train
12579.pkl,train
5375.pkl,train
5099.pkl,train
9330.pkl,train
17997.pkl,train
17361.pkl,train
13339.pkl,train
16052.pkl,train
19675.pkl,train
44270.pkl,train
32851.pkl,train
50961.pkl,train
4770.pkl,train
19917.pkl,train
52522.pkl,train
47372.pkl,train
32830.pkl,train
43366.pkl,train
4167.pkl,train
40051.pkl,train
6971.pkl,train
6341.pkl,train
30762.pkl,train
39592.pkl,train
11030.pkl,train
52166.pkl,train
13911.pkl,train
29612.pkl,train
20492.pkl,train
46891.pkl,train
43090.pkl,train
26919.pkl,train
27702.pkl,train
46919.pkl,train
56769.pkl,train
10441.pkl,train
6442.pkl,train
23832.pkl,train
2526.pkl,train
18174.pkl,train
28891.pkl,train
55104.pkl,train
48319.pkl,train
32715.pkl,train
14751.pkl,train
50065.pkl,train
42060.pkl,train
27600.pkl,train
22594.pkl,train
20293.pkl,train
41479.pkl,train
51203.pkl,train
45423.pkl,train
53702.pkl,train
21216.pkl,train
56104.pkl,train
1143.pkl,train
25931.pkl,train
13928.pkl,train
5786.pkl,train
41296.pkl,train
28576.pkl,train
39701.pkl,train
46321.pkl,train
16438.pkl,train
52561.pkl,train
44921.pkl,train
1060.pkl,train
7258.pkl,train
54155.pkl,train
15401.pkl,train
51760.pkl,train
20134.pkl,train
54027.pkl,train
53886.pkl,train
42918.pkl,train
26616.pkl,train
48333.pkl,train
52214.pkl,train
32782.pkl,train
644.pkl,train
54092.pkl,train
9102.pkl,train
33310.pkl,train
50808.pkl,train
28422.pkl,train
26914.pkl,train
47176.pkl,train
26890.pkl,train
56891.pkl,train
46791.pkl,train
43228.pkl,train
11933.pkl,train
19324.pkl,train
55530.pkl,train
25658.pkl,train
53698.pkl,train
26747.pkl,train
426.pkl,train
7706.pkl,train
10589.pkl,train
11853.pkl,train
54131.pkl,train
45563.pkl,train
19809.pkl,train
10693.pkl,train
30499.pkl,train
37957.pkl,train
6898.pkl,train
26863.pkl,train
8027.pkl,train
15427.pkl,train
20475.pkl,train
43794.pkl,train
15039.pkl,train
38331.pkl,train
39252.pkl,train
40549.pkl,train
7513.pkl,train
43100.pkl,train
7236.pkl,train
25710.pkl,train
18949.pkl,train
3985.pkl,train
31546.pkl,train
49675.pkl,train
1899.pkl,train
3768.pkl,train
21923.pkl,train
37403.pkl,train
44806.pkl,train
46129.pkl,train
1402.pkl,train
56690.pkl,train
39409.pkl,train
25486.pkl,train
27740.pkl,train
48802.pkl,train
55509.pkl,train
53477.pkl,train
16015.pkl,train
55701.pkl,train
4219.pkl,train
11718.pkl,train
48954.pkl,train
41855.pkl,train
13995.pkl,train
19423.pkl,train
10092.pkl,train
25519.pkl,train
12576.pkl,train
34917.pkl,train
12277.pkl,train
38085.pkl,train
26705.pkl,train
50345.pkl,train
4968.pkl,train
36745.pkl,train
9858.pkl,train
26277.pkl,train
56053.pkl,train
53885.pkl,train
19187.pkl,train
32890.pkl,train
14614.pkl,train
33020.pkl,train
27904.pkl,train
43525.pkl,train
7874.pkl,train
44191.pkl,train
24165.pkl,train
48824.pkl,train
32972.pkl,train
46728.pkl,train
32781.pkl,train
51777.pkl,train
526.pkl,train
3309.pkl,train
21627.pkl,train
19350.pkl,train
12387.pkl,train
5770.pkl,train
22424.pkl,train
48286.pkl,train
1519.pkl,train
14531.pkl,train
16538.pkl,train
46058.pkl,train
15055.pkl,train
34963.pkl,train
54103.pkl,train
33643.pkl,train
16486.pkl,train
47861.pkl,train
21365.pkl,train
31536.pkl,train
15550.pkl,train
18761.pkl,train
39218.pkl,train
29515.pkl,train
2637.pkl,train
26830.pkl,train
29899.pkl,train
32243.pkl,train
55462.pkl,train
27910.pkl,train
5272.pkl,train
52062.pkl,train
4318.pkl,train
25348.pkl,train
45159.pkl,train
43653.pkl,train
42851.pkl,train
18476.pkl,train
14289.pkl,train
1583.pkl,train
41046.pkl,train
37522.pkl,train
28298.pkl,train
51816.pkl,train
1550.pkl,train
38011.pkl,train
36637.pkl,train
49618.pkl,train
2156.pkl,train
53726.pkl,train
13266.pkl,train
35600.pkl,train
6261.pkl,train
46028.pkl,train
28693.pkl,train
35728.pkl,train
14435.pkl,train
15359.pkl,train
56644.pkl,train
5104.pkl,train
43433.pkl,train
45333.pkl,train
37517.pkl,train
755.pkl,train
11300.pkl,train
33684.pkl,train
82.pkl,train
32195.pkl,train
11308.pkl,train
13953.pkl,train
32075.pkl,train
54453.pkl,train
12365.pkl,train
26226.pkl,train
16989.pkl,train
18633.pkl,train
50582.pkl,train
48338.pkl,train
27113.pkl,train
37398.pkl,train
38477.pkl,train
35283.pkl,train
47473.pkl,train
36035.pkl,train
52314.pkl,train
30851.pkl,train
25364.pkl,train
28379.pkl,train
53843.pkl,train
13883.pkl,train
25138.pkl,train
18391.pkl,train
33107.pkl,train
28150.pkl,train
30156.pkl,train
21517.pkl,train
3875.pkl,train
27474.pkl,train
5600.pkl,train
38908.pkl,train
38397.pkl,train
11533.pkl,train
15159.pkl,train
19069.pkl,train
23861.pkl,train
50649.pkl,train
42792.pkl,train
50485.pkl,train
38219.pkl,train
38573.pkl,train
15385.pkl,train
56737.pkl,train
44548.pkl,train
46106.pkl,train
42170.pkl,train
10612.pkl,train
8268.pkl,train
1270.pkl,train
35270.pkl,train
18986.pkl,train
8296.pkl,train
20930.pkl,train
19914.pkl,train
35919.pkl,train
14527.pkl,train
43867.pkl,train
20531.pkl,train
40176.pkl,train
31376.pkl,train
9491.pkl,train
51487.pkl,train
30318.pkl,train
4990.pkl,train
6670.pkl,train
1339.pkl,train
45229.pkl,train
28141.pkl,train
47663.pkl,train
51793.pkl,train
17126.pkl,train
38052.pkl,train
6839.pkl,train
27883.pkl,train
33298.pkl,train
22190.pkl,train
50019.pkl,train
56530.pkl,train
44174.pkl,train
33281.pkl,train
22759.pkl,train
18824.pkl,train
8962.pkl,train
20003.pkl,train
25739.pkl,train
4528.pkl,train
18680.pkl,train
10577.pkl,train
38979.pkl,train
17989.pkl,train
38596.pkl,train
53772.pkl,train
29652.pkl,train
14513.pkl,train
48203.pkl,train
36940.pkl,train
40328.pkl,train
43460.pkl,train
42195.pkl,train
51678.pkl,train
34916.pkl,train
54266.pkl,train
18293.pkl,train
17251.pkl,train
11460.pkl,train
36106.pkl,train
53347.pkl,train
41759.pkl,train
8088.pkl,train
3028.pkl,train
10845.pkl,train
27830.pkl,train
1399.pkl,train
16418.pkl,train
52512.pkl,train
6863.pkl,train
21561.pkl,train
20856.pkl,train
29107.pkl,train
44231.pkl,train
28271.pkl,train
13678.pkl,train
19028.pkl,train
18725.pkl,train
3274.pkl,train
55909.pkl,train
2145.pkl,train
23709.pkl,train
28256.pkl,train
26365.pkl,train
2927.pkl,train
51032.pkl,train
25895.pkl,train
12286.pkl,train
8507.pkl,train
23314.pkl,train
3561.pkl,train
9868.pkl,train
43897.pkl,train
33164.pkl,train
50806.pkl,train
16293.pkl,train
8868.pkl,train
28167.pkl,train
14195.pkl,train
43554.pkl,train
4939.pkl,train
6309.pkl,train
50777.pkl,train
2031.pkl,train
36780.pkl,train
47505.pkl,train
8530.pkl,train
13903.pkl,train
15667.pkl,train
54614.pkl,train
34213.pkl,train
30804.pkl,train
49193.pkl,train
19261.pkl,train
14829.pkl,train
20773.pkl,train
54248.pkl,train
20030.pkl,train
42958.pkl,train
21717.pkl,train
25633.pkl,train
56313.pkl,train
47045.pkl,train
41403.pkl,train
43291.pkl,train
21522.pkl,train
51884.pkl,train
17673.pkl,train
8890.pkl,train
47483.pkl,train
32811.pkl,train
8246.pkl,train
16835.pkl,train
16939.pkl,train
42482.pkl,train
8799.pkl,train
43392.pkl,train
32350.pkl,train
26533.pkl,train
1769.pkl,train
31415.pkl,train
2733.pkl,train
56165.pkl,train
3830.pkl,train
10262.pkl,train
11692.pkl,train
6591.pkl,train
26089.pkl,train
3183.pkl,train
34683.pkl,train
8187.pkl,train
33410.pkl,train
54622.pkl,train
54849.pkl,train
20755.pkl,train
12833.pkl,train
38571.pkl,train
48924.pkl,train
47943.pkl,train
1962.pkl,train
8020.pkl,train
39408.pkl,train
14162.pkl,train
10573.pkl,train
36603.pkl,train
13011.pkl,train
21077.pkl,train
29862.pkl,train
41878.pkl,train
51286.pkl,train
44682.pkl,train
27473.pkl,train
14490.pkl,train
14196.pkl,train
15036.pkl,train
18268.pkl,train
37148.pkl,train
45699.pkl,train
56090.pkl,train
15124.pkl,train
45154.pkl,train
40214.pkl,train
22386.pkl,train
5814.pkl,train
48799.pkl,train
38310.pkl,train
19300.pkl,train
9040.pkl,train
1566.pkl,train
27672.pkl,train
16208.pkl,train
16175.pkl,train
44808.pkl,train
52345.pkl,train
48607.pkl,train
31671.pkl,train
16696.pkl,train
17490.pkl,train
16830.pkl,train
31847.pkl,train
2994.pkl,train
42799.pkl,train
45949.pkl,train
20024.pkl,train
26546.pkl,train
2275.pkl,train
36605.pkl,train
40362.pkl,train
24226.pkl,train
42993.pkl,train
28378.pkl,train
17444.pkl,train
18863.pkl,train
32708.pkl,train
49034.pkl,train
23812.pkl,train
42936.pkl,train
37185.pkl,train
7081.pkl,train
16142.pkl,train
11686.pkl,train
53405.pkl,train
21033.pkl,train
32689.pkl,train
43464.pkl,train
33951.pkl,train
25037.pkl,train
15684.pkl,train
23603.pkl,train
21003.pkl,train
18451.pkl,train
7376.pkl,train
14944.pkl,train
7963.pkl,train
41017.pkl,train
41974.pkl,train
25809.pkl,train
3156.pkl,train
5811.pkl,train
31407.pkl,train
22520.pkl,train
15654.pkl,train
34219.pkl,train
56671.pkl,train
36692.pkl,train
7424.pkl,train
10016.pkl,train
10196.pkl,train
1734.pkl,train
47390.pkl,train
33688.pkl,train
39918.pkl,train
55264.pkl,train
51585.pkl,train
31478.pkl,train
8385.pkl,train
27461.pkl,train
40655.pkl,train
3478.pkl,train
28769.pkl,train
20907.pkl,train
41375.pkl,train
24688.pkl,train
41852.pkl,train
38812.pkl,train
2721.pkl,train
4753.pkl,train
53518.pkl,train
34881.pkl,train
45795.pkl,train
24759.pkl,train
2607.pkl,train
3093.pkl,train
26607.pkl,train
27564.pkl,train
49614.pkl,train
41277.pkl,train
48955.pkl,train
21935.pkl,train
41062.pkl,train
45748.pkl,train
53014.pkl,train
41218.pkl,train
25253.pkl,train
3621.pkl,train
34559.pkl,train
48114.pkl,train
48141.pkl,train
23441.pkl,train
37714.pkl,train
33114.pkl,train
7932.pkl,train
8562.pkl,train
2592.pkl,train
56624.pkl,train
18318.pkl,train
51062.pkl,train
16188.pkl,train
21670.pkl,train
21986.pkl,train
56458.pkl,train
49933.pkl,train
9958.pkl,train
26537.pkl,train
33405.pkl,train
18759.pkl,train
30782.pkl,train
55843.pkl,train
36424.pkl,train
9139.pkl,train
15836.pkl,train
31006.pkl,train
11823.pkl,train
28893.pkl,train
42419.pkl,train
8630.pkl,train
22213.pkl,train
20415.pkl,train
29874.pkl,train
25111.pkl,train
40375.pkl,train
31209.pkl,train
49872.pkl,train
40490.pkl,train
21309.pkl,train
11228.pkl,train
15912.pkl,train
49844.pkl,train
709.pkl,train
28216.pkl,train
1685.pkl,train
27184.pkl,train
44352.pkl,train
44331.pkl,train
19059.pkl,train
428.pkl,train
14431.pkl,train
11256.pkl,train
14388.pkl,train
42607.pkl,train
946.pkl,train
14076.pkl,train
5448.pkl,train
53999.pkl,train
39658.pkl,train
25376.pkl,train
12300.pkl,train
6502.pkl,train
28070.pkl,train
14929.pkl,train
52410.pkl,train
17373.pkl,train
12244.pkl,train
10873.pkl,train
48036.pkl,train
43747.pkl,train
49473.pkl,train
23308.pkl,train
30540.pkl,train
6556.pkl,train
28316.pkl,train
17384.pkl,train
18985.pkl,train
56001.pkl,train
16935.pkl,train
15524.pkl,train
34193.pkl,train
4945.pkl,train
10712.pkl,train
56047.pkl,train
15415.pkl,train
3425.pkl,train
26427.pkl,train
45989.pkl,train
36179.pkl,train
20161.pkl,train
19884.pkl,train
478.pkl,train
54861.pkl,train
26067.pkl,train
48896.pkl,train
27129.pkl,train
3354.pkl,train
14068.pkl,train
39297.pkl,train
40772.pkl,train
25547.pkl,train
16801.pkl,train
12084.pkl,train
36672.pkl,train
28334.pkl,train
52554.pkl,train
16002.pkl,train
51419.pkl,train
53788.pkl,train
50319.pkl,train
3461.pkl,train
48908.pkl,train
40730.pkl,train
11594.pkl,train
21213.pkl,train
3045.pkl,train
51396.pkl,train
27323.pkl,train
7001.pkl,train
53265.pkl,train
28976.pkl,train
47527.pkl,train
2194.pkl,train
30202.pkl,train
26963.pkl,train
21675.pkl,train
39653.pkl,train
34283.pkl,train
7731.pkl,train
17546.pkl,train
28898.pkl,train
20157.pkl,train
12840.pkl,train
20.pkl,train
45237.pkl,train
54161.pkl,train
16770.pkl,train
9441.pkl,train
2244.pkl,train
34790.pkl,train
31569.pkl,train
49566.pkl,train
43343.pkl,train
197.pkl,train
33292.pkl,train
26734.pkl,train
20062.pkl,train
44539.pkl,train
465.pkl,train
28338.pkl,train
20838.pkl,train
31037.pkl,train
18070.pkl,train
47455.pkl,train
26196.pkl,train
18978.pkl,train
738.pkl,train
39569.pkl,train
21567.pkl,train
23091.pkl,train
5115.pkl,train
56084.pkl,train
26330.pkl,train
9665.pkl,train
16882.pkl,train
4426.pkl,train
13996.pkl,train
23576.pkl,train
52929.pkl,train
39784.pkl,train
23047.pkl,train
41469.pkl,train
13518.pkl,train
56388.pkl,train
39684.pkl,train
56943.pkl,train
10290.pkl,train
827.pkl,train
19243.pkl,train
40991.pkl,train
21669.pkl,train
35438.pkl,train
48944.pkl,train
31274.pkl,train
46426.pkl,train
3586.pkl,train
30304.pkl,train
33137.pkl,train
26647.pkl,train
14405.pkl,train
6525.pkl,train
44457.pkl,train
6787.pkl,train
23769.pkl,train
53004.pkl,train
17295.pkl,train
19279.pkl,train
46502.pkl,train
56656.pkl,train
2694.pkl,train
11097.pkl,train
628.pkl,train
46615.pkl,train
40152.pkl,train
10561.pkl,train
22346.pkl,train
7980.pkl,train
22600.pkl,train
25203.pkl,train
11496.pkl,train
18226.pkl,train
10916.pkl,train
46014.pkl,train
50996.pkl,train
13938.pkl,train
18877.pkl,train
19071.pkl,train
55236.pkl,train
3518.pkl,train
28775.pkl,train
13596.pkl,train
51373.pkl,train
54815.pkl,train
32306.pkl,train
49305.pkl,train
31424.pkl,train
20215.pkl,train
6545.pkl,train
8194.pkl,train
36105.pkl,train
21248.pkl,train
48423.pkl,train
16766.pkl,train
42441.pkl,train
14710.pkl,train
41053.pkl,train
2178.pkl,train
56884.pkl,train
28159.pkl,train
29262.pkl,train
25173.pkl,train
10204.pkl,train
49579.pkl,train
54770.pkl,train
41543.pkl,train
14945.pkl,train
32218.pkl,train
50911.pkl,train
4245.pkl,train
50460.pkl,train
19369.pkl,train
37179.pkl,train
33939.pkl,train
36397.pkl,train
13454.pkl,train
52386.pkl,train
6835.pkl,train
19109.pkl,train
40180.pkl,train
51123.pkl,train
33523.pkl,train
34887.pkl,train
49424.pkl,train
8953.pkl,train
49944.pkl,train
11344.pkl,train
14578.pkl,train
23596.pkl,train
25118.pkl,train
51519.pkl,train
56930.pkl,train
10295.pkl,train
9752.pkl,train
6620.pkl,train
42901.pkl,train
13662.pkl,train
36956.pkl,train
18201.pkl,train
31299.pkl,train
21727.pkl,train
35353.pkl,train
40863.pkl,train
22056.pkl,train
17147.pkl,train
36038.pkl,train
24419.pkl,train
9778.pkl,train
40491.pkl,train
55477.pkl,train
12283.pkl,train
19654.pkl,train
8501.pkl,train
35930.pkl,train
36876.pkl,train
17403.pkl,train
35972.pkl,train
18016.pkl,train
17100.pkl,train
10165.pkl,train
38155.pkl,train
51268.pkl,train
32257.pkl,train
29560.pkl,train
1699.pkl,train
30529.pkl,train
40403.pkl,train
30393.pkl,train
47179.pkl,train
14560.pkl,train
26617.pkl,train
3244.pkl,train
2086.pkl,train
15910.pkl,train
1471.pkl,train
48082.pkl,train
20618.pkl,train
4209.pkl,train
1037.pkl,train
17006.pkl,train
22099.pkl,train
6262.pkl,train
41417.pkl,train
40554.pkl,train
53807.pkl,train
26615.pkl,train
22296.pkl,train
55288.pkl,train
44928.pkl,train
5606.pkl,train
4164.pkl,train
1920.pkl,train
53512.pkl,train
45896.pkl,train
49918.pkl,train
43016.pkl,train
22584.pkl,train
46493.pkl,train
10560.pkl,train
30954.pkl,train
38583.pkl,train
30880.pkl,train
40438.pkl,train
5681.pkl,train
56742.pkl,train
54808.pkl,train
37370.pkl,train
12881.pkl,train
55097.pkl,train
16292.pkl,train
8922.pkl,train
29266.pkl,train
21910.pkl,train
42418.pkl,train
30560.pkl,train
54128.pkl,train
34923.pkl,train
10283.pkl,train
51521.pkl,train
39172.pkl,train
10670.pkl,train
4347.pkl,train
36817.pkl,train
56866.pkl,train
47113.pkl,train
718.pkl,train
55672.pkl,train
17181.pkl,train
33766.pkl,train
24080.pkl,train
36629.pkl,train
34988.pkl,train
52729.pkl,train
1857.pkl,train
3766.pkl,train
37870.pkl,train
24512.pkl,train
24963.pkl,train
1125.pkl,train
49292.pkl,train
36416.pkl,train
17657.pkl,train
32794.pkl,train
16897.pkl,train
52413.pkl,train
32238.pkl,train
4747.pkl,train
48583.pkl,train
14928.pkl,train
34879.pkl,train
18091.pkl,train
8794.pkl,train
55356.pkl,train
23905.pkl,train
54374.pkl,train
44455.pkl,train
14111.pkl,train
8147.pkl,train
765.pkl,train
15026.pkl,train
39677.pkl,train
28281.pkl,train
49289.pkl,train
23205.pkl,train
476.pkl,train
6986.pkl,train
29149.pkl,train
26441.pkl,train
4146.pkl,train
13075.pkl,train
11906.pkl,train
27895.pkl,train
1273.pkl,train
37268.pkl,train
43045.pkl,train
54356.pkl,train
42013.pkl,train
38924.pkl,train
9483.pkl,train
23370.pkl,train
17784.pkl,train
34420.pkl,train
7899.pkl,train
9027.pkl,train
33189.pkl,train
12988.pkl,train
35242.pkl,train
16454.pkl,train
28226.pkl,train
23412.pkl,train
34797.pkl,train
7385.pkl,train
12506.pkl,train
23049.pkl,train
54340.pkl,train
54046.pkl,train
18981.pkl,train
30823.pkl,train
9135.pkl,train
3189.pkl,train
3262.pkl,train
51870.pkl,train
21715.pkl,train
51063.pkl,train
11901.pkl,train
35715.pkl,train
52595.pkl,train
29273.pkl,train
19546.pkl,train
25876.pkl,train
47035.pkl,train
27.pkl,train
22504.pkl,train
53951.pkl,train
17096.pkl,train
2434.pkl,train
40231.pkl,train
9689.pkl,train
51152.pkl,train
19993.pkl,train
27712.pkl,train
6466.pkl,train
17208.pkl,train
27807.pkl,train
12456.pkl,train
4011.pkl,train
44638.pkl,train
50588.pkl,train
14858.pkl,train
29737.pkl,train
52626.pkl,train
3474.pkl,train
25483.pkl,train
24698.pkl,train
32996.pkl,train
1205.pkl,train
30371.pkl,train
7015.pkl,train
30754.pkl,train
50869.pkl,train
17907.pkl,train
13552.pkl,train
33140.pkl,train
24301.pkl,train
38302.pkl,train
9801.pkl,train
8004.pkl,train
8271.pkl,train
46553.pkl,train
28707.pkl,train
7134.pkl,train
12972.pkl,train
33496.pkl,train
29696.pkl,train
50407.pkl,train
52948.pkl,train
47454.pkl,train
25896.pkl,train
11521.pkl,train
54033.pkl,train
7773.pkl,train
51953.pkl,train
34222.pkl,train
44707.pkl,train
12116.pkl,train
10289.pkl,train
31241.pkl,train
3741.pkl,train
38797.pkl,train
11375.pkl,train
45083.pkl,train
31805.pkl,train
36387.pkl,train
51644.pkl,train
49600.pkl,train
13071.pkl,train
34407.pkl,train
7290.pkl,train
26757.pkl,train
26520.pkl,train
10883.pkl,train
55226.pkl,train
53701.pkl,train
9174.pkl,train
48483.pkl,train
25587.pkl,train
42591.pkl,train
20882.pkl,train
12166.pkl,train
29505.pkl,train
37237.pkl,train
33086.pkl,train
32473.pkl,train
673.pkl,train
36982.pkl,train
11157.pkl,train
55058.pkl,train
16332.pkl,train
29251.pkl,train
26712.pkl,train
35861.pkl,train
36988.pkl,train
55436.pkl,train
17314.pkl,train
14775.pkl,train
39560.pkl,train
55247.pkl,train
4663.pkl,train
11695.pkl,train
36245.pkl,train
30866.pkl,train
56950.pkl,train
49404.pkl,train
53040.pkl,train
13317.pkl,train
15603.pkl,train
55891.pkl,train
31731.pkl,train
54680.pkl,train
26156.pkl,train
4600.pkl,train
24247.pkl,train
16836.pkl,train
14479.pkl,train
38560.pkl,train
12443.pkl,train
13930.pkl,train
4235.pkl,train
9627.pkl,train
13193.pkl,train
29637.pkl,train
51817.pkl,train
10003.pkl,train
25855.pkl,train
36600.pkl,train
32327.pkl,train
53860.pkl,train
47141.pkl,train
35222.pkl,train
47682.pkl,train
47652.pkl,train
12530.pkl,train
51151.pkl,train
13066.pkl,train
21084.pkl,train
6465.pkl,train
23268.pkl,train
36319.pkl,train
11852.pkl,train
23567.pkl,train
35937.pkl,train
39072.pkl,train
50685.pkl,train
49958.pkl,train
3395.pkl,train
41794.pkl,train
24525.pkl,train
42650.pkl,train
40577.pkl,train
31911.pkl,train
1354.pkl,train
47675.pkl,train
28050.pkl,train
22192.pkl,train
51727.pkl,train
38408.pkl,train
21700.pkl,train
21811.pkl,train
40899.pkl,train
8695.pkl,train
34903.pkl,train
40010.pkl,train
38654.pkl,train
4150.pkl,train
42935.pkl,train
15445.pkl,train
18179.pkl,train
806.pkl,train
43973.pkl,train
39713.pkl,train
6930.pkl,train
39425.pkl,train
3573.pkl,train
18707.pkl,train
23118.pkl,train
9610.pkl,train
26268.pkl,train
27664.pkl,train
13303.pkl,train
10386.pkl,train
47128.pkl,train
6367.pkl,train
24719.pkl,train
1642.pkl,train
499.pkl,train
15640.pkl,train
55401.pkl,train
29826.pkl,train
39060.pkl,train
1483.pkl,train
13602.pkl,train
6571.pkl,train
55018.pkl,train
37107.pkl,train
41419.pkl,train
23638.pkl,train
31882.pkl,train
19291.pkl,train
35928.pkl,train
33635.pkl,train
29510.pkl,train
40960.pkl,train
28489.pkl,train
39832.pkl,train
18115.pkl,train
20125.pkl,train
45382.pkl,train
19763.pkl,train
54933.pkl,train
5647.pkl,train
52949.pkl,train
5530.pkl,train
9172.pkl,train
42939.pkl,train
30930.pkl,train
1835.pkl,train
24472.pkl,train
50748.pkl,train
54085.pkl,train
51836.pkl,train
23804.pkl,train
55423.pkl,train
30732.pkl,train
3533.pkl,train
32213.pkl,train
23554.pkl,train
26710.pkl,train
24727.pkl,train
18296.pkl,train
22033.pkl,train
13849.pkl,train
32390.pkl,train
38639.pkl,train
17256.pkl,train
2317.pkl,train
54839.pkl,train
26358.pkl,train
106.pkl,train
39995.pkl,train
15263.pkl,train
9820.pkl,train
2685.pkl,train
23263.pkl,train
34696.pkl,train
14012.pkl,train
48034.pkl,train
24620.pkl,train
40006.pkl,train
25503.pkl,train
8118.pkl,train
27504.pkl,train
43620.pkl,train
14790.pkl,train
47687.pkl,train
54135.pkl,train
697.pkl,train
10664.pkl,train
44559.pkl,train
21378.pkl,train
42965.pkl,train
43412.pkl,train
4865.pkl,train
32537.pkl,train
31070.pkl,train
13583.pkl,train
808.pkl,train
46363.pkl,train
32766.pkl,train
31420.pkl,train
2550.pkl,train
2327.pkl,train
34517.pkl,train
56836.pkl,train
22177.pkl,train
32876.pkl,train
45183.pkl,train
55532.pkl,train
55786.pkl,train
15147.pkl,train
36804.pkl,train
3513.pkl,train
39994.pkl,train
44137.pkl,train
45000.pkl,train
43840.pkl,train
33084.pkl,train
49886.pkl,train
16105.pkl,train
18983.pkl,train
9093.pkl,train
38333.pkl,train
29583.pkl,train
52757.pkl,train
50851.pkl,train
30761.pkl,train
8925.pkl,train
15587.pkl,train
10505.pkl,train
52010.pkl,train
6593.pkl,train
44473.pkl,train
7045.pkl,train
9406.pkl,train
47820.pkl,train
12985.pkl,train
13402.pkl,train
3338.pkl,train
9597.pkl,train
11110.pkl,train
45460.pkl,train
44444.pkl,train
14145.pkl,train
33783.pkl,train
41767.pkl,train
56829.pkl,train
55796.pkl,train
52481.pkl,train
24431.pkl,train
25918.pkl,train
21382.pkl,train
21625.pkl,train
37274.pkl,train
48841.pkl,train
20680.pkl,train
96.pkl,train
21725.pkl,train
49383.pkl,train
12662.pkl,train
10248.pkl,train
10701.pkl,train
5871.pkl,train
22470.pkl,train
56462.pkl,train
45268.pkl,train
38650.pkl,train
36834.pkl,train
14696.pkl,train
35778.pkl,train
8787.pkl,train
34803.pkl,train
14215.pkl,train
53658.pkl,train
23742.pkl,train
28179.pkl,train
25238.pkl,train
12461.pkl,train
48112.pkl,train
4744.pkl,train
1455.pkl,train
35687.pkl,train
7780.pkl,train
47344.pkl,train
25308.pkl,train
9644.pkl,train
43059.pkl,train
182.pkl,train
29658.pkl,train
15142.pkl,train
31268.pkl,train
25472.pkl,train
54302.pkl,train
44343.pkl,train
56091.pkl,train
30991.pkl,train
4597.pkl,train
21830.pkl,train
22702.pkl,train
21330.pkl,train
31007.pkl,train
25955.pkl,train
12241.pkl,train
33618.pkl,train
24682.pkl,train
48146.pkl,train
19363.pkl,train
41421.pkl,train
51591.pkl,train
29547.pkl,train
20582.pkl,train
50294.pkl,train
32376.pkl,train
3643.pkl,train
55665.pkl,train
49138.pkl,train
29383.pkl,train
54307.pkl,train
13597.pkl,train
34260.pkl,train
44691.pkl,train
17099.pkl,train
23782.pkl,train
4287.pkl,train
51084.pkl,train
30712.pkl,train
10709.pkl,train
26435.pkl,train
54278.pkl,train
13074.pkl,train
5357.pkl,train
27240.pkl,train
56441.pkl,train
47665.pkl,train
12838.pkl,train
40930.pkl,train
31106.pkl,train
35922.pkl,train
12397.pkl,train
38051.pkl,train
34252.pkl,train
50656.pkl,train
33417.pkl,train
44883.pkl,train
11016.pkl,train
39054.pkl,train
48686.pkl,train
31578.pkl,train
18693.pkl,train
33422.pkl,train
2208.pkl,train
24430.pkl,train
16104.pkl,train
26479.pkl,train
37811.pkl,train
39558.pkl,train
24423.pkl,train
48380.pkl,train
31440.pkl,train
53602.pkl,train
41742.pkl,train
25494.pkl,train
9759.pkl,train
36009.pkl,train
37847.pkl,train
45250.pkl,train
52394.pkl,train
1452.pkl,train
17411.pkl,train
45281.pkl,train
28323.pkl,train
45077.pkl,train
36198.pkl,train
12678.pkl,train
4634.pkl,train
55882.pkl,train
2788.pkl,train
13558.pkl,train
18145.pkl,train
22149.pkl,train
23715.pkl,train
36318.pkl,train
53570.pkl,train
53778.pkl,train
25598.pkl,train
29373.pkl,train
12933.pkl,train
26741.pkl,train
29657.pkl,train
31598.pkl,train
34048.pkl,train
35204.pkl,train
34849.pkl,train
44392.pkl,train
43868.pkl,train
34787.pkl,train
35719.pkl,train
36503.pkl,train
17087.pkl,train
18465.pkl,train
54234.pkl,train
42519.pkl,train
34086.pkl,train
11947.pkl,train
43038.pkl,train
12738.pkl,train
39418.pkl,train
14645.pkl,train
31382.pkl,train
37261.pkl,train
44493.pkl,train
20549.pkl,train
22219.pkl,train
54201.pkl,train
6330.pkl,train
43672.pkl,train
30273.pkl,train
27391.pkl,train
23752.pkl,train
33383.pkl,train
53182.pkl,train
33369.pkl,train
3939.pkl,train
37859.pkl,train
54927.pkl,train
52365.pkl,train
48675.pkl,train
38613.pkl,train
27736.pkl,train
25381.pkl,train
41135.pkl,train
51799.pkl,train
56615.pkl,train
33244.pkl,train
17856.pkl,train
22907.pkl,train
51342.pkl,train
15940.pkl,train
27413.pkl,train
6338.pkl,train
14624.pkl,train
56894.pkl,train
26411.pkl,train
55483.pkl,train
24919.pkl,train
12574.pkl,train
44405.pkl,train
54070.pkl,train
22421.pkl,train
22126.pkl,train
39497.pkl,train
32945.pkl,train
50734.pkl,train
43097.pkl,train
6792.pkl,train
24433.pkl,train
44741.pkl,train
40598.pkl,train
43062.pkl,train
18232.pkl,train
42178.pkl,train
12199.pkl,train
8258.pkl,train
34588.pkl,train
14851.pkl,train
25605.pkl,train
35043.pkl,train
21831.pkl,train
38263.pkl,train
48659.pkl,train
45014.pkl,train
55059.pkl,train
729.pkl,train
25154.pkl,train
52457.pkl,train
7414.pkl,train
11253.pkl,train
7601.pkl,train
55275.pkl,train
4499.pkl,train
17430.pkl,train
39275.pkl,train
46460.pkl,train
2509.pkl,train
27553.pkl,train
27221.pkl,train
22897.pkl,train
42863.pkl,train
42471.pkl,train
10063.pkl,train
50651.pkl,train
47599.pkl,train
45833.pkl,train
34023.pkl,train
886.pkl,train
18530.pkl,train
39038.pkl,train
47889.pkl,train
27315.pkl,train
7101.pkl,train
53092.pkl,train
47498.pkl,train
6434.pkl,train
42035.pkl,train
16635.pkl,train
14277.pkl,train
1260.pkl,train
47069.pkl,train
18225.pkl,train
23160.pkl,train
6606.pkl,train
7815.pkl,train
12474.pkl,train
16069.pkl,train
32948.pkl,train
30575.pkl,train
44244.pkl,train
11243.pkl,train
25097.pkl,train
39498.pkl,train
44329.pkl,train
33207.pkl,train
2226.pkl,train
51273.pkl,train
25573.pkl,train
42320.pkl,train
2243.pkl,train
47591.pkl,train
28443.pkl,train
651.pkl,train
14438.pkl,train
18730.pkl,train
35538.pkl,train
17644.pkl,train
16436.pkl,train
24417.pkl,train
56205.pkl,train
53458.pkl,train
40419.pkl,train
50.pkl,train
56776.pkl,train
35903.pkl,train
47363.pkl,train
18177.pkl,train
16258.pkl,train
4386.pkl,train
49194.pkl,train
17401.pkl,train
22214.pkl,train
3547.pkl,train
5940.pkl,train
30163.pkl,train
54538.pkl,train
22228.pkl,train
3924.pkl,train
37942.pkl,train
25822.pkl,train
20074.pkl,train
13888.pkl,train
30190.pkl,train
52300.pkl,train
16094.pkl,train
33312.pkl,train
2133.pkl,train
44857.pkl,train
10976.pkl,train
11248.pkl,train
17352.pkl,train
4575.pkl,train
1032.pkl,train
25869.pkl,train
10055.pkl,train
4364.pkl,train
42254.pkl,train
54919.pkl,train
35491.pkl,train
27933.pkl,train
14023.pkl,train
10842.pkl,train
10662.pkl,train
8556.pkl,train
34655.pkl,train
38831.pkl,train
56226.pkl,train
30272.pkl,train
9111.pkl,train
285.pkl,train
19142.pkl,train
9722.pkl,train
23406.pkl,train
1393.pkl,train
35112.pkl,train
40770.pkl,train
21744.pkl,train
29712.pkl,train
16125.pkl,train
45087.pkl,train
24540.pkl,train
4354.pkl,train
44593.pkl,train
6363.pkl,train
6059.pkl,train
49340.pkl,train
15284.pkl,train
37683.pkl,train
4821.pkl,train
4786.pkl,train
35882.pkl,train
37773.pkl,train
44970.pkl,train
37917.pkl,train
42747.pkl,train
16417.pkl,train
19958.pkl,train
26542.pkl,train
46204.pkl,train
8445.pkl,train
15495.pkl,train
10685.pkl,train
16514.pkl,train
52156.pkl,train
49245.pkl,train
36554.pkl,train
37721.pkl,train
40273.pkl,train
918.pkl,train
38492.pkl,train
40885.pkl,train
29421.pkl,train
36248.pkl,train
28328.pkl,train
53998.pkl,train
26244.pkl,train
19319.pkl,train
28387.pkl,train
34083.pkl,train
4184.pkl,train
26184.pkl,train
45287.pkl,train
54024.pkl,train
56700.pkl,train
46341.pkl,train
53390.pkl,train
14783.pkl,train
43727.pkl,train
45659.pkl,train
12218.pkl,train
769.pkl,train
7238.pkl,train
15334.pkl,train
2538.pkl,train
32004.pkl,train
26512.pkl,train
36229.pkl,train
42574.pkl,train
50547.pkl,train
9096.pkl,train
30000.pkl,train
3807.pkl,train
10439.pkl,train
29656.pkl,train
11270.pkl,train
5354.pkl,train
23682.pkl,train
7584.pkl,train
39051.pkl,train
56310.pkl,train
11702.pkl,train
22457.pkl,train
1441.pkl,train
25500.pkl,train
34147.pkl,train
48738.pkl,train
35577.pkl,train
28474.pkl,train
51365.pkl,train
34844.pkl,train
11047.pkl,train
54892.pkl,train
54445.pkl,train
16148.pkl,train
2293.pkl,train
25813.pkl,train
51645.pkl,train
52938.pkl,train
40904.pkl,train
34597.pkl,train
34874.pkl,train
17647.pkl,train
36472.pkl,train
37146.pkl,train
56254.pkl,train
30555.pkl,train
20704.pkl,train
54123.pkl,train
1098.pkl,train
13706.pkl,train
51840.pkl,train
12276.pkl,train
41573.pkl,train
5321.pkl,train
33253.pkl,train
27214.pkl,train
21967.pkl,train
12768.pkl,train
26077.pkl,train
33461.pkl,train
35409.pkl,train
41333.pkl,train
30962.pkl,train
30711.pkl,train
32353.pkl,train
30474.pkl,train
16116.pkl,train
24254.pkl,train
22923.pkl,train
48055.pkl,train
24894.pkl,train
996.pkl,train
51697.pkl,train
7525.pkl,train
56338.pkl,train
27174.pkl,train
41342.pkl,train
36782.pkl,train
17722.pkl,train
12464.pkl,train
44550.pkl,train
35331.pkl,train
33808.pkl,train
9977.pkl,train
40270.pkl,train
38328.pkl,train
13142.pkl,train
15453.pkl,train
4888.pkl,train
48063.pkl,train
44279.pkl,train
13713.pkl,train
13257.pkl,train
16085.pkl,train
10803.pkl,train
37734.pkl,train
39322.pkl,train
27398.pkl,train
36247.pkl,train
3232.pkl,train
34203.pkl,train
52489.pkl,train
48651.pkl,train
18767.pkl,train
21009.pkl,train
52260.pkl,train
53348.pkl,train
40496.pkl,train
44615.pkl,train
29236.pkl,train
48815.pkl,train
20782.pkl,train
12717.pkl,train
39239.pkl,train
41279.pkl,train
21294.pkl,train
45987.pkl,train
52244.pkl,train
472.pkl,train
17060.pkl,train
185.pkl,train
33367.pkl,train
52710.pkl,train
851.pkl,train
54410.pkl,train
15589.pkl,train
54591.pkl,train
22689.pkl,train
24606.pkl,train
1384.pkl,train
52542.pkl,train
3116.pkl,train
9437.pkl,train
4494.pkl,train
21547.pkl,train
23757.pkl,train
44765.pkl,train
36710.pkl,train
33987.pkl,train
41392.pkl,train
1922.pkl,train
56436.pkl,train
4681.pkl,train
26477.pkl,train
37827.pkl,train
44359.pkl,train
6802.pkl,train
3631.pkl,train
22403.pkl,train
37423.pkl,train
35607.pkl,train
56251.pkl,train
52304.pkl,train
52714.pkl,train
11429.pkl,train
25119.pkl,train
44080.pkl,train
23814.pkl,train
52750.pkl,train
32293.pkl,train
45536.pkl,train
53931.pkl,train
43164.pkl,train
8115.pkl,train
12490.pkl,train
41126.pkl,train
22858.pkl,train
10922.pkl,train
10299.pkl,train
56527.pkl,train
56255.pkl,train
9533.pkl,train
2274.pkl,train
56304.pkl,train
35999.pkl,train
27930.pkl,train
52709.pkl,train
25572.pkl,train
18941.pkl,train
28249.pkl,train
30250.pkl,train
37526.pkl,train
301.pkl,train
53544.pkl,train
5611.pkl,train
49770.pkl,train
7479.pkl,train
37752.pkl,train
15611.pkl,train
13398.pkl,train
31802.pkl,train
32983.pkl,train
52601.pkl,train
37271.pkl,train
26744.pkl,train
1638.pkl,train
10304.pkl,train
12030.pkl,train
34698.pkl,train
56216.pkl,train
8779.pkl,train
19945.pkl,train
22842.pkl,train
48975.pkl,train
38428.pkl,train
38137.pkl,train
29643.pkl,train
27038.pkl,train
7712.pkl,train
29117.pkl,train
29740.pkl,train
45527.pkl,train
36602.pkl,train
32137.pkl,train
12690.pkl,train
24480.pkl,train
30899.pkl,train
55595.pkl,train
19588.pkl,train
40913.pkl,train
24520.pkl,train
46564.pkl,train
17593.pkl,train
31028.pkl,train
49033.pkl,train
45804.pkl,train
18946.pkl,train
19876.pkl,train
4950.pkl,train
7685.pkl,train
45073.pkl,train
34047.pkl,train
22270.pkl,train
45580.pkl,train
39349.pkl,train
25982.pkl,train
18735.pkl,train
17183.pkl,train
9916.pkl,train
45845.pkl,train
27027.pkl,train
34564.pkl,train
5092.pkl,train
44603.pkl,train
18326.pkl,train
49045.pkl,train
4185.pkl,train
7819.pkl,train
49390.pkl,train
55774.pkl,train
31928.pkl,train
39611.pkl,train
46673.pkl,train
9404.pkl,train
46920.pkl,train
1002.pkl,train
41433.pkl,train
7939.pkl,train
51597.pkl,train
18960.pkl,train
55136.pkl,train
55086.pkl,train
45977.pkl,train
30867.pkl,train
7255.pkl,train
31466.pkl,train
44164.pkl,train
33705.pkl,train
6597.pkl,train
16287.pkl,train
48153.pkl,train
20924.pkl,train
24880.pkl,train
11398.pkl,train
14506.pkl,train
34756.pkl,train
19040.pkl,train
7785.pkl,train
53372.pkl,train
21815.pkl,train
33460.pkl,train
20069.pkl,train
424.pkl,train
41797.pkl,train
42417.pkl,train
31658.pkl,train
38562.pkl,train
283.pkl,train
24230.pkl,train
1956.pkl,train
43667.pkl,train
44910.pkl,train
21706.pkl,train
30769.pkl,train
17658.pkl,train
950.pkl,train
31825.pkl,train
44427.pkl,train
55649.pkl,train
37792.pkl,train
15160.pkl,train
42976.pkl,train
54722.pkl,train
13898.pkl,train
53247.pkl,train
6042.pkl,train
38898.pkl,train
1702.pkl,train
4241.pkl,train
5160.pkl,train
33891.pkl,train
23948.pkl,train
10392.pkl,train
14273.pkl,train
41338.pkl,train
29974.pkl,train
15790.pkl,train
35982.pkl,train
34227.pkl,train
29450.pkl,train
46963.pkl,train
27955.pkl,train
43397.pkl,train
36391.pkl,train
36814.pkl,train
10637.pkl,train
26849.pkl,train
25291.pkl,train
25749.pkl,train
53814.pkl,train
45079.pkl,train
25650.pkl,train
17407.pkl,train
15022.pkl,train
18842.pkl,train
45072.pkl,train
38140.pkl,train
41143.pkl,train
29995.pkl,train
48419.pkl,train
53059.pkl,train
44417.pkl,train
54977.pkl,train
5968.pkl,train
44418.pkl,train
42546.pkl,train
34126.pkl,train
54187.pkl,train
48990.pkl,train
23146.pkl,train
51447.pkl,train
41230.pkl,train
24309.pkl,train
39400.pkl,train
33841.pkl,train
25825.pkl,train
1975.pkl,train
3440.pkl,train
34049.pkl,train
38370.pkl,train
17930.pkl,train
48020.pkl,train
2214.pkl,train
8411.pkl,train
37006.pkl,train
36557.pkl,train
30622.pkl,train
46968.pkl,train
677.pkl,train
22208.pkl,train
320.pkl,train
25660.pkl,train
26269.pkl,train
25218.pkl,train
49218.pkl,train
40823.pkl,train
51088.pkl,train
33382.pkl,train
33577.pkl,train
5513.pkl,train
5131.pkl,train
13787.pkl,train
3167.pkl,train
1659.pkl,train
30477.pkl,train
35271.pkl,train
52120.pkl,train
34123.pkl,train
49625.pkl,train
56657.pkl,train
9860.pkl,train
43496.pkl,train
24429.pkl,train
53244.pkl,train
33027.pkl,train
2212.pkl,train
52804.pkl,train
7960.pkl,train
51607.pkl,train
32467.pkl,train
6768.pkl,train
7046.pkl,train
6481.pkl,train
37273.pkl,train
4775.pkl,train
12813.pkl,train
36421.pkl,train
43413.pkl,train
30233.pkl,train
34095.pkl,train
30124.pkl,train
4126.pkl,train
39354.pkl,train
8251.pkl,train
50966.pkl,train
16343.pkl,train
11931.pkl,train
49093.pkl,train
37287.pkl,train
40348.pkl,train
26310.pkl,train
47318.pkl,train
45485.pkl,train
41823.pkl,train
50719.pkl,train
10153.pkl,train
1429.pkl,train
12925.pkl,train
49782.pkl,train
7181.pkl,train
48347.pkl,train
38633.pkl,train
27972.pkl,train
44684.pkl,train
22760.pkl,train
44319.pkl,train
39074.pkl,train
11988.pkl,train
49039.pkl,train
37905.pkl,train
27256.pkl,train
15610.pkl,train
35566.pkl,train
19281.pkl,train
10530.pkl,train
3231.pkl,train
35024.pkl,train
668.pkl,train
39871.pkl,train
28287.pkl,train
15126.pkl,train
4917.pkl,train
26821.pkl,train
26770.pkl,train
19803.pkl,train
54341.pkl,train
101.pkl,train
11341.pkl,train
47452.pkl,train
10721.pkl,train
35759.pkl,train
28869.pkl,train
14364.pkl,train
24012.pkl,train
38975.pkl,train
22083.pkl,train
52983.pkl,train
49059.pkl,train
36362.pkl,train
12054.pkl,train
12410.pkl,train
41092.pkl,train
39402.pkl,train
36868.pkl,train
51820.pkl,train
30216.pkl,train
52676.pkl,train
36458.pkl,train
3182.pkl,train
37125.pkl,train
29255.pkl,train
24898.pkl,train
35647.pkl,train
4357.pkl,train
4721.pkl,train
43725.pkl,train
13026.pkl,train
35629.pkl,train
38054.pkl,train
50008.pkl,train
49563.pkl,train
9322.pkl,train
29749.pkl,train
51101.pkl,train
14822.pkl,train
4803.pkl,train
47194.pkl,train
51821.pkl,train
54846.pkl,train
31507.pkl,train
18512.pkl,train
19179.pkl,train
40748.pkl,train
41282.pkl,train
14938.pkl,train
33910.pkl,train
7675.pkl,train
2717.pkl,train
36661.pkl,train
23415.pkl,train
3981.pkl,train
45893.pkl,train
12029.pkl,train
49232.pkl,train
28117.pkl,train
47127.pkl,train
6829.pkl,train
3613.pkl,train
50298.pkl,train
26506.pkl,train
20232.pkl,train
2277.pkl,train
19009.pkl,train
18789.pkl,train
56907.pkl,train
48889.pkl,train
33916.pkl,train
53085.pkl,train
17850.pkl,train
27790.pkl,train
18875.pkl,train
50112.pkl,train
29646.pkl,train
26899.pkl,train
45524.pkl,train
24731.pkl,train
52398.pkl,train
7034.pkl,train
23508.pkl,train
52362.pkl,train
21826.pkl,train
37901.pkl,train
2913.pkl,train
52197.pkl,train
27867.pkl,train
32536.pkl,train
44604.pkl,train
38558.pkl,train
29746.pkl,train
39496.pkl,train
4259.pkl,train
1222.pkl,train
33871.pkl,train
53578.pkl,train
49062.pkl,train
50316.pkl,train
20994.pkl,train
1254.pkl,train
44506.pkl,train
14507.pkl,train
31143.pkl,train
18763.pkl,train
22486.pkl,train
16088.pkl,train
20426.pkl,train
25031.pkl,train
53025.pkl,train
48251.pkl,train
44810.pkl,train
36948.pkl,train
33676.pkl,train
2579.pkl,train
51000.pkl,train
43873.pkl,train
5245.pkl,train
12950.pkl,train
26975.pkl,train
32624.pkl,train
33974.pkl,train
25015.pkl,train
41731.pkl,train
39512.pkl,train
51165.pkl,train
54817.pkl,train
32340.pkl,train
2148.pkl,train
27881.pkl,train
20315.pkl,train
13022.pkl,train
52507.pkl,train
4307.pkl,train
33664.pkl,train
13024.pkl,train
7835.pkl,train
3583.pkl,train
22524.pkl,train
3799.pkl,train
35252.pkl,train
46279.pkl,train
9740.pkl,train
26418.pkl,train
5829.pkl,train
33598.pkl,train
38023.pkl,train
2932.pkl,train
26450.pkl,train
22255.pkl,train
51488.pkl,train
31470.pkl,train
44206.pkl,train
38347.pkl,train
50788.pkl,train
10266.pkl,train
45113.pkl,train
998.pkl,train
53485.pkl,train
41100.pkl,train
17860.pkl,train
9703.pkl,train
23614.pkl,train
13295.pkl,train
29978.pkl,train
20547.pkl,train
38013.pkl,train
16607.pkl,train
30096.pkl,train
21396.pkl,train
45726.pkl,train
2433.pkl,train
48946.pkl,train
595.pkl,train
25770.pkl,train
44393.pkl,train
49486.pkl,train
48547.pkl,train
13693.pkl,train
31314.pkl,train
41426.pkl,train
34436.pkl,train
20585.pkl,train
49693.pkl,train
18233.pkl,train
40939.pkl,train
51918.pkl,train
47199.pkl,train
37740.pkl,train
3617.pkl,train
2378.pkl,train
36264.pkl,train
14241.pkl,train
16652.pkl,train
54665.pkl,train
47285.pkl,train
33539.pkl,train
4497.pkl,train
44041.pkl,train
54934.pkl,train
19839.pkl,train
42188.pkl,train
38348.pkl,train
25940.pkl,train
41673.pkl,train
16444.pkl,train
37814.pkl,train
6391.pkl,train
15168.pkl,train
51328.pkl,train
46447.pkl,train
1.pkl,train
10293.pkl,train
51038.pkl,train
50877.pkl,train
14868.pkl,train
29699.pkl,train
38133.pkl,train
45167.pkl,train
32592.pkl,train
45037.pkl,train
28044.pkl,train
46364.pkl,train
30509.pkl,train
5447.pkl,train
53155.pkl,train
19807.pkl,train
28613.pkl,train
51873.pkl,train
50490.pkl,train
35967.pkl,train
41118.pkl,train
23591.pkl,train
9372.pkl,train
45779.pkl,train
15015.pkl,train
20692.pkl,train
47578.pkl,train
11298.pkl,train
56558.pkl,train
49757.pkl,train
2782.pkl,train
25195.pkl,train
48657.pkl,train
753.pkl,train
37996.pkl,train
22732.pkl,train
28134.pkl,train
14191.pkl,train
50119.pkl,train
46526.pkl,train
30334.pkl,train
40514.pkl,train
27437.pkl,train
19234.pkl,train
15851.pkl,train
26876.pkl,train
27805.pkl,train
51156.pkl,train
43624.pkl,train
19053.pkl,train
16381.pkl,train
32010.pkl,train
35329.pkl,train
49827.pkl,train
44398.pkl,train
14804.pkl,train
11778.pkl,train
31138.pkl,train
27304.pkl,train
8947.pkl,train
33475.pkl,train
36641.pkl,train
24542.pkl,train
51224.pkl,train
43630.pkl,train
8640.pkl,train
29859.pkl,train
28532.pkl,train
29261.pkl,train
50480.pkl,train
43408.pkl,train
23704.pkl,train
39094.pkl,train
24709.pkl,train
12343.pkl,train
33305.pkl,train
50209.pkl,train
41679.pkl,train
31524.pkl,train
37058.pkl,train
36870.pkl,train
39231.pkl,train
39672.pkl,train
23830.pkl,train
35422.pkl,train
22773.pkl,train
52163.pkl,train
8764.pkl,train
45814.pkl,train
4725.pkl,train
56301.pkl,train
25594.pkl,train
43338.pkl,train
52644.pkl,train
30932.pkl,train
43243.pkl,train
15375.pkl,train
27446.pkl,train
10421.pkl,train
54129.pkl,train
53987.pkl,train
35910.pkl,train
43958.pkl,train
3821.pkl,train
43465.pkl,train
1097.pkl,train
48843.pkl,train
49976.pkl,train
45540.pkl,train
47878.pkl,train
17092.pkl,train
47036.pkl,train
21338.pkl,train
38789.pkl,train
8279.pkl,train
56961.pkl,train
32815.pkl,train
33882.pkl,train
11538.pkl,train
49428.pkl,train
41559.pkl,train
23965.pkl,train
10660.pkl,train
45160.pkl,train
36375.pkl,train
47590.pkl,train
23050.pkl,train
40943.pkl,train
52682.pkl,train
24374.pkl,train
36182.pkl,train
24073.pkl,train
13619.pkl,train
387.pkl,train
39481.pkl,train
10147.pkl,train
30857.pkl,train
24683.pkl,train
594.pkl,train
18878.pkl,train
3296.pkl,train
15001.pkl,train
52739.pkl,train
34736.pkl,train
23123.pkl,train
56189.pkl,train
4136.pkl,train
39049.pkl,train
32315.pkl,train
31249.pkl,train
33866.pkl,train
36525.pkl,train
28984.pkl,train
48716.pkl,train
8821.pkl,train
32131.pkl,train
25921.pkl,train
39773.pkl,train
17753.pkl,train
40219.pkl,train
10167.pkl,train
42758.pkl,train
38685.pkl,train
24916.pkl,train
30353.pkl,train
5112.pkl,train
48138.pkl,train
41940.pkl,train
18928.pkl,train
51772.pkl,train
2537.pkl,train
17046.pkl,train
1103.pkl,train
7145.pkl,train
45632.pkl,train
12784.pkl,train
41280.pkl,train
25930.pkl,train
43315.pkl,train
51752.pkl,train
31725.pkl,train
1211.pkl,train
48868.pkl,train
16249.pkl,train
24380.pkl,train
55619.pkl,train
12080.pkl,train
23127.pkl,train
6987.pkl,train
23164.pkl,train
5834.pkl,train
42773.pkl,train
3843.pkl,train
45220.pkl,train
34955.pkl,train
23048.pkl,train
6666.pkl,train
16227.pkl,train
26955.pkl,train
28220.pkl,train
2869.pkl,train
23897.pkl,train
5632.pkl,train
21642.pkl,train
19166.pkl,train
28069.pkl,train
24510.pkl,train
32263.pkl,train
34376.pkl,train
10782.pkl,train
44310.pkl,train
34746.pkl,train
4643.pkl,train
51171.pkl,train
31732.pkl,train
56945.pkl,train
1080.pkl,train
26492.pkl,train
41269.pkl,train
689.pkl,train
18748.pkl,train
28171.pkl,train
20167.pkl,train
35833.pkl,train
11743.pkl,train
14117.pkl,train
12341.pkl,train
49462.pkl,train
25831.pkl,train
41158.pkl,train
15898.pkl,train
226.pkl,train
7395.pkl,train
26946.pkl,train
18418.pkl,train
40477.pkl,train
54151.pkl,train
17066.pkl,train
37168.pkl,train
16853.pkl,train
30883.pkl,train
21101.pkl,train
39989.pkl,train
46283.pkl,train
6104.pkl,train
2224.pkl,train
22210.pkl,train
16494.pkl,train
25298.pkl,train
44686.pkl,train
55044.pkl,train
29792.pkl,train
29577.pkl,train
27418.pkl,train
47119.pkl,train
5349.pkl,train
24006.pkl,train
34427.pkl,train
22618.pkl,train
27349.pkl,train
50953.pkl,train
3820.pkl,train
29121.pkl,train
43162.pkl,train
43972.pkl,train
11412.pkl,train
18906.pkl,train
12310.pkl,train
21837.pkl,train
16576.pkl,train
29970.pkl,train
35746.pkl,train
55588.pkl,train
31010.pkl,train
54947.pkl,train
52360.pkl,train
48610.pkl,train
42209.pkl,train
53954.pkl,train
26468.pkl,train
47250.pkl,train
18711.pkl,train
51326.pkl,train
54661.pkl,train
35210.pkl,train
25683.pkl,train
13032.pkl,train
12841.pkl,train
1925.pkl,train
44623.pkl,train
40234.pkl,train
21647.pkl,train
45107.pkl,train
27500.pkl,train
27612.pkl,train
21210.pkl,train
41387.pkl,train
51610.pkl,train
28194.pkl,train
24666.pkl,train
22271.pkl,train
50575.pkl,train
36396.pkl,train
3990.pkl,train
16732.pkl,train
34491.pkl,train
56442.pkl,train
6102.pkl,train
15003.pkl,train
7220.pkl,train
19172.pkl,train
34410.pkl,train
23661.pkl,train
24870.pkl,train
41181.pkl,train
45912.pkl,train
45149.pkl,train
8048.pkl,train
41034.pkl,train
42053.pkl,train
8076.pkl,train
25776.pkl,train
20391.pkl,train
49387.pkl,train
57001.pkl,train
42101.pkl,train
10284.pkl,train
19215.pkl,train
47041.pkl,train
21017.pkl,train
40299.pkl,train
11568.pkl,train
48942.pkl,train
4754.pkl,train
13002.pkl,train
1341.pkl,train
49239.pkl,train
25056.pkl,train
1453.pkl,train
2103.pkl,train
12910.pkl,train
16802.pkl,train
28275.pkl,train
44770.pkl,train
15563.pkl,train
48894.pkl,train
1675.pkl,train
12230.pkl,train
34224.pkl,train
50169.pkl,train
46613.pkl,train
1114.pkl,train
35666.pkl,train
14675.pkl,train
46390.pkl,train
23083.pkl,train
38421.pkl,train
25864.pkl,train
43936.pkl,train
1118.pkl,train
42334.pkl,train
44071.pkl,train
26653.pkl,train
50701.pkl,train
33132.pkl,train
5456.pkl,train
24947.pkl,train
17832.pkl,train
22846.pkl,train
9808.pkl,train
26121.pkl,train
41028.pkl,train
49632.pkl,train
39758.pkl,train
35579.pkl,train
26736.pkl,train
21570.pkl,train
51431.pkl,train
34276.pkl,train
6398.pkl,train
38365.pkl,train
25506.pkl,train
21598.pkl,train
43174.pkl,train
10668.pkl,train
7363.pkl,train
50252.pkl,train
13409.pkl,train
30687.pkl,train
42815.pkl,train
10900.pkl,train
28385.pkl,train
13087.pkl,train
26525.pkl,train
41511.pkl,train
4676.pkl,train
163.pkl,train
50424.pkl,train
19856.pkl,train
21572.pkl,train
16346.pkl,train
12486.pkl,train
25672.pkl,train
56208.pkl,train
21206.pkl,train
17467.pkl,train
30549.pkl,train
16673.pkl,train
8723.pkl,train
326.pkl,train
30104.pkl,train
39948.pkl,train
28215.pkl,train
17154.pkl,train
9617.pkl,train
13545.pkl,train
10592.pkl,train
24333.pkl,train
43485.pkl,train
9261.pkl,train
15991.pkl,train
24411.pkl,train
10663.pkl,train
9194.pkl,train
7868.pkl,train
55565.pkl,train
22721.pkl,train
10200.pkl,train
22983.pkl,train
36851.pkl,train
42598.pkl,train
18745.pkl,train
20403.pkl,train
13424.pkl,train
28416.pkl,train
5034.pkl,train
38952.pkl,train
4998.pkl,train
52925.pkl,train
443.pkl,train
16179.pkl,train
37851.pkl,train
6539.pkl,train
5819.pkl,train
25688.pkl,train
42088.pkl,train
17750.pkl,train
17827.pkl,train
32387.pkl,train
18977.pkl,train
46708.pkl,train
12025.pkl,train
10011.pkl,train
7826.pkl,train
55707.pkl,train
37392.pkl,train
25463.pkl,train
34463.pkl,train
4371.pkl,train
28406.pkl,train
2080.pkl,train
30287.pkl,train
27983.pkl,train
13876.pkl,train
28151.pkl,train
36156.pkl,train
32081.pkl,train
55816.pkl,train
33181.pkl,train
2804.pkl,train
52456.pkl,train
41987.pkl,train
9510.pkl,train
24968.pkl,train
34572.pkl,train
41812.pkl,train
31419.pkl,train
16772.pkl,train
14036.pkl,train
761.pkl,train
50960.pkl,train
7128.pkl,train
53521.pkl,train
28348.pkl,train
19706.pkl,train
14539.pkl,train
10012.pkl,train
56542.pkl,train
41552.pkl,train
6115.pkl,train
502.pkl,train
41907.pkl,train
32367.pkl,train
22712.pkl,train
41503.pkl,train
55171.pkl,train
17854.pkl,train
9911.pkl,train
12405.pkl,train
54636.pkl,train
32645.pkl,train
39484.pkl,train
30067.pkl,train
3019.pkl,train
41577.pkl,train
26572.pkl,train
15993.pkl,train
53423.pkl,train
52823.pkl,train
42237.pkl,train
41790.pkl,train
14415.pkl,train
2751.pkl,train
14669.pkl,train
31438.pkl,train
21554.pkl,train
51281.pkl,train
30136.pkl,train
24934.pkl,train
27010.pkl,train
29620.pkl,train
50971.pkl,train
35593.pkl,train
2075.pkl,train
41122.pkl,train
21258.pkl,train
29675.pkl,train
2372.pkl,train
1731.pkl,train
46205.pkl,train
1110.pkl,train
10376.pkl,train
15833.pkl,train
51017.pkl,train
33838.pkl,train
22026.pkl,train
9988.pkl,train
27175.pkl,train
22041.pkl,train
24263.pkl,train
5376.pkl,train
32746.pkl,train
43096.pkl,train
49435.pkl,train
51948.pkl,train
4711.pkl,train
49819.pkl,train
38250.pkl,train
50565.pkl,train
23639.pkl,train
49130.pkl,train
40603.pkl,train
3466.pkl,train
35040.pkl,train
20714.pkl,train
52031.pkl,train
55029.pkl,train
25344.pkl,train
22489.pkl,train
15292.pkl,train
51455.pkl,train
2762.pkl,train
14269.pkl,train
4864.pkl,train
37409.pkl,train
50337.pkl,train
4352.pkl,train
11960.pkl,train
9050.pkl,train
56360.pkl,train
14446.pkl,train
48324.pkl,train
56285.pkl,train
37730.pkl,train
26229.pkl,train
20990.pkl,train
47075.pkl,train
19906.pkl,train
44611.pkl,train
36276.pkl,train
30441.pkl,train
43150.pkl,train
20925.pkl,train
52046.pkl,train
29308.pkl,train
35009.pkl,train
19768.pkl,train
36818.pkl,train
26115.pkl,train
43729.pkl,train
16304.pkl,train
16809.pkl,train
43304.pkl,train
531.pkl,train
8159.pkl,train
37960.pkl,train
35195.pkl,train
32266.pkl,train
10189.pkl,train
28355.pkl,train
16048.pkl,train
23934.pkl,train
10025.pkl,train
36871.pkl,train
7180.pkl,train
27936.pkl,train
18348.pkl,train
38063.pkl,train
9295.pkl,train
33011.pkl,train
24344.pkl,train
42696.pkl,train
22440.pkl,train
14496.pkl,train
9816.pkl,train
12800.pkl,train
38668.pkl,train
38893.pkl,train
16904.pkl,train
26808.pkl,train
27525.pkl,train
38794.pkl,train
38929.pkl,train
50404.pkl,train
20993.pkl,train
6963.pkl,train
15083.pkl,train
29409.pkl,train
20361.pkl,train
29392.pkl,train
11462.pkl,train
5451.pkl,train
46396.pkl,train
12929.pkl,train
51125.pkl,train
19361.pkl,train
30864.pkl,train
23546.pkl,train
20746.pkl,train
30425.pkl,train
22257.pkl,train
22749.pkl,train
37437.pkl,train
49036.pkl,train
48662.pkl,train
5487.pkl,train
3511.pkl,train
52629.pkl,train
54108.pkl,train
17102.pkl,train
33065.pkl,train
51172.pkl,train
19986.pkl,train
34071.pkl,train
45199.pkl,train
35533.pkl,train
48526.pkl,train
41000.pkl,train
43144.pkl,train
44512.pkl,train
45260.pkl,train
38430.pkl,train
19096.pkl,train
15381.pkl,train
7070.pkl,train
12903.pkl,train
20022.pkl,train
52190.pkl,train
8057.pkl,train
35634.pkl,train
21251.pkl,train
45054.pkl,train
6479.pkl,train
53732.pkl,train
21951.pkl,train
51238.pkl,train
28428.pkl,train
54428.pkl,train
31220.pkl,train
29673.pkl,train
34221.pkl,train
52070.pkl,train
9410.pkl,train
36219.pkl,train
34765.pkl,train
25514.pkl,train
5634.pkl,train
9363.pkl,train
50140.pkl,train
12674.pkl,train
23767.pkl,train
31071.pkl,train
37715.pkl,train
34337.pkl,train
9997.pkl,train
27959.pkl,train
42772.pkl,train
48974.pkl,train
30059.pkl,train
26045.pkl,train
54045.pkl,train
56533.pkl,train
27697.pkl,train
8944.pkl,train
15858.pkl,train
12448.pkl,train
41695.pkl,train
25697.pkl,train
52143.pkl,train
40796.pkl,train
14290.pkl,train
15414.pkl,train
44196.pkl,train
25101.pkl,train
9574.pkl,train
37195.pkl,train
38767.pkl,train
13672.pkl,train
32452.pkl,train
27907.pkl,train
29640.pkl,train
23750.pkl,train
30567.pkl,train
55640.pkl,train
23796.pkl,train
19539.pkl,train
4639.pkl,train
48783.pkl,train
54891.pkl,train
14421.pkl,train
7979.pkl,train
16978.pkl,train
1728.pkl,train
45036.pkl,train
33669.pkl,train
35844.pkl,train
16842.pkl,train
50017.pkl,train
32881.pkl,train
22778.pkl,train
53876.pkl,train
28935.pkl,train
55313.pkl,train
29472.pkl,train
48204.pkl,train
15995.pkl,train
49973.pkl,train
20091.pkl,train
40695.pkl,train
45148.pkl,train
9479.pkl,train
16359.pkl,train
30547.pkl,train
22578.pkl,train
26534.pkl,train
40089.pkl,train
48205.pkl,train
42398.pkl,train
5180.pkl,train
16465.pkl,train
18017.pkl,train
2518.pkl,train
18100.pkl,train
40809.pkl,train
42389.pkl,train
42481.pkl,train
42341.pkl,train
16735.pkl,train
41247.pkl,train
11812.pkl,train
11161.pkl,train
14278.pkl,train
33446.pkl,train
7294.pkl,train
44203.pkl,train
29989.pkl,train
25156.pkl,train
8941.pkl,train
38906.pkl,train
53981.pkl,train
37733.pkl,train
30667.pkl,train
53579.pkl,train
19734.pkl,train
32471.pkl,train
13256.pkl,train
1641.pkl,train
42166.pkl,train
15690.pkl,train
39104.pkl,train
50391.pkl,train
52132.pkl,train
39615.pkl,train
27051.pkl,train
11359.pkl,train
598.pkl,train
31125.pkl,train
44142.pkl,train
20947.pkl,train
23077.pkl,train
55733.pkl,train
4791.pkl,train
37639.pkl,train
12728.pkl,train
24664.pkl,train
23394.pkl,train
47788.pkl,train
2766.pkl,train
52135.pkl,train
33063.pkl,train
19373.pkl,train
48054.pkl,train
31768.pkl,train
24085.pkl,train
18023.pkl,train
49765.pkl,train
42014.pkl,train
3556.pkl,train
56500.pkl,train
51280.pkl,train
10255.pkl,train
27453.pkl,train
29035.pkl,train
19755.pkl,train
28374.pkl,train
32302.pkl,train
14152.pkl,train
51829.pkl,train
24979.pkl,train
2635.pkl,train
52663.pkl,train
22131.pkl,train
40185.pkl,train
47286.pkl,train
31305.pkl,train
2083.pkl,train
17163.pkl,train
53127.pkl,train
55594.pkl,train
44752.pkl,train
42072.pkl,train
32538.pkl,train
12957.pkl,train
36888.pkl,train
30424.pkl,train
47166.pkl,train
16180.pkl,train
39772.pkl,train
35275.pkl,train
17443.pkl,train
357.pkl,train
5546.pkl,train
52521.pkl,train
50603.pkl,train
10611.pkl,train
1554.pkl,train
35575.pkl,train
32068.pkl,train
6975.pkl,train
25122.pkl,train
33614.pkl,train
18399.pkl,train
34082.pkl,train
25761.pkl,train
20225.pkl,train
34861.pkl,train
42714.pkl,train
15276.pkl,train
30595.pkl,train
21094.pkl,train
12386.pkl,train
54794.pkl,train
32932.pkl,train
29302.pkl,train
46960.pkl,train
52231.pkl,train
38065.pkl,train
14309.pkl,train
10949.pkl,train
20364.pkl,train
22762.pkl,train
36987.pkl,train
47866.pkl,train
2245.pkl,train
3680.pkl,train
14519.pkl,train
21354.pkl,train
53694.pkl,train
23698.pkl,train
53569.pkl,train
6767.pkl,train
43527.pkl,train
54064.pkl,train
50998.pkl,train
6356.pkl,train
15370.pkl,train
36033.pkl,train
27811.pkl,train
39874.pkl,train
30965.pkl,train
23381.pkl,train
40198.pkl,train
43592.pkl,train
8752.pkl,train
32947.pkl,train
56420.pkl,train
17803.pkl,train
25692.pkl,train
12751.pkl,train
31636.pkl,train
20705.pkl,train
25251.pkl,train
46729.pkl,train
48349.pkl,train
16087.pkl,train
51090.pkl,train
45742.pkl,train
3525.pkl,train
6313.pkl,train
7405.pkl,train
45168.pkl,train
27876.pkl,train
27529.pkl,train
29370.pkl,train
7755.pkl,train
16833.pkl,train
51179.pkl,train
7987.pkl,train
32421.pkl,train
6265.pkl,train
24072.pkl,train
40410.pkl,train
15152.pkl,train
8047.pkl,train
18834.pkl,train
56050.pkl,train
46554.pkl,train
49956.pkl,train
1578.pkl,train
55844.pkl,train
35835.pkl,train
34352.pkl,train
49243.pkl,train
8554.pkl,train
3915.pkl,train
3259.pkl,train
29443.pkl,train
5274.pkl,train
20301.pkl,train
30559.pkl,train
5825.pkl,train
6399.pkl,train
37579.pkl,train
42956.pkl,train
22158.pkl,train
13807.pkl,train
29341.pkl,train
37636.pkl,train
19813.pkl,train
36380.pkl,train
21529.pkl,train
4391.pkl,train
32526.pkl,train
4443.pkl,train
45504.pkl,train
24545.pkl,train
11423.pkl,train
1754.pkl,train
56081.pkl,train
47074.pkl,train
27196.pkl,train
15356.pkl,train
49324.pkl,train
41694.pkl,train
26000.pkl,train
4594.pkl,train
2309.pkl,train
39662.pkl,train
42776.pkl,train
18765.pkl,train
31308.pkl,train
25053.pkl,train
32483.pkl,train
20635.pkl,train
39858.pkl,train
18093.pkl,train
27810.pkl,train
50951.pkl,train
30126.pkl,train
39717.pkl,train
39898.pkl,train
41343.pkl,train
11755.pkl,train
4506.pkl,train
53369.pkl,train
55374.pkl,train
14408.pkl,train
20912.pkl,train
51314.pkl,train
10557.pkl,train
21259.pkl,train
21720.pkl,train
35722.pkl,train
46762.pkl,train
19985.pkl,train
52251.pkl,train
37388.pkl,train
14361.pkl,train
21461.pkl,train
1107.pkl,train
46392.pkl,train
51642.pkl,train
28929.pkl,train
23691.pkl,train
11450.pkl,train
4570.pkl,train
45171.pkl,train
663.pkl,train
21600.pkl,train
45605.pkl,train
45339.pkl,train
13328.pkl,train
7129.pkl,train
32714.pkl,train
53560.pkl,train
41404.pkl,train
1102.pkl,train
3457.pkl,train
29457.pkl,train
12163.pkl,train
55196.pkl,train
20660.pkl,train
17399.pkl,train
7459.pkl,train
53035.pkl,train
38295.pkl,train
49631.pkl,train
334.pkl,train
5414.pkl,train
56996.pkl,train
43599.pkl,train
16255.pkl,train
52979.pkl,train
18886.pkl,train
8222.pkl,train
25606.pkl,train
31367.pkl,train
56709.pkl,train
50644.pkl,train
28166.pkl,train
42787.pkl,train
43032.pkl,train
6618.pkl,train
14214.pkl,train
55254.pkl,train
2473.pkl,train
36958.pkl,train
44212.pkl,train
36166.pkl,train
56344.pkl,train
15594.pkl,train
27293.pkl,train
45624.pkl,train
47927.pkl,train
37701.pkl,train
10511.pkl,train
30849.pkl,train
39983.pkl,train
5223.pkl,train
35940.pkl,train
45483.pkl,train
19413.pkl,train
22469.pkl,train
44277.pkl,train
3824.pkl,train
14585.pkl,train
50708.pkl,train
7449.pkl,train
2810.pkl,train
10368.pkl,train
39771.pkl,train
13006.pkl,train
36673.pkl,train
46406.pkl,train
2190.pkl,train
24057.pkl,train
45373.pkl,train
29153.pkl,train
16102.pkl,train
32846.pkl,train
14025.pkl,train
40640.pkl,train
4523.pkl,train
29338.pkl,train
15797.pkl,train
42366.pkl,train
49133.pkl,train
12905.pkl,train
2557.pkl,train
12749.pkl,train
20020.pkl,train
9007.pkl,train
7505.pkl,train
39864.pkl,train
44632.pkl,train
10959.pkl,train
15384.pkl,train
45936.pkl,train
31588.pkl,train
44006.pkl,train
36703.pkl,train
3733.pkl,train
53680.pkl,train
36158.pkl,train
28518.pkl,train
43552.pkl,train
8833.pkl,train
55604.pkl,train
16193.pkl,train
47775.pkl,train
15238.pkl,train
47721.pkl,train
37805.pkl,train
5882.pkl,train
20467.pkl,train
10311.pkl,train
49209.pkl,train
52900.pkl,train
34220.pkl,train
45641.pkl,train
305.pkl,train
24677.pkl,train
23088.pkl,train
5916.pkl,train
44356.pkl,train
20624.pkl,train
43276.pkl,train
43088.pkl,train
23795.pkl,train
46552.pkl,train
55487.pkl,train
30395.pkl,train
30500.pkl,train
41737.pkl,train
3800.pkl,train
41509.pkl,train
13577.pkl,train
52094.pkl,train
13865.pkl,train
10837.pkl,train
56459.pkl,train
44016.pkl,train
7530.pkl,train
19587.pkl,train
16964.pkl,train
16948.pkl,train
51778.pkl,train
49731.pkl,train
38820.pkl,train
17289.pkl,train
39426.pkl,train
53672.pkl,train
11119.pkl,train
21957.pkl,train
25811.pkl,train
12118.pkl,train
43312.pkl,train
46431.pkl,train
52417.pkl,train
6644.pkl,train
49789.pkl,train
52170.pkl,train
46225.pkl,train
43913.pkl,train
20919.pkl,train
50526.pkl,train
34914.pkl,train
39466.pkl,train
12680.pkl,train
17459.pkl,train
13724.pkl,train
46964.pkl,train
20304.pkl,train
24200.pkl,train
15051.pkl,train
32345.pkl,train
49705.pkl,train
1203.pkl,train
29416.pkl,train
49915.pkl,train
41816.pkl,train
15108.pkl,train
10310.pkl,train
8889.pkl,train
20283.pkl,train
34895.pkl,train
17642.pkl,train
26179.pkl,train
46807.pkl,train
3312.pkl,train
33272.pkl,train
22413.pkl,train
55719.pkl,train
2279.pkl,train
47262.pkl,train
36755.pkl,train
47588.pkl,train
28647.pkl,train
11374.pkl,train
42232.pkl,train
10219.pkl,train
24487.pkl,train
8220.pkl,train
46427.pkl,train
35975.pkl,train
42274.pkl,train
44586.pkl,train
9932.pkl,train
37835.pkl,train
6402.pkl,train
48314.pkl,train
52057.pkl,train
49238.pkl,train
29318.pkl,train
22900.pkl,train
4577.pkl,train
8931.pkl,train
53121.pkl,train
7211.pkl,train
9333.pkl,train
20898.pkl,train
19966.pkl,train
23216.pkl,train
34022.pkl,train
46273.pkl,train
53854.pkl,train
52172.pkl,train
10733.pkl,train
23882.pkl,train
53841.pkl,train
31559.pkl,train
47120.pkl,train
25527.pkl,train
55535.pkl,train
56484.pkl,train
48878.pkl,train
53731.pkl,train
28816.pkl,train
46854.pkl,train
46596.pkl,train
53301.pkl,train
41019.pkl,train
30478.pkl,train
10253.pkl,train
4685.pkl,train
55092.pkl,train
45266.pkl,train
48847.pkl,train
20978.pkl,train
68.pkl,train
25403.pkl,train
32656.pkl,train
19273.pkl,train
40169.pkl,train
23302.pkl,train
42653.pkl,train
36789.pkl,train
39588.pkl,train
13081.pkl,train
28342.pkl,train
22671.pkl,train
14120.pkl,train
12441.pkl,train
16819.pkl,train
34129.pkl,train
34702.pkl,train
4072.pkl,train
8202.pkl,train
46847.pkl,train
56282.pkl,train
26527.pkl,train
3179.pkl,train
28043.pkl,train
13769.pkl,train
46379.pkl,train
22226.pkl,train
38031.pkl,train
18756.pkl,train
42791.pkl,train
24415.pkl,train
33846.pkl,train
40874.pkl,train
35484.pkl,train
30689.pkl,train
52708.pkl,train
5765.pkl,train
47215.pkl,train
47263.pkl,train
1950.pkl,train
40239.pkl,train
20253.pkl,train
34619.pkl,train
42316.pkl,train
15438.pkl,train
45191.pkl,train
43623.pkl,train
24337.pkl,train
12139.pkl,train
10830.pkl,train
56614.pkl,train
34357.pkl,train
2417.pkl,train
2286.pkl,train
14632.pkl,train
41629.pkl,train
53648.pkl,train
34594.pkl,train
617.pkl,train
38753.pkl,train
46160.pkl,train
17391.pkl,train
21695.pkl,train
56082.pkl,train
31565.pkl,train
21972.pkl,train
275.pkl,train
17801.pkl,train
28408.pkl,train
32391.pkl,train
40900.pkl,train
51008.pkl,train
39951.pkl,train
38878.pkl,train
4304.pkl,train
22229.pkl,train
16443.pkl,train
16672.pkl,train
19617.pkl,train
53704.pkl,train
53555.pkl,train
37542.pkl,train
21400.pkl,train
55990.pkl,train
36087.pkl,train
38050.pkl,train
19530.pkl,train
19499.pkl,train
11659.pkl,train
52833.pkl,train
8137.pkl,train
39803.pkl,train
52523.pkl,train
29958.pkl,train
6751.pkl,train
40994.pkl,train
19313.pkl,train
46360.pkl,train
41110.pkl,train
21917.pkl,train
11109.pkl,train
31538.pkl,train
23683.pkl,train
17559.pkl,train
17618.pkl,train
22375.pkl,train
51085.pkl,train
21903.pkl,train
51468.pkl,train
36549.pkl,train
19161.pkl,train
16516.pkl,train
54319.pkl,train
36685.pkl,train
40122.pkl,train
28788.pkl,train
46652.pkl,train
25331.pkl,train
56495.pkl,train
1806.pkl,train
28781.pkl,train
9053.pkl,train
40878.pkl,train
27383.pkl,train
10195.pkl,train
36162.pkl,train
46569.pkl,train
15635.pkl,train
40866.pkl,train
14229.pkl,train
2528.pkl,train
15876.pkl,train
9853.pkl,train
13286.pkl,train
1694.pkl,train
4415.pkl,train
8077.pkl,train
29375.pkl,train
52437.pkl,train
25778.pkl,train
31384.pkl,train
31055.pkl,train
55740.pkl,train
52934.pkl,train
3557.pkl,train
112.pkl,train
29362.pkl,train
24155.pkl,train
20885.pkl,train
10471.pkl,train
49719.pkl,train
16885.pkl,train
15129.pkl,train
2402.pkl,train
54641.pkl,train
15229.pkl,train
43953.pkl,train
2996.pkl,train
43058.pkl,train
54199.pkl,train
56446.pkl,train
51655.pkl,train
38849.pkl,train
30894.pkl,train
21042.pkl,train
38786.pkl,train
15029.pkl,train
5728.pkl,train
9961.pkl,train
20405.pkl,train
10703.pkl,train
53436.pkl,train
12007.pkl,train
47908.pkl,train
10934.pkl,train
7310.pkl,train
49911.pkl,train
11367.pkl,train
12934.pkl,train
42727.pkl,train
36592.pkl,train
12807.pkl,train
28569.pkl,train
22074.pkl,train
51880.pkl,train
41739.pkl,train
36518.pkl,train
49865.pkl,train
54964.pkl,train
6927.pkl,train
22799.pkl,train
39296.pkl,train
13194.pkl,train
31978.pkl,train
16820.pkl,train
31832.pkl,train
47105.pkl,train
39358.pkl,train
28480.pkl,train
25958.pkl,train
42966.pkl,train
24978.pkl,train
46548.pkl,train
16741.pkl,train
32591.pkl,train
26496.pkl,train
49721.pkl,train
55622.pkl,train
53600.pkl,train
50772.pkl,train
22197.pkl,train
52369.pkl,train
20510.pkl,train
9944.pkl,train
9651.pkl,train
55668.pkl,train
6049.pkl,train
54913.pkl,train
44074.pkl,train
49364.pkl,train
49004.pkl,train
43663.pkl,train
493.pkl,train
4561.pkl,train
45376.pkl,train
956.pkl,train
4615.pkl,train
25412.pkl,train
29080.pkl,train
23877.pkl,train
17157.pkl,train
7864.pkl,train
44364.pkl,train
41728.pkl,train
55936.pkl,train
40649.pkl,train
330.pkl,train
56414.pkl,train
43564.pkl,train
8051.pkl,train
9662.pkl,train
24825.pkl,train
1089.pkl,train
21286.pkl,train
15664.pkl,train
4382.pkl,train
54106.pkl,train
40030.pkl,train
18629.pkl,train
41526.pkl,train
52499.pkl,train
8000.pkl,train
8828.pkl,train
10868.pkl,train
55870.pkl,train
26644.pkl,train
24379.pkl,train
298.pkl,train
27159.pkl,train
28398.pkl,train
43265.pkl,train
44870.pkl,train
3903.pkl,train
37567.pkl,train
44673.pkl,train
21114.pkl,train
55656.pkl,train
34843.pkl,train
42982.pkl,train
27558.pkl,train
23305.pkl,train
24871.pkl,train
25149.pkl,train
5800.pkl,train
37564.pkl,train
31169.pkl,train
15390.pkl,train
40790.pkl,train
12352.pkl,train
41512.pkl,train
52723.pkl,train
38985.pkl,train
12309.pkl,train
37478.pkl,train
43571.pkl,train
40825.pkl,train
35650.pkl,train
37692.pkl,train
38068.pkl,train
33471.pkl,train
6549.pkl,train
4871.pkl,train
22314.pkl,train
11842.pkl,train
23277.pkl,train
4047.pkl,train
32608.pkl,train
37831.pkl,train
49940.pkl,train
48715.pkl,train
29208.pkl,train
56794.pkl,train
7976.pkl,train
30319.pkl,train
5025.pkl,train
10077.pkl,train
26151.pkl,train
38213.pkl,train
17030.pkl,train
29494.pkl,train
48476.pkl,train
7167.pkl,train
52042.pkl,train
41715.pkl,train
19846.pkl,train
17062.pkl,train
43911.pkl,train
7738.pkl,train
54190.pkl,train
46859.pkl,train
36676.pkl,train
55791.pkl,train
36974.pkl,train
52903.pkl,train
41191.pkl,train
24102.pkl,train
45135.pkl,train
46695.pkl,train
50403.pkl,train
2584.pkl,train
8141.pkl,train
27711.pkl,train
23135.pkl,train
44168.pkl,train
51984.pkl,train
36238.pkl,train
1000.pkl,train
5614.pkl,train
20456.pkl,train
27706.pkl,train
56024.pkl,train
9438.pkl,train
33863.pkl,train
49215.pkl,train
33586.pkl,train
34447.pkl,train
22283.pkl,train
8932.pkl,train
23534.pkl,train
30826.pkl,train
25423.pkl,train
16205.pkl,train
56778.pkl,train
21238.pkl,train
7776.pkl,train
20971.pkl,train
19163.pkl,train
55531.pkl,train
50999.pkl,train
5880.pkl,train
1698.pkl,train
7580.pkl,train
25625.pkl,train
8857.pkl,train
42641.pkl,train
51173.pkl,train
54152.pkl,train
12503.pkl,train
4248.pkl,train
35315.pkl,train
10730.pkl,train
53394.pkl,train
34020.pkl,train
18775.pkl,train
53102.pkl,train
30294.pkl,train
53900.pkl,train
56486.pkl,train
8992.pkl,train
16388.pkl,train
38064.pkl,train
12039.pkl,train
55107.pkl,train
46648.pkl,train
10678.pkl,train
44718.pkl,train
43600.pkl,train
11134.pkl,train
48189.pkl,train
33153.pkl,train
35440.pkl,train
34464.pkl,train
54565.pkl,train
14554.pkl,train
35375.pkl,train
12290.pkl,train
27123.pkl,train
28763.pkl,train
41781.pkl,train
27581.pkl,train
31610.pkl,train
39521.pkl,train
47852.pkl,train
54966.pkl,train
23944.pkl,train
8831.pkl,train
1284.pkl,train
35259.pkl,train
17609.pkl,train
25757.pkl,train
15689.pkl,train
11724.pkl,train
2322.pkl,train
50730.pkl,train
40025.pkl,train
53973.pkl,train
6247.pkl,train
24278.pkl,train
2790.pkl,train
34088.pkl,train
9723.pkl,train
26729.pkl,train
54483.pkl,train
12682.pkl,train
41020.pkl,train
39118.pkl,train
53444.pkl,train
27194.pkl,train
12392.pkl,train
20029.pkl,train
14966.pkl,train
27632.pkl,train
1500.pkl,train
50855.pkl,train
25464.pkl,train
21516.pkl,train
37887.pkl,train
33562.pkl,train
23987.pkl,train
45501.pkl,train
9822.pkl,train
42844.pkl,train
34644.pkl,train
36763.pkl,train
27744.pkl,train
55055.pkl,train
19940.pkl,train
12919.pkl,train
37871.pkl,train
41381.pkl,train
28682.pkl,train
52425.pkl,train
25367.pkl,train
25817.pkl,train
21825.pkl,train
1353.pkl,train
49965.pkl,train
23502.pkl,train
15829.pkl,train
51967.pkl,train
51040.pkl,train
41025.pkl,train
41540.pkl,train
19073.pkl,train
56995.pkl,train
20244.pkl,train
48470.pkl,train
35781.pkl,train
35894.pkl,train
38663.pkl,train
10035.pkl,train
42459.pkl,train
16336.pkl,train
48725.pkl,train
45691.pkl,train
37687.pkl,train
46080.pkl,train
16338.pkl,train
56363.pkl,train
18227.pkl,train
37599.pkl,train
43316.pkl,train
34982.pkl,train
33993.pkl,train
2978.pkl,train
5992.pkl,train
16043.pkl,train
18583.pkl,train
21311.pkl,train
53306.pkl,train
54613.pkl,train
5080.pkl,train
10075.pkl,train
28172.pkl,train
43586.pkl,train
1328.pkl,train
54418.pkl,train
37262.pkl,train
6496.pkl,train
33864.pkl,train
19973.pkl,train
52344.pkl,train
23848.pkl,train
44761.pkl,train
47254.pkl,train
12056.pkl,train
11731.pkl,train
39647.pkl,train
11535.pkl,train
18248.pkl,train
17774.pkl,train
18814.pkl,train
20486.pkl,train
31393.pkl,train
26581.pkl,train
45588.pkl,train
33270.pkl,train
32805.pkl,train
43114.pkl,train
17726.pkl,train
54069.pkl,train
25740.pkl,train
42348.pkl,train
56261.pkl,train
9707.pkl,train
18377.pkl,train
24926.pkl,train
22683.pkl,train
32823.pkl,train
49155.pkl,train
38364.pkl,train
4350.pkl,train
45108.pkl,train
34814.pkl,train
47257.pkl,train
55835.pkl,train
19900.pkl,train
5852.pkl,train
9287.pkl,train
26050.pkl,train
29957.pkl,train
55312.pkl,train
53785.pkl,train
6224.pkl,train
38127.pkl,train
15956.pkl,train
42042.pkl,train
5100.pkl,train
47369.pkl,train
56161.pkl,train
49459.pkl,train
53428.pkl,train
18686.pkl,train
14550.pkl,train
20261.pkl,train
43990.pkl,train
12567.pkl,train
17541.pkl,train
55198.pkl,train
35845.pkl,train
15298.pkl,train
593.pkl,train
50671.pkl,train
33557.pkl,train
13660.pkl,train
6010.pkl,train
53983.pkl,train
29973.pkl,train
7273.pkl,train
47225.pkl,train
13524.pkl,train
20369.pkl,train
18683.pkl,train
54047.pkl,train
13810.pkl,train
11944.pkl,train
45761.pkl,train
9992.pkl,train
1632.pkl,train
43615.pkl,train
24361.pkl,train
24989.pkl,train
51825.pkl,train
48480.pkl,train
50118.pkl,train
256.pkl,train
38187.pkl,train
23466.pkl,train
34854.pkl,train
3805.pkl,train
52717.pkl,train
2300.pkl,train
15896.pkl,train
25973.pkl,train
171.pkl,train
43199.pkl,train
9275.pkl,train
31200.pkl,train
36548.pkl,train
4056.pkl,train
17320.pkl,train
5874.pkl,train
4877.pkl,train
6530.pkl,train
39036.pkl,train
52093.pkl,train
9811.pkl,train
4103.pkl,train
14154.pkl,train
52147.pkl,train
45100.pkl,train
41685.pkl,train
311.pkl,train
35502.pkl,train
1971.pkl,train
23331.pkl,train
51928.pkl,train
26739.pkl,train
40970.pkl,train
13403.pkl,train
37819.pkl,train
3810.pkl,train
25197.pkl,train
21465.pkl,train
3452.pkl,train
22038.pkl,train
2140.pkl,train
17299.pkl,train
7285.pkl,train
51692.pkl,train
15262.pkl,train
45886.pkl,train
39371.pkl,train
6128.pkl,train
44926.pkl,train
18217.pkl,train
55607.pkl,train
49861.pkl,train
19372.pkl,train
5380.pkl,train
54348.pkl,train
30816.pkl,train
24674.pkl,train
24873.pkl,train
23454.pkl,train
5706.pkl,train
17540.pkl,train
52483.pkl,train
11022.pkl,train
53622.pkl,train
19288.pkl,train
54558.pkl,train
14472.pkl,train
38450.pkl,train
10474.pkl,train
56217.pkl,train
33320.pkl,train
39153.pkl,train
5657.pkl,train
16407.pkl,train
50990.pkl,train
37212.pkl,train
20491.pkl,train
7982.pkl,train
26295.pkl,train
16431.pkl,train
32438.pkl,train
4121.pkl,train
21901.pkl,train
9633.pkl,train
48159.pkl,train
52155.pkl,train
32743.pkl,train
45927.pkl,train
19984.pkl,train
16807.pkl,train
4989.pkl,train
3164.pkl,train
2055.pkl,train
41833.pkl,train
2314.pkl,train
53653.pkl,train
15407.pkl,train
18522.pkl,train
39728.pkl,train
33596.pkl,train
5350.pkl,train
12659.pkl,train
41905.pkl,train
905.pkl,train
27409.pkl,train
18502.pkl,train
50234.pkl,train
7888.pkl,train
15901.pkl,train
28352.pkl,train
22695.pkl,train
19443.pkl,train
2198.pkl,train
8417.pkl,train
54184.pkl,train
16526.pkl,train
31814.pkl,train
46443.pkl,train
7099.pkl,train
32385.pkl,train
29317.pkl,train
42494.pkl,train
45269.pkl,train
45480.pkl,train
44477.pkl,train
18753.pkl,train
17136.pkl,train
51559.pkl,train
50816.pkl,train
33736.pkl,train
18048.pkl,train
22710.pkl,train
2265.pkl,train
46858.pkl,train
47655.pkl,train
2860.pkl,train
28928.pkl,train
33549.pkl,train
18510.pkl,train
5368.pkl,train
30946.pkl,train
10013.pkl,train
39706.pkl,train
26324.pkl,train
1390.pkl,train
47734.pkl,train
21773.pkl,train
32477.pkl,train
36896.pkl,train
35869.pkl,train
34356.pkl,train
42995.pkl,train
3240.pkl,train
42518.pkl,train
32125.pkl,train
35406.pkl,train
864.pkl,train
25799.pkl,train
46466.pkl,train
16950.pkl,train
18945.pkl,train
4133.pkl,train
17186.pkl,train
778.pkl,train
41632.pkl,train
54605.pkl,train
54441.pkl,train
43548.pkl,train
52673.pkl,train
6766.pkl,train
13709.pkl,train
20562.pkl,train
4986.pkl,train
20567.pkl,train
43573.pkl,train
8370.pkl,train
49077.pkl,train
55152.pkl,train
53742.pkl,train
5910.pkl,train
46398.pkl,train
41705.pkl,train
18168.pkl,train
4876.pkl,train
43263.pkl,train
3198.pkl,train
11511.pkl,train
7383.pkl,train
26281.pkl,train
12694.pkl,train
37019.pkl,train
45553.pkl,train
55779.pkl,train
39219.pkl,train
25607.pkl,train
7661.pkl,train
16965.pkl,train
648.pkl,train
10141.pkl,train
44965.pkl,train
36790.pkl,train
48356.pkl,train
41058.pkl,train
43339.pkl,train
16537.pkl,train
53688.pkl,train
26340.pkl,train
9720.pkl,train
27197.pkl,train
24139.pkl,train
51668.pkl,train
4327.pkl,train
53219.pkl,train
25461.pkl,train
51609.pkl,train
50474.pkl,train
40778.pkl,train
34277.pkl,train
31793.pkl,train
53799.pkl,train
41698.pkl,train
49037.pkl,train
16832.pkl,train
7917.pkl,train
28638.pkl,train
46448.pkl,train
45593.pkl,train
24533.pkl,train
54720.pkl,train
40844.pkl,train
2642.pkl,train
18392.pkl,train
9184.pkl,train
40975.pkl,train
24468.pkl,train
17079.pkl,train
18640.pkl,train
44861.pkl,train
31972.pkl,train
51636.pkl,train
28286.pkl,train
56195.pkl,train
35231.pkl,train
26732.pkl,train
47698.pkl,train
10616.pkl,train
36959.pkl,train
43649.pkl,train
39250.pkl,train
50542.pkl,train
32728.pkl,train
30118.pkl,train
11223.pkl,train
146.pkl,train
12880.pkl,train
39230.pkl,train
19102.pkl,train
52902.pkl,train
17749.pkl,train
21750.pkl,train
8441.pkl,train
25287.pkl,train
9492.pkl,train
40018.pkl,train
19177.pkl,train
28596.pkl,train
49044.pkl,train
56352.pkl,train
33476.pkl,train
21671.pkl,train
28992.pkl,train
49506.pkl,train
42382.pkl,train
10745.pkl,train
2373.pkl,train
44759.pkl,train
18956.pkl,train
30030.pkl,train
54598.pkl,train
55001.pkl,train
25485.pkl,train
20641.pkl,train
28531.pkl,train
51270.pkl,train
19039.pkl,train
34255.pkl,train
11431.pkl,train
28127.pkl,train
13961.pkl,train
31940.pkl,train
48873.pkl,train
27340.pkl,train
26829.pkl,train
23124.pkl,train
8294.pkl,train
14925.pkl,train
5826.pkl,train
38532.pkl,train
7516.pkl,train
10999.pkl,train
47944.pkl,train
6672.pkl,train
12539.pkl,train
55005.pkl,train
54575.pkl,train
8256.pkl,train
10860.pkl,train
45802.pkl,train
24283.pkl,train
44732.pkl,train
28152.pkl,train
14442.pkl,train
23294.pkl,train
16367.pkl,train
49497.pkl,train
40858.pkl,train
54196.pkl,train
15102.pkl,train
47671.pkl,train
14729.pkl,train
42119.pkl,train
12120.pkl,train
9212.pkl,train
14387.pkl,train
22686.pkl,train
56182.pkl,train
4955.pkl,train
10288.pkl,train
52298.pkl,train
1345.pkl,train
27491.pkl,train
15285.pkl,train
6870.pkl,train
11757.pkl,train
24212.pkl,train
32992.pkl,train
56272.pkl,train
33677.pkl,train
29010.pkl,train
41366.pkl,train
42234.pkl,train
6080.pkl,train
5540.pkl,train
40314.pkl,train
46480.pkl,train
7148.pkl,train
27055.pkl,train
8621.pkl,train
36286.pkl,train
48379.pkl,train
52274.pkl,train
15717.pkl,train
10605.pkl,train
2544.pkl,train
50850.pkl,train
43132.pkl,train
6576.pkl,train
7312.pkl,train
35697.pkl,train
27703.pkl,train
22922.pkl,train
26983.pkl,train
47803.pkl,train
32000.pkl,train
15970.pkl,train
41332.pkl,train
47297.pkl,train
6134.pkl,train
43524.pkl,train
3322.pkl,train
4293.pkl,train
41382.pkl,train
42136.pkl,train
36357.pkl,train
42069.pkl,train
52743.pkl,train
43993.pkl,train
49592.pkl,train
32568.pkl,train
33229.pkl,train
12699.pkl,train
15700.pkl,train
49405.pkl,train
45584.pkl,train
36294.pkl,train
49252.pkl,train
9009.pkl,train
30713.pkl,train
2534.pkl,train
32817.pkl,train
47014.pkl,train
5955.pkl,train
23232.pkl,train
11177.pkl,train
10722.pkl,train
4613.pkl,train
20946.pkl,train
45274.pkl,train
40887.pkl,train
1217.pkl,train
8337.pkl,train
48421.pkl,train
31946.pkl,train
44713.pkl,train
43222.pkl,train
42144.pkl,train
42324.pkl,train
28424.pkl,train
23493.pkl,train
38630.pkl,train
28973.pkl,train
4422.pkl,train
52048.pkl,train
46048.pkl,train
19428.pkl,train
9216.pkl,train
24376.pkl,train
24113.pkl,train
7270.pkl,train
53129.pkl,train
23428.pkl,train
56013.pkl,train
26825.pkl,train
12466.pkl,train
38368.pkl,train
38343.pkl,train
34482.pkl,train
2825.pkl,train
28686.pkl,train
19666.pkl,train
27472.pkl,train
15503.pkl,train
51927.pkl,train
38818.pkl,train
17031.pkl,train
46538.pkl,train
13274.pkl,train
2678.pkl,train
55064.pkl,train
3229.pkl,train
38495.pkl,train
12110.pkl,train
29446.pkl,train
44722.pkl,train
48256.pkl,train
43234.pkl,train
38715.pkl,train
44089.pkl,train
20284.pkl,train
5191.pkl,train
31786.pkl,train
29336.pkl,train
15567.pkl,train
720.pkl,train
40157.pkl,train
56221.pkl,train
6983.pkl,train
45719.pkl,train
36280.pkl,train
12853.pkl,train
36991.pkl,train
3465.pkl,train
10137.pkl,train
45512.pkl,train
23017.pkl,train
17419.pkl,train
21455.pkl,train
45317.pkl,train
44144.pkl,train
40262.pkl,train
27318.pkl,train
31630.pkl,train
30376.pkl,train
10339.pkl,train
48533.pkl,train
43373.pkl,train
41200.pkl,train
1423.pkl,train
29380.pkl,train
8373.pkl,train
28585.pkl,train
29316.pkl,train
34473.pkl,train
32346.pkl,train
13070.pkl,train
11171.pkl,train
12917.pkl,train
42515.pkl,train
2390.pkl,train
32605.pkl,train
37911.pkl,train
7850.pkl,train
19923.pkl,train
13534.pkl,train
19635.pkl,train
31883.pkl,train
26943.pkl,train
38476.pkl,train
10926.pkl,train
33031.pkl,train
36928.pkl,train
55246.pkl,train
5545.pkl,train
10452.pkl,train
21437.pkl,train
11563.pkl,train
43811.pkl,train
9575.pkl,train
1188.pkl,train
8089.pkl,train
17824.pkl,train
19130.pkl,train
41.pkl,train
56336.pkl,train
586.pkl,train
53566.pkl,train
8052.pkl,train
15364.pkl,train
31920.pkl,train
50013.pkl,train
22025.pkl,train
8095.pkl,train
5228.pkl,train
33104.pkl,train
56812.pkl,train
44020.pkl,train
23259.pkl,train
15299.pkl,train
8432.pkl,train
4374.pkl,train
50752.pkl,train
15618.pkl,train
1191.pkl,train
47688.pkl,train
22338.pkl,train
32657.pkl,train
47728.pkl,train
16601.pkl,train
51107.pkl,train
41736.pkl,train
9736.pkl,train
11326.pkl,train
25314.pkl,train
35713.pkl,train
41522.pkl,train
3847.pkl,train
37381.pkl,train
13563.pkl,train
52500.pkl,train
31782.pkl,train
10621.pkl,train
3345.pkl,train
8739.pkl,train
35945.pkl,train
53187.pkl,train
28183.pkl,train
14673.pkl,train
49902.pkl,train
45318.pkl,train
19519.pkl,train
50947.pkl,train
41506.pkl,train
42729.pkl,train
9360.pkl,train
49124.pkl,train
51285.pkl,train
33143.pkl,train
53816.pkl,train
7660.pkl,train
32008.pkl,train
48202.pkl,train
11934.pkl,train
49186.pkl,train
33212.pkl,train
36067.pkl,train
24325.pkl,train
20556.pkl,train
44768.pkl,train
38932.pkl,train
5396.pkl,train
8058.pkl,train
29193.pkl,train
32035.pkl,train
38258.pkl,train
23251.pkl,train
23230.pkl,train
49613.pkl,train
26301.pkl,train
32500.pkl,train
12434.pkl,train
2182.pkl,train
27291.pkl,train
15918.pkl,train
43089.pkl,train
18448.pkl,train
32124.pkl,train
24830.pkl,train
31574.pkl,train
8301.pkl,train
6387.pkl,train
8109.pkl,train
42557.pkl,train
27180.pkl,train
19684.pkl,train
16470.pkl,train
8635.pkl,train
49621.pkl,train
9270.pkl,train
2480.pkl,train
22225.pkl,train
43069.pkl,train
40161.pkl,train
41916.pkl,train
37172.pkl,train
37444.pkl,train
4267.pkl,train
34634.pkl,train
13480.pkl,train
31953.pkl,train
23781.pkl,train
47334.pkl,train
11151.pkl,train
20634.pkl,train
54844.pkl,train
31060.pkl,train
56888.pkl,train
49662.pkl,train
44344.pkl,train
45787.pkl,train
17710.pkl,train
26676.pkl,train
16890.pkl,train
46570.pkl,train
18371.pkl,train
2063.pkl,train
10341.pkl,train
11436.pkl,train
20854.pkl,train
8402.pkl,train
31104.pkl,train
21760.pkl,train
2160.pkl,train
53289.pkl,train
22231.pkl,train
38548.pkl,train
56383.pkl,train
53768.pkl,train
26623.pkl,train
30957.pkl,train
14655.pkl,train
4699.pkl,train
49452.pkl,train
38410.pkl,train
14228.pkl,train
53002.pkl,train
47350.pkl,train
39575.pkl,train
10305.pkl,train
32739.pkl,train
41386.pkl,train
15947.pkl,train
4232.pkl,train
15796.pkl,train
14917.pkl,train
11725.pkl,train
43994.pkl,train
19863.pkl,train
12522.pkl,train
1012.pkl,train
50527.pkl,train
19729.pkl,train
35376.pkl,train
463.pkl,train
9615.pkl,train
51941.pkl,train
47887.pkl,train
20850.pkl,train
38481.pkl,train
36785.pkl,train
27574.pkl,train
3522.pkl,train
36302.pkl,train
21931.pkl,train
46881.pkl,train
36409.pkl,train
42979.pkl,train
21942.pkl,train
37321.pkl,train
10726.pkl,train
2604.pkl,train
758.pkl,train
47137.pkl,train
2675.pkl,train
22757.pkl,train
43750.pkl,train
27420.pkl,train
36180.pkl,train
14866.pkl,train
20572.pkl,train
2306.pkl,train
33509.pkl,train
5165.pkl,train
15095.pkl,train
25821.pkl,train
39420.pkl,train
37948.pkl,train
15074.pkl,train
8597.pkl,train
7535.pkl,train
48933.pkl,train
22491.pkl,train
48751.pkl,train
25643.pkl,train
33884.pkl,train
36024.pkl,train
8564.pkl,train
47746.pkl,train
49498.pkl,train
51960.pkl,train
44175.pkl,train
7622.pkl,train
9748.pkl,train
54177.pkl,train
23998.pkl,train
41083.pkl,train
39439.pkl,train
39526.pkl,train
9067.pkl,train
20579.pkl,train
18271.pkl,train
46798.pkl,train
15665.pkl,train
45492.pkl,train
27939.pkl,train
41556.pkl,train
24388.pkl,train
49907.pkl,train
14725.pkl,train
51148.pkl,train
17227.pkl,train
11554.pkl,train
28034.pkl,train
19691.pkl,train
45330.pkl,train
23239.pkl,train
20916.pkl,train
10211.pkl,train
7445.pkl,train
35716.pkl,train
20300.pkl,train
9087.pkl,train
32456.pkl,train
35143.pkl,train
22263.pkl,train
49109.pkl,train
54879.pkl,train
4034.pkl,train
28877.pkl,train
30252.pkl,train
13061.pkl,train
45416.pkl,train
50005.pkl,train
15791.pkl,train
27445.pkl,train
32157.pkl,train
28144.pkl,train
41215.pkl,train
9425.pkl,train
2186.pkl,train
22602.pkl,train
44940.pkl,train
32709.pkl,train
54759.pkl,train
35087.pkl,train
48813.pkl,train
8250.pkl,train
5239.pkl,train
45657.pkl,train
1220.pkl,train
43978.pkl,train
7357.pkl,train
2862.pkl,train
40131.pkl,train
11320.pkl,train
17036.pkl,train
5568.pkl,train
56123.pkl,train
14923.pkl,train
52599.pkl,train
19246.pkl,train
17339.pkl,train
47891.pkl,train
19569.pkl,train
45464.pkl,train
34540.pkl,train
13491.pkl,train
39489.pkl,train
36828.pkl,train
35963.pkl,train
33849.pkl,train
35022.pkl,train
42118.pkl,train
19136.pkl,train
28873.pkl,train
44113.pkl,train
40738.pkl,train
48588.pkl,train
11193.pkl,train
16426.pkl,train
11168.pkl,train
53460.pkl,train
50677.pkl,train
46216.pkl,train
733.pkl,train
38518.pkl,train
20909.pkl,train
36414.pkl,train
40495.pkl,train
20036.pkl,train
32776.pkl,train
21787.pkl,train
28911.pkl,train
34944.pkl,train
35377.pkl,train
2418.pkl,train
51567.pkl,train
4963.pkl,train
55803.pkl,train
11124.pkl,train
37785.pkl,train
31385.pkl,train
23884.pkl,train
22236.pkl,train
18872.pkl,train
20543.pkl,train
47277.pkl,train
37333.pkl,train
35136.pkl,train
45045.pkl,train
31912.pkl,train
49508.pkl,train
25663.pkl,train
55176.pkl,train
40512.pkl,train
53563.pkl,train
44243.pkl,train
43721.pkl,train
29404.pkl,train
54388.pkl,train
51099.pkl,train
38635.pkl,train
22952.pkl,train
35725.pkl,train
23925.pkl,train
31585.pkl,train
5937.pkl,train
52098.pkl,train
34474.pkl,train
3665.pkl,train
9450.pkl,train
39450.pkl,train
17705.pkl,train
48627.pkl,train
25819.pkl,train
2872.pkl,train
33757.pkl,train
27834.pkl,train
14304.pkl,train
54684.pkl,train
38793.pkl,train
25523.pkl,train
54169.pkl,train
31261.pkl,train
30025.pkl,train
37697.pkl,train
36237.pkl,train
42659.pkl,train
35475.pkl,train
55587.pkl,train
3784.pkl,train
23193.pkl,train
28815.pkl,train
54637.pkl,train
16241.pkl,train
28968.pkl,train
11914.pkl,train
40287.pkl,train
34440.pkl,train
41476.pkl,train
33729.pkl,train
25058.pkl,train
28065.pkl,train
35527.pkl,train
30664.pkl,train
31485.pkl,train
36920.pkl,train
43800.pkl,train
35171.pkl,train
13353.pkl,train
37166.pkl,train
40274.pkl,train
14974.pkl,train
40072.pkl,train
22719.pkl,train
23893.pkl,train
49018.pkl,train
43892.pkl,train
854.pkl,train
46549.pkl,train
37488.pkl,train
34135.pkl,train
21980.pkl,train
41420.pkl,train
27094.pkl,train
33753.pkl,train
5643.pkl,train
19815.pkl,train
21687.pkl,train
2344.pkl,train
33850.pkl,train
20701.pkl,train
10785.pkl,train
1595.pkl,train
32006.pkl,train
26669.pkl,train
27252.pkl,train
49796.pkl,train
19416.pkl,train
24166.pkl,train
17752.pkl,train
2046.pkl,train
39757.pkl,train
42937.pkl,train
10268.pkl,train
53754.pkl,train
24780.pkl,train
36862.pkl,train
4334.pkl,train
45027.pkl,train
52597.pkl,train
49152.pkl,train
36777.pkl,train
52242.pkl,train
43094.pkl,train
20124.pkl,train
46429.pkl,train
22720.pkl,train
11325.pkl,train
52930.pkl,train
18483.pkl,train
21374.pkl,train
40750.pkl,train
37790.pkl,train
55504.pkl,train
18022.pkl,train
42731.pkl,train
10607.pkl,train
12416.pkl,train
35771.pkl,train
20392.pkl,train
53081.pkl,train
27944.pkl,train
49334.pkl,train
45434.pkl,train
2325.pkl,train
20697.pkl,train
30755.pkl,train
47701.pkl,train
30628.pkl,train
29831.pkl,train
37587.pkl,train
12370.pkl,train
24587.pkl,train
28977.pkl,train
28886.pkl,train
1867.pkl,train
20686.pkl,train
8830.pkl,train
50522.pkl,train
16319.pkl,train
19536.pkl,train
6186.pkl,train
34171.pkl,train
38415.pkl,train
35254.pkl,train
18954.pkl,train
44157.pkl,train
48270.pkl,train
19251.pkl,train
52422.pkl,train
45410.pkl,train
25343.pkl,train
31644.pkl,train
2343.pkl,train
2153.pkl,train
34053.pkl,train
19138.pkl,train
24955.pkl,train
49041.pkl,train
25629.pkl,train
26081.pkl,train
32088.pkl,train
14860.pkl,train
51089.pkl,train
27432.pkl,train
51643.pkl,train
54951.pkl,train
26882.pkl,train
10267.pkl,train
10568.pkl,train
37521.pkl,train
3543.pkl,train
52406.pkl,train
40553.pkl,train
29885.pkl,train
2501.pkl,train
50854.pkl,train
47704.pkl,train
56202.pkl,train
7692.pkl,train
1546.pkl,train
46893.pkl,train
30137.pkl,train
44368.pkl,train
26544.pkl,train
53450.pkl,train
30249.pkl,train
53469.pkl,train
18379.pkl,train
9192.pkl,train
20793.pkl,train
4418.pkl,train
19231.pkl,train
13701.pkl,train
42361.pkl,train
25804.pkl,train
41402.pkl,train
50602.pkl,train
43295.pkl,train
47204.pkl,train
29908.pkl,train
32021.pkl,train
50077.pkl,train
38728.pkl,train
40289.pkl,train
46133.pkl,train
52299.pkl,train
24010.pkl,train
2777.pkl,train
21456.pkl,train
5279.pkl,train
4728.pkl,train
16717.pkl,train
24808.pkl,train
20650.pkl,train
23583.pkl,train
50349.pkl,train
22590.pkl,train
16539.pkl,train
46678.pkl,train
10222.pkl,train
17364.pkl,train
13947.pkl,train
35443.pkl,train
43126.pkl,train
7097.pkl,train
39924.pkl,train
41220.pkl,train
45223.pkl,train
41088.pkl,train
33263.pkl,train
14052.pkl,train
34575.pkl,train
1636.pkl,train
4157.pkl,train
54985.pkl,train
53489.pkl,train
35206.pkl,train
53251.pkl,train
39781.pkl,train
33256.pkl,train
46689.pkl,train
31276.pkl,train
45832.pkl,train
1301.pkl,train
52267.pkl,train
26315.pkl,train
18792.pkl,train
9044.pkl,train
26194.pkl,train
7765.pkl,train
5401.pkl,train
55986.pkl,train
6520.pkl,train
52879.pkl,train
26679.pkl,train
3454.pkl,train
56438.pkl,train
23237.pkl,train
35014.pkl,train
53220.pkl,train
37418.pkl,train
47976.pkl,train
11167.pkl,train
50888.pkl,train
6640.pkl,train
10009.pkl,train
3101.pkl,train
8462.pkl,train
38950.pkl,train
23677.pkl,train
18264.pkl,train
20135.pkl,train
52782.pkl,train
26119.pkl,train
11773.pkl,train
22819.pkl,train
22036.pkl,train
36833.pkl,train
55130.pkl,train
20989.pkl,train
49904.pkl,train
25095.pkl,train
44569.pkl,train
19458.pkl,train
38037.pkl,train
54268.pkl,train
1076.pkl,train
19162.pkl,train
36609.pkl,train
5751.pkl,train
48720.pkl,train
39572.pkl,train
32604.pkl,train
40196.pkl,train
26920.pkl,train
40189.pkl,train
45586.pkl,train
46458.pkl,train
10887.pkl,train
47720.pkl,train
125.pkl,train
55074.pkl,train
4063.pkl,train
12467.pkl,train
55209.pkl,train
3253.pkl,train
40053.pkl,train
4559.pkl,train
16468.pkl,train
8623.pkl,train
34732.pkl,train
444.pkl,train
26362.pkl,train
34249.pkl,train
17575.pkl,train
26745.pkl,train
41250.pkl,train
44641.pkl,train
44839.pkl,train
50435.pkl,train
41704.pkl,train
11074.pkl,train
23692.pkl,train
16775.pkl,train
45520.pkl,train
42126.pkl,train
42226.pkl,train
42873.pkl,train
40880.pkl,train
45899.pkl,train
37352.pkl,train
22150.pkl,train
12340.pkl,train
25481.pkl,train
48817.pkl,train
34177.pkl,train
43022.pkl,train
18837.pkl,train
13805.pkl,train
54119.pkl,train
32967.pkl,train
5010.pkl,train
10777.pkl,train
10274.pkl,train
2695.pkl,train
49543.pkl,train
3121.pkl,train
1841.pkl,train
19384.pkl,train
12313.pkl,train
8520.pkl,train
43441.pkl,train
9104.pkl,train
25950.pkl,train
42741.pkl,train
38141.pkl,train
11939.pkl,train
12337.pkl,train
6943.pkl,train
45206.pkl,train
48983.pkl,train
4898.pkl,train
2122.pkl,train
44660.pkl,train
52215.pkl,train
43042.pkl,train
47230.pkl,train
1969.pkl,train
222.pkl,train
34137.pkl,train
43677.pkl,train
15719.pkl,train
22199.pkl,train
17310.pkl,train
2845.pkl,train
38636.pkl,train
21281.pkl,train
4860.pkl,train
51746.pkl,train
30491.pkl,train
52856.pkl,train
15293.pkl,train
52937.pkl,train
44781.pkl,train
3481.pkl,train
30582.pkl,train
49056.pkl,train
31753.pkl,train
49317.pkl,train
50513.pkl,train
3664.pkl,train
34301.pkl,train
27704.pkl,train
26023.pkl,train
17078.pkl,train
50142.pkl,train
35494.pkl,train
2587.pkl,train
24110.pkl,train
46288.pkl,train
21704.pkl,train
55664.pkl,train
44460.pkl,train
450.pkl,train
44523.pkl,train
20160.pkl,train
49800.pkl,train
49835.pkl,train
55119.pkl,train
51304.pkl,train
15875.pkl,train
24591.pkl,train
52007.pkl,train
7452.pkl,train
28996.pkl,train
35883.pkl,train
32188.pkl,train
24143.pkl,train
47668.pkl,train
10123.pkl,train
7438.pkl,train
43728.pkl,train
34160.pkl,train
9433.pkl,train
31073.pkl,train
43428.pkl,train
48283.pkl,train
35606.pkl,train
10198.pkl,train
28211.pkl,train
39648.pkl,train
49936.pkl,train
48965.pkl,train
53502.pkl,train
37640.pkl,train
13183.pkl,train
55460.pkl,train
25534.pkl,train
246.pkl,train
27396.pkl,train
11043.pkl,train
20142.pkl,train
56134.pkl,train
25155.pkl,train
37240.pkl,train
21464.pkl,train
19240.pkl,train
19306.pkl,train
15137.pkl,train
23953.pkl,train
13695.pkl,train
55302.pkl,train
41453.pkl,train
17993.pkl,train
46222.pkl,train
24081.pkl,train
53884.pkl,train
13840.pkl,train
25414.pkl,train
28039.pkl,train
11347.pkl,train
17065.pkl,train
29903.pkl,train
54480.pkl,train
39743.pkl,train
13413.pkl,train
10372.pkl,train
5294.pkl,train
56689.pkl,train
14043.pkl,train
43902.pkl,train
24186.pkl,train
1145.pkl,train
7080.pkl,train
2379.pkl,train
24995.pkl,train
14791.pkl,train
33351.pkl,train
53625.pkl,train
55694.pkl,train
2042.pkl,train
22147.pkl,train
4514.pkl,train
50763.pkl,train
3961.pkl,train
21074.pkl,train
53883.pkl,train
21665.pkl,train
42358.pkl,train
37076.pkl,train
21488.pkl,train
20872.pkl,train
9966.pkl,train
30892.pkl,train
23531.pkl,train
53879.pkl,train
22669.pkl,train
24941.pkl,train
4689.pkl,train
14888.pkl,train
39635.pkl,train
24408.pkl,train
41662.pkl,train
16857.pkl,train
19125.pkl,train
27090.pkl,train
24675.pkl,train
44890.pkl,train
5615.pkl,train
33040.pkl,train
16129.pkl,train
29932.pkl,train
4572.pkl,train
30162.pkl,train
243.pkl,train
8604.pkl,train
39945.pkl,train
1692.pkl,train
3581.pkl,train
44644.pkl,train
55463.pkl,train
17301.pkl,train
41686.pkl,train
27999.pkl,train
7573.pkl,train
28504.pkl,train
14412.pkl,train
42021.pkl,train
47319.pkl,train
11564.pkl,train
36291.pkl,train
12782.pkl,train
16943.pkl,train
28363.pkl,train
25687.pkl,train
12374.pkl,train
12252.pkl,train
3453.pkl,train
47153.pkl,train
11804.pkl,train
41719.pkl,train
42122.pkl,train
37036.pkl,train
2352.pkl,train
12599.pkl,train
20115.pkl,train
36290.pkl,train
38042.pkl,train
28844.pkl,train
2879.pkl,train
7567.pkl,train
38833.pkl,train
39064.pkl,train
11962.pkl,train
4084.pkl,train
11176.pkl,train
2918.pkl,train
18825.pkl,train
21324.pkl,train
54880.pkl,train
39868.pkl,train
10110.pkl,train
17122.pkl,train
31208.pkl,train
8407.pkl,train
550.pkl,train
44573.pkl,train
54950.pkl,train
17201.pkl,train
35133.pkl,train
2435.pkl,train
2326.pkl,train
43847.pkl,train
9618.pkl,train
28153.pkl,train
31669.pkl,train
4315.pkl,train
21387.pkl,train
33423.pkl,train
40276.pkl,train
16952.pkl,train
39919.pkl,train
21746.pkl,train
45979.pkl,train
52573.pkl,train
55950.pkl,train
17056.pkl,train
34714.pkl,train
52737.pkl,train
25267.pkl,train
9079.pkl,train
26682.pkl,train
28655.pkl,train
50246.pkl,train
2278.pkl,train
17460.pkl,train
47366.pkl,train
1908.pkl,train
14211.pkl,train
55361.pkl,train
16715.pkl,train
35662.pkl,train
15650.pkl,train
15032.pkl,train
7704.pkl,train
26648.pkl,train
56750.pkl,train
39583.pkl,train
42626.pkl,train
53240.pkl,train
45150.pkl,train
44513.pkl,train
11923.pkl,train
31657.pkl,train
37353.pkl,train
47010.pkl,train
26303.pkl,train
37780.pkl,train
42461.pkl,train
50723.pkl,train
47707.pkl,train
29184.pkl,train
25815.pkl,train
40663.pkl,train
33519.pkl,train
55240.pkl,train
4527.pkl,train
44681.pkl,train
36593.pkl,train
55220.pkl,train
25143.pkl,train
53636.pkl,train
13815.pkl,train
25542.pkl,train
35296.pkl,train
17061.pkl,train
37200.pkl,train
39375.pkl,train
26153.pkl,train
39961.pkl,train
41745.pkl,train
1967.pkl,train
22309.pkl,train
54059.pkl,train
29496.pkl,train
15971.pkl,train
33324.pkl,train
34659.pkl,train
8800.pkl,train
36941.pkl,train
12074.pkl,train
3450.pkl,train
25166.pkl,train
32183.pkl,train
19671.pkl,train
39369.pkl,train
4817.pkl,train
53026.pkl,train
19887.pkl,train
10839.pkl,train
28001.pkl,train
16787.pkl,train
44288.pkl,train
11388.pkl,train
44729.pkl,train
10449.pkl,train
29774.pkl,train
13819.pkl,train
11869.pkl,train
29540.pkl,train
41162.pkl,train
41841.pkl,train
16234.pkl,train
54294.pkl,train
41175.pkl,train
31859.pkl,train
931.pkl,train
15021.pkl,train
34971.pkl,train
52936.pkl,train
25038.pkl,train
1943.pkl,train
25996.pkl,train
4716.pkl,train
15867.pkl,train
15476.pkl,train
19634.pkl,train
25217.pkl,train
6344.pkl,train
9387.pkl,train
11597.pkl,train
13852.pkl,train
14844.pkl,train
26442.pkl,train
7440.pkl,train
7953.pkl,train
17908.pkl,train
1236.pkl,train
21810.pkl,train
50333.pkl,train
375.pkl,train
28244.pkl,train
30799.pkl,train
14368.pkl,train
30243.pkl,train
29684.pkl,train
36717.pkl,train
27688.pkl,train
43708.pkl,train
36899.pkl,train
15686.pkl,train
40739.pkl,train
48131.pkl,train
35388.pkl,train
11095.pkl,train
34269.pkl,train
31411.pkl,train
50228.pkl,train
9112.pkl,train
10499.pkl,train
24624.pkl,train
18539.pkl,train
26373.pkl,train
42276.pkl,train
41369.pkl,train
36041.pkl,train
31030.pkl,train
3686.pkl,train
30292.pkl,train
48004.pkl,train
30293.pkl,train
1035.pkl,train
49014.pkl,train
14650.pkl,train
6204.pkl,train
54762.pkl,train
8412.pkl,train
35165.pkl,train
51119.pkl,train
1842.pkl,train
20199.pkl,train
31198.pkl,train
23504.pkl,train
19794.pkl,train
45703.pkl,train
26238.pkl,train
53536.pkl,train
15744.pkl,train
55655.pkl,train
50085.pkl,train
15423.pkl,train
20461.pkl,train
18215.pkl,train
24290.pkl,train
56551.pkl,train
24204.pkl,train
18487.pkl,train
17821.pkl,train
47941.pkl,train
28213.pkl,train
15759.pkl,train
48552.pkl,train
14015.pkl,train
1779.pkl,train
29144.pkl,train
1517.pkl,train
3205.pkl,train
15617.pkl,train
24792.pkl,train
25300.pkl,train
24220.pkl,train
17219.pkl,train
45262.pkl,train
19085.pkl,train
3640.pkl,train
28459.pkl,train
28573.pkl,train
52265.pkl,train
22577.pkl,train
13925.pkl,train
45377.pkl,train
15627.pkl,train
5251.pkl,train
28717.pkl,train
35148.pkl,train
19459.pkl,train
895.pkl,train
52529.pkl,train
29713.pkl,train
1775.pkl,train
26790.pkl,train
55825.pkl,train
27380.pkl,train
56384.pkl,train
56746.pkl,train
41782.pkl,train
28795.pkl,train
25231.pkl,train
49512.pkl,train
35735.pkl,train
25216.pkl,train
25708.pkl,train
43635.pkl,train
13426.pkl,train
23551.pkl,train
46391.pkl,train
44578.pkl,train
19051.pkl,train
40146.pkl,train
9346.pkl,train
5463.pkl,train
18717.pkl,train
33409.pkl,train
14984.pkl,train
25133.pkl,train
39376.pkl,train
41080.pkl,train
11704.pkl,train
29008.pkl,train
10317.pkl,train
6595.pkl,train
8680.pkl,train
50145.pkl,train
6919.pkl,train
8594.pkl,train
12629.pkl,train
10729.pkl,train
18613.pkl,train
42759.pkl,train
23044.pkl,train
4630.pkl,train
51997.pkl,train
43803.pkl,train
19577.pkl,train
49692.pkl,train
1736.pkl,train
26028.pkl,train
13039.pkl,train
53543.pkl,train
53759.pkl,train
39156.pkl,train
37322.pkl,train
39198.pkl,train
54744.pkl,train
50137.pkl,train
27590.pkl,train
29616.pkl,train
22954.pkl,train
28306.pkl,train
26342.pkl,train
20282.pkl,train
3376.pkl,train
27018.pkl,train
29924.pkl,train
8543.pkl,train
37502.pkl,train
35007.pkl,train
19616.pkl,train
52580.pkl,train
41437.pkl,train
8262.pkl,train
24233.pkl,train
240.pkl,train
3791.pkl,train
7857.pkl,train
6507.pkl,train
28921.pkl,train
38381.pkl,train
32365.pkl,train
40588.pkl,train
29069.pkl,train
24798.pkl,train
50545.pkl,train
48384.pkl,train
5694.pkl,train
17998.pkl,train
53719.pkl,train
14962.pkl,train
34558.pkl,train
13866.pkl,train
5966.pkl,train
34625.pkl,train
24912.pkl,train
27071.pkl,train
34076.pkl,train
47417.pkl,train
55500.pkl,train
35667.pkl,train
23204.pkl,train
19446.pkl,train
35149.pkl,train
5289.pkl,train
44773.pkl,train
39546.pkl,train
12417.pkl,train
43385.pkl,train
10180.pkl,train
34528.pkl,train
7247.pkl,train
31904.pkl,train
17464.pkl,train
41186.pkl,train
3930.pkl,train
28940.pkl,train
35021.pkl,train
25510.pkl,train
47806.pkl,train
54745.pkl,train
22725.pkl,train
10396.pkl,train
48706.pkl,train
24354.pkl,train
29525.pkl,train
8487.pkl,train
10904.pkl,train
32511.pkl,train
13745.pkl,train
47312.pkl,train
45635.pkl,train
42148.pkl,train
55410.pkl,train
50512.pkl,train
36163.pkl,train
11745.pkl,train
31522.pkl,train
12645.pkl,train
3702.pkl,train
28221.pkl,train
4883.pkl,train
20100.pkl,train
18299.pkl,train
18676.pkl,train
21104.pkl,train
46230.pkl,train
9900.pkl,train
18162.pkl,train
49047.pkl,train
46507.pkl,train
4054.pkl,train
609.pkl,train
25086.pkl,train
56289.pkl,train
46993.pkl,train
13857.pkl,train
41106.pkl,train
51174.pkl,train
29086.pkl,train
17325.pkl,train
21601.pkl,train
30464.pkl,train
22442.pkl,train
44505.pkl,train
2312.pkl,train
32255.pkl,train
26066.pkl,train
42524.pkl,train
8374.pkl,train
11615.pkl,train
21865.pkl,train
55873.pkl,train
29756.pkl,train
44824.pkl,train
4535.pkl,train
8073.pkl,train
22500.pkl,train
31027.pkl,train
2793.pkl,train
54520.pkl,train
45918.pkl,train
26560.pkl,train
21063.pkl,train
54749.pkl,train
54038.pkl,train
19979.pkl,train
7065.pkl,train
12760.pkl,train
4074.pkl,train
56931.pkl,train
50241.pkl,train
891.pkl,train
40204.pkl,train
2424.pkl,train
51992.pkl,train
23946.pkl,train
957.pkl,train
25171.pkl,train
47770.pkl,train
54914.pkl,train
40948.pkl,train
6861.pkl,train
35241.pkl,train
21844.pkl,train
39813.pkl,train
1797.pkl,train
50846.pkl,train
2099.pkl,train
13848.pkl,train
15312.pkl,train
21591.pkl,train
42896.pkl,train
55358.pkl,train
40847.pkl,train
22174.pkl,train
9460.pkl,train
39032.pkl,train
40369.pkl,train
893.pkl,train
1669.pkl,train
50014.pkl,train
43327.pkl,train
6824.pkl,train
54447.pkl,train
43113.pkl,train
36412.pkl,train
1608.pkl,train
5495.pkl,train
15398.pkl,train
36070.pkl,train
15720.pkl,train
55539.pkl,train
13927.pkl,train
31172.pkl,train
55298.pkl,train
27732.pkl,train
34931.pkl,train
30532.pkl,train
20323.pkl,train
24966.pkl,train
37619.pkl,train
22232.pkl,train
7680.pkl,train
36112.pkl,train
45070.pkl,train
1656.pkl,train
2108.pkl,train
50012.pkl,train
45157.pkl,train
36486.pkl,train
26325.pkl,train
3929.pkl,train
28621.pkl,train
38913.pkl,train
35405.pkl,train
54429.pkl,train
55854.pkl,train
6368.pkl,train
33129.pkl,train
39921.pkl,train
41494.pkl,train
16029.pkl,train
35223.pkl,train
24121.pkl,train
43898.pkl,train
44609.pkl,train
52119.pkl,train
25985.pkl,train
35773.pkl,train
30271.pkl,train
38605.pkl,train
4416.pkl,train
11912.pkl,train
41743.pkl,train
45097.pkl,train
18572.pkl,train
39248.pkl,train
53642.pkl,train
43381.pkl,train
51989.pkl,train
17584.pkl,train
203.pkl,train
6577.pkl,train
32425.pkl,train
31994.pkl,train
2014.pkl,train
45552.pkl,train
4607.pkl,train
21932.pkl,train
7681.pkl,train
26580.pkl,train
6745.pkl,train
22996.pkl,train
49086.pkl,train
19219.pkl,train
2068.pkl,train
40082.pkl,train
10529.pkl,train
31951.pkl,train
38220.pkl,train
25325.pkl,train
35769.pkl,train
6290.pkl,train
28629.pkl,train
49725.pkl,train
53409.pkl,train
18110.pkl,train
54116.pkl,train
36442.pkl,train
1122.pkl,train
1144.pkl,train
42624.pkl,train
7.pkl,train
2689.pkl,train
51118.pkl,train
10932.pkl,train
56210.pkl,train
45964.pkl,train
46607.pkl,train
20685.pkl,train
28075.pkl,train
51730.pkl,train
54983.pkl,train
52687.pkl,train
29333.pkl,train
8034.pkl,train
35994.pkl,train
47511.pkl,train
40704.pkl,train
43235.pkl,train
28860.pkl,train
10491.pkl,train
16149.pkl,train
38811.pkl,train
23701.pkl,train
32121.pkl,train
16676.pkl,train
25132.pkl,train
4788.pkl,train
26666.pkl,train
43967.pkl,train
41959.pkl,train
1451.pkl,train
23637.pkl,train
30608.pkl,train
4216.pkl,train
36137.pkl,train
7172.pkl,train
35280.pkl,train
25229.pkl,train
9224.pkl,train
33926.pkl,train
34757.pkl,train
22802.pkl,train
13016.pkl,train
27815.pkl,train
29186.pkl,train
1278.pkl,train
9255.pkl,train
25977.pkl,train
50516.pkl,train
15845.pkl,train
26188.pkl,train
660.pkl,train
688.pkl,train
7369.pkl,train
8289.pkl,train
8210.pkl,train
46035.pkl,train
15812.pkl,train
12233.pkl,train
14081.pkl,train
31298.pkl,train
926.pkl,train
48273.pkl,train
32730.pkl,train
1409.pkl,train
16655.pkl,train
30598.pkl,train
33466.pkl,train
56276.pkl,train
54295.pkl,train
13275.pkl,train
29705.pkl,train
2935.pkl,train
33681.pkl,train
46631.pkl,train
7942.pkl,train
15304.pkl,train
31726.pkl,train
39442.pkl,train
47460.pkl,train
19211.pkl,train
28987.pkl,train
27428.pkl,train
44962.pkl,train
3332.pkl,train
53895.pkl,train
18599.pkl,train
38121.pkl,train
14832.pkl,train
22853.pkl,train
13299.pkl,train
9856.pkl,train
16075.pkl,train
37523.pkl,train
623.pkl,train
36695.pkl,train
3828.pkl,train
29982.pkl,train
37674.pkl,train
38025.pkl,train
30888.pkl,train
15175.pkl,train
32437.pkl,train
27400.pkl,train
30444.pkl,train
37595.pkl,train
44468.pkl,train
25036.pkl,train
5037.pkl,train
35160.pkl,train
23209.pkl,train
44046.pkl,train
11.pkl,train
13820.pkl,train
34938.pkl,train
32366.pkl,train
51426.pkl,train
32408.pkl,train
51242.pkl,train
20103.pkl,train
11033.pkl,train
26893.pkl,train
51756.pkl,train
46332.pkl,train
3537.pkl,train
31842.pkl,train
47048.pkl,train
48671.pkl,train
56348.pkl,train
18362.pkl,train
13332.pkl,train
41266.pkl,train
48290.pkl,train
50385.pkl,train
56184.pkl,train
46718.pkl,train
113.pkl,train
1732.pkl,train
43335.pkl,train
11209.pkl,train
47049.pkl,train
7828.pkl,train
19305.pkl,train
44811.pkl,train
5827.pkl,train
1798.pkl,train
26193.pkl,train
42272.pkl,train
6373.pkl,train
54051.pkl,train
10105.pkl,train
25880.pkl,train
19236.pkl,train
24537.pkl,train
11637.pkl,train
29476.pkl,train
36930.pkl,train
32424.pkl,train
55583.pkl,train
29687.pkl,train
15857.pkl,train
34812.pkl,train
50146.pkl,train
25681.pkl,train
7956.pkl,train
2945.pkl,train
50718.pkl,train
23789.pkl,train
17946.pkl,train
13050.pkl,train
40505.pkl,train
16692.pkl,train
221.pkl,train
29465.pkl,train
40981.pkl,train
16398.pkl,train
33329.pkl,train
28250.pkl,train
19718.pkl,train
11059.pkl,train
9696.pkl,train
1139.pkl,train
33767.pkl,train
50384.pkl,train
34247.pkl,train
14915.pkl,train
44871.pkl,train
33348.pkl,train
2959.pkl,train
4777.pkl,train
48550.pkl,train
11740.pkl,train
8495.pkl,train
14943.pkl,train
1007.pkl,train
19930.pkl,train
1968.pkl,train
49841.pkl,train
24705.pkl,train
51302.pkl,train
41262.pkl,train
20084.pkl,train
21539.pkl,train
51279.pkl,train
55959.pkl,train
14299.pkl,train
20314.pkl,train
11850.pkl,train
12156.pkl,train
482.pkl,train
23867.pkl,train
34038.pkl,train
25965.pkl,train
40526.pkl,train
9569.pkl,train
39507.pkl,train
8855.pkl,train
11020.pkl,train
24641.pkl,train
7710.pkl,train
31040.pkl,train
19265.pkl,train
14837.pkl,train
16729.pkl,train
17934.pkl,train
29636.pkl,train
28111.pkl,train
18513.pkl,train
46628.pkl,train
24855.pkl,train
30351.pkl,train
8049.pkl,train
22869.pkl,train
11667.pkl,train
44727.pkl,train
25459.pkl,train
32804.pkl,train
46131.pkl,train
19503.pkl,train
37091.pkl,train
33210.pkl,train
32797.pkl,train
34290.pkl,train
8756.pkl,train
2832.pkl,train
54335.pkl,train
10261.pkl,train
17578.pkl,train
50015.pkl,train
41470.pkl,train
4306.pkl,train
40357.pkl,train
27363.pkl,train
3730.pkl,train
30863.pkl,train
50195.pkl,train
26549.pkl,train
17009.pkl,train
50558.pkl,train
27269.pkl,train
6825.pkl,train
55737.pkl,train
34927.pkl,train
601.pkl,train
3276.pkl,train
12794.pkl,train
29896.pkl,train
5244.pkl,train
39306.pkl,train
47722.pkl,train
17921.pkl,train
28136.pkl,train
24538.pkl,train
31109.pkl,train
9090.pkl,train
17176.pkl,train
11378.pkl,train
16170.pkl,train
10118.pkl,train
41432.pkl,train
30187.pkl,train
21007.pkl,train
13181.pkl,train
19507.pkl,train
26869.pkl,train
16792.pkl,train
13909.pkl,train
51791.pkl,train
31836.pkl,train
39224.pkl,train
46687.pkl,train
6954.pkl,train
27098.pkl,train
52707.pkl,train
37310.pkl,train
45442.pkl,train
48513.pkl,train
17193.pkl,train
35001.pkl,train
8881.pkl,train
10230.pkl,train
30411.pkl,train
12504.pkl,train
50815.pkl,train
47583.pkl,train
30737.pkl,train
46642.pkl,train
9779.pkl,train
18021.pkl,train
18230.pkl,train
34393.pkl,train
4154.pkl,train
51700.pkl,train
31354.pkl,train
52407.pkl,train
34315.pkl,train
45385.pkl,train
16268.pkl,train
1258.pkl,train
7063.pkl,train
52638.pkl,train
9970.pkl,train
27032.pkl,train
4137.pkl,train
10555.pkl,train
27061.pkl,train
52424.pkl,train
40103.pkl,train
27153.pkl,train
12942.pkl,train
18163.pkl,train
56246.pkl,train
24129.pkl,train
23536.pkl,train
31232.pkl,train
54426.pkl,train
51237.pkl,train
54202.pkl,train
34501.pkl,train
48562.pkl,train
51361.pkl,train
1148.pkl,train
21991.pkl,train
20418.pkl,train
46995.pkl,train
45548.pkl,train
22945.pkl,train
34735.pkl,train
43455.pkl,train
32406.pkl,train
41881.pkl,train
51583.pkl,train
27034.pkl,train
51106.pkl,train
28463.pkl,train
40307.pkl,train
39755.pkl,train
45276.pkl,train
10773.pkl,train
7668.pkl,train
27296.pkl,train
8272.pkl,train
36951.pkl,train
7111.pkl,train
54975.pkl,train
35490.pkl,train
32439.pkl,train
47905.pkl,train
22727.pkl,train
40582.pkl,train
2903.pkl,train
54098.pkl,train
3729.pkl,train
47855.pkl,train
5958.pkl,train
56322.pkl,train
23227.pkl,train
32982.pkl,train
45867.pkl,train
264.pkl,train
33419.pkl,train
2271.pkl,train
16870.pkl,train
15621.pkl,train
14383.pkl,train
39181.pkl,train
46430.pkl,train
20651.pkl,train
26667.pkl,train
7638.pkl,train
40350.pkl,train
7633.pkl,train
9069.pkl,train
5563.pkl,train
51812.pkl,train
52044.pkl,train
45905.pkl,train
528.pkl,train
288.pkl,train
42430.pkl,train
32142.pkl,train
5894.pkl,train
31799.pkl,train
27188.pkl,train
25168.pkl,train
35550.pkl,train
16297.pkl,train
25135.pkl,train
55206.pkl,train
41015.pkl,train
38661.pkl,train
24348.pkl,train
39651.pkl,train
40031.pkl,train
54646.pkl,train
5570.pkl,train
24938.pkl,train
304.pkl,train
9817.pkl,train
8362.pkl,train
24741.pkl,train
16572.pkl,train
45078.pkl,train
56682.pkl,train
27031.pkl,train
25362.pkl,train
32040.pkl,train
19652.pkl,train
33037.pkl,train
39699.pkl,train
46291.pkl,train
24043.pkl,train
8652.pkl,train
37377.pkl,train
41037.pkl,train
28453.pkl,train
52183.pkl,train
3215.pkl,train
35309.pkl,train
25928.pkl,train
55908.pkl,train
24676.pkl,train
13325.pkl,train
49391.pkl,train
42716.pkl,train
51143.pkl,train
8972.pkl,train
41327.pkl,train
14901.pkl,train
19143.pkl,train
36054.pkl,train
4493.pkl,train
35968.pkl,train
7528.pkl,train
53517.pkl,train
39559.pkl,train
44664.pkl,train
19153.pkl,train
54471.pkl,train
4407.pkl,train
35599.pkl,train
24816.pkl,train
31077.pkl,train
47848.pkl,train
55953.pkl,train
34928.pkl,train
22484.pkl,train
26824.pkl,train
48180.pkl,train
10443.pkl,train
44902.pkl,train
5667.pkl,train
52835.pkl,train
45542.pkl,train
48121.pkl,train
45275.pkl,train
48644.pkl,train
38303.pkl,train
40465.pkl,train
24488.pkl,train
36121.pkl,train
24977.pkl,train
3220.pkl,train
11624.pkl,train
36838.pkl,train
26406.pkl,train
13987.pkl,train
18182.pkl,train
17035.pkl,train
11981.pkl,train
47500.pkl,train
51222.pkl,train
1070.pkl,train
6713.pkl,train
29844.pkl,train
48120.pkl,train
21708.pkl,train
14370.pkl,train
6803.pkl,train
50110.pkl,train
2787.pkl,train
35225.pkl,train
6044.pkl,train
37088.pkl,train
40661.pkl,train
36812.pkl,train
14341.pkl,train
26476.pkl,train
14298.pkl,train
35260.pkl,train
11503.pkl,train
52478.pkl,train
2731.pkl,train
24650.pkl,train
40532.pkl,train
50374.pkl,train
25959.pkl,train
55969.pkl,train
30557.pkl,train
1506.pkl,train
26584.pkl,train
47881.pkl,train
40173.pkl,train
39387.pkl,train
31282.pkl,train
28475.pkl,train
16310.pkl,train
24558.pkl,train
33832.pkl,train
2867.pkl,train
38956.pkl,train
3290.pkl,train
54530.pkl,train
50437.pkl,train
17706.pkl,train
13094.pkl,train
3166.pkl,train
23932.pkl,train
6251.pkl,train
38377.pkl,train
9755.pkl,train
53849.pkl,train
5144.pkl,train
46534.pkl,train
55773.pkl,train
32763.pkl,train
43650.pkl,train
22535.pkl,train
48820.pkl,train
37874.pkl,train
53700.pkl,train
1696.pkl,train
47294.pkl,train
27956.pkl,train
25435.pkl,train
6972.pkl,train
22582.pkl,train
22966.pkl,train
19808.pkl,train
3488.pkl,train
53944.pkl,train
40667.pkl,train
18884.pkl,train
19468.pkl,train
49531.pkl,train
10565.pkl,train
54853.pkl,train
50946.pkl,train
31153.pkl,train
5572.pkl,train
32098.pkl,train
14203.pkl,train
20730.pkl,train
41070.pkl,train
16483.pkl,train
45271.pkl,train
6090.pkl,train
33396.pkl,train
45705.pkl,train
5912.pkl,train
21293.pkl,train
579.pkl,train
23247.pkl,train
44391.pkl,train
35255.pkl,train
11262.pkl,train
55187.pkl,train
47232.pkl,train
56068.pkl,train
1892.pkl,train
48922.pkl,train
43608.pkl,train
9252.pkl,train
14785.pkl,train
34700.pkl,train
54884.pkl,train
25701.pkl,train
43907.pkl,train
45420.pkl,train
7140.pkl,train
30026.pkl,train
23517.pkl,train
10489.pkl,train
39025.pkl,train
41410.pkl,train
55569.pkl,train
54542.pkl,train
4432.pkl,train
49400.pkl,train
23631.pkl,train
15294.pkl,train
27173.pkl,train
2058.pkl,train
6428.pkl,train
13122.pkl,train
45253.pkl,train
23206.pkl,train
12871.pkl,train
53426.pkl,train
12536.pkl,train
25306.pkl,train
6193.pkl,train
53144.pkl,train
16818.pkl,train
3942.pkl,train
4020.pkl,train
50645.pkl,train
3504.pkl,train
49447.pkl,train
14590.pkl,train
50258.pkl,train
38691.pkl,train
50761.pkl,train
13423.pkl,train
34660.pkl,train
54583.pkl,train
17772.pkl,train
56076.pkl,train
29300.pkl,train
9482.pkl,train
56489.pkl,train
34727.pkl,train
29388.pkl,train
28371.pkl,train
34764.pkl,train
42296.pkl,train
38659.pkl,train
16520.pkl,train
12121.pkl,train
28786.pkl,train
50070.pkl,train
15050.pkl,train
1275.pkl,train
1078.pkl,train
33591.pkl,train
50184.pkl,train
2483.pkl,train
44024.pkl,train
13412.pkl,train
42687.pkl,train
18443.pkl,train
16264.pkl,train
27965.pkl,train
18813.pkl,train
43393.pkl,train
14476.pkl,train
15964.pkl,train
14459.pkl,train
42679.pkl,train
13773.pkl,train
40617.pkl,train
14951.pkl,train
10962.pkl,train
19259.pkl,train
8851.pkl,train
43309.pkl,train
12442.pkl,train
22468.pkl,train
54432.pkl,train
50031.pkl,train
17358.pkl,train
37592.pkl,train
3025.pkl,train
31267.pkl,train
37089.pkl,train
793.pkl,train
48329.pkl,train
50339.pkl,train
53414.pkl,train
74.pkl,train
15286.pkl,train
20088.pkl,train
47700.pkl,train
31913.pkl,train
38033.pkl,train
20904.pkl,train
42719.pkl,train
14922.pkl,train
7394.pkl,train
34348.pkl,train
23291.pkl,train
6603.pkl,train
10403.pkl,train
14171.pkl,train
12586.pkl,train
18382.pkl,train
4399.pkl,train
18005.pkl,train
29768.pkl,train
45772.pkl,train
50853.pkl,train
43135.pkl,train
29285.pkl,train
5816.pkl,train
43698.pkl,train
47491.pkl,train
8570.pkl,train
24300.pkl,train
53214.pkl,train
1124.pkl,train
32290.pkl,train
46773.pkl,train
38060.pkl,train
24910.pkl,train
15217.pkl,train
10099.pkl,train
16902.pkl,train
23839.pkl,train
28909.pkl,train
24541.pkl,train
12458.pkl,train
35046.pkl,train
13684.pkl,train
37101.pkl,train
29079.pkl,train
483.pkl,train
30166.pkl,train
43722.pkl,train
32113.pkl,train
51592.pkl,train
54679.pkl,train
11544.pkl,train
25511.pkl,train
3897.pkl,train
37560.pkl,train
16615.pkl,train
35670.pkl,train
11748.pkl,train
3555.pkl,train
52637.pkl,train
42795.pkl,train
54162.pkl,train
52297.pkl,train
8983.pkl,train
23690.pkl,train
54331.pkl,train
50928.pkl,train
16062.pkl,train
22046.pkl,train
40983.pkl,train
12992.pkl,train
11866.pkl,train
43562.pkl,train
42163.pkl,train
24942.pkl,train
45629.pkl,train
31243.pkl,train
40556.pkl,train
20861.pkl,train
55982.pkl,train
52040.pkl,train
11220.pkl,train
43390.pkl,train
31601.pkl,train
40034.pkl,train
18644.pkl,train
14815.pkl,train
37726.pkl,train
25844.pkl,train
2117.pkl,train
55766.pkl,train
28534.pkl,train
18290.pkl,train
31520.pkl,train
45571.pkl,train
6582.pkl,train
21325.pkl,train
42077.pkl,train
20649.pkl,train
16957.pkl,train
309.pkl,train
30326.pkl,train
26601.pkl,train
13381.pkl,train
27905.pkl,train
55922.pkl,train
10333.pkl,train
50094.pkl,train
28645.pkl,train
55996.pkl,train
40542.pkl,train
3094.pkl,train
19139.pkl,train
4452.pkl,train
3295.pkl,train
28018.pkl,train
33097.pkl,train
25654.pkl,train
41274.pkl,train
51446.pkl,train
3707.pkl,train
5285.pkl,train
19033.pkl,train
8974.pkl,train
3252.pkl,train
22865.pkl,train
43679.pkl,train
13829.pkl,train
54876.pkl,train
33274.pkl,train
28588.pkl,train
12718.pkl,train
5236.pkl,train
40059.pkl,train
24691.pkl,train
18141.pkl,train
49272.pkl,train
40388.pkl,train
46814.pkl,train
28309.pkl,train
6014.pkl,train
24505.pkl,train
36594.pkl,train
900.pkl,train
56810.pkl,train
6881.pkl,train
46469.pkl,train
17392.pkl,train
6202.pkl,train
39307.pkl,train
39710.pkl,train
36758.pkl,train
12000.pkl,train
49351.pkl,train
39161.pkl,train
1475.pkl,train
16706.pkl,train
25054.pkl,train
18405.pkl,train
11340.pkl,train
17115.pkl,train
53666.pkl,train
56222.pkl,train
24739.pkl,train
1271.pkl,train
4490.pkl,train
1973.pkl,train
51320.pkl,train
56337.pkl,train
30708.pkl,train
15418.pkl,train
34592.pkl,train
8127.pkl,train
16840.pkl,train
3032.pkl,train
53389.pkl,train
9499.pkl,train
28174.pkl,train
41478.pkl,train
34245.pkl,train
19726.pkl,train
32141.pkl,train
13749.pkl,train
967.pkl,train
18490.pkl,train
21168.pkl,train
17248.pkl,train
53922.pkl,train
28300.pkl,train
824.pkl,train
39862.pkl,train
183.pkl,train
17414.pkl,train
22886.pkl,train
47163.pkl,train
30157.pkl,train
6934.pkl,train
48233.pkl,train
43067.pkl,train
1065.pkl,train
18221.pkl,train
21124.pkl,train
45860.pkl,train
40304.pkl,train
24206.pkl,train
2003.pkl,train
12764.pkl,train
19056.pkl,train
46663.pkl,train
19463.pkl,train
3458.pkl,train
33805.pkl,train
15408.pkl,train
51117.pkl,train
16644.pkl,train
52594.pkl,train
1465.pkl,train
31680.pkl,train
33095.pkl,train
36482.pkl,train
4579.pkl,train
23500.pkl,train
10353.pkl,train
37367.pkl,train
40599.pkl,train
26804.pkl,train
24092.pkl,train
47026.pkl,train
22145.pkl,train
36479.pkl,train
56520.pkl,train
21515.pkl,train
43129.pkl,train
38309.pkl,train
20067.pkl,train
4916.pkl,train
31853.pkl,train
8062.pkl,train
4112.pkl,train
5911.pkl,train
29766.pkl,train
49938.pkl,train
49814.pkl,train
56514.pkl,train
44442.pkl,train
26495.pkl,train
34852.pkl,train
40280.pkl,train
45040.pkl,train
23515.pkl,train
53638.pkl,train
1790.pkl,train
6342.pkl,train
18760.pkl,train
43872.pkl,train
7158.pkl,train
50286.pkl,train
48051.pkl,train
25316.pkl,train
50207.pkl,train
3152.pkl,train
4793.pkl,train
27020.pkl,train
42205.pkl,train
49262.pkl,train
28872.pkl,train
45570.pkl,train
56598.pkl,train
31161.pkl,train
48734.pkl,train
25295.pkl,train
39454.pkl,train
50885.pkl,train
2662.pkl,train
2477.pkl,train
18349.pkl,train
23399.pkl,train
20809.pkl,train
33090.pkl,train
55348.pkl,train
13132.pkl,train
10244.pkl,train
6892.pkl,train
5413.pkl,train
1326.pkl,train
7945.pkl,train
31058.pkl,train
53140.pkl,train
14466.pkl,train
11551.pkl,train
46289.pkl,train
12753.pkl,train
3313.pkl,train
38675.pkl,train
36452.pkl,train
33261.pkl,train
50884.pkl,train
55553.pkl,train
40005.pkl,train
42708.pkl,train
30164.pkl,train
16622.pkl,train
48468.pkl,train
20413.pkl,train
36825.pkl,train
826.pkl,train
52218.pkl,train
38886.pkl,train
12523.pkl,train
13388.pkl,train
7197.pkl,train
36408.pkl,train
53769.pkl,train
37135.pkl,train
20270.pkl,train
42447.pkl,train
45232.pkl,train
36690.pkl,train
34724.pkl,train
11354.pkl,train
44330.pkl,train
21231.pkl,train
51717.pkl,train
24878.pkl,train
52389.pkl,train
55989.pkl,train
5924.pkl,train
19160.pkl,train
39568.pkl,train
51665.pkl,train
4420.pkl,train
29504.pkl,train
2334.pkl,train
9358.pkl,train
5809.pkl,train
7766.pkl,train
28859.pkl,train
48390.pkl,train
56955.pkl,train
7226.pkl,train
17365.pkl,train
7509.pkl,train
45607.pkl,train
35658.pkl,train
54170.pkl,train
41036.pkl,train
11187.pkl,train
5051.pkl,train
34319.pkl,train
8314.pkl,train
4048.pkl,train
53635.pkl,train
43932.pkl,train
36468.pkl,train
3230.pkl,train
23467.pkl,train
987.pkl,train
21915.pkl,train
44474.pkl,train
7041.pkl,train
47548.pkl,train
53009.pkl,train
37258.pkl,train
50639.pkl,train
6587.pkl,train
32305.pkl,train
9655.pkl,train
36879.pkl,train
27087.pkl,train
5103.pkl,train
5890.pkl,train
5886.pkl,train
35539.pkl,train
34378.pkl,train
15489.pkl,train
4129.pkl,train
24007.pkl,train
29011.pkl,train
50750.pkl,train
48540.pkl,train
11800.pkl,train
25303.pkl,train
47782.pkl,train
14455.pkl,train
33526.pkl,train
15816.pkl,train
29043.pkl,train
45683.pkl,train
42425.pkl,train
29378.pkl,train
28836.pkl,train
9715.pkl,train
30516.pkl,train
54280.pkl,train
12028.pkl,train
19991.pkl,train
27302.pkl,train
37633.pkl,train
29680.pkl,train
46878.pkl,train
31048.pkl,train
16009.pkl,train
23927.pkl,train
44111.pkl,train
52946.pkl,train
13880.pkl,train
29449.pkl,train
20955.pkl,train
13730.pkl,train
28037.pkl,train
54788.pkl,train
8822.pkl,train
21116.pkl,train
39366.pkl,train
54734.pkl,train
7762.pkl,train
49554.pkl,train
35392.pkl,train
43730.pkl,train
26634.pkl,train
5740.pkl,train
26087.pkl,train
54836.pkl,train
9344.pkl,train
16888.pkl,train
29961.pkl,train
26703.pkl,train
42290.pkl,train
39564.pkl,train
2502.pkl,train
31085.pkl,train
28778.pkl,train
4344.pkl,train
14328.pkl,train
32009.pkl,train
1709.pkl,train
21318.pkl,train
46736.pkl,train
48164.pkl,train
13219.pkl,train
23433.pkl,train
26911.pkl,train
23838.pkl,train
30269.pkl,train
3214.pkl,train
20981.pkl,train
15899.pkl,train
39281.pkl,train
16467.pkl,train
32771.pkl,train
37213.pkl,train
21583.pkl,train
40656.pkl,train
15781.pkl,train
13238.pkl,train
54587.pkl,train
51515.pkl,train
40978.pkl,train
21536.pkl,train
47553.pkl,train
36113.pkl,train
47850.pkl,train
7922.pkl,train
13196.pkl,train
17576.pkl,train
22337.pkl,train
46657.pkl,train
14221.pkl,train
44213.pkl,train
55847.pkl,train
47592.pkl,train
45630.pkl,train
10843.pkl,train
15695.pkl,train
48158.pkl,train
54795.pkl,train
42100.pkl,train
9603.pkl,train
25543.pkl,train
5480.pkl,train
12447.pkl,train
30402.pkl,train
43758.pkl,train
36915.pkl,train
55497.pkl,train
4412.pkl,train
21530.pkl,train
17510.pkl,train
43457.pkl,train
56840.pkl,train
49905.pkl,train
43556.pkl,train
44674.pkl,train
30171.pkl,train
20951.pkl,train
38426.pkl,train
18879.pkl,train
54498.pkl,train
7461.pkl,train
26387.pkl,train
14028.pkl,train
6616.pkl,train
32918.pkl,train
6281.pkl,train
40137.pkl,train
35249.pkl,train
22234.pkl,train
15382.pkl,train
23238.pkl,train
2394.pkl,train
14293.pkl,train
16977.pkl,train
16160.pkl,train
49714.pkl,train
1327.pkl,train
31989.pkl,train
14051.pkl,train
54970.pkl,train
12593.pkl,train
40092.pkl,train
11268.pkl,train
6953.pkl,train
9500.pkl,train
4985.pkl,train
23425.pkl,train
43945.pkl,train
55948.pkl,train
39010.pkl,train
33499.pkl,train
12431.pkl,train
27311.pkl,train
21753.pkl,train
54181.pkl,train
42677.pkl,train
27451.pkl,train
51680.pkl,train
4774.pkl,train
17933.pkl,train
24616.pkl,train
10688.pkl,train
18505.pkl,train
34985.pkl,train
55050.pkl,train
26062.pkl,train
56298.pkl,train
7656.pkl,train
46731.pkl,train
20110.pkl,train
46280.pkl,train
11872.pkl,train
38473.pkl,train
435.pkl,train
9728.pkl,train
51906.pkl,train
6826.pkl,train
51002.pkl,train
34342.pkl,train
55231.pkl,train
53615.pkl,train
54457.pkl,train
26217.pkl,train
37809.pkl,train
44878.pkl,train
53958.pkl,train
16109.pkl,train
49104.pkl,train
26930.pkl,train
6093.pkl,train
16422.pkl,train
36350.pkl,train
32505.pkl,train
41671.pkl,train
50624.pkl,train
19481.pkl,train
8664.pkl,train
55368.pkl,train
32750.pkl,train
36772.pkl,train
14223.pkl,train
34244.pkl,train
26158.pkl,train
30812.pkl,train
14199.pkl,train
55744.pkl,train
18553.pkl,train
13793.pkl,train
18936.pkl,train
15485.pkl,train
56903.pkl,train
5117.pkl,train
25192.pkl,train
15447.pkl,train
51284.pkl,train
32197.pkl,train
32740.pkl,train
33760.pkl,train
32176.pkl,train
25492.pkl,train
2957.pkl,train
22310.pkl,train
32372.pkl,train
31909.pkl,train
34507.pkl,train
40083.pkl,train
11368.pkl,train
5729.pkl,train
2036.pkl,train
5514.pkl,train
14363.pkl,train
31403.pkl,train
34569.pkl,train
38528.pkl,train
46467.pkl,train
51093.pkl,train
15933.pkl,train
37037.pkl,train
1539.pkl,train
53934.pkl,train
13378.pkl,train
51191.pkl,train
10583.pkl,train
53629.pkl,train
10161.pkl,train
39395.pkl,train
22102.pkl,train
15973.pkl,train
22776.pkl,train
20041.pkl,train
36282.pkl,train
16371.pkl,train
49210.pkl,train
5726.pkl,train
47388.pkl,train
21289.pkl,train
20154.pkl,train
31864.pkl,train
25765.pkl,train
35638.pkl,train
13854.pkl,train
4501.pkl,train
9085.pkl,train
23675.pkl,train
35063.pkl,train
51434.pkl,train
25509.pkl,train
36861.pkl,train
48767.pkl,train
16721.pkl,train
47748.pkl,train
9616.pkl,train
17470.pkl,train
18798.pkl,train
159.pkl,train
18047.pkl,train
13486.pkl,train
21118.pkl,train
21948.pkl,train
51257.pkl,train
17512.pkl,train
48424.pkl,train
2812.pkl,train
30131.pkl,train
34845.pkl,train
11222.pkl,train
52551.pkl,train
9136.pkl,train
8488.pkl,train
34742.pkl,train
27689.pkl,train
26877.pkl,train
47972.pkl,train
24082.pkl,train
24754.pkl,train
28512.pkl,train
31461.pkl,train
28659.pkl,train
14879.pkl,train
48648.pkl,train
54470.pkl,train
31730.pkl,train
47096.pkl,train
24303.pkl,train
8913.pkl,train
28503.pkl,train
46946.pkl,train
40370.pkl,train
35221.pkl,train
8135.pkl,train
35454.pkl,train
15254.pkl,train
39318.pkl,train
38798.pkl,train
38296.pkl,train
11190.pkl,train
13441.pkl,train
47445.pkl,train
19693.pkl,train
26187.pkl,train
38568.pkl,train
34635.pkl,train
44022.pkl,train
52548.pkl,train
39474.pkl,train
17577.pkl,train
53053.pkl,train
40894.pkl,train
39130.pkl,train
54882.pkl,train
39805.pkl,train
49146.pkl,train
47821.pkl,train
34015.pkl,train
7455.pkl,train
28019.pkl,train
26926.pkl,train
2385.pkl,train
278.pkl,train
13691.pkl,train
43085.pkl,train
53449.pkl,train
43453.pkl,train
4108.pkl,train
49022.pkl,train
47134.pkl,train
4436.pkl,train
11162.pkl,train
26309.pkl,train
45634.pkl,train
48844.pkl,train
4894.pkl,train
6883.pkl,train
2814.pkl,train
33969.pkl,train
9921.pkl,train
21134.pkl,train
25541.pkl,train
3245.pkl,train
22451.pkl,train
46130.pkl,train
8459.pkl,train
53145.pkl,train
9913.pkl,train
50080.pkl,train
39585.pkl,train
54167.pkl,train
30403.pkl,train
22316.pkl,train
25538.pkl,train
51822.pkl,train
29626.pkl,train
33425.pkl,train
44995.pkl,train
50658.pkl,train
40300.pkl,train
40313.pkl,train
13766.pkl,train
11681.pkl,train
5720.pkl,train
22797.pkl,train
38815.pkl,train
10335.pkl,train
34871.pkl,train
24018.pkl,train
18049.pkl,train
43336.pkl,train
555.pkl,train
21167.pkl,train
48695.pkl,train
26091.pkl,train
51934.pkl,train
8175.pkl,train
16425.pkl,train
14030.pkl,train
52932.pkl,train
16760.pkl,train
1358.pkl,train
25191.pkl,train
48677.pkl,train
56381.pkl,train
52445.pkl,train
56937.pkl,train
1585.pkl,train
18069.pkl,train
16321.pkl,train
18.pkl,train
5379.pkl,train
45848.pkl,train
53584.pkl,train
10686.pkl,train
32184.pkl,train
2727.pkl,train
164.pkl,train
56782.pkl,train
52836.pkl,train
3995.pkl,train
47727.pkl,train
38203.pkl,train
7908.pkl,train
14887.pkl,train
3178.pkl,train
54599.pkl,train
16419.pkl,train
40842.pkl,train
2285.pkl,train
37920.pkl,train
45487.pkl,train
22574.pkl,train
11908.pkl,train
46856.pkl,train
29353.pkl,train
43427.pkl,train
46408.pkl,train
34951.pkl,train
21443.pkl,train
30924.pkl,train
27350.pkl,train
46082.pkl,train
17598.pkl,train
31632.pkl,train
48823.pkl,train
15490.pkl,train
8618.pkl,train
2225.pkl,train
33252.pkl,train
35307.pkl,train
36686.pkl,train
12832.pkl,train
11955.pkl,train
18819.pkl,train
39162.pkl,train
8107.pkl,train
52939.pkl,train
4392.pkl,train
30449.pkl,train
44300.pkl,train
27882.pkl,train
3362.pkl,train
45839.pkl,train
30624.pkl,train
7994.pkl,train
24055.pkl,train
17551.pkl,train
2527.pkl,train
15060.pkl,train
21790.pkl,train
8281.pkl,train
25489.pkl,train
15203.pkl,train
32796.pkl,train
9098.pkl,train
36945.pkl,train
55970.pkl,train
56403.pkl,train
18213.pkl,train
56425.pkl,train
33828.pkl,train
7698.pkl,train
50970.pkl,train
29921.pkl,train
35816.pkl,train
4849.pkl,train
14362.pkl,train
45618.pkl,train
39424.pkl,train
13571.pkl,train
49117.pkl,train
26129.pkl,train
26514.pkl,train
16810.pkl,train
28757.pkl,train
42032.pkl,train
21230.pkl,train
42909.pkl,train
28094.pkl,train
31861.pkl,train
7798.pkl,train
48313.pkl,train
22354.pkl,train
11373.pkl,train
342.pkl,train
27652.pkl,train
1831.pkl,train
53484.pkl,train
12652.pkl,train
22894.pkl,train
42618.pkl,train
52592.pkl,train
31289.pkl,train
43707.pkl,train
53005.pkl,train
20281.pkl,train
17820.pkl,train
51206.pkl,train
24209.pkl,train
38942.pkl,train
9392.pkl,train
39365.pkl,train
20259.pkl,train
128.pkl,train
6871.pkl,train
14233.pkl,train
8911.pkl,train
10027.pkl,train
52138.pkl,train
18859.pkl,train
44459.pkl,train
646.pkl,train
13967.pkl,train
27885.pkl,train
45940.pkl,train
371.pkl,train
7880.pkl,train
21113.pkl,train
12548.pkl,train
55132.pkl,train
33092.pkl,train
12551.pkl,train
6716.pkl,train
32807.pkl,train
30356.pkl,train
47656.pkl,train
21775.pkl,train
42700.pkl,train
27254.pkl,train
14819.pkl,train
56499.pkl,train
11660.pkl,train
16823.pkl,train
10646.pkl,train
33002.pkl,train
16784.pkl,train
40794.pkl,train
53903.pkl,train
64.pkl,train
12660.pkl,train
26799.pkl,train
42593.pkl,train
31898.pkl,train
22847.pkl,train
20840.pkl,train
20509.pkl,train
35167.pkl,train
33239.pkl,train
20427.pkl,train
17072.pkl,train
7320.pkl,train
32272.pkl,train
25033.pkl,train
612.pkl,train
42749.pkl,train
56492.pkl,train
4972.pkl,train
31488.pkl,train
18556.pkl,train
7721.pkl,train
8377.pkl,train
30300.pkl,train
10635.pkl,train
46888.pkl,train
11389.pkl,train
40843.pkl,train
32480.pkl,train
10551.pkl,train
48031.pkl,train
46180.pkl,train
28104.pkl,train
41378.pkl,train
8094.pkl,train
44014.pkl,train
2900.pkl,train
29401.pkl,train
22965.pkl,train
24608.pkl,train
26742.pkl,train
8977.pkl,train
52370.pkl,train
37003.pkl,train
19038.pkl,train
47962.pkl,train
19455.pkl,train
29415.pkl,train
53626.pkl,train
22794.pkl,train
55761.pkl,train
43875.pkl,train
39878.pkl,train
46401.pkl,train
50664.pkl,train
31693.pkl,train
23456.pkl,train
35891.pkl,train
4355.pkl,train
6705.pkl,train
21507.pkl,train
22948.pkl,train
25473.pkl,train
26443.pkl,train
52020.pkl,train
9003.pkl,train
24234.pkl,train
14787.pkl,train
50856.pkl,train
18500.pkl,train
8086.pkl,train
8121.pkl,train
7883.pkl,train
13841.pkl,train
10490.pkl,train
14919.pkl,train
20394.pkl,train
11948.pkl,train
7990.pkl,train
18645.pkl,train
19753.pkl,train
37165.pkl,train
45194.pkl,train
19868.pkl,train
56249.pkl,train
25208.pkl,train
33538.pkl,train
27486.pkl,train
33029.pkl,train
30770.pkl,train
15320.pkl,train
39896.pkl,train
40622.pkl,train
52343.pkl,train
28536.pkl,train
23548.pkl,train
55687.pkl,train
36633.pkl,train
54253.pkl,train
20819.pkl,train
28522.pkl,train
39205.pkl,train
19959.pkl,train
39368.pkl,train
26314.pkl,train
55192.pkl,train
22940.pkl,train
6370.pkl,train
34010.pkl,train
25764.pkl,train
39357.pkl,train
27873.pkl,train
28156.pkl,train
10168.pkl,train
40802.pkl,train
20310.pkl,train
8612.pkl,train
31939.pkl,train
4424.pkl,train
35094.pkl,train
29263.pkl,train
42860.pkl,train
41607.pkl,train
33615.pkl,train
54793.pkl,train
54692.pkl,train
40779.pkl,train
1323.pkl,train
44704.pkl,train
1592.pkl,train
36046.pkl,train
34973.pkl,train
16666.pkl,train
38265.pkl,train
48674.pkl,train
18892.pkl,train
33532.pkl,train
12384.pkl,train
42171.pkl,train
3732.pkl,train
662.pkl,train
7234.pkl,train
35186.pkl,train
39378.pkl,train
51221.pkl,train
41605.pkl,train
17685.pkl,train
22035.pkl,train
247.pkl,train
48124.pkl,train
46776.pkl,train
50931.pkl,train
20438.pkl,train
33870.pkl,train
41317.pkl,train
43943.pkl,train
36398.pkl,train
8398.pkl,train
36159.pkl,train
47729.pkl,train
5187.pkl,train
48541.pkl,train
16971.pkl,train
29683.pkl,train
31202.pkl,train
8440.pkl,train
5867.pkl,train
53949.pkl,train
33771.pkl,train
49290.pkl,train
462.pkl,train
44087.pkl,train
9340.pkl,train
26969.pkl,train
15780.pkl,train
24168.pkl,train
5118.pkl,train
36174.pkl,train
19144.pkl,train
42038.pkl,train
16670.pkl,train
45009.pkl,train
46142.pkl,train
39725.pkl,train
44546.pkl,train
37051.pkl,train
42173.pkl,train
37612.pkl,train
50396.pkl,train
37059.pkl,train
22685.pkl,train
19686.pkl,train
14311.pkl,train
44538.pkl,train
36356.pkl,train
53515.pkl,train
48969.pkl,train
21636.pkl,train
43687.pkl,train
46667.pkl,train
40448.pkl,train
42701.pkl,train
37338.pkl,train
50157.pkl,train
42104.pkl,train
39190.pkl,train
38159.pkl,train
51742.pkl,train
29797.pkl,train
29113.pkl,train
24631.pkl,train
21956.pkl,train
29535.pkl,train
50054.pkl,train
31902.pkl,train
53015.pkl,train
5334.pkl,train
34780.pkl,train
21732.pkl,train
30433.pkl,train
49610.pkl,train
46470.pkl,train
56308.pkl,train
37234.pkl,train
17643.pkl,train
13939.pkl,train
56954.pkl,train
20977.pkl,train
10398.pkl,train
44816.pkl,train
3909.pkl,train
38462.pkl,train
32531.pkl,train
20659.pkl,train
54920.pkl,train
24924.pkl,train
38029.pkl,train
22592.pkl,train
20329.pkl,train
25637.pkl,train
35464.pkl,train
33376.pkl,train
1069.pkl,train
21968.pkl,train
7647.pkl,train
284.pkl,train
32952.pkl,train
21604.pkl,train
42301.pkl,train
28322.pkl,train
39630.pkl,train
50802.pkl,train
4637.pkl,train
1955.pkl,train
3963.pkl,train
8636.pkl,train
11181.pkl,train
55228.pkl,train
26046.pkl,train
29062.pkl,train
51259.pkl,train
2850.pkl,train
9117.pkl,train
31720.pkl,train
53003.pkl,train
51141.pkl,train
15981.pkl,train
30542.pkl,train
33007.pkl,train
23940.pkl,train
7500.pkl,train
141.pkl,train
21152.pkl,train
55081.pkl,train
5949.pkl,train
47501.pkl,train
25263.pkl,train
25293.pkl,train
53431.pkl,train
28725.pkl,train
28229.pkl,train
34940.pkl,train
28583.pkl,train
43422.pkl,train
51243.pkl,train
42275.pkl,train
18746.pkl,train
3272.pkl,train
32.pkl,train
17362.pkl,train
19399.pkl,train
48630.pkl,train
49192.pkl,train
16370.pkl,train
44490.pkl,train
36617.pkl,train
10684.pkl,train
30668.pkl,train
4740.pkl,train
15112.pkl,train
37164.pkl,train
50909.pkl,train
7739.pkl,train
13505.pkl,train
1860.pkl,train
26522.pkl,train
14385.pkl,train
27232.pkl,train
11776.pkl,train
21068.pkl,train
26267.pkl,train
670.pkl,train
13086.pkl,train
26218.pkl,train
29091.pkl,train
31698.pkl,train
38423.pkl,train
15347.pkl,train
25160.pkl,train
23363.pkl,train
24088.pkl,train
33881.pkl,train
48297.pkl,train
15287.pkl,train
36897.pkl,train
14631.pkl,train
7073.pkl,train
40451.pkl,train
13355.pkl,train
48409.pkl,train
20290.pkl,train
41140.pkl,train
1308.pkl,train
3850.pkl,train
48435.pkl,train
9724.pkl,train
3987.pkl,train
18574.pkl,train
12484.pkl,train
48474.pkl,train
9936.pkl,train
10768.pkl,train
12067.pkl,train
48891.pkl,train
55041.pkl,train
27585.pkl,train
1163.pkl,train
12499.pkl,train
35391.pkl,train
23883.pkl,train
27692.pkl,train
50471.pkl,train
30290.pkl,train
32637.pkl,train
35485.pkl,train
12267.pkl,train
29914.pkl,train
29852.pkl,train
24818.pkl,train
18411.pkl,train
48126.pkl,train
18982.pkl,train
4212.pkl,train
52165.pkl,train
33769.pkl,train
22800.pkl,train
22423.pkl,train
15035.pkl,train
47551.pkl,train
1742.pkl,train
50786.pkl,train
46494.pkl,train
11138.pkl,train
49069.pkl,train
39261.pkl,train
35067.pkl,train
38977.pkl,train
55259.pkl,train
7878.pkl,train
42364.pkl,train
38285.pkl,train
29967.pkl,train
35197.pkl,train
14097.pkl,train
51910.pkl,train
54228.pkl,train
52987.pkl,train
17502.pkl,train
19208.pkl,train
26671.pkl,train
23844.pkl,train
51635.pkl,train
8928.pkl,train
38582.pkl,train
13407.pkl,train
47368.pkl,train
44772.pkl,train
5107.pkl,train
16273.pkl,train
17762.pkl,train
31214.pkl,train
24192.pkl,train
25561.pkl,train
56245.pkl,train
29134.pkl,train
53476.pkl,train
56365.pkl,train
28975.pkl,train
51147.pkl,train
17553.pkl,train
18385.pkl,train
38540.pkl,train
17631.pkl,train
35055.pkl,train
6967.pkl,train
30408.pkl,train
1112.pkl,train
10444.pkl,train
11137.pkl,train
34707.pkl,train
50720.pkl,train
9855.pkl,train
30752.pkl,train
19435.pkl,train
7087.pkl,train
16487.pkl,train
44467.pkl,train
31871.pkl,train
14184.pkl,train
42777.pkl,train
50983.pkl,train
8608.pkl,train
45765.pkl,train
49728.pkl,train
28994.pkl,train
38172.pkl,train
31108.pkl,train
24116.pkl,train
42989.pkl,train
15919.pkl,train
41012.pkl,train
26057.pkl,train
22398.pkl,train
33981.pkl,train
35434.pkl,train
18762.pkl,train
13359.pkl,train
15972.pkl,train
40384.pkl,train
55902.pkl,train
3342.pkl,train
50093.pkl,train
12227.pkl,train
51796.pkl,train
16664.pkl,train
22351.pkl,train
42850.pkl,train
46477.pkl,train
19896.pkl,train
19557.pkl,train
2070.pkl,train
41456.pkl,train
21890.pkl,train
20116.pkl,train
44645.pkl,train
19700.pkl,train
25908.pkl,train
23634.pkl,train
43156.pkl,train
38808.pkl,train
14461.pkl,train
25276.pkl,train
50589.pkl,train
18623.pkl,train
3616.pkl,train
9374.pkl,train
23689.pkl,train
55746.pkl,train
5805.pkl,train
13640.pkl,train
34417.pkl,train
18844.pkl,train
1663.pkl,train
45401.pkl,train
8647.pkl,train
23035.pkl,train
35843.pkl,train
47209.pkl,train
40620.pkl,train
9666.pkl,train
56063.pkl,train
35809.pkl,train
26692.pkl,train
30386.pkl,train
19103.pkl,train
43894.pkl,train
32514.pkl,train
28548.pkl,train
17636.pkl,train
25644.pkl,train
15941.pkl,train
53873.pkl,train
41887.pkl,train
28087.pkl,train
10735.pkl,train
3886.pkl,train
41285.pkl,train
80.pkl,train
17374.pkl,train
7679.pkl,train
55781.pkl,train
53771.pkl,train
4783.pkl,train
28060.pkl,train
41400.pkl,train
38572.pkl,train
25206.pkl,train
3346.pkl,train
14468.pkl,train
4599.pkl,train
27779.pkl,train
37958.pkl,train
25005.pkl,train
32899.pkl,train
35070.pkl,train
18029.pkl,train
20348.pkl,train
52840.pkl,train
31412.pkl,train
42571.pkl,train
17279.pkl,train
36167.pkl,train
43313.pkl,train
8646.pkl,train
1195.pkl,train
21303.pkl,train
39652.pkl,train
6047.pkl,train
46896.pkl,train
41491.pkl,train
56466.pkl,train
51575.pkl,train
43536.pkl,train
27847.pkl,train
19258.pkl,train
14904.pkl,train
52831.pkl,train
20473.pkl,train
23582.pkl,train
2222.pkl,train
51245.pkl,train
27441.pkl,train
8867.pkl,train
5019.pkl,train
28440.pkl,train
42110.pkl,train
25779.pkl,train
12073.pkl,train
56783.pkl,train
42210.pkl,train
52935.pkl,train
8883.pkl,train
33182.pkl,train
27874.pkl,train
22128.pkl,train
25480.pkl,train
7804.pkl,train
3361.pkl,train
56105.pkl,train
53354.pkl,train
2923.pkl,train
35447.pkl,train
39149.pkl,train
52696.pkl,train
35840.pkl,train
56060.pkl,train
21255.pkl,train
4539.pkl,train
56735.pkl,train
51738.pkl,train
11443.pkl,train
18563.pkl,train
33484.pkl,train
39848.pkl,train
44129.pkl,train
17438.pkl,train
16508.pkl,train
32768.pkl,train
40358.pkl,train
32679.pkl,train
7851.pkl,train
46640.pkl,train
37924.pkl,train
10221.pkl,train
26458.pkl,train
11451.pkl,train
46012.pkl,train
9343.pkl,train
14360.pkl,train
44676.pkl,train
11736.pkl,train
10812.pkl,train
14485.pkl,train
22997.pkl,train
39613.pkl,train
29557.pkl,train
3571.pkl,train
12149.pkl,train
37443.pkl,train
41597.pkl,train
32530.pkl,train
54396.pkl,train
50991.pkl,train
44145.pkl,train
48539.pkl,train
24767.pkl,train
9187.pkl,train
48192.pkl,train
11713.pkl,train
5367.pkl,train
22850.pkl,train
27520.pkl,train
20410.pkl,train
16620.pkl,train
21403.pkl,train
31246.pkl,train
54256.pkl,train
29876.pkl,train
3369.pkl,train
43051.pkl,train
26169.pkl,train
8046.pkl,train
52828.pkl,train
53844.pkl,train
53832.pkl,train
15449.pkl,train
42997.pkl,train
48084.pkl,train
53962.pkl,train
13162.pkl,train
44851.pkl,train
45793.pkl,train
441.pkl,train
37893.pkl,train
25584.pkl,train
53086.pkl,train
33988.pkl,train
23056.pkl,train
45831.pkl,train
39779.pkl,train
51155.pkl,train
46387.pkl,train
43942.pkl,train
24479.pkl,train
19293.pkl,train
1700.pkl,train
37755.pkl,train
4666.pkl,train
16428.pkl,train
10533.pkl,train
3191.pkl,train
44192.pkl,train
56324.pkl,train
41184.pkl,train
11532.pkl,train
47672.pkl,train
54140.pkl,train
14082.pkl,train
42651.pkl,train
55892.pkl,train
47406.pkl,train
14170.pkl,train
51743.pkl,train
6973.pkl,train
21710.pkl,train
26722.pkl,train
9405.pkl,train
13140.pkl,train
26639.pkl,train
202.pkl,train
32153.pkl,train
43941.pkl,train
20807.pkl,train
27929.pkl,train
50696.pkl,train
34730.pkl,train
9761.pkl,train
8860.pkl,train
5224.pkl,train
34851.pkl,train
33798.pkl,train
46735.pkl,train
3417.pkl,train
54150.pkl,train
15177.pkl,train
13817.pkl,train
32617.pkl,train
48836.pkl,train
54567.pkl,train
27073.pkl,train
16963.pkl,train
28099.pkl,train
10901.pkl,train
38001.pkl,train
16879.pkl,train
49906.pkl,train
46836.pkl,train
25179.pkl,train
41160.pkl,train
40621.pkl,train
12202.pkl,train
51572.pkl,train
15595.pkl,train
25894.pkl,train
41703.pkl,train
36491.pkl,train
30615.pkl,train
46422.pkl,train
29246.pkl,train
9634.pkl,train
34819.pkl,train
21257.pkl,train
54272.pkl,train
15626.pkl,train
40575.pkl,train
46711.pkl,train
56985.pkl,train
23739.pkl,train
49881.pkl,train
5993.pkl,train
32944.pkl,train
29471.pkl,train
52864.pkl,train
46243.pkl,train
47469.pkl,train
19271.pkl,train
32050.pkl,train
38104.pkl,train
15798.pkl,train
43837.pkl,train
27862.pkl,train
21166.pkl,train
35726.pkl,train
49472.pkl,train
47851.pkl,train
49997.pkl,train
46768.pkl,train
30418.pkl,train
53997.pkl,train
20429.pkl,train
236.pkl,train
2958.pkl,train
48743.pkl,train
29289.pkl,train
41238.pkl,train
35785.pkl,train
45888.pkl,train
49240.pkl,train
28942.pkl,train
12823.pkl,train
54402.pkl,train
5486.pkl,train
48177.pkl,train
1965.pkl,train
15454.pkl,train
50331.pkl,train
8285.pkl,train
34593.pkl,train
3385.pkl,train
15819.pkl,train
14212.pkl,train
33421.pkl,train
27462.pkl,train
341.pkl,train
18777.pkl,train
35042.pkl,train
3017.pkl,train
52401.pkl,train
16261.pkl,train
45640.pkl,train
39077.pkl,train
24875.pkl,train
44326.pkl,train
45104.pkl,train
18571.pkl,train
3105.pkl,train
22593.pkl,train
3435.pkl,train
16829.pkl,train
21093.pkl,train
23131.pkl,train
27246.pkl,train
40090.pkl,train
28101.pkl,train
49776.pkl,train
3916.pkl,train
21902.pkl,train
44766.pkl,train
31887.pkl,train
25892.pkl,train
56546.pkl,train
52535.pkl,train
16627.pkl,train
31157.pkl,train
49266.pkl,train
17776.pkl,train
18220.pkl,train
26345.pkl,train
51895.pkl,train
1529.pkl,train
26646.pkl,train
35184.pkl,train
9031.pkl,train
5608.pkl,train
49923.pkl,train
49549.pkl,train
1991.pkl,train
1749.pkl,train
56939.pkl,train
12553.pkl,train
43053.pkl,train
46255.pkl,train
45331.pkl,train
31032.pkl,train
44469.pkl,train
25620.pkl,train
2924.pkl,train
9586.pkl,train
32311.pkl,train
39066.pkl,train
33620.pkl,train
10095.pkl,train
6706.pkl,train
30995.pkl,train
18968.pkl,train
45284.pkl,train
15118.pkl,train
56248.pkl,train
44739.pkl,train
22142.pkl,train
34717.pkl,train
18925.pkl,train
50835.pkl,train
47066.pkl,train
3405.pkl,train
48858.pkl,train
32572.pkl,train
31587.pkl,train
11288.pkl,train
50067.pkl,train
38604.pkl,train
38202.pkl,train
32956.pkl,train
41384.pkl,train
28505.pkl,train
31901.pkl,train
44764.pkl,train
4102.pkl,train
12063.pkl,train
46342.pkl,train
3061.pkl,train
41430.pkl,train
38482.pkl,train
49191.pkl,train
39724.pkl,train
51200.pkl,train
32150.pkl,train
12783.pkl,train
29695.pkl,train
857.pkl,train
51400.pkl,train
36109.pkl,train
39664.pkl,train
11688.pkl,train
12949.pkl,train
14047.pkl,train
42560.pkl,train
15346.pkl,train
1484.pkl,train
56947.pkl,train
40625.pkl,train
13385.pkl,train
51765.pkl,train
39959.pkl,train
4339.pkl,train
22986.pkl,train
29803.pkl,train
27880.pkl,train
48833.pkl,train
6349.pkl,train
23014.pkl,train
36614.pkl,train
39373.pkl,train
56095.pkl,train
5358.pkl,train
54146.pkl,train
14494.pkl,train
41600.pkl,train
28364.pkl,train
43738.pkl,train
49321.pkl,train
25899.pkl,train
28868.pkl,train
31451.pkl,train
50642.pkl,train
49661.pkl,train
46644.pkl,train
6790.pkl,train
41896.pkl,train
51029.pkl,train
2663.pkl,train
41617.pkl,train
50827.pkl,train
4409.pkl,train
5677.pkl,train
21016.pkl,train
32191.pkl,train
6311.pkl,train
46749.pkl,train
39251.pkl,train
38093.pkl,train
5783.pkl,train
43950.pkl,train
34837.pkl,train
29991.pkl,train
52940.pkl,train
23801.pkl,train
16566.pkl,train
38555.pkl,train
3288.pkl,train
8059.pkl,train
41969.pkl,train
9496.pkl,train
509.pkl,train
23722.pkl,train
6959.pkl,train
2643.pkl,train
27205.pkl,train
53618.pkl,train
39695.pkl,train
42605.pkl,train
30038.pkl,train
55367.pkl,train
3804.pkl,train
534.pkl,train
16355.pkl,train
14711.pkl,train
33739.pkl,train
49689.pkl,train
45694.pkl,train
14307.pkl,train
39794.pkl,train
2006.pkl,train
2876.pkl,train
50052.pkl,train
22034.pkl,train
6124.pkl,train
51734.pkl,train
11833.pkl,train
1686.pkl,train
14646.pkl,train
1562.pkl,train
23479.pkl,train
48232.pkl,train
9567.pkl,train
6533.pkl,train
30613.pkl,train
40399.pkl,train
38359.pkl,train
9409.pkl,train
42381.pkl,train
31943.pkl,train
41170.pkl,train
46156.pkl,train
11976.pkl,train
3796.pkl,train
45110.pkl,train
13370.pkl,train
7264.pkl,train
16123.pkl,train
11958.pkl,train
39991.pkl,train
55325.pkl,train
5402.pkl,train
5188.pkl,train
36392.pkl,train
20665.pkl,train
7229.pkl,train
43916.pkl,train
17869.pkl,train
42712.pkl,train
3161.pkl,train
17462.pkl,train
2645.pkl,train
56350.pkl,train
8873.pkl,train
28796.pkl,train
54686.pkl,train
3620.pkl,train
15462.pkl,train
54629.pkl,train
49927.pkl,train
26759.pkl,train
37193.pkl,train
2396.pkl,train
33640.pkl,train
12945.pkl,train
7879.pkl,train
23569.pkl,train
32283.pkl,train
31340.pkl,train
9016.pkl,train
52084.pkl,train
51308.pkl,train
46118.pkl,train
52574.pkl,train
17841.pkl,train
8796.pkl,train
56970.pkl,train
31431.pkl,train
34494.pkl,train
7095.pkl,train
4286.pkl,train
43282.pkl,train
15441.pkl,train
17926.pkl,train
6799.pkl,train
27307.pkl,train
19646.pkl,train
2775.pkl,train
44540.pkl,train
24049.pkl,train
13529.pkl,train
5917.pkl,train
45780.pkl,train
16324.pkl,train
44008.pkl,train
45934.pkl,train
19389.pkl,train
49687.pkl,train
3358.pkl,train
6886.pkl,train
26113.pkl,train
36090.pkl,train
4684.pkl,train
26547.pkl,train
24469.pkl,train
49779.pkl,train
54383.pkl,train
7403.pkl,train
47391.pkl,train
24659.pkl,train
38692.pkl,train
28042.pkl,train
6230.pkl,train
56921.pkl,train
35852.pkl,train
35830.pkl,train
43933.pkl,train
34306.pkl,train
16892.pkl,train
20984.pkl,train
13310.pkl,train
33190.pkl,train
9347.pkl,train
18106.pkl,train
50700.pkl,train
17040.pkl,train
51670.pkl,train
4182.pkl,train
43188.pkl,train
19867.pkl,train
22473.pkl,train
48065.pkl,train
12450.pkl,train
26699.pkl,train
1953.pkl,train
32037.pkl,train
52698.pkl,train
16867.pkl,train
10446.pkl,train
46765.pkl,train
24122.pkl,train
51783.pkl,train
5260.pkl,train
694.pkl,train
31741.pkl,train
25282.pkl,train
39262.pkl,train
5270.pkl,train
47709.pkl,train
14827.pkl,train
49981.pkl,train
3499.pkl,train
34975.pkl,train
11707.pkl,train
23803.pkl,train
6818.pkl,train
47753.pkl,train
17428.pkl,train
30703.pkl,train
50762.pkl,train
5060.pkl,train
23322.pkl,train
12561.pkl,train
50987.pkl,train
11657.pkl,train
31231.pkl,train
20529.pkl,train
56071.pkl,train
43207.pkl,train
4759.pkl,train
17264.pkl,train
34448.pkl,train
15982.pkl,train
11062.pkl,train
33541.pkl,train
22408.pkl,train
26997.pkl,train
44079.pkl,train
8738.pkl,train
31433.pkl,train
20417.pkl,train
53942.pkl,train
9162.pkl,train
17529.pkl,train
49669.pkl,train
1972.pkl,train
41727.pkl,train
581.pkl,train
54607.pkl,train
49541.pkl,train
20607.pkl,train
55674.pkl,train
13469.pkl,train
24060.pkl,train
353.pkl,train
52019.pkl,train
26792.pkl,train
15419.pkl,train
43565.pkl,train
9953.pkl,train
11281.pkl,train
41350.pkl,train
23162.pkl,train
44321.pkl,train
20568.pkl,train
13892.pkl,train
22347.pkl,train
13506.pkl,train
6527.pkl,train
31257.pkl,train
21938.pkl,train
26320.pkl,train
45633.pkl,train
19889.pkl,train
18276.pkl,train
33788.pkl,train
26460.pkl,train
21623.pkl,train
50018.pkl,train
16245.pkl,train
4141.pkl,train
20460.pkl,train
47621.pkl,train
13510.pkl,train
36713.pkl,train
29580.pkl,train
23556.pkl,train
26026.pkl,train
31486.pkl,train
22160.pkl,train
53162.pkl,train
42908.pkl,train
11789.pkl,train
4007.pkl,train
53963.pkl,train
25366.pkl,train
49348.pkl,train
36955.pkl,train
43505.pkl,train
39729.pkl,train
36401.pkl,train
18488.pkl,train
18158.pkl,train
544.pkl,train
37791.pkl,train
18544.pkl,train
37581.pkl,train
11437.pkl,train
51311.pkl,train
15141.pkl,train
19833.pkl,train
8624.pkl,train
4873.pkl,train
41921.pkl,train
53554.pkl,train
9563.pkl,train
52266.pkl,train
40425.pkl,train
37033.pkl,train
52527.pkl,train
20499.pkl,train
54016.pkl,train
1648.pkl,train
48964.pkl,train
51051.pkl,train
9680.pkl,train
18281.pkl,train
40838.pkl,train
50165.pkl,train
2716.pkl,train
1474.pkl,train
21425.pkl,train
114.pkl,train
51695.pkl,train
29114.pkl,train
3371.pkl,train
33821.pkl,train
34608.pkl,train
29299.pkl,train
19692.pkl,train
33582.pkl,train
55260.pkl,train
26178.pkl,train
4973.pkl,train
52769.pkl,train
36016.pkl,train
51427.pkl,train
7649.pkl,train
45622.pkl,train
1619.pkl,train
36300.pkl,train
7328.pkl,train
4444.pkl,train
15188.pkl,train
6608.pkl,train
55615.pkl,train
18524.pkl,train
40715.pkl,train
54550.pkl,train
49634.pkl,train
49706.pkl,train
14005.pkl,train
12390.pkl,train
35689.pkl,train
26357.pkl,train
56556.pkl,train
52606.pkl,train
7589.pkl,train
5302.pkl,train
37011.pkl,train
11315.pkl,train
37993.pkl,train
921.pkl,train
7482.pkl,train
10940.pkl,train
10597.pkl,train
15722.pkl,train
50351.pkl,train
17378.pkl,train
21832.pkl,train
8372.pkl,train
16800.pkl,train
37379.pkl,train
37937.pkl,train
24636.pkl,train
41585.pkl,train
36265.pkl,train
23640.pkl,train
16757.pkl,train
41826.pkl,train
1200.pkl,train
21880.pkl,train
40015.pkl,train
11319.pkl,train
28527.pkl,train
22860.pkl,train
8305.pkl,train
6274.pkl,train
33822.pkl,train
46318.pkl,train
15586.pkl,train
37490.pkl,train
30081.pkl,train
33147.pkl,train
8660.pkl,train
11099.pkl,train
36125.pkl,train
16099.pkl,train
11401.pkl,train
51622.pkl,train
43043.pkl,train
7378.pkl,train
52508.pkl,train
26773.pkl,train
4109.pkl,train
46329.pkl,train
8858.pkl,train
25695.pkl,train
23788.pkl,train
29148.pkl,train
38585.pkl,train
6786.pkl,train
48569.pkl,train
18114.pkl,train
54282.pkl,train
1725.pkl,train
10097.pkl,train
10113.pkl,train
11474.pkl,train
38973.pkl,train
10964.pkl,train
1485.pkl,train
15301.pkl,train
34107.pkl,train
31697.pkl,train
12603.pkl,train
47695.pkl,train
29042.pkl,train
43003.pkl,train
33083.pkl,train
1726.pkl,train
12161.pkl,train
34164.pkl,train
12740.pkl,train
28625.pkl,train
9804.pkl,train
10851.pkl,train
10277.pkl,train
24302.pkl,train
21302.pkl,train
10827.pkl,train
9996.pkl,train
2586.pkl,train
13988.pkl,train
54474.pkl,train
17872.pkl,train
41995.pkl,train
30803.pkl,train
51410.pkl,train
24514.pkl,train
37981.pkl,train
47968.pkl,train
5836.pkl,train
50555.pkl,train
23417.pkl,train
27276.pkl,train
31195.pkl,train
55091.pkl,train
3919.pkl,train
6904.pkl,train
11104.pkl,train
52390.pkl,train
29301.pkl,train
25244.pkl,train
48667.pkl,train
3884.pkl,train
22391.pkl,train
19296.pkl,train
56634.pkl,train
45186.pkl,train
31052.pkl,train
55181.pkl,train
55611.pkl,train
10125.pkl,train
33152.pkl,train
27579.pkl,train
10761.pkl,train
35257.pkl,train
19283.pkl,train
48529.pkl,train
1179.pkl,train
36138.pkl,train
41783.pkl,train
5306.pkl,train
26183.pkl,train
40875.pkl,train
5246.pkl,train
44353.pkl,train
18731.pkl,train
38156.pkl,train
25328.pkl,train
46217.pkl,train
35939.pkl,train
9889.pkl,train
12508.pkl,train
54837.pkl,train
16811.pkl,train
50813.pkl,train
15045.pkl,train
40937.pkl,train
8963.pkl,train
30518.pkl,train
14236.pkl,train
39626.pkl,train
12318.pkl,train
32885.pkl,train
11452.pkl,train
2104.pkl,train
3633.pkl,train
38519.pkl,train
6097.pkl,train
29001.pkl,train
49540.pkl,train
52372.pkl,train
6098.pkl,train
44495.pkl,train
49373.pkl,train
56729.pkl,train
26793.pkl,train
37849.pkl,train
49516.pkl,train
54067.pkl,train
56666.pkl,train
51300.pkl,train
9282.pkl,train
56721.pkl,train
34549.pkl,train
9645.pkl,train
24445.pkl,train
23866.pkl,train
2986.pkl,train
32552.pkl,train
35627.pkl,train
14916.pkl,train
5320.pkl,train
45018.pkl,train
54087.pkl,train
40427.pkl,train
14891.pkl,train
10808.pkl,train
21872.pkl,train
35468.pkl,train
31510.pkl,train
38055.pkl,train
3413.pkl,train
36206.pkl,train
12248.pkl,train
5421.pkl,train
6744.pkl,train
55089.pkl,train
55598.pkl,train
32455.pkl,train
40587.pkl,train
25330.pkl,train
47513.pkl,train
47571.pkl,train
41919.pkl,train
54405.pkl,train
1010.pkl,train
54460.pkl,train
36890.pkl,train
47914.pkl,train
19864.pkl,train
48332.pkl,train
39956.pkl,train
30384.pkl,train
8588.pkl,train
41800.pkl,train
263.pkl,train
36295.pkl,train
34403.pkl,train
49467.pkl,train
44555.pkl,train
32152.pkl,train
24310.pkl,train
17064.pkl,train
50271.pkl,train
45665.pkl,train
28841.pkl,train
44340.pkl,train
17239.pkl,train
41235.pkl,train
3600.pkl,train
21913.pkl,train
18258.pkl,train
30617.pkl,train
28066.pkl,train
47596.pkl,train
13687.pkl,train
32912.pkl,train
54309.pkl,train
19701.pkl,train
43399.pkl,train
10067.pkl,train
5739.pkl,train
46104.pkl,train
36327.pkl,train
51507.pkl,train
7690.pkl,train
10595.pkl,train
30683.pkl,train
39563.pkl,train
53323.pkl,train
25578.pkl,train
26452.pkl,train
23854.pkl,train
33759.pkl,train
33606.pkl,train
45913.pkl,train
46232.pkl,train
5095.pkl,train
7423.pkl,train
47236.pkl,train
2737.pkl,train
31810.pkl,train
47829.pkl,train
4737.pkl,train
37351.pkl,train
12891.pkl,train
48244.pkl,train
1960.pkl,train
16373.pkl,train
50783.pkl,train
16427.pkl,train
923.pkl,train
9242.pkl,train
44558.pkl,train
43912.pkl,train
5045.pkl,train
10401.pkl,train
20559.pkl,train
24219.pkl,train
43591.pkl,train
41444.pkl,train
21282.pkl,train
48355.pkl,train
20673.pkl,train
31245.pkl,train
40626.pkl,train
30205.pkl,train
53052.pkl,train
51334.pkl,train
43830.pkl,train
22852.pkl,train
26049.pkl,train
24639.pkl,train
13620.pkl,train
29076.pkl,train
2240.pkl,train
40324.pkl,train
9373.pkl,train
12545.pkl,train
9590.pkl,train
43621.pkl,train
26791.pkl,train
41811.pkl,train
3378.pkl,train
24625.pkl,train
42308.pkl,train
5524.pkl,train
39139.pkl,train
14992.pkl,train
47123.pkl,train
51067.pkl,train
54682.pkl,train
48446.pkl,train
10215.pkl,train
9010.pkl,train
14464.pkl,train
24485.pkl,train
39310.pkl,train
38130.pkl,train
3962.pkl,train
24885.pkl,train
29513.pkl,train
55200.pkl,train
42192.pkl,train
23409.pkl,train
27644.pkl,train
55010.pkl,train
51339.pkl,train
35544.pkl,train
47459.pkl,train
26157.pkl,train
54512.pkl,train
18965.pkl,train
34009.pkl,train
41427.pkl,train
25313.pkl,train
18794.pkl,train
38099.pkl,train
16098.pkl,train
50536.pkl,train
16967.pkl,train
52063.pkl,train
39243.pkl,train
38682.pkl,train
38514.pkl,train
45435.pkl,train
26715.pkl,train
52684.pkl,train
26252.pkl,train
35532.pkl,train
36108.pkl,train
56752.pkl,train
30347.pkl,train
49333.pkl,train
34074.pkl,train
22211.pkl,train
7074.pkl,train
39279.pkl,train
56790.pkl,train
30771.pkl,train
32985.pkl,train
26756.pkl,train
21413.pkl,train
37548.pkl,train
3490.pkl,train
51082.pkl,train
11867.pkl,train
20827.pkl,train
33727.pkl,train
49228.pkl,train
13198.pkl,train
6490.pkl,train
15681.pkl,train
27984.pkl,train
37856.pkl,train
19781.pkl,train
20079.pkl,train
38313.pkl,train
6596.pkl,train
11555.pkl,train
20434.pkl,train
14448.pkl,train
42242.pkl,train
24013.pkl,train
27993.pkl,train
19874.pkl,train
31452.pkl,train
34936.pkl,train
4658.pkl,train
3254.pkl,train
56757.pkl,train
6920.pkl,train
8247.pkl,train
55935.pkl,train
42390.pkl,train
6950.pkl,train
24461.pkl,train
47148.pkl,train
49707.pkl,train
18295.pkl,train
20299.pkl,train
17668.pkl,train
36652.pkl,train
8264.pkl,train
39090.pkl,train
145.pkl,train
3826.pkl,train
1289.pkl,train
22243.pkl,train
10750.pkl,train
33726.pkl,train
29070.pkl,train
9032.pkl,train
36374.pkl,train
13562.pkl,train
44075.pkl,train
48043.pkl,train
38150.pkl,train
9734.pkl,train
38694.pkl,train
53508.pkl,train
1298.pkl,train
56428.pkl,train
38731.pkl,train
9048.pkl,train
6169.pkl,train
614.pkl,train
51412.pkl,train
56454.pkl,train
35938.pkl,train
1771.pkl,train
50560.pkl,train
5338.pkl,train
45544.pkl,train
6820.pkl,train
24553.pkl,train
7138.pkl,train
12356.pkl,train
46976.pkl,train
7914.pkl,train
6385.pkl,train
9271.pkl,train
14723.pkl,train
30581.pkl,train
26266.pkl,train
44842.pkl,train
33762.pkl,train
40254.pkl,train
19941.pkl,train
35860.pkl,train
20932.pkl,train
54377.pkl,train
39011.pkl,train
37300.pkl,train
17103.pkl,train
4586.pkl,train
13700.pkl,train
36487.pkl,train
35560.pkl,train
2089.pkl,train
31124.pkl,train
12413.pkl,train
46078.pkl,train
8994.pkl,train
47644.pkl,train
28093.pkl,train
50721.pkl,train
5712.pkl,train
50548.pkl,train
42907.pkl,train
22143.pkl,train
28106.pkl,train
49208.pkl,train
19747.pkl,train
27151.pkl,train
19441.pkl,train
3539.pkl,train
42735.pkl,train
19759.pkl,train
20615.pkl,train
16795.pkl,train
23908.pkl,train
11010.pkl,train
21328.pkl,train
45712.pkl,train
12354.pkl,train
26502.pkl,train
40604.pkl,train
52957.pkl,train
11287.pkl,train
27535.pkl,train
50875.pkl,train
17235.pkl,train
53671.pkl,train
42926.pkl,train
28564.pkl,train
56766.pkl,train
14842.pkl,train
51271.pkl,train
1872.pkl,train
36976.pkl,train
52970.pkl,train
39846.pkl,train
15959.pkl,train
3439.pkl,train
4439.pkl,train
56747.pkl,train
24063.pkl,train
52326.pkl,train
2234.pkl,train
24322.pkl,train
44888.pkl,train
14993.pkl,train
27366.pkl,train
54206.pkl,train
8964.pkl,train
19514.pkl,train
14602.pkl,train
37515.pkl,train
3855.pkl,train
16753.pkl,train
39464.pkl,train
35045.pkl,train
41536.pkl,train
51877.pkl,train
17999.pkl,train
42843.pkl,train
21509.pkl,train
50657.pkl,train
30119.pkl,train
35487.pkl,train
45342.pkl,train
53259.pkl,train
46052.pkl,train
49739.pkl,train
51358.pkl,train
6409.pkl,train
27028.pkl,train
42129.pkl,train
23599.pkl,train
24736.pkl,train
7999.pkl,train
38461.pkl,train
54347.pkl,train
43607.pkl,train
14805.pkl,train
11715.pkl,train
40115.pkl,train
26125.pkl,train
28604.pkl,train
27030.pkl,train
8183.pkl,train
36057.pkl,train
6306.pkl,train
54052.pkl,train
52998.pkl,train
10481.pkl,train
25889.pkl,train
51469.pkl,train
44507.pkl,train
55006.pkl,train
46227.pkl,train
37932.pkl,train
40333.pkl,train
28120.pkl,train
56568.pkl,train
14861.pkl,train
56164.pkl,train
47185.pkl,train
50235.pkl,train
30058.pkl,train
15809.pkl,train
53404.pkl,train
49230.pkl,train
26673.pkl,train
42615.pkl,train
25912.pkl,train
41234.pkl,train
44565.pkl,train
18041.pkl,train
31315.pkl,train
53116.pkl,train
22538.pkl,train
13427.pkl,train
14640.pkl,train
12685.pkl,train
26425.pkl,train
30215.pkl,train
36992.pkl,train
48769.pkl,train
30338.pkl,train
20844.pkl,train
50443.pkl,train
56882.pkl,train
29912.pkl,train
39164.pkl,train
5717.pkl,train
42089.pkl,train
32832.pkl,train
39291.pkl,train
53531.pkl,train
13555.pkl,train
2346.pkl,train
23818.pkl,train
293.pkl,train
48029.pkl,train
15556.pkl,train
13616.pkl,train
11526.pkl,train
32323.pkl,train
46516.pkl,train
33333.pkl,train
16095.pkl,train
245.pkl,train
12412.pkl,train
3352.pkl,train
52090.pkl,train
19375.pkl,train
9075.pkl,train
13677.pkl,train
18137.pkl,train
55337.pkl,train
22629.pkl,train
35867.pkl,train
56214.pkl,train
47170.pkl,train
51528.pkl,train
46643.pkl,train
34768.pkl,train
8744.pkl,train
41834.pkl,train
26012.pkl,train
20822.pkl,train
28758.pkl,train
43886.pkl,train
33655.pkl,train
37097.pkl,train
17813.pkl,train
36773.pkl,train
12191.pkl,train
23633.pkl,train
34104.pkl,train
48257.pkl,train
11928.pkl,train
50940.pkl,train
13080.pkl,train
30013.pkl,train
4761.pkl,train
56989.pkl,train
39843.pkl,train
13790.pkl,train
54054.pkl,train
52966.pkl,train
22783.pkl,train
50906.pkl,train
43250.pkl,train
35829.pkl,train
14651.pkl,train
7454.pkl,train
23613.pkl,train
48724.pkl,train
10585.pkl,train
12610.pkl,train
39299.pkl,train
37297.pkl,train
47100.pkl,train
5756.pkl,train
26282.pkl,train
38884.pkl,train
55135.pkl,train
20246.pkl,train
10322.pkl,train
47063.pkl,train
25673.pkl,train
14432.pkl,train
28783.pkl,train
55473.pkl,train
21434.pkl,train
7178.pkl,train
32760.pkl,train
46140.pkl,train
20308.pkl,train
44855.pkl,train
15425.pkl,train
13418.pkl,train
5815.pkl,train
4113.pkl,train
52012.pkl,train
54753.pkl,train
34358.pkl,train
40499.pkl,train
748.pkl,train
11803.pkl,train
33451.pkl,train
47706.pkl,train
38624.pkl,train
10854.pkl,train
19340.pkl,train
30700.pkl,train
49082.pkl,train
43108.pkl,train
32544.pkl,train
16004.pkl,train
39969.pkl,train
27378.pkl,train
46051.pkl,train
41936.pkl,train
19983.pkl,train
954.pkl,train
24561.pkl,train
5986.pkl,train
6253.pkl,train
37884.pkl,train
30406.pkl,train
18899.pkl,train
56258.pkl,train
20164.pkl,train
16756.pkl,train
55869.pkl,train
12086.pkl,train
46543.pkl,train
37944.pkl,train
13502.pkl,train
22890.pkl,train
24906.pkl,train
21278.pkl,train
33032.pkl,train
18885.pkl,train
37038.pkl,train
38489.pkl,train
46797.pkl,train
13822.pkl,train
34197.pkl,train
51073.pkl,train
44784.pkl,train
22825.pkl,train
10754.pkl,train
11781.pkl,train
5213.pkl,train
34866.pkl,train
36127.pkl,train
37850.pkl,train
29807.pkl,train
7695.pkl,train
21050.pkl,train
7643.pkl,train
8729.pkl,train
44199.pkl,train
22529.pkl,train
32889.pkl,train
43148.pkl,train
51908.pkl,train
22196.pkl,train
29739.pkl,train
47550.pkl,train
22625.pkl,train
55526.pkl,train
43490.pkl,train
8943.pkl,train
18918.pkl,train
6877.pkl,train
39895.pkl,train
30413.pkl,train
29631.pkl,train
37007.pkl,train
11855.pkl,train
20351.pkl,train
24097.pkl,train
9560.pkl,train
22879.pkl,train
43779.pkl,train
25916.pkl,train
27754.pkl,train
42248.pkl,train
3567.pkl,train
33778.pkl,train
6129.pkl,train
36094.pkl,train
55471.pkl,train
39301.pkl,train
13096.pkl,train
28901.pkl,train
28593.pkl,train
4816.pkl,train
44929.pkl,train
6522.pkl,train
35797.pkl,train
29484.pkl,train
14693.pkl,train
46571.pkl,train
13414.pkl,train
9507.pkl,train
18352.pkl,train
53608.pkl,train
39446.pkl,train
33062.pkl,train
8143.pkl,train
7067.pkl,train
20321.pkl,train
634.pkl,train
36313.pkl,train
50465.pkl,train
48211.pkl,train
44483.pkl,train
40562.pkl,train
24399.pkl,train
11077.pkl,train
29216.pkl,train
50419.pkl,train
45816.pkl,train
38419.pkl,train
26440.pkl,train
15659.pkl,train
459.pkl,train
54506.pkl,train
1687.pkl,train
32130.pkl,train
3894.pkl,train
25427.pkl,train
7551.pkl,train
14019.pkl,train
10655.pkl,train
43271.pkl,train
50347.pkl,train
23218.pkl,train
14556.pkl,train
2098.pkl,train
4199.pkl,train
13738.pkl,train
30385.pkl,train
20397.pkl,train
44881.pkl,train
11507.pkl,train
35678.pkl,train
46988.pkl,train
18410.pkl,train
44214.pkl,train
42504.pkl,train
21177.pkl,train
3842.pkl,train
25653.pkl,train
50226.pkl,train
11542.pkl,train
38457.pkl,train
34697.pkl,train
54532.pkl,train
2246.pkl,train
39682.pkl,train
49577.pkl,train
39316.pkl,train
56029.pkl,train
8921.pkl,train
16891.pkl,train
22304.pkl,train
7503.pkl,train
16413.pkl,train
26206.pkl,train
39752.pkl,train
34033.pkl,train
11945.pkl,train
6513.pkl,train
27215.pkl,train
44602.pkl,train
51578.pkl,train
6421.pkl,train
51732.pkl,train
21789.pkl,train
24852.pkl,train
8343.pkl,train
34181.pkl,train
51826.pkl,train
23821.pkl,train
25731.pkl,train
37339.pkl,train
51014.pkl,train
44435.pkl,train
38164.pkl,train
15434.pkl,train
52397.pkl,train
19857.pkl,train
750.pkl,train
26352.pkl,train
55442.pkl,train
10465.pkl,train
21432.pkl,train
44010.pkl,train
25993.pkl,train
24052.pkl,train
19798.pkl,train
14595.pkl,train
6273.pkl,train
13896.pkl,train
6543.pkl,train
19352.pkl,train
434.pkl,train
35633.pkl,train
25574.pkl,train
37223.pkl,train
1703.pkl,train
41359.pkl,train
30607.pkl,train
40405.pkl,train
30842.pkl,train
28591.pkl,train
4249.pkl,train
2106.pkl,train
17790.pkl,train
36696.pkl,train
8223.pkl,train
47256.pkl,train
11510.pkl,train
19002.pkl,train
33744.pkl,train
10018.pkl,train
23051.pkl,train
38534.pkl,train
2328.pkl,train
35947.pkl,train
43846.pkl,train
22581.pkl,train
7079.pkl,train
36355.pkl,train
7055.pkl,train
33125.pkl,train
7297.pkl,train
31323.pkl,train
26833.pkl,train
324.pkl,train
21877.pkl,train
42933.pkl,train
37629.pkl,train
17117.pkl,train
35085.pkl,train
51181.pkl,train
4792.pkl,train
34429.pkl,train
376.pkl,train
27454.pkl,train
20286.pkl,train
23081.pkl,train
46911.pkl,train
2844.pkl,train
24582.pkl,train
38366.pkl,train
53217.pkl,train
50394.pkl,train
37666.pkl,train
4342.pkl,train
661.pkl,train
22771.pkl,train
26254.pkl,train
50758.pkl,train
52121.pkl,train
15067.pkl,train
27741.pkl,train
4061.pkl,train
41828.pkl,train
35920.pkl,train
18184.pkl,train
47471.pkl,train
11199.pkl,train
18862.pkl,train
53528.pkl,train
33678.pkl,train
44284.pkl,train
23620.pkl,train
50413.pkl,train
50724.pkl,train
2158.pkl,train
40934.pkl,train
24949.pkl,train
52788.pkl,train
27654.pkl,train
33474.pkl,train
13055.pkl,train
31629.pkl,train
14747.pkl,train
25358.pkl,train
32261.pkl,train
12790.pkl,train
11295.pkl,train
47911.pkl,train
791.pkl,train
1385.pkl,train
55769.pkl,train
12373.pkl,train
54708.pkl,train
20636.pkl,train
55559.pkl,train
36232.pkl,train
24494.pkl,train
48410.pkl,train
47015.pkl,train
32404.pkl,train
4469.pkl,train
40840.pkl,train
26486.pkl,train
52883.pkl,train
16798.pkl,train
10880.pkl,train
19742.pkl,train
351.pkl,train
7190.pkl,train
55727.pkl,train
52273.pkl,train
10373.pkl,train
16740.pkl,train
43489.pkl,train
1079.pkl,train
1677.pkl,train
38829.pkl,train
4170.pkl,train
37451.pkl,train
12959.pkl,train
26071.pkl,train
46724.pkl,train
48327.pkl,train
41762.pkl,train
40278.pkl,train
5854.pkl,train
15992.pkl,train
18607.pkl,train
38442.pkl,train
51971.pkl,train
43695.pkl,train
32435.pkl,train
53358.pkl,train
32931.pkl,train
53750.pkl,train
87.pkl,train
23931.pkl,train
12686.pkl,train
36194.pkl,train
26036.pkl,train
2612.pkl,train
16996.pkl,train
44488.pkl,train
15377.pkl,train
25252.pkl,train
15657.pkl,train
21728.pkl,train
36547.pkl,train
6724.pkl,train
52353.pkl,train
21701.pkl,train
53153.pkl,train
17432.pkl,train
23009.pkl,train
4162.pkl,train
55174.pkl,train
12037.pkl,train
54350.pkl,train
17005.pkl,train
10869.pkl,train
4361.pkl,train
33559.pkl,train
12669.pkl,train
45.pkl,train
43934.pkl,train
50332.pkl,train
33515.pkl,train
3818.pkl,train
27996.pkl,train
32643.pkl,train
41353.pkl,train
26146.pkl,train
51718.pkl,train
41587.pkl,train
25630.pkl,train
44735.pkl,train
9110.pkl,train
3654.pkl,train
56317.pkl,train
27119.pkl,train
22111.pkl,train
45178.pkl,train
36321.pkl,train
12293.pkl,train
14462.pkl,train
959.pkl,train
27112.pkl,train
13586.pkl,train
26296.pkl,train
26356.pkl,train
890.pkl,train
3095.pkl,train
44085.pkl,train
55562.pkl,train
53766.pkl,train
47965.pkl,train
37114.pkl,train
43510.pkl,train
51403.pkl,train
51862.pkl,train
29770.pkl,train
51842.pkl,train
20122.pkl,train
33259.pkl,train
36470.pkl,train
25852.pkl,train
13037.pkl,train
25575.pkl,train
46787.pkl,train
27049.pkl,train
42640.pkl,train
38759.pkl,train
15808.pkl,train
7169.pkl,train
50042.pkl,train
20177.pkl,train
15081.pkl,train
53605.pkl,train
31938.pkl,train
4560.pkl,train
34394.pkl,train
3126.pkl,train
50108.pkl,train
50956.pkl,train
35747.pkl,train
17063.pkl,train
29866.pkl,train
29501.pkl,train
50727.pkl,train
15143.pkl,train
48103.pkl,train
10696.pkl,train
1531.pkl,train
23791.pkl,train
54351.pkl,train
19898.pkl,train
44389.pkl,train
28182.pkl,train
10173.pkl,train
34235.pkl,train
16219.pkl,train
899.pkl,train
56781.pkl,train
18099.pkl,train
41903.pkl,train
49051.pkl,train
24607.pkl,train
33607.pkl,train
42502.pkl,train
25183.pkl,train
28632.pkl,train
26531.pkl,train
56200.pkl,train
1577.pkl,train
17700.pkl,train
16341.pkl,train
16894.pkl,train
9920.pkl,train
43431.pkl,train
24783.pkl,train
25221.pkl,train
55651.pkl,train
17595.pkl,train
6817.pkl,train
30327.pkl,train
20821.pkl,train
18428.pkl,train
55875.pkl,train
11683.pkl,train
21502.pkl,train
4674.pkl,train
5049.pkl,train
21415.pkl,train
44971.pkl,train
31235.pkl,train
834.pkl,train
32825.pkl,train
25008.pkl,train
4035.pkl,train
33194.pkl,train
26657.pkl,train
7520.pkl,train
5607.pkl,train
23575.pkl,train
27722.pkl,train
42543.pkl,train
45734.pkl,train
30514.pkl,train
8255.pkl,train
7005.pkl,train
40703.pkl,train
38603.pkl,train
22462.pkl,train
18437.pkl,train
40480.pkl,train
23727.pkl,train
49151.pkl,train
53154.pkl,train
18160.pkl,train
6189.pkl,train
54657.pkl,train
8930.pkl,train
46170.pkl,train
6241.pkl,train
14567.pkl,train
45868.pkl,train
7239.pkl,train
53631.pkl,train
31575.pkl,train
16357.pkl,train
20603.pkl,train
53882.pkl,train
11105.pkl,train
13824.pkl,train
10947.pkl,train
55556.pkl,train
7972.pkl,train
53269.pkl,train
46210.pkl,train
42287.pkl,train
22137.pkl,train
35399.pkl,train
49528.pkl,train
43691.pkl,train
51878.pkl,train
45285.pkl,train
26132.pkl,train
52876.pkl,train
56067.pkl,train
20431.pkl,train
32921.pkl,train
44387.pkl,train
10349.pkl,train
32801.pkl,train
9773.pkl,train
11072.pkl,train
23027.pkl,train
36084.pkl,train
30673.pkl,train
9809.pkl,train
12796.pkl,train
34516.pkl,train
27786.pkl,train
20140.pkl,train
50728.pkl,train
35411.pkl,train
33708.pkl,train
40765.pkl,train
19304.pkl,train
1366.pkl,train
14652.pkl,train
9679.pkl,train
24872.pkl,train
15422.pkl,train
56099.pkl,train
6677.pkl,train
39440.pkl,train
16306.pkl,train
53456.pkl,train
40133.pkl,train
13340.pkl,train
18614.pkl,train
35989.pkl,train
39461.pkl,train
24991.pkl,train
11605.pkl,train
52691.pkl,train
34553.pkl,train
6031.pkl,train
33660.pkl,train
22667.pkl,train
4625.pkl,train
53865.pkl,train
11900.pkl,train
36365.pkl,train
3328.pkl,train
46433.pkl,train
48402.pkl,train
46536.pkl,train
40877.pkl,train
14738.pkl,train
25531.pkl,train
18492.pkl,train
49754.pkl,train
17503.pkl,train
29288.pkl,train
14433.pkl,train
51205.pkl,train
10163.pkl,train
40789.pkl,train
28818.pkl,train
22061.pkl,train
1633.pkl,train
43662.pkl,train
5922.pkl,train
43542.pkl,train
7066.pkl,train
42813.pkl,train
26207.pkl,train
17937.pkl,train
44598.pkl,train
29405.pkl,train
1187.pkl,train
33384.pkl,train
3319.pkl,train
8497.pkl,train
27947.pkl,train
24298.pkl,train
23746.pkl,train
19131.pkl,train
23829.pkl,train
35686.pkl,train
209.pkl,train
18161.pkl,train
24331.pkl,train
49657.pkl,train
30984.pkl,train
16331.pkl,train
56330.pkl,train
37941.pkl,train
1573.pkl,train
45307.pkl,train
10484.pkl,train
45801.pkl,train
52994.pkl,train
44031.pkl,train
11603.pkl,train
55438.pkl,train
735.pkl,train
23574.pkl,train
38081.pkl,train
16901.pkl,train
32462.pkl,train
50187.pkl,train
40401.pkl,train
51586.pkl,train
43214.pkl,train
31689.pkl,train
35006.pkl,train
17515.pkl,train
14244.pkl,train
27243.pkl,train
48135.pkl,train
37779.pkl,train
14535.pkl,train
28011.pkl,train
32169.pkl,train
51786.pkl,train
12288.pkl,train
15760.pkl,train
38216.pkl,train
751.pkl,train
6038.pkl,train
37793.pkl,train
31837.pkl,train
49961.pkl,train
47606.pkl,train
13447.pkl,train
9906.pkl,train
44252.pkl,train
12186.pkl,train
35395.pkl,train
31682.pkl,train
54071.pkl,train
31484.pkl,train
19124.pkl,train
56042.pkl,train
21849.pkl,train
44864.pkl,train
11589.pkl,train
31764.pkl,train
34237.pkl,train
1013.pkl,train
23264.pkl,train
18903.pkl,train
56511.pkl,train
49842.pkl,train
40473.pkl,train
2503.pkl,train
42359.pkl,train
30875.pkl,train
43057.pkl,train
49231.pkl,train
19977.pkl,train
40311.pkl,train
34142.pkl,train
33222.pkl,train
5636.pkl,train
56178.pkl,train
22371.pkl,train
28278.pkl,train
34893.pkl,train
43299.pkl,train
16831.pkl,train
26988.pkl,train
155.pkl,train
4459.pkl,train
831.pkl,train
6267.pkl,train
14096.pkl,train
53342.pkl,train
30107.pkl,train
38500.pkl,train
41240.pkl,train
36332.pkl,train
46722.pkl,train
588.pkl,train
42054.pkl,train
10626.pkl,train
32741.pkl,train
27079.pkl,train
36395.pkl,train
31005.pkl,train
26383.pkl,train
11345.pkl,train
14216.pkl,train
55812.pkl,train
52391.pkl,train
34320.pkl,train
56362.pkl,train
3227.pkl,train
56209.pkl,train
11343.pkl,train
42344.pkl,train
9754.pkl,train
8394.pkl,train
32138.pkl,train
34239.pkl,train
38395.pkl,train
8886.pkl,train
4302.pkl,train
12261.pkl,train
15496.pkl,train
55846.pkl,train
10899.pkl,train
32015.pkl,train
1739.pkl,train
50238.pkl,train
10429.pkl,train
29007.pkl,train
42387.pkl,train
4145.pkl,train
21407.pkl,train
45463.pkl,train
39033.pkl,train
6604.pkl,train
54714.pkl,train
34630.pkl,train
23033.pkl,train
3967.pkl,train
33888.pkl,train
43445.pkl,train
24313.pkl,train
19990.pkl,train
24175.pkl,train
49381.pkl,train
2856.pkl,train
17879.pkl,train
55164.pkl,train
46918.pkl,train
13318.pkl,train
34567.pkl,train
15772.pkl,train
17387.pkl,train
34196.pkl,train
46900.pkl,train
30681.pkl,train
454.pkl,train
22067.pkl,train
47385.pkl,train
20381.pkl,train
40636.pkl,train
48770.pkl,train
29549.pkl,train
38483.pkl,train
43890.pkl,train
44272.pkl,train
29038.pkl,train
39340.pkl,train
15366.pkl,train
12691.pkl,train
46451.pkl,train
43191.pkl,train
36475.pkl,train
12002.pkl,train
41273.pkl,train
36464.pkl,train
746.pkl,train
45298.pkl,train
5017.pkl,train
15679.pkl,train
41992.pkl,train
43618.pkl,train
13722.pkl,train
11656.pkl,train
12287.pkl,train
29090.pkl,train
48359.pkl,train
19603.pkl,train
6844.pkl,train
34840.pkl,train
36538.pkl,train
4830.pkl,train
44561.pkl,train
5700.pkl,train
21874.pkl,train
48853.pkl,train
13282.pkl,train
36195.pkl,train
28887.pkl,train
51766.pkl,train
45764.pkl,train
26530.pkl,train
6133.pkl,train
27152.pkl,train
35551.pkl,train
50957.pkl,train
43446.pkl,train
28910.pkl,train
22288.pkl,train
1193.pkl,train
42583.pkl,train
51847.pkl,train
44197.pkl,train
18601.pkl,train
23920.pkl,train
4582.pkl,train
11760.pkl,train
53908.pkl,train
51433.pkl,train
32258.pkl,train
39165.pkl,train
33179.pkl,train
13053.pkl,train
11672.pkl,train
35114.pkl,train
41769.pkl,train
41563.pkl,train
42240.pkl,train
39748.pkl,train
20430.pkl,train
31206.pkl,train
43470.pkl,train
56932.pkl,train
42488.pkl,train
4958.pkl,train
5453.pkl,train
47221.pkl,train
16629.pkl,train
42578.pkl,train
18728.pkl,train
47479.pkl,train
56130.pkl,train
4172.pkl,train
49273.pkl,train
10494.pkl,train
39935.pkl,train
25383.pkl,train
28773.pkl,train
16430.pkl,train
40837.pkl,train
11941.pkl,train
25329.pkl,train
12627.pkl,train
35472.pkl,train
347.pkl,train
24069.pkl,train
35675.pkl,train
30882.pkl,train
1652.pkl,train
14129.pkl,train
7028.pkl,train
16352.pkl,train
51808.pkl,train
41711.pkl,train
24881.pkl,train
54126.pkl,train
582.pkl,train
45990.pkl,train
56612.pkl,train
48613.pkl,train
21196.pkl,train
8013.pkl,train
25847.pkl,train
29910.pkl,train
33646.pkl,train
8852.pkl,train
4772.pkl,train
15579.pkl,train
10052.pkl,train
12719.pkl,train
51236.pkl,train
48534.pkl,train
52584.pkl,train
26419.pkl,train
29521.pkl,train
6999.pkl,train
46934.pkl,train
55906.pkl,train
33033.pkl,train
34712.pkl,train
6968.pkl,train
39810.pkl,train
56267.pkl,train
1817.pkl,train
9011.pkl,train
39547.pkl,train
20691.pkl,train
43010.pkl,train
45891.pkl,train
42405.pkl,train
2048.pkl,train
7687.pkl,train
20129.pkl,train
45994.pkl,train
23339.pkl,train
45413.pkl,train
1829.pkl,train
17302.pkl,train
36036.pkl,train
21243.pkl,train
31132.pkl,train
43861.pkl,train
35886.pkl,train
1104.pkl,train
11153.pkl,train
48721.pkl,train
56269.pkl,train
354.pkl,train
992.pkl,train
15194.pkl,train
42648.pkl,train
18608.pkl,train
17380.pkl,train
51834.pkl,train
17394.pkl,train
39955.pkl,train
49233.pkl,train
22189.pkl,train
32529.pkl,train
43225.pkl,train
37832.pkl,train
30527.pkl,train
19383.pkl,train
39669.pkl,train
41180.pkl,train
17008.pkl,train
31570.pkl,train
53383.pkl,train
55472.pkl,train
54281.pkl,train
19592.pkl,train
35543.pkl,train
34347.pkl,train
5738.pkl,train
29132.pkl,train
15520.pkl,train
22268.pkl,train
10687.pkl,train
47052.pkl,train
54301.pkl,train
2459.pkl,train
44668.pkl,train
10578.pkl,train
844.pkl,train
30951.pkl,train
51443.pkl,train
27808.pkl,train
28923.pkl,train
1866.pkl,train
27820.pkl,train
36497.pkl,train
38237.pkl,train
54513.pkl,train
6506.pkl,train
26517.pkl,train
22140.pkl,train
26455.pkl,train
4768.pkl,train
49851.pkl,train
17037.pkl,train
37295.pkl,train
6094.pkl,train
7292.pkl,train
44034.pkl,train
31812.pkl,train
20303.pkl,train
39853.pkl,train
51787.pkl,train
49121.pkl,train
27859.pkl,train
28024.pkl,train
8698.pkl,train
29567.pkl,train
39226.pkl,train
29838.pkl,train
42754.pkl,train
51197.pkl,train
4346.pkl,train
51943.pkl,train
22494.pkl,train
36726.pkl,train
56993.pkl,train
4214.pkl,train
50738.pkl,train
11447.pkl,train
21265.pkl,train
47151.pkl,train
22287.pkl,train
29355.pkl,train
18999.pkl,train
4735.pkl,train
46604.pkl,train
266.pkl,train
48193.pkl,train
28224.pkl,train
24570.pkl,train
35074.pkl,train
928.pkl,train
49750.pkl,train
19083.pkl,train
43596.pkl,train
47766.pkl,train
47647.pkl,train
7305.pkl,train
1405.pkl,train
7165.pkl,train
13111.pkl,train
32959.pkl,train
7795.pkl,train
27767.pkl,train
42748.pkl,train
7367.pkl,train
42889.pkl,train
33216.pkl,train
40193.pkl,train
26797.pkl,train
35294.pkl,train
11091.pkl,train
26772.pkl,train
11733.pkl,train
33763.pkl,train
24836.pkl,train
31492.pkl,train
17616.pkl,train
20689.pkl,train
21799.pkl,train
6307.pkl,train
7486.pkl,train
5776.pkl,train
47237.pkl,train
29066.pkl,train
8120.pkl,train
17487.pkl,train
32166.pkl,train
5671.pkl,train
20915.pkl,train
51230.pkl,train
52761.pkl,train
30923.pkl,train
18650.pkl,train
6842.pkl,train
56691.pkl,train
48760.pkl,train
7432.pkl,train
50043.pkl,train
7664.pkl,train
6629.pkl,train
7653.pkl,train
4964.pkl,train
4929.pkl,train
31787.pkl,train
53037.pkl,train
21712.pkl,train
30641.pkl,train
5525.pkl,train
46218.pkl,train
45909.pkl,train
20076.pkl,train
4257.pkl,train
53567.pkl,train
12852.pkl,train
41103.pkl,train
5078.pkl,train
27789.pkl,train
3140.pkl,train
43151.pkl,train
42433.pkl,train
6586.pkl,train
37922.pkl,train
49206.pkl,train
22139.pkl,train
27560.pkl,train
32288.pkl,train
54407.pkl,train
20892.pkl,train
38401.pkl,train
56659.pkl,train
40819.pkl,train
37886.pkl,train
8454.pkl,train
33266.pkl,train
39747.pkl,train
41391.pkl,train
26909.pkl,train
11711.pkl,train
25655.pkl,train
4394.pkl,train
42691.pkl,train
51805.pkl,train
4404.pkl,train
48962.pkl,train
51258.pkl,train
56565.pkl,train
10166.pkl,train
37004.pkl,train
7719.pkl,train
37520.pkl,train
56156.pkl,train
20533.pkl,train
48169.pkl,train
54790.pkl,train
55572.pkl,train
14180.pkl,train
26420.pkl,train
29901.pkl,train
10846.pkl,train
13214.pkl,train
25365.pkl,train
513.pkl,train
53027.pkl,train
18083.pkl,train
21071.pkl,train
16945.pkl,train
12974.pkl,train
31917.pkl,train
7764.pkl,train
51724.pkl,train
44831.pkl,train
24708.pkl,train
43002.pkl,train
50568.pkl,train
277.pkl,train
11640.pkl,train
3238.pkl,train
34548.pkl,train
42811.pkl,train
20623.pkl,train
29165.pkl,train
51437.pkl,train
51438.pkl,train
14115.pkl,train
30372.pkl,train
52619.pkl,train
21693.pkl,train
24647.pkl,train
53703.pkl,train
7744.pkl,train
49977.pkl,train
19938.pkl,train
38281.pkl,train
50566.pkl,train
25355.pkl,train
10417.pkl,train
41640.pkl,train
7568.pkl,train
39522.pkl,train
48691.pkl,train
29426.pkl,train
49416.pkl,train
5897.pkl,train
254.pkl,train
7093.pkl,train
19669.pkl,train
12953.pkl,train
54971.pkl,train
22619.pkl,train
36460.pkl,train
33503.pkl,train
18200.pkl,train
4606.pkl,train
2752.pkl,train
20502.pkl,train
41459.pkl,train
30766.pkl,train
33986.pkl,train
45768.pkl,train
21247.pkl,train
9550.pkl,train
44905.pkl,train
18957.pkl,train
11235.pkl,train
37266.pkl,train
23891.pkl,train
49537.pkl,train
30522.pkl,train
45603.pkl,train
19681.pkl,train
1970.pkl,train
45601.pkl,train
19756.pkl,train
34443.pkl,train
46348.pkl,train
7269.pkl,train
26240.pkl,train
39234.pkl,train
26713.pkl,train
345.pkl,train
24321.pkl,train
8522.pkl,train
17170.pkl,train
10028.pkl,train
10987.pkl,train
32409.pkl,train
21336.pkl,train
52891.pkl,train
42345.pkl,train
6866.pkl,train
43555.pkl,train
21566.pkl,train
43296.pkl,train
44588.pkl,train
37732.pkl,train
56672.pkl,train
13103.pkl,train
24189.pkl,train
40099.pkl,train
10480.pkl,train
48981.pkl,train
5693.pkl,train
17356.pkl,train
46449.pkl,train
13554.pkl,train
49248.pkl,train
48986.pkl,train
6232.pkl,train
4529.pkl,train
48052.pkl,train
11184.pkl,train
5899.pkl,train
54553.pkl,train
8663.pkl,train
5727.pkl,train
49126.pkl,train
56566.pkl,train
56472.pkl,train
49060.pkl,train
14846.pkl,train
50771.pkl,train
23079.pkl,train
5469.pkl,train
6801.pkl,train
18060.pkl,train
20920.pkl,train
4691.pkl,train
2053.pkl,train
16703.pkl,train
24763.pkl,train
24341.pkl,train
8164.pkl,train
40773.pkl,train
48850.pkl,train
30614.pkl,train
47774.pkl,train
13440.pkl,train
29848.pkl,train
44646.pkl,train
16812.pkl,train
42568.pkl,train
53848.pkl,train
11938.pkl,train
6035.pkl,train
48791.pkl,train
870.pkl,train
2135.pkl,train
8537.pkl,train
40801.pkl,train
27782.pkl,train
5218.pkl,train
12525.pkl,train
5879.pkl,train
29609.pkl,train
25310.pkl,train
48771.pkl,train
15771.pkl,train
16134.pkl,train
3420.pkl,train
50633.pkl,train
18887.pkl,train
54628.pkl,train
3867.pkl,train
54195.pkl,train
24740.pkl,train
2079.pkl,train
8270.pkl,train
32575.pkl,train
36775.pkl,train
55527.pkl,train
41380.pkl,train
51764.pkl,train
26348.pkl,train
42917.pkl,train
55979.pkl,train
48950.pkl,train
42805.pkl,train
50380.pkl,train
48980.pkl,train
19854.pkl,train
53846.pkl,train
27559.pkl,train
6736.pkl,train
31469.pkl,train
37049.pkl,train
27121.pkl,train
20457.pkl,train
16460.pkl,train
29839.pkl,train
10896.pkl,train
42152.pkl,train
17090.pkl,train
55155.pkl,train
45125.pkl,train
27843.pkl,train
51864.pkl,train
17469.pkl,train
52157.pkl,train
39608.pkl,train
11094.pkl,train
27494.pkl,train
5889.pkl,train
28393.pkl,train
31149.pkl,train
17012.pkl,train
10643.pkl,train
15186.pkl,train
15740.pkl,train
7736.pkl,train
52060.pkl,train
17228.pkl,train
37936.pkl,train
7971.pkl,train
18453.pkl,train
47573.pkl,train
14002.pkl,train
23703.pkl,train
16667.pkl,train
490.pkl,train
48582.pkl,train
1265.pkl,train
51832.pkl,train
20560.pkl,train
33391.pkl,train
25493.pkl,train
31358.pkl,train
63.pkl,train
51065.pkl,train
51219.pkl,train
54141.pkl,train
45356.pkl,train
30417.pkl,train
43341.pkl,train
16362.pkl,train
5249.pkl,train
52877.pkl,train
6198.pkl,train
31017.pkl,train
8421.pkl,train
21703.pkl,train
19843.pkl,train
48240.pkl,train
52733.pkl,train
19349.pkl,train
19360.pkl,train
6500.pkl,train
11310.pkl,train
24764.pkl,train
49601.pkl,train
4522.pkl,train
2567.pkl,train
32675.pkl,train
9473.pkl,train
55342.pkl,train
50247.pkl,train
40070.pkl,train
12336.pkl,train
48161.pkl,train
48579.pkl,train
12803.pkl,train
12112.pkl,train
22513.pkl,train
53310.pkl,train
8607.pkl,train
49003.pkl,train
8099.pkl,train
15855.pkl,train
5913.pkl,train
55426.pkl,train
24752.pkl,train
56618.pkl,train
23720.pkl,train
18170.pkl,train
31600.pkl,train
1508.pkl,train
46244.pkl,train
6708.pkl,train
40901.pkl,train
10280.pkl,train
32587.pkl,train
18695.pkl,train
51010.pkl,train
51789.pkl,train
23359.pkl,train
25759.pkl,train
16201.pkl,train
5273.pkl,train
16477.pkl,train
12338.pkl,train
17175.pkl,train
38069.pkl,train
48170.pkl,train
21489.pkl,train
10689.pkl,train
40463.pkl,train
51672.pkl,train
38435.pkl,train
47291.pkl,train
34345.pkl,train
6146.pkl,train
37535.pkl,train
52348.pkl,train
46989.pkl,train
56900.pkl,train
36916.pkl,train
46530.pkl,train
52384.pkl,train
51190.pkl,train
20644.pkl,train
14495.pkl,train
39634.pkl,train
48292.pkl,train
12665.pkl,train
27387.pkl,train
45023.pkl,train
17363.pkl,train
33751.pkl,train
37758.pkl,train
52142.pkl,train
26259.pkl,train
40828.pkl,train
54469.pkl,train
5344.pkl,train
36485.pkl,train
21678.pkl,train
40027.pkl,train
45727.pkl,train
40040.pkl,train
54257.pkl,train
52221.pkl,train
10579.pkl,train
43026.pkl,train
1133.pkl,train
41763.pkl,train
44351.pkl,train
22032.pkl,train
7004.pkl,train
32228.pkl,train
10675.pkl,train
1952.pkl,train
2517.pkl,train
42602.pkl,train
25470.pkl,train
56749.pkl,train
20187.pkl,train
45437.pkl,train
12157.pkl,train
47233.pkl,train
7625.pkl,train
36577.pkl,train
19387.pkl,train
19980.pkl,train
16057.pkl,train
21817.pkl,train
21451.pkl,train
50215.pkl,train
30936.pkl,train
8209.pkl,train
3005.pkl,train
50210.pkl,train
23313.pkl,train
13176.pkl,train
16250.pkl,train
42269.pkl,train
25675.pkl,train
1496.pkl,train
39468.pkl,train
13974.pkl,train
18124.pkl,train
47480.pkl,train
34899.pkl,train
22397.pkl,train
50466.pkl,train
7866.pkl,train
52450.pkl,train
35952.pkl,train
5194.pkl,train
23749.pkl,train
18390.pkl,train
42087.pkl,train
24868.pkl,train
49982.pkl,train
22936.pkl,train
3993.pkl,train
38110.pkl,train
6045.pkl,train
25994.pkl,train
55026.pkl,train
52092.pkl,train
898.pkl,train
37652.pkl,train
19811.pkl,train
35557.pkl,train
39081.pkl,train
54800.pkl,train
53597.pkl,train
25517.pkl,train
46266.pkl,train
51265.pkl,train
6245.pkl,train
2703.pkl,train
45082.pkl,train
11883.pkl,train
21503.pkl,train
17412.pkl,train
9461.pkl,train
3486.pkl,train
50425.pkl,train
46037.pkl,train
19915.pkl,train
26083.pkl,train
15683.pkl,train
15318.pkl,train
14186.pkl,train
18355.pkl,train
15820.pkl,train
23870.pkl,train
33522.pkl,train
45022.pkl,train
35256.pkl,train
46134.pkl,train
6275.pkl,train
655.pkl,train
393.pkl,train
8186.pkl,train
46338.pkl,train
54433.pkl,train
22087.pkl,train
48911.pkl,train
30756.pkl,train
1845.pkl,train
34799.pkl,train
1324.pkl,train
47584.pkl,train
30583.pkl,train
3429.pkl,train
43109.pkl,train
53918.pkl,train
52388.pkl,train
45213.pkl,train
16518.pkl,train
12752.pkl,train
7777.pkl,train
12421.pkl,train
45835.pkl,train
56927.pkl,train
17881.pkl,train
48475.pkl,train
2566.pkl,train
11993.pkl,train
7977.pkl,train
49780.pkl,train
37641.pkl,train
34425.pkl,train
26536.pkl,train
9693.pkl,train
52322.pkl,train
3438.pkl,train
30254.pkl,train
28201.pkl,train
54449.pkl,train
9004.pkl,train
35058.pkl,train
15583.pkl,train
9521.pkl,train
6271.pkl,train
31561.pkl,train
43444.pkl,train
25248.pkl,train
31785.pkl,train
53546.pkl,train
10478.pkl,train
33102.pkl,train
23959.pkl,train
43823.pkl,train
23525.pkl,train
18787.pkl,train
28720.pkl,train
47890.pkl,train
42575.pkl,train
38438.pkl,train
44057.pkl,train
5904.pkl,train
37053.pkl,train
27081.pkl,train
35460.pkl,train
8970.pkl,train
25678.pkl,train
37514.pkl,train
31053.pkl,train
52279.pkl,train
29987.pkl,train
35128.pkl,train
11448.pkl,train
19861.pkl,train
4086.pkl,train
38938.pkl,train
17931.pkl,train
22330.pkl,train
51725.pkl,train
51142.pkl,train
36943.pkl,train
2049.pkl,train
39925.pkl,train
54311.pkl,train
17976.pkl,train
35179.pkl,train
3545.pkl,train
34653.pkl,train
37434.pkl,train
56538.pkl,train
42354.pkl,train
39056.pkl,train
12758.pkl,train
8610.pkl,train
54343.pkl,train
48487.pkl,train
31584.pkl,train
48306.pkl,train
10031.pkl,train
49553.pkl,train
43870.pkl,train
49279.pkl,train
18431.pkl,train
37420.pkl,train
36960.pkl,train
36681.pkl,train
25182.pkl,train
47244.pkl,train
6008.pkl,train
2027.pkl,train
41788.pkl,train
45917.pkl,train
34828.pkl,train
13401.pkl,train
35073.pkl,train
56806.pkl,train
47839.pkl,train
55696.pkl,train
43836.pkl,train
53355.pkl,train
21208.pkl,train
46209.pkl,train
22543.pkl,train
33046.pkl,train
17640.pkl,train
25449.pkl,train
52534.pkl,train
33999.pkl,train
55789.pkl,train
53763.pkl,train
29915.pkl,train
42730.pkl,train
47354.pkl,train
4438.pkl,train
19106.pkl,train
14338.pkl,train
4261.pkl,train
43543.pkl,train
53777.pkl,train
43835.pkl,train
45518.pkl,train
55139.pkl,train
48792.pkl,train
37513.pkl,train
10523.pkl,train
19237.pkl,train
27591.pkl,train
32073.pkl,train
28539.pkl,train
43429.pkl,train
13062.pkl,train
27914.pkl,train
20785.pkl,train
13277.pkl,train
47575.pkl,train
34651.pkl,train
36516.pkl,train
23383.pkl,train
43068.pkl,train
50834.pkl,train
36115.pkl,train
27050.pkl,train
45128.pkl,train
27464.pkl,train
42371.pkl,train
8036.pkl,train
38412.pkl,train
45539.pkl,train
48728.pkl,train
31752.pkl,train
6662.pkl,train
6940.pkl,train
35888.pkl,train
27771.pkl,train
35756.pkl,train
3558.pkl,train
37469.pkl,train
33589.pkl,train
34530.pkl,train
32301.pkl,train
27337.pkl,train
40986.pkl,train
7871.pkl,train
7248.pkl,train
37315.pkl,train
8358.pkl,train
34550.pkl,train
20201.pkl,train
53904.pkl,train
3133.pkl,train
33473.pkl,train
5136.pkl,train
102.pkl,train
53194.pkl,train
12532.pkl,train
0.pkl,train
26958.pkl,train
35854.pkl,train
47869.pkl,train
51693.pkl,train
54784.pkl,train
53662.pkl,train
5705.pkl,train
37342.pkl,train
13101.pkl,train
42489.pkl,train
50891.pkl,train
12721.pkl,train
42227.pkl,train
47608.pkl,train
38827.pkl,train
18567.pkl,train
24454.pkl,train
53326.pkl,train
32870.pkl,train
35379.pkl,train
32067.pkl,train
5196.pkl,train
8356.pkl,train
46876.pkl,train
11125.pkl,train
53195.pkl,train
39174.pkl,train
43275.pkl,train
56128.pkl,train
14522.pkl,train
28964.pkl,train
14800.pkl,train
23541.pkl,train
6164.pkl,train
52800.pkl,train
10218.pkl,train
20875.pkl,train
18715.pkl,train
52113.pkl,train
5641.pkl,train
50955.pkl,train
23345.pkl,train
86.pkl,train
17922.pkl,train
41286.pkl,train
13018.pkl,train
29497.pkl,train
2653.pkl,train
17468.pkl,train
46882.pkl,train
31845.pkl,train
547.pkl,train
52845.pkl,train
18591.pkl,train
13068.pkl,train
11950.pkl,train
10503.pkl,train
466.pkl,train
35266.pkl,train
40188.pkl,train
6217.pkl,train
10549.pkl,train
42809.pkl,train
51991.pkl,train
42022.pkl,train
41682.pkl,train
2665.pkl,train
46956.pkl,train
50680.pkl,train
30333.pkl,train
52209.pkl,train
49578.pkl,train
32041.pkl,train
30662.pkl,train
31480.pkl,train
20577.pkl,train
45651.pkl,train
13501.pkl,train
4046.pkl,train
31717.pkl,train
31067.pkl,train
448.pkl,train
55503.pkl,train
10806.pkl,train
33414.pkl,train
8864.pkl,train
43469.pkl,train
28269.pkl,train
1804.pkl,train
22250.pkl,train
53633.pkl,train
21468.pkl,train
22144.pkl,train
29834.pkl,train
49619.pkl,train
42801.pkl,train
18722.pkl,train
38927.pkl,train
40264.pkl,train
51845.pkl,train
30819.pkl,train
28056.pkl,train
32325.pkl,train
43084.pkl,train
13886.pkl,train
10628.pkl,train
21726.pkl,train
43842.pkl,train
54656.pkl,train
36844.pkl,train
5618.pkl,train
44102.pkl,train
44443.pkl,train
54510.pkl,train
36968.pkl,train
17347.pkl,train
45555.pkl,train
12311.pkl,train
8765.pkl,train
11039.pkl,train
6798.pkl,train
1199.pkl,train
43402.pkl,train
12577.pkl,train
22419.pkl,train
36441.pkl,train
36342.pkl,train
24202.pkl,train
45462.pkl,train
27231.pkl,train
28789.pkl,train
2802.pkl,train
2539.pkl,train
34776.pkl,train
46317.pkl,train
37561.pkl,train
46533.pkl,train
9795.pkl,train
8777.pkl,train
5921.pkl,train
24457.pkl,train
28460.pkl,train
47292.pkl,train
944.pkl,train
21883.pkl,train
53898.pkl,train
27247.pkl,train
18570.pkl,train
38413.pkl,train
32033.pkl,train
7991.pkl,train
15278.pkl,train
41531.pkl,train
40071.pkl,train
29701.pkl,train
23486.pkl,train
19918.pkl,train
427.pkl,train
19895.pkl,train
29412.pkl,train
1824.pkl,train
11596.pkl,train
43351.pkl,train
49825.pkl,train
7642.pkl,train
12646.pkl,train
24442.pkl,train
14574.pkl,train
9735.pkl,train
44948.pkl,train
36700.pkl,train
55752.pkl,train
5877.pkl,train
22964.pkl,train
48342.pkl,train
48011.pkl,train
40194.pkl,train
20026.pkl,train
32248.pkl,train
46747.pkl,train
49137.pkl,train
21392.pkl,train
29893.pkl,train
20536.pkl,train
37178.pkl,train
53322.pkl,train
11726.pkl,train
37133.pkl,train
32913.pkl,train
32465.pkl,train
13123.pkl,train
12848.pkl,train
31967.pkl,train
52806.pkl,train
19563.pkl,train
12618.pkl,train
37702.pkl,train
33437.pkl,train
5437.pkl,train
23350.pkl,train
44783.pkl,train
51420.pkl,train
24982.pkl,train
17765.pkl,train
37449.pkl,train
23565.pkl,train
26898.pkl,train
6136.pkl,train
24463.pkl,train
11634.pkl,train
43952.pkl,train
13217.pkl,train
22919.pkl,train
22285.pkl,train
40584.pkl,train
162.pkl,train
23440.pkl,train
52679.pkl,train
54756.pkl,train
35977.pkl,train
34401.pkl,train
40158.pkl,train
51576.pkl,train
40728.pkl,train
30789.pkl,train
52725.pkl,train
34496.pkl,train
27687.pkl,train
4819.pkl,train
47883.pkl,train
15674.pkl,train
23105.pkl,train
26053.pkl,train
55261.pkl,train
35330.pkl,train
1934.pkl,train
14634.pkl,train
32207.pkl,train
38496.pkl,train
49922.pkl,train
55069.pkl,train
53368.pkl,train
35518.pkl,train
16719.pkl,train
27496.pkl,train
39432.pkl,train
25662.pkl,train
28706.pkl,train
35563.pkl,train
35916.pkl,train
1774.pkl,train
4745.pkl,train
45834.pkl,train
5093.pkl,train
47526.pkl,train
44297.pkl,train
36150.pkl,train
5652.pkl,train
43775.pkl,train
36501.pkl,train
3406.pkl,train
33479.pkl,train
44445.pkl,train
36809.pkl,train
17992.pkl,train
49066.pkl,train
50886.pkl,train
17159.pkl,train
43688.pkl,train
46670.pkl,train
5987.pkl,train
1084.pkl,train
1705.pkl,train
34798.pkl,train
49501.pkl,train
16980.pkl,train
38800.pkl,train
40435.pkl,train
25979.pkl,train
46111.pkl,train
7820.pkl,train
36110.pkl,train
31611.pkl,train
15058.pkl,train
3265.pkl,train
25420.pkl,train
42393.pkl,train
8335.pkl,train
43484.pkl,train
5230.pkl,train
42078.pkl,train
28919.pkl,train
15053.pkl,train
40109.pkl,train
10619.pkl,train
54572.pkl,train
13897.pkl,train
19401.pkl,train
18321.pkl,train
29159.pkl,train
19457.pkl,train
30651.pkl,train
20771.pkl,train
45991.pkl,train
1477.pkl,train
44827.pkl,train
15805.pkl,train
23023.pkl,train
3299.pkl,train
36304.pkl,train
4951.pkl,train
15138.pkl,train
21483.pkl,train
56290.pkl,train
15266.pkl,train
45015.pkl,train
44171.pkl,train
15852.pkl,train
56588.pkl,train
39129.pkl,train
39697.pkl,train
56046.pkl,train
20584.pkl,train
9308.pkl,train
12496.pkl,train
32250.pkl,train
5124.pkl,train
16120.pkl,train
7696.pkl,train
41213.pkl,train
51912.pkl,train
37027.pkl,train
47343.pkl,train
27037.pkl,train
36768.pkl,train
31136.pkl,train
49534.pkl,train
21819.pkl,train
17555.pkl,train
4370.pkl,train
1350.pkl,train
23887.pkl,train
43405.pkl,train
45943.pkl,train
9566.pkl,train
47275.pkl,train
29536.pkl,train
18148.pkl,train
32133.pkl,train
21681.pkl,train
22711.pkl,train
4603.pkl,train
21444.pkl,train
28780.pkl,train
23890.pkl,train
24238.pkl,train
28290.pkl,train
691.pkl,train
8158.pkl,train
41524.pkl,train
11899.pkl,train
46057.pkl,train
18409.pkl,train
33572.pkl,train
20739.pkl,train
37722.pkl,train
12621.pkl,train
7709.pkl,train
5466.pkl,train
41275.pkl,train
32244.pkl,train
32720.pkl,train
41538.pkl,train
41299.pkl,train
33533.pkl,train
30031.pkl,train
45403.pkl,train
28889.pkl,train
40601.pkl,train
49909.pkl,train
14410.pkl,train
11002.pkl,train
23420.pkl,train
8267.pkl,train
54962.pkl,train
18576.pkl,train
43984.pkl,train
16588.pkl,train
35798.pkl,train
45791.pkl,train
33478.pkl,train
46518.pkl,train
14737.pkl,train
11706.pkl,train
50315.pkl,train
40190.pkl,train
26562.pkl,train
19496.pkl,train
50769.pkl,train
55351.pkl,train
30705.pkl,train
37046.pkl,train
17928.pkl,train
30065.pkl,train
43349.pkl,train
6627.pkl,train
41523.pkl,train
26316.pkl,train
44322.pkl,train
27501.pkl,train
1116.pkl,train
5027.pkl,train
50276.pkl,train
21544.pkl,train
3681.pkl,train
7974.pkl,train
45007.pkl,train
51946.pkl,train
26264.pkl,train
45129.pkl,train
44257.pkl,train
26112.pkl,train
21367.pkl,train
26271.pkl,train
23601.pkl,train
29115.pkl,train
19534.pkl,train
17139.pkl,train
20173.pkl,train
7010.pkl,train
34355.pkl,train
52357.pkl,train
11785.pkl,train
54154.pkl,train
42694.pkl,train
42746.pkl,train
39105.pkl,train
15802.pkl,train
56190.pkl,train
20826.pkl,train
41814.pkl,train
34552.pkl,train
15990.pkl,train
38557.pkl,train
23295.pkl,train
22120.pkl,train
38598.pkl,train
43622.pkl,train
48753.pkl,train
7616.pkl,train
48809.pkl,train
51500.pkl,train
50605.pkl,train
30587.pkl,train
4688.pkl,train
50729.pkl,train
30943.pkl,train
41374.pkl,train
54511.pkl,train
12663.pkl,train
42249.pkl,train
2819.pkl,train
54127.pkl,train
43368.pkl,train
7670.pkl,train
54300.pkl,train
38876.pkl,train
39122.pkl,train
34632.pkl,train
19317.pkl,train
5020.pkl,train
35314.pkl,train
32812.pkl,train
43914.pkl,train
50367.pkl,train
10858.pkl,train
54551.pkl,train
23950.pkl,train
41284.pkl,train
40282.pkl,train
31687.pkl,train
42231.pkl,train
3022.pkl,train
25242.pkl,train
18368.pkl,train
50365.pkl,train
15905.pkl,train
32818.pkl,train
47296.pkl,train
40065.pkl,train
6386.pkl,train
41590.pkl,train
22724.pkl,train
29960.pkl,train
16101.pkl,train
32145.pkl,train
37950.pkl,train
25023.pkl,train
51375.pkl,train
23374.pkl,train
14684.pkl,train
52097.pkl,train
25728.pkl,train
26095.pkl,train
50922.pkl,train
23106.pkl,train
5214.pkl,train
13294.pkl,train
40909.pkl,train
20902.pkl,train
35580.pkl,train
54276.pkl,train
4671.pkl,train
38641.pkl,train
52225.pkl,train
991.pkl,train
21080.pkl,train
53226.pkl,train
26519.pkl,train
158.pkl,train
21429.pkl,train
30626.pkl,train
41091.pkl,train
1023.pkl,train
54960.pkl,train
6846.pkl,train
25028.pkl,train
18910.pkl,train
21875.pkl,train
32838.pkl,train
20346.pkl,train
54642.pkl,train
12617.pkl,train
52188.pkl,train
34138.pkl,train
15308.pkl,train
1966.pkl,train
13837.pkl,train
39014.pkl,train
21229.pkl,train
37397.pkl,train
17068.pkl,train
32639.pkl,train
9305.pkl,train
4122.pkl,train
6255.pkl,train
8092.pkl,train
22679.pkl,train
12193.pkl,train
3209.pkl,train
19050.pkl,train
38385.pkl,train
40929.pkl,train
3570.pkl,train
7124.pkl,train
38828.pkl,train
26073.pkl,train
6407.pkl,train
726.pkl,train
52189.pkl,train
6142.pkl,train
40266.pkl,train
11192.pkl,train
56427.pkl,train
53952.pkl,train
53994.pkl,train
13185.pkl,train
28296.pkl,train
26230.pkl,train
11655.pkl,train
28657.pkl,train
26033.pkl,train
48601.pkl,train
9937.pkl,train
39624.pkl,train
34835.pkl,train
46257.pkl,train
40228.pkl,train
19027.pkl,train
35660.pkl,train
24772.pkl,train
16866.pkl,train
30592.pkl,train
55536.pkl,train
11390.pkl,train
18228.pkl,train
33043.pkl,train
55711.pkl,train
24181.pkl,train
33487.pkl,train
41130.pkl,train
10874.pkl,train
42554.pkl,train
47171.pkl,train
49306.pkl,train
46374.pkl,train
56136.pkl,train
46664.pkl,train
36840.pkl,train
41407.pkl,train
43742.pkl,train
37621.pkl,train
10306.pkl,train
3135.pkl,train
51844.pkl,train
26991.pkl,train
5458.pkl,train
53253.pkl,train
33403.pkl,train
22927.pkl,train
337.pkl,train
6771.pkl,train
24246.pkl,train
30323.pkl,train
24039.pkl,train
23275.pkl,train
19114.pkl,train
14467.pkl,train
46369.pkl,train
820.pkl,train
3217.pkl,train
55245.pkl,train
18835.pkl,train
12810.pkl,train
22676.pkl,train
35091.pkl,train
44594.pkl,train
11328.pkl,train
32026.pkl,train
40537.pkl,train
17594.pkl,train
28071.pkl,train
13956.pkl,train
38018.pkl,train
35581.pkl,train
46071.pkl,train
7021.pkl,train
53185.pkl,train
12359.pkl,train
15179.pkl,train
15578.pkl,train
7997.pkl,train
44777.pkl,train
43765.pkl,train
32860.pkl,train
5041.pkl,train
42352.pkl,train
41591.pkl,train
22319.pkl,train
18631.pkl,train
18234.pkl,train
40762.pkl,train
40205.pkl,train
18688.pkl,train
50201.pkl,train
32036.pkl,train
43660.pkl,train
40363.pkl,train
38443.pkl,train
49552.pkl,train
9851.pkl,train
56808.pkl,train
36831.pkl,train
15297.pkl,train
4400.pkl,train
3392.pkl,train
52028.pkl,train
6378.pkl,train
20159.pkl,train
4398.pkl,train
19334.pkl,train
19767.pkl,train
12344.pkl,train
49901.pkl,train
44290.pkl,train
13311.pkl,train
19434.pkl,train
12712.pkl,train
7529.pkl,train
40166.pkl,train
7143.pkl,train
46610.pkl,train
36881.pkl,train
49488.pkl,train
39260.pkl,train
24108.pkl,train
21853.pkl,train
8978.pkl,train
32857.pkl,train
50475.pkl,train
38019.pkl,train
27709.pkl,train
9362.pkl,train
27377.pkl,train
3247.pkl,train
9122.pkl,train
4387.pkl,train
24091.pkl,train
36534.pkl,train
47570.pkl,train
36134.pkl,train
40062.pkl,train
21426.pkl,train
45105.pkl,train
38106.pkl,train
7316.pkl,train
47638.pkl,train
17788.pkl,train
43170.pkl,train
38961.pkl,train
21482.pkl,train
39407.pkl,train
36556.pkl,train
40906.pkl,train
11411.pkl,train
50180.pkl,train
46006.pkl,train
2453.pkl,train
53716.pkl,train
34773.pkl,train
17211.pkl,train
1654.pkl,train
56621.pkl,train
20610.pkl,train
39869.pkl,train
28888.pkl,train
55501.pkl,train
22553.pkl,train
2313.pkl,train
45621.pkl,train
51298.pkl,train
30427.pkl,train
20683.pkl,train
18253.pkl,train
10258.pkl,train
44616.pkl,train
43567.pkl,train
56535.pkl,train
8684.pkl,train
17210.pkl,train
51474.pkl,train
48382.pkl,train
37209.pkl,train
15491.pkl,train
25116.pkl,train
54284.pkl,train
11051.pkl,train
39964.pkl,train
29813.pkl,train
5310.pkl,train
32903.pkl,train
53891.pkl,train
29865.pkl,train
45180.pkl,train
9228.pkl,train
52187.pkl,train
34470.pkl,train
17127.pkl,train
33588.pkl,train
10642.pkl,train
26298.pkl,train
43743.pkl,train
50356.pkl,train
46295.pkl,train
34662.pkl,train
14668.pkl,train
31045.pkl,train
42726.pkl,train
51476.pkl,train
10572.pkl,train
10564.pkl,train
53439.pkl,train
49710.pkl,train
749.pkl,train
9915.pkl,train
56465.pkl,train
20345.pkl,train
49491.pkl,train
10504.pkl,train
6.pkl,train
48412.pkl,train
17461.pkl,train
42797.pkl,train
3020.pkl,train
50822.pkl,train
56923.pkl,train
1392.pkl,train
52719.pkl,train
21283.pkl,train
131.pkl,train
21505.pkl,train
31139.pkl,train
10525.pkl,train
39093.pkl,train
22953.pkl,train
30541.pkl,train
40687.pkl,train
36142.pkl,train
9774.pkl,train
34666.pkl,train
46215.pkl,train
31100.pkl,train
38340.pkl,train
25363.pkl,train
33352.pkl,train
26426.pkl,train
10558.pkl,train
27475.pkl,train
32829.pkl,train
471.pkl,train
45561.pkl,train
44170.pkl,train
47224.pkl,train
43798.pkl,train
2463.pkl,train
6632.pkl,train
14770.pkl,train
32523.pkl,train
33692.pkl,train
28131.pkl,train
46591.pkl,train
9408.pkl,train
36680.pkl,train
43637.pkl,train
11499.pkl,train
19156.pkl,train
20481.pkl,train
20363.pkl,train
4700.pkl,train
21581.pkl,train
27739.pkl,train
26697.pkl,train
29481.pkl,train
22441.pkl,train
46432.pkl,train
53396.pkl,train
19013.pkl,train
6961.pkl,train
46641.pkl,train
43230.pkl,train
5661.pkl,train
56573.pkl,train
8298.pkl,train
40334.pkl,train
5645.pkl,train
6172.pkl,train
38115.pkl,train
39277.pkl,train
40445.pkl,train
14219.pkl,train
54998.pkl,train
1138.pkl,train
47478.pkl,train
784.pkl,train
35956.pkl,train
56453.pkl,train
45028.pkl,train
48559.pkl,train
27835.pkl,train
43549.pkl,train
15459.pkl,train
15534.pkl,train
37491.pkl,train
48323.pkl,train
21662.pkl,train
18112.pkl,train
41431.pkl,train
34201.pkl,train
2943.pkl,train
21298.pkl,train
12214.pkl,train
41105.pkl,train
22275.pkl,train
52651.pkl,train
50293.pkl,train
22603.pkl,train
24594.pkl,train
6887.pkl,train
12223.pkl,train
31457.pkl,train
9258.pkl,train
25416.pkl,train
38205.pkl,train
1625.pkl,train
16962.pkl,train
40618.pkl,train
20313.pkl,train
39253.pkl,train
9790.pkl,train
4329.pkl,train
24750.pkl,train
36267.pkl,train
9320.pkl,train
34069.pkl,train
19806.pkl,train
21141.pkl,train
49144.pkl,train
8022.pkl,train
52355.pkl,train
50026.pkl,train
25061.pkl,train
7623.pkl,train
479.pkl,train
39397.pkl,train
16177.pkl,train
52884.pkl,train
50274.pkl,train
21975.pkl,train
3075.pkl,train
1130.pkl,train
55886.pkl,train
29393.pkl,train
13949.pkl,train
42592.pkl,train
46385.pkl,train
2294.pkl,train
54969.pkl,train
21045.pkl,train
29081.pkl,train
13783.pkl,train
54519.pkl,train
15560.pkl,train
29408.pkl,train
40028.pkl,train
941.pkl,train
54496.pkl,train
23740.pkl,train
27225.pkl,train
41693.pkl,train
14332.pkl,train
4053.pkl,train
21431.pkl,train
31211.pkl,train
16400.pkl,train
3459.pkl,train
27107.pkl,train
43966.pkl,train
43948.pkl,train
32144.pkl,train
10601.pkl,train
26306.pkl,train
52470.pkl,train
39667.pkl,train
24281.pkl,train
55056.pkl,train
30701.pkl,train
4217.pkl,train
36293.pkl,train
40982.pkl,train
48979.pkl,train
50326.pkl,train
43518.pkl,train
53163.pkl,train
51295.pkl,train
18414.pkl,train
46690.pkl,train
33654.pkl,train
33710.pkl,train
35605.pkl,train
44950.pkl,train
27982.pkl,train
39943.pkl,train
13337.pkl,train
15498.pkl,train
5637.pkl,train
16451.pkl,train
42637.pkl,train
52726.pkl,train
13736.pkl,train
14316.pkl,train
9348.pkl,train
16140.pkl,train
16054.pkl,train
11668.pkl,train
51911.pkl,train
23845.pkl,train
7493.pkl,train
40143.pkl,train
20211.pkl,train
30738.pkl,train
21626.pkl,train
29398.pkl,train
14998.pkl,train
28173.pkl,train
15071.pkl,train
33486.pkl,train
49298.pkl,train
2813.pkl,train
26836.pkl,train
18203.pkl,train
21609.pkl,train
18045.pkl,train
26334.pkl,train
31446.pkl,train
2960.pkl,train
49990.pkl,train
11056.pkl,train
49532.pkl,train
39698.pkl,train
15596.pkl,train
28356.pkl,train
35508.pkl,train
50636.pkl,train
30784.pkl,train
14672.pkl,train
56295.pkl,train
22854.pkl,train
36020.pkl,train
40455.pkl,train
40084.pkl,train
25112.pkl,train
33056.pkl,train
43352.pkl,train
52249.pkl,train
34110.pkl,train
7635.pkl,train
34859.pkl,train
54952.pkl,train
35488.pkl,train
46412.pkl,train
45628.pkl,train
22955.pkl,train
30970.pkl,train
51550.pkl,train
55353.pkl,train
45792.pkl,train
43374.pkl,train
44848.pkl,train
40580.pkl,train
16704.pkl,train
56345.pkl,train
55561.pkl,train
39308.pkl,train
19568.pkl,train
5965.pkl,train
52159.pkl,train
10312.pkl,train
28511.pkl,train
51070.pkl,train
2897.pkl,train
24842.pkl,train
49598.pkl,train
1397.pkl,train
36788.pkl,train
31848.pkl,train
49443.pkl,train
6805.pkl,train
52598.pkl,train
25550.pkl,train
25428.pkl,train
24524.pkl,train
4016.pkl,train
18306.pkl,train
20710.pkl,train
3755.pkl,train
45137.pkl,train
32997.pkl,train
51714.pkl,train
43317.pkl,train
22707.pkl,train
55032.pkl,train
6796.pkl,train
26279.pkl,train
11991.pkl,train
26469.pkl,train
42293.pkl,train
36625.pkl,train
22531.pkl,train
30111.pkl,train
35065.pkl,train
55060.pkl,train
46599.pkl,train
33940.pkl,train
21274.pkl,train
54008.pkl,train
6175.pkl,train
17422.pkl,train
6501.pkl,train
18013.pkl,train
15125.pkl,train
4397.pkl,train
38288.pkl,train
43136.pkl,train
25800.pkl,train
1478.pkl,train
9972.pkl,train
55046.pkl,train
23628.pkl,train
55889.pkl,train
17596.pkl,train
24070.pkl,train
36213.pkl,train
40945.pkl,train
20040.pkl,train
50747.pkl,train
6579.pkl,train
46978.pkl,train
25865.pkl,train
47953.pkl,train
40558.pkl,train
29732.pkl,train
53434.pkl,train
29180.pkl,train
19567.pkl,train
21879.pkl,train
37221.pkl,train
18278.pkl,train
34100.pkl,train
29157.pkl,train
23387.pkl,train
3945.pkl,train
10938.pkl,train
31550.pkl,train
56305.pkl,train
42971.pkl,train
47104.pkl,train
9991.pkl,train
4659.pkl,train
34461.pkl,train
32363.pkl,train
4276.pkl,train
10618.pkl,train
24051.pkl,train
26752.pkl,train
32503.pkl,train
1215.pkl,train
32748.pkl,train
33967.pkl,train
18183.pkl,train
1887.pkl,train
6935.pkl,train
39448.pkl,train
22082.pkl,train
3066.pkl,train
28784.pkl,train
29403.pkl,train
53857.pkl,train
15861.pkl,train
151.pkl,train
48499.pkl,train
27725.pkl,train
4869.pkl,train
12317.pkl,train
13128.pkl,train
35469.pkl,train
48389.pkl,train
35597.pkl,train
32683.pkl,train
56172.pkl,train
497.pkl,train
34589.pkl,train
38991.pkl,train
43805.pkl,train
33389.pkl,train
22105.pkl,train
17894.pkl,train
25914.pkl,train
26251.pkl,train
10103.pkl,train
21262.pkl,train
16507.pkl,train
21937.pkl,train
12013.pkl,train
19155.pkl,train
455.pkl,train
23201.pkl,train
34778.pkl,train
5555.pkl,train
5031.pkl,train
32732.pkl,train
32260.pkl,train
15391.pkl,train
44453.pkl,train
55628.pkl,train
35948.pkl,train
55105.pkl,train
4173.pkl,train
32038.pkl,train
52212.pkl,train
32268.pkl,train
32058.pkl,train
42181.pkl,train
18816.pkl,train
47220.pkl,train
1391.pkl,train
47516.pkl,train
35264.pkl,train
42064.pkl,train
16117.pkl,train
22784.pkl,train
39531.pkl,train
48266.pkl,train
23200.pkl,train
48002.pkl,train
3713.pkl,train
46850.pkl,train
33169.pkl,train
42802.pkl,train
9341.pkl,train
22374.pkl,train
27968.pkl,train
30787.pkl,train
29240.pkl,train
45538.pkl,train
51557.pkl,train
40855.pkl,train
32988.pkl,train
44591.pkl,train
19212.pkl,train
44120.pkl,train
43644.pkl,train
26454.pkl,train
6103.pkl,train
24929.pkl,train
53227.pkl,train
26610.pkl,train
35622.pkl,train
9353.pkl,train
8217.pkl,train
42921.pkl,train
14568.pkl,train
53178.pkl,train
26311.pkl,train
1547.pkl,train
47466.pkl,train
33492.pkl,train
22745.pkl,train
28900.pkl,train
4601.pkl,train
20379.pkl,train
9140.pkl,train
11481.pkl,train
53603.pkl,train
45400.pkl,train
23629.pkl,train
10263.pkl,train
28015.pkl,train
56686.pkl,train
29269.pkl,train
15011.pkl,train
516.pkl,train
28369.pkl,train
30282.pkl,train
54923.pkl,train
30828.pkl,train
46254.pkl,train
28258.pkl,train
8349.pkl,train
13105.pkl,train
38713.pkl,train
16555.pkl,train
12246.pkl,train
45805.pkl,train
35441.pkl,train
19087.pkl,train
23101.pkl,train
50557.pkl,train
29331.pkl,train
44837.pkl,train
55921.pkl,train
10707.pkl,train
43201.pkl,train
10083.pkl,train
29381.pkl,train
9690.pkl,train
52447.pkl,train
15164.pkl,train
14276.pkl,train
49926.pkl,train
16360.pkl,train
49741.pkl,train
31930.pkl,train
30130.pkl,train
14776.pkl,train
44240.pkl,train
10369.pkl,train
43923.pkl,train
34601.pkl,train
8404.pkl,train
12706.pkl,train
23973.pkl,train
51407.pkl,train
51564.pkl,train
40595.pkl,train
12221.pkl,train
42611.pkl,train
26927.pkl,train
39942.pkl,train
29351.pkl,train
44862.pkl,train
45982.pkl,train
51919.pkl,train
53418.pkl,train
34585.pkl,train
9179.pkl,train
7774.pkl,train
55625.pkl,train
28703.pkl,train
35911.pkl,train
30034.pkl,train
50736.pkl,train
46016.pkl,train
36104.pkl,train
2193.pkl,train
42868.pkl,train
27076.pkl,train
11854.pkl,train
37436.pkl,train
50631.pkl,train
35526.pkl,train
20049.pkl,train
53606.pkl,train
28557.pkl,train
10327.pkl,train
3483.pkl,train
47763.pkl,train
28882.pkl,train
52243.pkl,train
5243.pkl,train
8733.pkl,train
17771.pkl,train
18626.pkl,train
46950.pkl,train
29522.pkl,train
18807.pkl,train
40138.pkl,train
7481.pkl,train
33424.pkl,train
23321.pkl,train
41373.pkl,train
44328.pkl,train
26013.pkl,train
39527.pkl,train
18303.pkl,train
10796.pkl,train
54088.pkl,train
36376.pkl,train
46010.pkl,train
54738.pkl,train
33030.pkl,train
28740.pkl,train
26011.pkl,train
4665.pkl,train
18146.pkl,train
51124.pkl,train
26292.pkl,train
37455.pkl,train
51071.pkl,train
23482.pkl,train
1207.pkl,train
379.pkl,train
27351.pkl,train
24142.pkl,train
55039.pkl,train
5416.pkl,train
55924.pkl,train
35695.pkl,train
14193.pkl,train
836.pkl,train
42134.pkl,train
21955.pkl,train
39934.pkl,train
18396.pkl,train
40462.pkl,train
25816.pkl,train
36894.pkl,train
15025.pkl,train
34694.pkl,train
11301.pkl,train
14886.pkl,train
27140.pkl,train
15506.pkl,train
39950.pkl,train
6514.pkl,train
3992.pkl,train
56897.pkl,train
38493.pkl,train
14452.pkl,train
14352.pkl,train
54691.pkl,train
11446.pkl,train
26366.pkl,train
50933.pkl,train
50340.pkl,train
46616.pkl,train
20812.pkl,train
20001.pkl,train
40293.pkl,train
56037.pkl,train
8213.pkl,train
4487.pkl,train
55914.pkl,train
22359.pkl,train
2507.pkl,train
18133.pkl,train
55679.pkl,train
42445.pkl,train
25340.pkl,train
17950.pkl,train
48937.pkl,train
21490.pkl,train
5629.pkl,train
3250.pkl,train
19074.pkl,train
8782.pkl,train
48549.pkl,train
48693.pkl,train
53387.pkl,train
56334.pkl,train
46789.pkl,train
37121.pkl,train
30904.pkl,train
1026.pkl,train
1589.pkl,train
38105.pkl,train
30074.pkl,train
54346.pkl,train
19123.pkl,train
32924.pkl,train
40047.pkl,train
37263.pkl,train
44791.pkl,train
37188.pkl,train
12179.pkl,train
7152.pkl,train
55623.pkl,train
10279.pkl,train
20900.pkl,train
28433.pkl,train
47826.pkl,train
22043.pkl,train
3648.pkl,train
23725.pkl,train
11416.pkl,train
16949.pkl,train
34266.pkl,train
14593.pkl,train
35215.pkl,train
40940.pkl,train
36299.pkl,train
23524.pkl,train
23250.pkl,train
38375.pkl,train
12715.pkl,train
1914.pkl,train
46214.pkl,train
38784.pkl,train
55076.pkl,train
22114.pkl,train
36402.pkl,train
23419.pkl,train
8430.pkl,train
18126.pkl,train
34233.pkl,train
35332.pkl,train
2238.pkl,train
4479.pkl,train
17655.pkl,train
31325.pkl,train
15926.pkl,train
10995.pkl,train
19174.pkl,train
13046.pkl,train
10542.pkl,train
39798.pkl,train
2910.pkl,train
51178.pkl,train
44697.pkl,train
18657.pkl,train
56587.pkl,train
32254.pkl,train
44448.pkl,train
6066.pkl,train
17904.pkl,train
54653.pkl,train
44650.pkl,train
4323.pkl,train
46306.pkl,train
39302.pkl,train
40024.pkl,train
22409.pkl,train
5102.pkl,train
54640.pkl,train
6703.pkl,train
45559.pkl,train
32114.pkl,train
55660.pkl,train
52965.pkl,train
2155.pkl,train
37684.pkl,train
18024.pkl,train
5201.pkl,train
27700.pkl,train
26464.pkl,train
5070.pkl,train
14721.pkl,train
26835.pkl,train
6070.pkl,train
47205.pkl,train
2323.pkl,train
18651.pkl,train
1300.pkl,train
33787.pkl,train
4612.pkl,train
30854.pkl,train
47986.pkl,train
44956.pkl,train
20837.pkl,train
34299.pkl,train
56620.pkl,train
7691.pkl,train
18727.pkl,train
43858.pkl,train
52073.pkl,train
21323.pkl,train
56153.pkl,train
36413.pkl,train
24527.pkl,train
48096.pkl,train
7090.pkl,train
10990.pkl,train
32479.pkl,train
489.pkl,train
4402.pkl,train
49114.pkl,train
53117.pkl,train
45770.pkl,train
16186.pkl,train
42955.pkl,train
47340.pkl,train
1630.pkl,train
33025.pkl,train
43252.pkl,train
17795.pkl,train
5799.pkl,train
7032.pkl,train
16445.pkl,train
40686.pkl,train
32633.pkl,train
50155.pkl,train
10128.pkl,train
31956.pkl,train
54166.pkl,train
18573.pkl,train
55632.pkl,train
2673.pkl,train
12079.pkl,train
54074.pkl,train
5813.pkl,train
18521.pkl,train
25354.pkl,train
53892.pkl,train
2220.pkl,train
19880.pkl,train
28409.pkl,train
40914.pkl,train
28575.pkl,train
6665.pkl,train
2410.pkl,train
6461.pkl,train
33279.pkl,train
6729.pkl,train
40761.pkl,train
32595.pkl,train
29204.pkl,train
41087.pkl,train
4192.pkl,train
2467.pkl,train
885.pkl,train
55126.pkl,train
39287.pkl,train
23405.pkl,train
20033.pkl,train
48386.pkl,train
48092.pkl,train
31387.pkl,train
44984.pkl,train
10911.pkl,train
6952.pkl,train
10072.pkl,train
10245.pkl,train
6750.pkl,train
19731.pkl,train
837.pkl,train
14603.pkl,train
41993.pkl,train
9477.pkl,train
43110.pkl,train
51050.pkl,train
30604.pkl,train
23414.pkl,train
17733.pkl,train
23813.pkl,train
52906.pkl,train
55099.pkl,train
34374.pkl,train
21481.pkl,train
26888.pkl,train
566.pkl,train
29795.pkl,train
27104.pkl,train
51944.pkl,train
41917.pkl,train
42279.pkl,train
11701.pkl,train
44311.pkl,train
15232.pkl,train
15815.pkl,train
41756.pkl,train
55834.pkl,train
42521.pkl,train
42954.pkl,train
12071.pkl,train
46056.pkl,train
21719.pkl,train
26853.pkl,train
8392.pkl,train
17410.pkl,train
54561.pkl,train
11943.pkl,train
11425.pkl,train
26260.pkl,train
8531.pkl,train
23177.pkl,train
9829.pkl,train
43744.pkl,train
29013.pkl,train
27132.pkl,train
53230.pkl,train
29546.pkl,train
5735.pkl,train
667.pkl,train
16790.pkl,train
2335.pkl,train
24723.pkl,train
41090.pkl,train
47024.pkl,train
46785.pkl,train
5969.pkl,train
17842.pkl,train
37817.pkl,train
53826.pkl,train
34389.pkl,train
53062.pkl,train
27135.pkl,train
53991.pkl,train
19997.pkl,train
42492.pkl,train
11477.pkl,train
12174.pkl,train
47098.pkl,train
3500.pkl,train
42522.pkl,train
34298.pkl,train
48348.pkl,train
42438.pkl,train
53305.pkl,train
35814.pkl,train
1560.pkl,train
12382.pkl,train
54494.pkl,train
24004.pkl,train
38703.pkl,train
40766.pkl,train
11893.pkl,train
7796.pkl,train
48346.pkl,train
13717.pkl,train
14702.pkl,train
40571.pkl,train
31395.pkl,train
20805.pkl,train
20661.pkl,train
9757.pkl,train
39170.pkl,train
45667.pkl,train
2268.pkl,train
25975.pkl,train
41933.pkl,train
1810.pkl,train
49510.pkl,train
51886.pkl,train
26624.pkl,train
13442.pkl,train
23176.pkl,train
14857.pkl,train
47110.pkl,train
39331.pkl,train
55093.pkl,train
11240.pkl,train
45118.pkl,train
7324.pkl,train
39403.pkl,train
40976.pkl,train
29564.pkl,train
43589.pkl,train
31460.pkl,train
7684.pkl,train
6055.pkl,train
13895.pkl,train
48642.pkl,train
22622.pkl,train
54915.pkl,train
49204.pkl,train
48077.pkl,train
47269.pkl,train
10176.pkl,train
16868.pkl,train
19232.pkl,train
48074.pkl,train
30488.pkl,train
35836.pkl,train
30086.pkl,train
2817.pkl,train
54104.pkl,train
52776.pkl,train
48798.pkl,train
13873.pkl,train
10408.pkl,train
17823.pkl,train
15014.pkl,train
17600.pkl,train
32431.pkl,train
51146.pkl,train
33390.pkl,train
45993.pkl,train
1319.pkl,train
27937.pkl,train
43410.pkl,train
5919.pkl,train
35387.pkl,train
553.pkl,train
7204.pkl,train
52898.pkl,train
15562.pkl,train
10645.pkl,train
8606.pkl,train
53043.pkl,train
14523.pkl,train
13585.pkl,train
33715.pkl,train
20063.pkl,train
36729.pkl,train
7958.pkl,train
2269.pkl,train
46413.pkl,train
20389.pkl,train
13466.pkl,train
15241.pkl,train
38073.pkl,train
15499.pkl,train
23597.pkl,train
51837.pkl,train
22872.pkl,train
3806.pkl,train
31290.pkl,train
32489.pkl,train
37952.pkl,train
39688.pkl,train
56437.pkl,train
49571.pkl,train
13779.pkl,train
12319.pkl,train
2540.pkl,train
9949.pkl,train
17270.pkl,train
22681.pkl,train
42950.pkl,train
51309.pkl,train
1684.pkl,train
40354.pkl,train
50799.pkl,train
39665.pkl,train
53896.pkl,train
29312.pkl,train
13599.pkl,train
32111.pkl,train
18383.pkl,train
41729.pkl,train
35721.pkl,train
28684.pkl,train
1410.pkl,train
51167.pkl,train
408.pkl,train
41976.pkl,train
21501.pkl,train
43218.pkl,train
43293.pkl,train
30631.pkl,train
24291.pkl,train
56758.pkl,train
44567.pkl,train
18125.pkl,train
25034.pkl,train
42585.pkl,train
45790.pkl,train
22168.pkl,train
33435.pkl,train
42848.pkl,train
37864.pkl,train
41441.pkl,train
41307.pkl,train
6061.pkl,train
42625.pkl,train
37248.pkl,train
36572.pkl,train
24726.pkl,train
56475.pkl,train
21563.pkl,train
47898.pkl,train
16856.pkl,train
8405.pkl,train
1653.pkl,train
20655.pkl,train
18474.pkl,train
5462.pkl,train
25762.pkl,train
2553.pkl,train
23103.pkl,train
22382.pkl,train
12849.pkl,train
22322.pkl,train
56309.pkl,train
39886.pkl,train
52692.pkl,train
50034.pkl,train
28247.pkl,train
44822.pkl,train
46264.pkl,train
56570.pkl,train
12589.pkl,train
10697.pkl,train
20450.pkl,train
17284.pkl,train
28140.pkl,train
33067.pkl,train
26510.pkl,train
7848.pkl,train
44769.pkl,train
27637.pkl,train
37174.pkl,train
7843.pkl,train
41977.pkl,train
7810.pkl,train
5804.pkl,train
55398.pkl,train
47085.pkl,train
40683.pkl,train
29135.pkl,train
13206.pkl,train
54757.pkl,train
6683.pkl,train
28284.pkl,train
52068.pkl,train
37889.pkl,train
14950.pkl,train
18089.pkl,train
16495.pkl,train
23558.pkl,train
3324.pkl,train
47138.pkl,train
7919.pkl,train
49440.pkl,train
3661.pkl,train
56273.pkl,train
44138.pkl,train
39579.pkl,train
49837.pkl,train
16865.pkl,train
46336.pkl,train
35823.pkl,train
47349.pkl,train
2422.pkl,train
34958.pkl,train
27213.pkl,train
26637.pkl,train
2092.pkl,train
43321.pkl,train
50687.pkl,train
8716.pkl,train
16030.pkl,train
51739.pkl,train
37047.pkl,train
6774.pkl,train
9785.pkl,train
51362.pkl,train
35671.pkl,train
9043.pkl,train
34151.pkl,train
5371.pkl,train
10094.pkl,train
5907.pkl,train
17863.pkl,train
35207.pkl,train
8291.pkl,train
14159.pkl,train
45094.pkl,train
13445.pkl,train
28956.pkl,train
13226.pkl,train
52978.pkl,train
33161.pkl,train
56807.pkl,train
1900.pkl,train
35372.pkl,train
4332.pkl,train
4824.pkl,train
54706.pkl,train
26788.pkl,train
38209.pkl,train
18239.pkl,train
14847.pkl,train
39533.pkl,train
8687.pkl,train
18142.pkl,train
5704.pkl,train
42882.pkl,train
18537.pkl,train
53614.pkl,train
17022.pkl,train
22021.pkl,train
17720.pkl,train
48071.pkl,train
49868.pkl,train
7071.pkl,train
29920.pkl,train
19520.pkl,train
27499.pkl,train
10631.pkl,train
55276.pkl,train
9486.pkl,train
24828.pkl,train
42931.pkl,train
10586.pkl,train
47175.pkl,train
35371.pkl,train
7921.pkl,train
17254.pkl,train
38538.pkl,train
14143.pkl,train
4638.pkl,train
31474.pkl,train
16771.pkl,train
19904.pkl,train
48178.pkl,train
53808.pkl,train
45264.pkl,train
19307.pkl,train
10682.pkl,train
51131.pkl,train
28832.pkl,train
37912.pkl,train
55927.pkl,train
52656.pkl,train
10804.pkl,train
9127.pkl,train
39216.pkl,train
10177.pkl,train
26122.pkl,train
2413.pkl,train
14010.pkl,train
13210.pkl,train
4554.pkl,train
26929.pkl,train
8422.pkl,train
51341.pkl,train
17909.pkl,train
31459.pkl,train
3840.pkl,train
38700.pkl,train
48309.pkl,train
24308.pkl,train
22580.pkl,train
35426.pkl,train
15658.pkl,train
45389.pkl,train
26638.pkl,train
39705.pkl,train
24436.pkl,train
56753.pkl,train
4623.pkl,train
44661.pkl,train
5068.pkl,train
45030.pkl,train
55405.pkl,train
19064.pkl,train
11970.pkl,train
35068.pkl,train
28748.pkl,train
32501.pkl,train
2857.pkl,train
30143.pkl,train
12240.pkl,train
19800.pkl,train
22651.pkl,train
56176.pkl,train
13092.pkl,train
28765.pkl,train
36985.pkl,train
16138.pkl,train
37345.pkl,train
44304.pkl,train
41139.pkl,train
53539.pkl,train
45969.pkl,train
22037.pkl,train
10516.pkl,train
1959.pkl,train
9152.pkl,train
46208.pkl,train
24948.pkl,train
7135.pkl,train
9269.pkl,train
41914.pkl,train
31184.pkl,train
16794.pkl,train
7839.pkl,train
12742.pkl,train
22212.pkl,train
6859.pkl,train
43217.pkl,train
12527.pkl,train
38776.pkl,train
30331.pkl,train
8399.pkl,train
50433.pkl,train
36217.pkl,train
33825.pkl,train
37738.pkl,train
51349.pkl,train
36043.pkl,train
15903.pkl,train
37828.pkl,train
4425.pkl,train
44073.pkl,train
7429.pkl,train
54743.pkl,train
50915.pkl,train
31473.pkl,train
29889.pkl,train
19292.pkl,train
19462.pkl,train
11049.pkl,train
30005.pkl,train
26579.pkl,train
45402.pkl,train
43163.pkl,train
35624.pkl,train
22200.pkl,train
21217.pkl,train
21996.pkl,train
35056.pkl,train
45919.pkl,train
52043.pkl,train
36155.pkl,train
40936.pkl,train
52053.pkl,train
21713.pkl,train
48186.pkl,train
3397.pkl,train
15963.pkl,train
49297.pkl,train
56564.pkl,train
41295.pkl,train
56723.pkl,train
39341.pkl,train
44470.pkl,train
8524.pkl,train
33962.pkl,train
23477.pkl,train
10324.pkl,train
100.pkl,train
51782.pkl,train
23194.pkl,train
9599.pkl,train
24573.pkl,train
5374.pkl,train
14091.pkl,train
50893.pkl,train
56137.pkl,train
56648.pkl,train
47025.pkl,train
53480.pkl,train
15501.pkl,train
45279.pkl,train
47222.pkl,train
51216.pkl,train
25045.pkl,train
31324.pkl,train
39716.pkl,train
53501.pkl,train
15606.pkl,train
41477.pkl,train
50897.pkl,train
14310.pkl,train
51931.pkl,train
6413.pkl,train
23962.pkl,train
30967.pkl,train
23519.pkl,train
2357.pkl,train
7334.pkl,train
50594.pkl,train
42262.pkl,train
39337.pkl,train
50038.pkl,train
1800.pkl,train
11995.pkl,train
168.pkl,train
55808.pkl,train
39100.pkl,train
54772.pkl,train
22328.pkl,train
19735.pkl,train
39668.pkl,train
27818.pkl,train
15648.pkl,train
48492.pkl,train
53936.pkl,train
2818.pkl,train
54381.pkl,train
20670.pkl,train
42266.pkl,train
42476.pkl,train
31386.pkl,train
56522.pkl,train
10096.pkl,train
35712.pkl,train
48748.pkl,train
25385.pkl,train
16973.pkl,train
5155.pkl,train
6851.pkl,train
11620.pkl,train
24697.pkl,train
11031.pkl,train
38867.pkl,train
33645.pkl,train
36389.pkl,train
46463.pkl,train
6812.pkl,train
18634.pkl,train
25858.pkl,train
31718.pkl,train
3728.pkl,train
18639.pkl,train
24426.pkl,train
10345.pkl,train
7201.pkl,train
16506.pkl,train
54748.pkl,train
10950.pkl,train
31670.pkl,train
36715.pkl,train
49207.pkl,train
12631.pkl,train
18783.pkl,train
9700.pkl,train
12076.pkl,train
34785.pkl,train
15355.pkl,train
43920.pkl,train
53012.pkl,train
15986.pkl,train
7838.pkl,train
32278.pkl,train
7543.pkl,train
12083.pkl,train
55636.pkl,train
39399.pkl,train
37559.pkl,train
47485.pkl,train
15743.pkl,train
22697.pkl,train
16712.pkl,train
26819.pkl,train
52426.pkl,train
40153.pkl,train
11621.pkl,train
38628.pkl,train
27544.pkl,train
270.pkl,train
12042.pkl,train
33280.pkl,train
56974.pkl,train
24452.pkl,train
42745.pkl,train
35121.pkl,train
31482.pkl,train
29585.pkl,train
36403.pkl,train
1689.pkl,train
34929.pkl,train
584.pkl,train
7570.pkl,train
9532.pkl,train
22372.pkl,train
16920.pkl,train
14312.pkl,train
11519.pkl,train
45529.pkl,train
7715.pkl,train
250.pkl,train
12806.pkl,train
40149.pkl,train
11100.pkl,train
4814.pkl,train
2078.pkl,train
3092.pkl,train
27021.pkl,train
11607.pkl,train
23335.pkl,train
15908.pkl,train
36794.pkl,train
37285.pkl,train
53851.pkl,train
2840.pkl,train
30325.pkl,train
1994.pkl,train
9999.pkl,train
46654.pkl,train
29358.pkl,train
34321.pkl,train
36816.pkl,train
11587.pkl,train
18951.pkl,train
35698.pkl,train
21868.pkl,train
30189.pkl,train
46349.pkl,train
51659.pkl,train
24519.pkl,train
4062.pkl,train
14939.pkl,train
41044.pkl,train
56706.pkl,train
30510.pkl,train
5941.pkl,train
31739.pkl,train
1572.pkl,train
6000.pkl,train
7154.pkl,train
42963.pkl,train
24326.pkl,train
24696.pkl,train
3565.pkl,train
39210.pkl,train
29625.pkl,train
13141.pkl,train
54580.pkl,train
23317.pkl,train
25937.pkl,train
53119.pkl,train
1534.pkl,train
14451.pkl,train
26655.pkl,train
12308.pkl,train
18132.pkl,train
6020.pkl,train
33456.pkl,train
54604.pkl,train
52611.pkl,train
19999.pkl,train
45773.pkl,train
53093.pkl,train
13627.pkl,train
16198.pkl,train
4303.pkl,train
16926.pkl,train
17878.pkl,train
22183.pkl,train
43575.pkl,train
2361.pkl,train
33387.pkl,train
26803.pkl,train
12485.pkl,train
23372.pkl,train
56586.pkl,train
19098.pkl,train
27206.pkl,train
6366.pkl,train
6116.pkl,train
50259.pkl,train
31844.pkl,train
34663.pkl,train
54359.pkl,train
7420.pkl,train
34002.pkl,train
30526.pkl,train
5316.pkl,train
15345.pkl,train
41984.pkl,train
37438.pkl,train
2077.pkl,train
9529.pkl,train
35511.pkl,train
14830.pkl,train
15748.pkl,train
51048.pkl,train
16305.pkl,train
1939.pkl,train
35301.pkl,train
37390.pkl,train
16389.pkl,train
40110.pkl,train
37983.pkl,train
13063.pkl,train
34409.pkl,train
10380.pkl,train
26973.pkl,train
37800.pkl,train
30911.pkl,train
42309.pkl,train
467.pkl,train
50739.pkl,train
32532.pkl,train
32433.pkl,train
30431.pkl,train
21006.pkl,train
41850.pkl,train
160.pkl,train
43081.pkl,train
21926.pkl,train
31678.pkl,train
390.pkl,train
46520.pkl,train
15590.pkl,train
17146.pkl,train
51755.pkl,train
35194.pkl,train
9537.pkl,train
28639.pkl,train
52256.pkl,train
11614.pkl,train
36701.pkl,train
22761.pkl,train
1515.pkl,train
24569.pkl,train
7293.pkl,train
15641.pkl,train
49357.pkl,train
3122.pkl,train
16079.pkl,train
46182.pkl,train
17941.pkl,train
31101.pkl,train
56636.pkl,train
22436.pkl,train
15388.pkl,train
39377.pkl,train
7470.pkl,train
8074.pkl,train
3535.pkl,train
1660.pkl,train
30779.pkl,train
56077.pkl,train
42121.pkl,train
22064.pkl,train
18593.pkl,train
3294.pkl,train
27223.pkl,train
27058.pkl,train
45363.pkl,train
12093.pkl,train
40361.pkl,train
46043.pkl,train
15404.pkl,train
1647.pkl,train
54997.pkl,train
52976.pkl,train
32112.pkl,train
42059.pkl,train
34947.pkl,train
55357.pkl,train
27627.pkl,train
3606.pkl,train
42168.pkl,train
37766.pkl,train
10149.pkl,train
55567.pkl,train
19837.pkl,train
54349.pkl,train
29242.pkl,train
55449.pkl,train
12969.pkl,train
52290.pkl,train
34430.pkl,train
50010.pkl,train
36218.pkl,train
38048.pkl,train
17766.pkl,train
52078.pkl,train
18436.pkl,train
1425.pkl,train
31321.pkl,train
4486.pkl,train
28076.pkl,train
35470.pkl,train
430.pkl,train
34556.pkl,train
55185.pkl,train
29191.pkl,train
5390.pkl,train
7228.pkl,train
31651.pkl,train
34339.pkl,train
55118.pkl,train
11402.pkl,train
5284.pkl,train
11261.pkl,train
53375.pkl,train
1096.pkl,train
31392.pkl,train
3935.pkl,train
10524.pkl,train
46115.pkl,train
33564.pkl,train
28410.pkl,train
23117.pkl,train
42900.pkl,train
51611.pkl,train
25285.pkl,train
14820.pkl,train
20566.pkl,train
46845.pkl,train
37408.pkl,train
29764.pkl,train
2310.pkl,train
29217.pkl,train
30642.pkl,train
33442.pkl,train
30489.pkl,train
48236.pkl,train
20917.pkl,train
2028.pkl,train
8448.pkl,train
32845.pkl,train
44194.pkl,train
38684.pkl,train
20484.pkl,train
3212.pkl,train
36698.pkl,train
45923.pkl,train
38168.pkl,train
5931.pkl,train
22454.pkl,train
55706.pkl,train
27746.pkl,train
55849.pkl,train
20706.pkl,train
17560.pkl,train
38191.pkl,train
26369.pkl,train
13652.pkl,train
32001.pkl,train
46524.pkl,train
8937.pkl,train
37147.pkl,train
14038.pkl,train
36439.pkl,train
26779.pkl,train
40111.pkl,train
54885.pkl,train
27894.pkl,train
26065.pkl,train
36320.pkl,train
5252.pkl,train
28766.pkl,train
42638.pkl,train
5556.pkl,train
10287.pkl,train
22443.pkl,train
41735.pkl,train
13042.pkl,train
48069.pkl,train
19466.pkl,train
48198.pkl,train
35346.pkl,train
38211.pkl,train
34207.pkl,train
9955.pkl,train
23235.pkl,train
12821.pkl,train
41064.pkl,train
16007.pkl,train
54728.pkl,train
56296.pkl,train
29231.pkl,train
5330.pkl,train
41297.pkl,train
37485.pkl,train
34793.pkl,train
4795.pkl,train
26017.pkl,train
19516.pkl,train
6658.pkl,train
51571.pkl,train
24632.pkl,train
8245.pkl,train
36120.pkl,train
49335.pkl,train
8940.pkl,train
55910.pkl,train
44692.pkl,train
12294.pkl,train
8517.pkl,train
41624.pkl,train
56287.pkl,train
41766.pkl,train
27074.pkl,train
49300.pkl,train
49917.pkl,train
48883.pkl,train
16448.pkl,train
1206.pkl,train
13781.pkl,train
23316.pkl,train
9857.pkl,train
13459.pkl,train
16489.pkl,train
20401.pkl,train
39777.pkl,train
46293.pkl,train
36075.pkl,train
11741.pkl,train
53197.pkl,train
13654.pkl,train
13742.pkl,train
11835.pkl,train
401.pkl,train
4620.pkl,train
7265.pkl,train
52837.pkl,train
29399.pkl,train
8227.pkl,train
44774.pkl,train
7699.pkl,train
38254.pkl,train
37325.pkl,train
36506.pkl,train
40992.pkl,train
46155.pkl,train
53019.pkl,train
3469.pkl,train
23990.pkl,train
36269.pkl,train
47083.pkl,train
40159.pkl,train
54992.pkl,train
20265.pkl,train
56447.pkl,train
1919.pkl,train
9604.pkl,train
26810.pkl,train
53733.pkl,train
30256.pkl,train
54858.pkl,train
31700.pkl,train
13982.pkl,train
30330.pkl,train
50821.pkl,train
1299.pkl,train
54277.pkl,train
55344.pkl,train
1878.pkl,train
9147.pkl,train
25843.pkl,train
35101.pkl,train
26571.pkl,train
36858.pkl,train
18353.pkl,train
2237.pkl,train
43799.pkl,train
45822.pkl,train
50123.pkl,train
15643.pkl,train
7036.pkl,train
17738.pkl,train
47217.pkl,train
38354.pkl,train
8161.pkl,train
53300.pkl,train
33455.pkl,train
31749.pkl,train
13513.pkl,train
4377.pkl,train
21086.pkl,train
38554.pkl,train
43759.pkl,train
925.pkl,train
55788.pkl,train
48963.pkl,train
47616.pkl,train
38864.pkl,train
32764.pkl,train
16550.pkl,train
43087.pkl,train
15139.pkl,train
54221.pkl,train
27832.pkl,train
42525.pkl,train
47645.pkl,train
47057.pkl,train
11044.pkl,train
4295.pkl,train
28089.pkl,train
21089.pkl,train
18531.pkl,train
40564.pkl,train
50810.pkl,train
6674.pkl,train
52681.pkl,train
51199.pkl,train
51192.pkl,train
19181.pkl,train
17224.pkl,train
22606.pkl,train
49792.pkl,train
19233.pkl,train
37215.pkl,train
27330.pkl,train
32381.pkl,train
38134.pkl,train
25742.pkl,train
28470.pkl,train
26105.pkl,train
12982.pkl,train
5976.pkl,train
1461.pkl,train
34449.pkl,train
4546.pkl,train
28644.pkl,train
51708.pkl,train
4153.pkl,train
51798.pkl,train
24861.pkl,train
42065.pkl,train
49407.pkl,train
10424.pkl,train
28482.pkl,train
49296.pkl,train
54786.pkl,train
34945.pkl,train
52292.pkl,train
3778.pkl,train
11877.pkl,train
4785.pkl,train
28652.pkl,train
24458.pkl,train
2963.pkl,train
27015.pkl,train
51114.pkl,train
22353.pkl,train
7336.pkl,train
19736.pkl,train
28376.pkl,train
30015.pkl,train
44853.pkl,train
41623.pkl,train
12052.pkl,train
34701.pkl,train
19502.pkl,train
48479.pkl,train
51907.pkl,train
36378.pkl,train
7722.pkl,train
6111.pkl,train
31190.pkl,train
23684.pkl,train
211.pkl,train
16060.pkl,train
54020.pkl,train
34057.pkl,train
19235.pkl,train
40012.pkl,train
36591.pkl,train
13550.pkl,train
36761.pkl,train
55161.pkl,train
44176.pkl,train
37855.pkl,train
8600.pkl,train
39007.pkl,train
19178.pkl,train
4789.pkl,train
50962.pkl,train
54482.pkl,train
31408.pkl,train
16090.pkl,train
51552.pkl,train
46168.pkl,train
56036.pkl,train
36566.pkl,train
43257.pkl,train
55520.pkl,train
18265.pkl,train
47607.pkl,train
19072.pkl,train
39587.pkl,train
25194.pkl,train
19665.pkl,train
4311.pkl,train
51615.pkl,train
43324.pkl,train
30839.pkl,train
2022.pkl,train
11549.pkl,train
12346.pkl,train
28819.pkl,train
33318.pkl,train
19796.pkl,train
38487.pkl,train
40468.pkl,train
9947.pkl,train
46668.pkl,train
17225.pkl,train
54194.pkl,train
54555.pkl,train
45179.pkl,train
47030.pkl,train
3443.pkl,train
8885.pkl,train
10724.pkl,train
46726.pkl,train
48230.pkl,train
24385.pkl,train
21111.pkl,train
33149.pkl,train
44990.pkl,train
2864.pkl,train
15380.pkl,train
50504.pkl,train
44785.pkl,train
35248.pkl,train
30420.pkl,train
40797.pkl,train
42824.pkl,train
40290.pkl,train
40315.pkl,train
7353.pkl,train
10886.pkl,train
11082.pkl,train
14123.pkl,train
26851.pkl,train
20466.pkl,train
51721.pkl,train
28895.pkl,train
24766.pkl,train
3687.pkl,train
26048.pkl,train
48668.pkl,train
33848.pkl,train
25496.pkl,train
49959.pkl,train
35841.pkl,train
1564.pkl,train
14667.pkl,train
40527.pkl,train
21029.pkl,train
43115.pkl,train
42635.pkl,train
50476.pkl,train
29367.pkl,train
8054.pkl,train
44957.pkl,train
24023.pkl,train
35868.pkl,train
16970.pkl,train
47328.pkl,train
43521.pkl,train
20767.pkl,train
42828.pkl,train
48208.pkl,train
1720.pkl,train
4413.pkl,train
45290.pkl,train
22505.pkl,train
13675.pkl,train
47726.pkl,train
25705.pkl,train
19912.pkl,train
2696.pkl,train
11856.pkl,train
36981.pkl,train
10532.pkl,train
20779.pkl,train
29730.pkl,train
18019.pkl,train
7586.pkl,train
33429.pkl,train
7941.pkl,train
39554.pkl,train
46343.pkl,train
27658.pkl,train
50741.pkl,train
42196.pkl,train
8696.pkl,train
35875.pkl,train
10888.pkl,train
50780.pkl,train
8242.pkl,train
10613.pkl,train
4262.pkl,train
32564.pkl,train
21805.pkl,train
48622.pkl,train
47493.pkl,train
35117.pkl,train
18547.pkl,train
9463.pkl,train
29817.pkl,train
7852.pkl,train
671.pkl,train
30308.pkl,train
56919.pkl,train
13171.pkl,train
21497.pkl,train
55867.pkl,train
27775.pkl,train
13145.pkl,train
2647.pkl,train
18273.pkl,train
18966.pkl,train
49624.pkl,train
21953.pkl,train
29267.pkl,train
23827.pkl,train
47967.pkl,train
18830.pkl,train
13150.pkl,train
3150.pkl,train
12446.pkl,train
22464.pkl,train
16961.pkl,train
21204.pkl,train
17242.pkl,train
7853.pkl,train
10847.pkl,train
55821.pkl,train
49316.pkl,train
52485.pkl,train
55799.pkl,train
39573.pkl,train
47462.pkl,train
4984.pkl,train
6804.pkl,train
49910.pkl,train
9215.pkl,train
5948.pkl,train
27460.pkl,train
42140.pkl,train
24908.pkl,train
44936.pkl,train
34511.pkl,train
34902.pkl,train
48557.pkl,train
56871.pkl,train
47579.pkl,train
31252.pkl,train
53945.pkl,train
2630.pkl,train
8952.pkl,train
33347.pkl,train
3456.pkl,train
31043.pkl,train
17917.pkl,train
18351.pkl,train
21577.pkl,train
1601.pkl,train
3174.pkl,train
847.pkl,train
15494.pkl,train
56941.pkl,train
36055.pkl,train
26457.pkl,train
2290.pkl,train
39394.pkl,train
1750.pkl,train
15478.pkl,train
12141.pkl,train
12566.pkl,train
39835.pkl,train
8871.pkl,train
22881.pkl,train
54475.pkl,train
34187.pkl,train
47357.pkl,train
54267.pkl,train
26308.pkl,train
2216.pkl,train
52153.pkl,train
29918.pkl,train
54455.pkl,train
22534.pkl,train
33354.pkl,train
28350.pkl,train
42807.pkl,train
49132.pkl,train
35190.pkl,train
31406.pkl,train
26096.pkl,train
40353.pkl,train
11036.pkl,train
54086.pkl,train
27201.pkl,train
18815.pkl,train
37699.pkl,train
31310.pkl,train
2621.pkl,train
51833.pkl,train
4105.pkl,train
24483.pkl,train
45417.pkl,train
25361.pkl,train
3651.pkl,train
12113.pkl,train
8165.pkl,train
24199.pkl,train
9526.pkl,train
6505.pkl,train
389.pkl,train
8690.pkl,train
31738.pkl,train
22096.pkl,train
37590.pkl,train
30043.pkl,train
26768.pkl,train
43232.pkl,train
11627.pkl,train
20307.pkl,train
9094.pkl,train
35755.pkl,train
10669.pkl,train
32262.pkl,train
2795.pkl,train
52615.pkl,train
6291.pkl,train
41957.pkl,train
37026.pkl,train
50171.pkl,train
51699.pkl,train
56277.pkl,train
28032.pkl,train
20575.pkl,train
13321.pkl,train
38448.pkl,train
31763.pkl,train
40377.pkl,train
36361.pkl,train
15678.pkl,train
40876.pkl,train
56572.pkl,train
18311.pkl,train
2921.pkl,train
52441.pkl,train
16059.pkl,train
10325.pkl,train
35929.pkl,train
45061.pkl,train
28614.pkl,train
3747.pkl,train
40101.pkl,train
41449.pkl,train
40700.pkl,train
52363.pkl,train
27826.pkl,train
32192.pkl,train
36877.pkl,train
40585.pkl,train
25163.pkl,train
40493.pkl,train
21123.pkl,train
21435.pkl,train
34418.pkl,train
31672.pkl,train
56242.pkl,train
2333.pkl,train
43694.pkl,train
10171.pkl,train
52075.pkl,train
18058.pkl,train
42238.pkl,train
26981.pkl,train
46368.pkl,train
39591.pkl,train
6906.pkl,train
49303.pkl,train
32765.pkl,train
4895.pkl,train
22816.pkl,train
2381.pkl,train
27866.pkl,train
52463.pkl,train
54467.pkl,train
28461.pkl,train
55331.pkl,train
12601.pkl,train
2484.pkl,train
30125.pkl,train
13589.pkl,train
47435.pkl,train
9268.pkl,train
14883.pkl,train
22694.pkl,train
36001.pkl,train
55335.pkl,train
51303.pkl,train
43580.pkl,train
32180.pkl,train
20743.pkl,train
35187.pkl,train
29670.pkl,train
15332.pkl,train
8946.pkl,train
11610.pkl,train
17761.pkl,train
6489.pkl,train
29337.pkl,train
53065.pkl,train
16187.pkl,train
29534.pkl,train
43558.pkl,train
49935.pkl,train
24024.pkl,train
42351.pkl,train
43889.pkl,train
31603.pkl,train
28457.pkl,train
3953.pkl,train
50743.pkl,train
18056.pkl,train
31597.pkl,train
47393.pkl,train
27192.pkl,train
51682.pkl,train
54000.pkl,train
32723.pkl,train
9971.pkl,train
9323.pkl,train
56609.pkl,train
39528.pkl,train
15008.pkl,train
51704.pkl,train
45043.pkl,train
21145.pkl,train
17233.pkl,train
34623.pkl,train
47206.pkl,train
11006.pkl,train
44237.pkl,train
7741.pkl,train
31183.pkl,train
2698.pkl,train
11305.pkl,train
48520.pkl,train
442.pkl,train
6249.pkl,train
2377.pkl,train
34115.pkl,train
54107.pkl,train
16598.pkl,train
28494.pkl,train
45175.pkl,train
24314.pkl,train
33045.pkl,train
24809.pkl,train
34097.pkl,train
3224.pkl,train
46309.pkl,train
7442.pkl,train
32979.pkl,train
10129.pkl,train
49402.pkl,train
44023.pkl,train
32341.pkl,train
44260.pkl,train
18858.pkl,train
469.pkl,train
19939.pkl,train
15190.pkl,train
14207.pkl,train
16557.pkl,train
27109.pkl,train
12492.pkl,train
50122.pkl,train
8569.pkl,train
12582.pkl,train
53519.pkl,train
49378.pkl,train
19382.pkl,train
30496.pkl,train
32888.pkl,train
20443.pkl,train
22294.pkl,train
6873.pkl,train
10910.pkl,train
53812.pkl,train
30909.pkl,train
2911.pkl,train
4423.pkl,train
28727.pkl,train
27941.pkl,train
4846.pkl,train
24655.pkl,train
10786.pkl,train
55203.pkl,train
52158.pkl,train
10790.pkl,train
14644.pkl,train
30345.pkl,train
50156.pkl,train
33175.pkl,train
46775.pkl,train
47667.pkl,train
3424.pkl,train
7002.pkl,train
50562.pkl,train
36933.pkl,train
7882.pkl,train
31979.pkl,train
12757.pkl,train
6613.pkl,train
50488.pkl,train
3792.pkl,train
17190.pkl,train
9641.pkl,train
12235.pkl,train
40222.pkl,train
42034.pkl,train
7388.pkl,train
27980.pkl,train
12045.pkl,train
19264.pkl,train
22832.pkl,train
29733.pkl,train
50338.pkl,train
3187.pkl,train
45357.pkl,train
14.pkl,train
4758.pkl,train
28178.pkl,train
54693.pkl,train
20402.pkl,train
16565.pkl,train
43752.pkl,train
12038.pkl,train
5552.pkl,train
56777.pkl,train
36045.pkl,train
44227.pkl,train
50330.pkl,train
18839.pkl,train
44710.pkl,train
50789.pkl,train
24221.pkl,train
33365.pkl,train
41357.pkl,train
39334.pkl,train
10374.pkl,train
24239.pkl,train
4588.pkl,train
2448.pkl,train
39670.pkl,train
28876.pkl,train
42536.pkl,train
44258.pkl,train
29142.pkl,train
6397.pkl,train
21734.pkl,train
4910.pkl,train
8182.pkl,train
48099.pkl,train
41272.pkl,train
11206.pkl,train
42132.pkl,train
1503.pkl,train
35345.pkl,train
3699.pkl,train
37230.pkl,train
15002.pkl,train
15431.pkl,train
45907.pkl,train
5790.pkl,train
37760.pkl,train
51582.pkl,train
10541.pkl,train
41635.pkl,train
34864.pkl,train
9396.pkl,train
26901.pkl,train
26305.pkl,train
8778.pkl,train
43221.pkl,train
50028.pkl,train
2287.pkl,train
38686.pkl,train
19699.pkl,train
40804.pkl,train
19774.pkl,train
30098.pkl,train
3764.pkl,train
33016.pkl,train
41670.pkl,train
29948.pkl,train
40744.pkl,train
40265.pkl,train
25011.pkl,train
55830.pkl,train
27646.pkl,train
45457.pkl,train
23716.pkl,train
50569.pkl,train
6800.pkl,train
28013.pkl,train
590.pkl,train
251.pkl,train
42790.pkl,train
40288.pkl,train
3958.pkl,train
34404.pkl,train
33431.pkl,train
19956.pkl,train
34169.pkl,train
20814.pkl,train
43757.pkl,train
2580.pkl,train
22281.pkl,train
47582.pkl,train
53828.pkl,train
14155.pkl,train
35621.pkl,train
51247.pkl,train
4524.pkl,train
12265.pkl,train
6376.pkl,train
1224.pkl,train
21273.pkl,train
37913.pkl,train
37688.pkl,train
23355.pkl,train
4764.pkl,train
32877.pkl,train
56850.pkl,train
41688.pkl,train
4995.pkl,train
7807.pkl,train
22023.pkl,train
22696.pkl,train
50221.pkl,train
55560.pkl,train
13297.pkl,train
50302.pkl,train
16055.pkl,train
38709.pkl,train
26935.pkl,train
8382.pkl,train
37362.pkl,train
27573.pkl,train
2163.pkl,train
53115.pkl,train
30181.pkl,train
24265.pkl,train
49145.pkl,train
37435.pkl,train
30517.pkl,train
5567.pkl,train
38372.pkl,train
3431.pkl,train
33887.pkl,train
37480.pkl,train
14050.pkl,train
39355.pkl,train
1359.pkl,train
5105.pkl,train
56980.pkl,train
19337.pkl,train
35096.pkl,train
51662.pkl,train
6580.pkl,train
18242.pkl,train
1874.pkl,train
8465.pkl,train
21100.pkl,train
46159.pkl,train
40681.pkl,train
36854.pkl,train
11679.pkl,train
50161.pkl,train
56889.pkl,train
36978.pkl,train
14281.pkl,train
52320.pkl,train
40075.pkl,train
25783.pkl,train
11737.pkl,train
23159.pkl,train
21739.pkl,train
18624.pkl,train
15207.pkl,train
51157.pkl,train
22957.pkl,train
36754.pkl,train
38142.pkl,train
11613.pkl,train
54091.pkl,train
24629.pkl,train
15259.pkl,train
47880.pkl,train
16056.pkl,train
10159.pkl,train
34986.pkl,train
9638.pkl,train
16182.pkl,train
38733.pkl,train
3722.pkl,train
23307.pkl,train
12016.pkl,train
24157.pkl,train
35237.pkl,train
25651.pkl,train
15439.pkl,train
30658.pkl,train
23060.pkl,train
35005.pkl,train
27861.pkl,train
52381.pkl,train
3487.pkl,train
19498.pkl,train
37031.pkl,train
38915.pkl,train
52498.pkl,train
7673.pkl,train
52207.pkl,train
1979.pkl,train
19685.pkl,train
30080.pkl,train
8985.pkl,train
13399.pkl,train
3079.pkl,train
33308.pkl,train
52814.pkl,train
47659.pkl,train
54334.pkl,train
33218.pkl,train
23332.pkl,train
45920.pkl,train
47377.pkl,train
49723.pkl,train
24409.pkl,train
23279.pkl,train
39421.pkl,train
432.pkl,train
40069.pkl,train
43617.pkl,train
13130.pkl,train
50523.pkl,train
44838.pkl,train
18317.pkl,train
188.pkl,train
2835.pkl,train
47235.pkl,train
44337.pkl,train
53363.pkl,train
39820.pkl,train
42112.pkl,train
13835.pkl,train
55994.pkl,train
33976.pkl,train
16998.pkl,train
29175.pkl,train
28493.pkl,train
9132.pkl,train
11250.pkl,train
2574.pkl,train
40497.pkl,train
36507.pkl,train
32186.pkl,train
28595.pkl,train
29721.pkl,train
56824.pkl,train
30029.pkl,train
45574.pkl,train
39865.pkl,train
40984.pkl,train
2492.pkl,train
3391.pkl,train
49085.pkl,train
210.pkl,train
48885.pkl,train
32618.pkl,train
7318.pkl,train
55150.pkl,train
4669.pkl,train
14021.pkl,train
40440.pkl,train
3911.pkl,train
6692.pkl,train
45526.pkl,train
8168.pkl,train
9862.pkl,train
26976.pkl,train
22394.pkl,train
30649.pkl,train
5833.pkl,train
21586.pkl,train
23373.pkl,train
38238.pkl,train
15939.pkl,train
26750.pkl,train
42830.pkl,train
8993.pkl,train
54058.pkl,train
52919.pkl,train
8771.pkl,train
25017.pkl,train
52196.pkl,train
54803.pkl,train
3415.pkl,train
51100.pkl,train
169.pkl,train
13735.pkl,train
18994.pkl,train
42761.pkl,train
5580.pkl,train
19.pkl,train
38120.pkl,train
35787.pkl,train
43227.pkl,train
736.pkl,train
9092.pkl,train
47414.pkl,train
32204.pkl,train
36805.pkl,train
43240.pkl,train
39414.pkl,train
38290.pkl,train
26754.pkl,train
33049.pkl,train
16280.pkl,train
7075.pkl,train
20992.pkl,train
52027.pkl,train
50321.pkl,train
6081.pkl,train
5443.pkl,train
9035.pkl,train
17846.pkl,train
11486.pkl,train
22022.pkl,train
35103.pkl,train
28805.pkl,train
27235.pkl,train
12930.pkl,train
38307.pkl,train
1041.pkl,train
6380.pkl,train
26004.pkl,train
50829.pkl,train
27901.pkl,train
44525.pkl,train
9593.pkl,train
23856.pkl,train
47507.pkl,train
47227.pkl,train
53135.pkl,train
47267.pkl,train
11015.pkl,train
213.pkl,train
21373.pkl,train
36331.pkl,train
33126.pkl,train
12465.pkl,train
46992.pkl,train
41553.pkl,train
8906.pkl,train
4540.pkl,train
36204.pkl,train
45829.pkl,train
15428.pkl,train
10997.pkl,train
22857.pkl,train
53533.pkl,train
12150.pkl,train
10973.pkl,train
30519.pkl,train
19377.pkl,train
51909.pkl,train
53357.pkl,train
28733.pkl,train
15710.pkl,train
11445.pkl,train
22276.pkl,train
762.pkl,train
53770.pkl,train
12611.pkl,train
29458.pkl,train
49084.pkl,train
25856.pkl,train
21119.pkl,train
29016.pkl,train
40475.pkl,train
50103.pkl,train
39900.pkl,train
6660.pkl,train
10001.pkl,train
29101.pkl,train
47449.pkl,train
42968.pkl,train
24363.pkl,train
969.pkl,train
42142.pkl,train
14397.pkl,train
38948.pkl,train
30885.pkl,train
54631.pkl,train
23622.pkl,train
22734.pkl,train
8443.pkl,train
38963.pkl,train
37727.pkl,train
47576.pkl,train
12100.pkl,train
54578.pkl,train
56035.pkl,train
26643.pkl,train
19420.pkl,train
34943.pkl,train
23570.pkl,train
54611.pkl,train
28088.pkl,train
18035.pkl,train
53761.pkl,train
16314.pkl,train
40081.pkl,train
31701.pkl,train
51634.pkl,train
15272.pkl,train
53582.pkl,train
4274.pkl,train
32117.pkl,train
13649.pkl,train
5915.pkl,train
14367.pkl,train
3578.pkl,train
55016.pkl,train
47708.pkl,train
15911.pkl,train
3528.pkl,train
53167.pkl,train
43176.pkl,train
15296.pkl,train
21171.pkl,train
10414.pkl,train
42224.pkl,train
29692.pkl,train
29442.pkl,train
21557.pkl,train
19100.pkl,train
15823.pkl,train
43859.pkl,train
7522.pkl,train
18101.pkl,train
18447.pkl,train
8293.pkl,train
29809.pkl,train
46609.pkl,train
13626.pkl,train
17145.pkl,train
35758.pkl,train
33507.pkl,train
35805.pkl,train
31189.pkl,train
17026.pkl,train
55971.pkl,train
32651.pkl,train
13013.pkl,train
50069.pkl,train
43651.pkl,train
26006.pkl,train
38574.pkl,train
33273.pkl,train
43220.pkl,train
41644.pkl,train
54564.pkl,train
2043.pkl,train
40619.pkl,train
2442.pkl,train
32374.pkl,train
43082.pkl,train
6009.pkl,train
53260.pkl,train
21867.pkl,train
6256.pkl,train
54491.pkl,train
12206.pkl,train
29434.pkl,train
48997.pkl,train
28096.pkl,train
25312.pkl,train
29359.pkl,train
34605.pkl,train
8742.pkl,train
28223.pkl,train
10084.pkl,train
4273.pkl,train
28671.pkl,train
14877.pkl,train
20598.pkl,train
8997.pkl,train
6188.pkl,train
54332.pkl,train
14596.pkl,train
13265.pkl,train
48794.pkl,train
6879.pkl,train
17184.pkl,train
37881.pkl,train
46803.pkl,train
10340.pkl,train
25430.pkl,train
7910.pkl,train
41043.pkl,train
39419.pkl,train
56400.pkl,train
5928.pkl,train
8701.pkl,train
44537.pkl,train
33299.pkl,train
39809.pkl,train
25069.pkl,train
38610.pkl,train
21155.pkl,train
37555.pkl,train
24970.pkl,train
24893.pkl,train
47407.pkl,train
51929.pkl,train
52115.pkl,train
22410.pkl,train
40864.pkl,train
30793.pkl,train
54721.pkl,train
39915.pkl,train
10269.pkl,train
48500.pkl,train
21383.pkl,train
23188.pkl,train
55133.pkl,train
2449.pkl,train
18520.pkl,train
35312.pkl,train
51856.pkl,train
48708.pkl,train
17402.pkl,train
10629.pkl,train
37678.pkl,train
45749.pkl,train
22515.pkl,train
54251.pkl,train
33903.pkl,train
21759.pkl,train
1855.pkl,train
35281.pkl,train
48210.pkl,train
32810.pkl,train
56580.pkl,train
28737.pkl,train
19394.pkl,train
33100.pkl,train
38436.pkl,train
13207.pkl,train
24744.pkl,train
55141.pkl,train
23019.pkl,train
2873.pkl,train
51831.pkl,train
26611.pkl,train
8321.pkl,train
51548.pkl,train
53707.pkl,train
37508.pkl,train
19479.pkl,train
51105.pkl,train
1034.pkl,train
38823.pkl,train
36864.pkl,train
17158.pkl,train
15546.pkl,train
53874.pkl,train
6199.pkl,train
2162.pkl,train
45507.pkl,train
9548.pkl,train
9149.pkl,train
30036.pkl,train
53193.pkl,train
10344.pkl,train
21064.pkl,train
24810.pkl,train
13368.pkl,train
37371.pkl,train
2139.pkl,train
2955.pkl,train
5714.pkl,train
21714.pkl,train
35435.pkl,train
22523.pkl,train
52716.pkl,train
1412.pkl,train
55334.pkl,train
32148.pkl,train
16003.pkl,train
35635.pkl,train
31127.pkl,train
16669.pkl,train
9899.pkl,train
17641.pkl,train
51849.pkl,train
8174.pkl,train
43769.pkl,train
26150.pkl,train
9683.pkl,train
51383.pkl,train
4360.pkl,train
53098.pkl,train
4922.pkl,train
42395.pkl,train
6106.pkl,train
53815.pkl,train
3667.pkl,train
5914.pkl,train
12059.pkl,train
35573.pkl,train
40000.pkl,train
35863.pkl,train
30671.pkl,train
39720.pkl,train
42302.pkl,train
23758.pkl,train
44653.pkl,train
5870.pkl,train
16038.pkl,train
17966.pkl,train
29964.pkl,train
43421.pkl,train
26135.pkl,train
20341.pkl,train
3988.pkl,train
21808.pkl,train
27410.pkl,train
19015.pkl,train
6884.pkl,train
41707.pkl,train
53914.pkl,train
17486.pkl,train
15471.pkl,train
21960.pkl,train
26148.pkl,train
15871.pkl,train
37318.pkl,train
21952.pkl,train
20587.pkl,train
28274.pkl,train
35590.pkl,train
49395.pkl,train
22611.pkl,train
18555.pkl,train
51026.pkl,train
25280.pkl,train
23994.pkl,train
55926.pkl,train
29309.pkl,train
31915.pkl,train
11080.pkl,train
16874.pkl,train
33386.pkl,train
3115.pkl,train
21172.pkl,train
11942.pkl,train
48368.pkl,train
11465.pkl,train
38770.pkl,train
16997.pkl,train
17969.pkl,train
44793.pkl,train
29780.pkl,train
2482.pkl,train
42284.pkl,train
1001.pkl,train
5073.pkl,train
20527.pkl,train
28630.pkl,train
8991.pkl,train
37144.pkl,train
54926.pkl,train
55012.pkl,train
35521.pkl,train
17988.pkl,train
30655.pkl,train
38414.pkl,train
51735.pkl,train
51801.pkl,train
38900.pkl,train
14146.pkl,train
54877.pkl,train
26130.pkl,train
49769.pkl,train
44767.pkl,train
19454.pkl,train
50335.pkl,train
52901.pkl,train
40208.pkl,train
16309.pkl,train
25465.pkl,train
20292.pkl,train
37445.pkl,train
2659.pkl,train
46139.pkl,train
8798.pkl,train
20804.pkl,train
49817.pkl,train
39490.pkl,train
38662.pkl,train
9579.pkl,train
10390.pkl,train
47046.pkl,train
9659.pkl,train
45955.pkl,train
31866.pkl,train
27884.pkl,train
33802.pkl,train
10666.pkl,train
23936.pkl,train
19390.pkl,train
32950.pkl,train
54956.pkl,train
28528.pkl,train
41939.pkl,train
36410.pkl,train
48042.pkl,train
52477.pkl,train
40623.pkl,train
35157.pkl,train
6659.pkl,train
17007.pkl,train
5684.pkl,train
20895.pkl,train
5507.pkl,train
35137.pkl,train
25686.pkl,train
50570.pkl,train
56021.pkl,train
38960.pkl,train
27374.pkl,train
12997.pkl,train
32309.pkl,train
22073.pkl,train
42563.pkl,train
4389.pkl,train
9290.pkl,train
4049.pkl,train
12722.pkl,train
13762.pkl,train
45320.pkl,train
42506.pkl,train
14981.pkl,train
49840.pkl,train
49235.pkl,train
5477.pkl,train
51388.pkl,train
42020.pkl,train
22915.pkl,train
12824.pkl,train
8807.pkl,train
28566.pkl,train
26407.pkl,train
34784.pkl,train
2582.pkl,train
33303.pkl,train
37753.pkl,train
2235.pkl,train
45482.pkl,train
2002.pkl,train
40439.pkl,train
11318.pkl,train
50939.pkl,train
6056.pkl,train
2652.pkl,train
36898.pkl,train
31389.pkl,train
13868.pkl,train
10857.pkl,train
22405.pkl,train
13089.pkl,train
25404.pkl,train
31897.pkl,train
49665.pkl,train
338.pkl,train
13058.pkl,train
55853.pkl,train
34243.pkl,train
49745.pkl,train
45606.pkl,train
54833.pkl,train
5086.pkl,train
47431.pkl,train
53312.pkl,train
9042.pkl,train
39075.pkl,train
43236.pkl,train
30084.pkl,train
48614.pkl,train
47238.pkl,train
30745.pkl,train
21401.pkl,train
32078.pkl,train
22810.pkl,train
16329.pkl,train
50278.pkl,train
23090.pkl,train
5140.pkl,train
11830.pkl,train
44497.pkl,train
44872.pkl,train
731.pkl,train
55798.pkl,train
44136.pkl,train
44019.pkl,train
51332.pkl,train
23062.pkl,train
13920.pkl,train
45627.pkl,train
36255.pkl,train
33517.pkl,train
32654.pkl,train
40836.pkl,train
5146.pkl,train
12130.pkl,train
24473.pkl,train
40811.pkl,train
474.pkl,train
38928.pkl,train
48046.pkl,train
45019.pkl,train
21499.pkl,train
4746.pkl,train
4959.pkl,train
13655.pkl,train
48195.pkl,train
55741.pkl,train
17286.pkl,train
38897.pkl,train
49164.pkl,train
39958.pkl,train
53669.pkl,train
44107.pkl,train
40867.pkl,train
54323.pkl,train
2949.pkl,train
36546.pkl,train
33357.pkl,train
52667.pkl,train
35950.pkl,train
9470.pkl,train
38175.pkl,train
15127.pkl,train
5464.pkl,train
32520.pkl,train
39867.pkl,train
4811.pkl,train
35218.pkl,train
11484.pkl,train
46253.pkl,train
16634.pkl,train
28508.pkl,train
22164.pkl,train
41176.pkl,train
16224.pkl,train
17913.pkl,train
55550.pkl,train
19308.pkl,train
26108.pkl,train
37312.pkl,train
9447.pkl,train
27154.pkl,train
34758.pkl,train
18708.pkl,train
20718.pkl,train
18302.pkl,train
42595.pkl,train
19099.pkl,train
22080.pkl,train
15178.pkl,train
24502.pkl,train
29099.pkl,train
15889.pkl,train
50311.pkl,train
56733.pkl,train
5164.pkl,train
34028.pkl,train
53427.pkl,train
19799.pkl,train
3838.pkl,train
56318.pkl,train
44943.pkl,train
34748.pkl,train
46760.pkl,train
45535.pkl,train
44205.pkl,train
29499.pkl,train
56821.pkl,train
20774.pkl,train
15739.pkl,train
49806.pkl,train
30717.pkl,train
50849.pkl,train
38911.pkl,train
41127.pkl,train
50641.pkl,train
46879.pkl,train
40049.pkl,train
29498.pkl,train
6869.pkl,train
6508.pkl,train
12562.pkl,train
31317.pkl,train
20515.pkl,train
37751.pkl,train
45033.pkl,train
25452.pkl,train
20368.pkl,train
25198.pkl,train
53334.pkl,train
38885.pkl,train
24126.pkl,train
4338.pkl,train
35523.pkl,train
48157.pkl,train
22989.pkl,train
47495.pkl,train
6231.pkl,train
4662.pkl,train
15848.pkl,train
16761.pkl,train
16523.pkl,train
21109.pkl,train
53041.pkl,train
46095.pkl,train
31733.pkl,train
20127.pkl,train
14940.pkl,train
50022.pkl,train
39225.pkl,train
34648.pkl,train
40755.pkl,train
25704.pkl,train
15853.pkl,train
56110.pkl,train
14156.pkl,train
16380.pkl,train
10377.pkl,train
24362.pkl,train
47759.pkl,train
25592.pkl,train
11886.pkl,train
27120.pkl,train
50993.pkl,train
37150.pkl,train
5205.pkl,train
32619.pkl,train
3157.pkl,train
39656.pkl,train
49147.pkl,train
49790.pkl,train
48577.pkl,train
40255.pkl,train
34506.pkl,train
24167.pkl,train
52933.pkl,train
5784.pkl,train
53872.pkl,train
25626.pkl,train
1516.pkl,train
39057.pkl,train
18277.pkl,train
22098.pkl,train
52449.pkl,train
1634.pkl,train
31703.pkl,train
34211.pkl,train
48701.pkl,train
5810.pkl,train
15096.pkl,train
42715.pkl,train
35211.pkl,train
53046.pkl,train
50537.pkl,train
22561.pkl,train
20630.pkl,train
34093.pkl,train
22636.pkl,train
52195.pkl,train
22539.pkl,train
48279.pkl,train
23847.pkl,train
14422.pkl,train
29691.pkl,train
26837.pkl,train
18468.pkl,train
5669.pkl,train
34533.pkl,train
50097.pkl,train
32969.pkl,train
7176.pkl,train
50543.pkl,train
45789.pkl,train
26961.pkl,train
14622.pkl,train
24509.pkl,train
14428.pkl,train
2646.pkl,train
34539.pkl,train
52185.pkl,train
37378.pkl,train
43443.pkl,train
43813.pkl,train
26775.pkl,train
42000.pkl,train
28496.pkl,train
55809.pkl,train
24684.pkl,train
10251.pkl,train
18797.pkl,train
9732.pkl,train
39329.pkl,train
35052.pkl,train
23310.pkl,train
26080.pkl,train
28059.pkl,train
1499.pkl,train
50794.pkl,train
8827.pkl,train
50861.pkl,train
41288.pkl,train
24972.pkl,train
27463.pkl,train
49344.pkl,train
53304.pkl,train
44916.pkl,train
56418.pkl,train
50920.pkl,train
11212.pkl,train
17265.pkl,train
41609.pkl,train
56708.pkl,train
39791.pkl,train
52989.pkl,train
7352.pkl,train
52301.pkl,train
44968.pkl,train
18542.pkl,train
5873.pkl,train
45189.pkl,train
32951.pkl,train
10024.pkl,train
30596.pkl,train
25691.pkl,train
955.pkl,train
10089.pkl,train
31628.pkl,train
52510.pkl,train
10935.pkl,train
39184.pkl,train
15608.pkl,train
53757.pkl,train
30906.pkl,train
29182.pkl,train
49280.pkl,train
34767.pkl,train
1626.pkl,train
23001.pkl,train
15887.pkl,train
28749.pkl,train
11864.pkl,train
37754.pkl,train
56606.pkl,train
18917.pkl,train
13889.pkl,train
13116.pkl,train
45445.pkl,train
15211.pkl,train
20327.pkl,train
5780.pkl,train
45582.pkl,train
21202.pkl,train
21128.pkl,train
23057.pkl,train
52203.pkl,train
27555.pkl,train
35913.pkl,train
45817.pkl,train
42829.pkl,train
34685.pkl,train
34154.pkl,train
5741.pkl,train
4655.pkl,train
22187.pkl,train
25521.pkl,train
47376.pkl,train
3418.pkl,train
51830.pkl,train
28464.pkl,train
30127.pkl,train
28747.pkl,train
17973.pkl,train
4942.pkl,train
20943.pkl,train
50126.pkl,train
55153.pkl,train
9601.pkl,train
47192.pkl,train
739.pkl,train
51945.pkl,train
25380.pkl,train
51006.pkl,train
4010.pkl,train
6346.pkl,train
10944.pkl,train
39646.pkl,train
36062.pkl,train
24440.pkl,train
6069.pkl,train
11391.pkl,train
47893.pkl,train
8140.pkl,train
9956.pkl,train
29319.pkl,train
3447.pkl,train
49683.pkl,train
28045.pkl,train
47831.pkl,train
14678.pkl,train
25032.pkl,train
45942.pkl,train
22791.pkl,train
9554.pkl,train
56031.pkl,train
43808.pkl,train
6951.pkl,train
22693.pkl,train
56687.pkl,train
52916.pkl,train
54139.pkl,train
29925.pkl,train
40454.pkl,train
47646.pkl,train
28444.pkl,train
38792.pkl,train
15551.pkl,train
25125.pkl,train
20802.pkl,train
30573.pkl,train
42728.pkl,train
53288.pkl,train
46551.pkl,train
37307.pkl,train
30064.pkl,train
49513.pkl,train
29469.pkl,train
55229.pkl,train
21222.pkl,train
34172.pkl,train
29602.pkl,train
47945.pkl,train
52468.pkl,train
5502.pkl,train
18143.pkl,train
15597.pkl,train
684.pkl,train
48676.pkl,train
45897.pkl,train
21363.pkl,train
53285.pkl,train
8550.pkl,train
421.pkl,train
14070.pkl,train
29051.pkl,train
690.pkl,train
20905.pkl,train
44482.pkl,train
10841.pkl,train
5772.pkl,train
19108.pkl,train
21088.pkl,train
47456.pkl,train
10960.pkl,train
47961.pkl,train
28839.pkl,train
20192.pkl,train
49651.pkl,train
17011.pkl,train
47410.pkl,train
6534.pkl,train
35361.pkl,train
8355.pkl,train
30230.pkl,train
55151.pkl,train
19608.pkl,train
41270.pkl,train
8308.pkl,train
9577.pkl,train
19275.pkl,train
20625.pkl,train
22833.pkl,train
7476.pkl,train
45679.pkl,train
56767.pkl,train
11738.pkl,train
28790.pkl,train
12550.pkl,train
46525.pkl,train
12256.pkl,train
7617.pkl,train
41771.pkl,train
789.pkl,train
7506.pkl,train
11530.pkl,train
470.pkl,train
52958.pkl,train
19505.pkl,train
51241.pkl,train
11491.pkl,train
1218.pkl,train
26439.pkl,train
34818.pkl,train
18263.pkl,train
41157.pkl,train
23970.pkl,train
18376.pkl,train
19975.pkl,train
25833.pkl,train
7182.pkl,train
40428.pkl,train
16674.pkl,train
55008.pkl,train
47744.pkl,train
27607.pkl,train
53706.pkl,train
51977.pkl,train
26938.pkl,train
29617.pkl,train
39654.pkl,train
53412.pkl,train
45809.pkl,train
38486.pkl,train
13500.pkl,train
54215.pkl,train
18066.pkl,train
47892.pkl,train
36682.pkl,train
50628.pkl,train
18691.pkl,train
30562.pkl,train
45205.pkl,train
47180.pkl,train
37085.pkl,train
27623.pkl,train
40950.pkl,train
19649.pkl,train
36513.pkl,train
29634.pkl,train
38545.pkl,train
23579.pkl,train
29237.pkl,train
16242.pkl,train
43783.pkl,train
26126.pkl,train
27003.pkl,train
55453.pkl,train
48425.pkl,train
15687.pkl,train
1127.pkl,train
7213.pkl,train
20406.pkl,train
1168.pkl,train
34759.pkl,train
34180.pkl,train
41550.pkl,train
30369.pkl,train
12955.pkl,train
10833.pkl,train
42183.pkl,train
18869.pkl,train
54230.pkl,train
19543.pkl,train
25628.pkl,train
38918.pkl,train
809.pkl,train
20923.pkl,train
40033.pkl,train
26957.pkl,train
33875.pkl,train
50574.pkl,train
5840.pkl,train
35974.pkl,train
17721.pkl,train
6997.pkl,train
37650.pkl,train
46085.pkl,train
47453.pkl,train
31936.pkl,train
45668.pkl,train
53313.pkl,train
26795.pkl,train
16982.pkl,train
55063.pkl,train
6487.pkl,train
31443.pkl,train
19873.pkl,train
9941.pkl,train
6383.pkl,train
54929.pkl,train
12357.pkl,train
18178.pkl,train
46701.pkl,train
45404.pkl,train
8645.pkl,train
20206.pkl,train
19793.pkl,train
32071.pkl,train
56774.pkl,train
3222.pkl,train
6691.pkl,train
22706.pkl,train
14366.pkl,train
54548.pkl,train
16656.pkl,train
49565.pkl,train
25395.pkl,train
12167.pkl,train
21308.pkl,train
24847.pkl,train
41962.pkl,train
47586.pkl,train
2469.pkl,train
6638.pkl,train
13573.pkl,train
9930.pkl,train
49350.pkl,train
42116.pkl,train
18009.pkl,train
22086.pkl,train
12868.pkl,train
10045.pkl,train
9367.pkl,train
49167.pkl,train
3257.pkl,train
55359.pkl,train
8948.pkl,train
27393.pkl,train
17021.pkl,train
45692.pkl,train
50098.pkl,train
19954.pkl,train
42190.pkl,train
21129.pkl,train
25755.pkl,train
2475.pkl,train
52530.pkl,train
13419.pkl,train
47033.pkl,train
4802.pkl,train
28370.pkl,train
25324.pkl,train
20953.pkl,train
8975.pkl,train
50168.pkl,train
20964.pkl,train
20874.pkl,train
23945.pkl,train
2415.pkl,train
13211.pkl,train
48939.pkl,train
1741.pkl,train
13650.pkl,train
52107.pkl,train
47425.pkl,train
5849.pkl,train
38255.pkl,train
27190.pkl,train
1618.pkl,train
21688.pkl,train
14814.pkl,train
44797.pkl,train
35632.pkl,train
15929.pkl,train
11871.pkl,train
36990.pkl,train
56859.pkl,train
36334.pkl,train
2179.pkl,train
1245.pkl,train
51753.pkl,train
45585.pkl,train
27888.pkl,train
43238.pkl,train
22893.pkl,train
9251.pkl,train
6019.pkl,train
39016.pkl,train
56791.pkl,train
7469.pkl,train
18393.pkl,train
46053.pkl,train
7139.pkl,train
20996.pkl,train
37596.pkl,train
36429.pkl,train
3614.pkl,train
53487.pkl,train
24180.pkl,train
56206.pkl,train
39082.pkl,train
56502.pkl,train
8888.pkl,train
41067.pkl,train
26015.pkl,train
48050.pkl,train
53324.pkl,train
16416.pkl,train
37902.pkl,train
34706.pkl,train
1407.pkl,train
24888.pkl,train
29980.pkl,train
10727.pkl,train
2250.pkl,train
981.pkl,train
54375.pkl,train
35107.pkl,train
34102.pkl,train
39830.pkl,train
26595.pkl,train
37638.pkl,train
16765.pkl,train
22125.pkl,train
21735.pkl,train
31224.pkl,train
25714.pkl,train
12634.pkl,train
15924.pkl,train
55110.pkl,train
4880.pkl,train
9951.pkl,train
56779.pkl,train
41838.pkl,train
3213.pkl,train
38080.pkl,train
18426.pkl,train
20035.pkl,train
29944.pkl,train
37536.pkl,train
25012.pkl,train
47187.pkl,train
46340.pkl,train
45704.pkl,train
50900.pkl,train
21949.pkl,train
44028.pkl,train
45874.pkl,train
24460.pkl,train
27172.pkl,train
2421.pkl,train
27756.pkl,train
23592.pkl,train
29257.pkl,train
49478.pkl,train
21423.pkl,train
50694.pkl,train
32324.pkl,train
3402.pkl,train
28993.pkl,train
11693.pkl,train
8819.pkl,train
6897.pkl,train
24685.pkl,train
49626.pkl,train
120.pkl,train
9667.pkl,train
44832.pkl,train
36815.pkl,train
8919.pkl,train
22265.pkl,train
25560.pkl,train
14746.pkl,train
8030.pkl,train
6312.pkl,train
8347.pkl,train
25333.pkl,train
53077.pkl,train
11677.pkl,train
51981.pkl,train
23873.pkl,train
36707.pkl,train
32549.pkl,train
38094.pkl,train
54500.pkl,train
35033.pkl,train
46305.pkl,train
10739.pkl,train
54632.pkl,train
43816.pkl,train
53157.pkl,train
41406.pkl,train
42233.pkl,train
36757.pkl,train
24242.pkl,train
31624.pkl,train
38214.pkl,train
52199.pkl,train
39013.pkl,train
48383.pkl,train
26952.pkl,train
39273.pkl,train
9062.pkl,train
25139.pkl,train
31712.pkl,train
46952.pkl,train
25226.pkl,train
52766.pkl,train
17203.pkl,train
51679.pkl,train
51382.pkl,train
26717.pkl,train
10007.pkl,train
54825.pkl,train
28978.pkl,train
33701.pkl,train
49495.pkl,train
24839.pkl,train
11515.pkl,train
45714.pkl,train
53590.pkl,train
51336.pkl,train
19853.pkl,train
39107.pkl,train
34189.pkl,train
10270.pkl,train
37756.pkl,train
3701.pkl,train
53696.pkl,train
18373.pkl,train
38760.pkl,train
17838.pkl,train
5250.pkl,train
35876.pkl,train
45730.pkl,train
1719.pkl,train
4008.pkl,train
4874.pkl,train
30848.pkl,train
38128.pkl,train
3383.pkl,train
21021.pkl,train
44621.pkl,train
6297.pkl,train
51385.pkl,train
11798.pkl,train
41872.pkl,train
34373.pkl,train
6364.pkl,train
56990.pkl,train
34498.pkl,train
26472.pkl,train
17787.pkl,train
31012.pkl,train
25117.pkl,train
5342.pkl,train
20597.pkl,train
43318.pkl,train
48914.pkl,train
41287.pkl,train
29882.pkl,train
45756.pkl,train
26813.pkl,train
36100.pkl,train
29138.pkl,train
25679.pkl,train
40437.pkl,train
5818.pkl,train
35807.pkl,train
48417.pkl,train
31181.pkl,train
5569.pkl,train
50185.pkl,train
22312.pkl,train
45988.pkl,train
3306.pkl,train
51413.pkl,train
54353.pkl,train
18316.pkl,train
41492.pkl,train
11284.pkl,train
28198.pkl,train
41973.pkl,train
34287.pkl,train
27342.pkl,train
16482.pkl,train
30528.pkl,train
7753.pkl,train
15166.pkl,train
11420.pkl,train
15163.pkl,train
50270.pkl,train
52517.pkl,train
43472.pkl,train
53834.pkl,train
14630.pkl,train
37406.pkl,train
22488.pkl,train
49438.pkl,train
20506.pkl,train
17716.pkl,train
51019.pkl,train
53231.pkl,train
44633.pkl,train
19725.pkl,train
10229.pkl,train
26513.pkl,train
1978.pkl,train
7797.pkl,train
30767.pkl,train
2202.pkl,train
29878.pkl,train
56707.pkl,train
20569.pkl,train
24251.pkl,train
51444.pkl,train
49788.pkl,train
19451.pkl,train
21928.pkl,train
7345.pkl,train
2985.pkl,train
39708.pkl,train
22132.pkl,train
30825.pkl,train
55895.pkl,train
45046.pkl,train
7588.pkl,train
39410.pkl,train
34096.pkl,train
44882.pkl,train
29907.pkl,train
29800.pkl,train
52997.pkl,train
18514.pkl,train
45057.pkl,train
17633.pkl,train
53332.pkl,train
45405.pkl,train
38883.pkl,train
39570.pkl,train
41436.pkl,train
11470.pkl,train
15795.pkl,train
3160.pkl,train
45360.pkl,train
25234.pkl,train
40142.pkl,train
3655.pkl,train
15756.pkl,train
13127.pkl,train
35965.pkl,train
14125.pkl,train
32550.pkl,train
26221.pkl,train
48462.pkl,train
25551.pkl,train
42750.pkl,train
10742.pkl,train
24071.pkl,train
33255.pkl,train
27569.pkl,train
19611.pkl,train
25014.pkl,train
10799.pkl,train
31868.pkl,train
2029.pkl,train
21959.pkl,train
26395.pkl,train
36451.pkl,train
52796.pkl,train
5702.pkl,train
1498.pkl,train
29772.pkl,train
27794.pkl,train
45819.pkl,train
10210.pkl,train
51632.pkl,train
28261.pkl,train
11147.pkl,train
17397.pkl,train
13458.pkl,train
44879.pkl,train
46097.pkl,train
14413.pkl,train
8082.pkl,train
48223.pkl,train
47078.pkl,train
1596.pkl,train
36101.pkl,train
54805.pkl,train
27417.pkl,train
1591.pkl,train
21995.pkl,train
12143.pkl,train
31306.pkl,train
858.pkl,train
31436.pkl,train
34204.pkl,train
38761.pkl,train
49684.pkl,train
39048.pkl,train
21663.pkl,train
28320.pkl,train
54945.pkl,train
44648.pkl,train
49198.pkl,train
24312.pkl,train
49466.pkl,train
41038.pkl,train
22181.pkl,train
11954.pkl,train
46345.pkl,train
24884.pkl,train
24733.pkl,train
30877.pkl,train
306.pkl,train
16211.pkl,train
20296.pkl,train
22444.pkl,train
55493.pkl,train
37427.pkl,train
31869.pkl,train
36620.pkl,train
19835.pkl,train
25836.pkl,train
19824.pkl,train
15773.pkl,train
24147.pkl,train
35202.pkl,train
20086.pkl,train
41413.pkl,train
50172.pkl,train
43279.pkl,train
16663.pkl,train
25700.pkl,train
22974.pkl,train
51138.pkl,train
55916.pkl,train
52310.pkl,train
27142.pkl,train
32384.pkl,train
28473.pkl,train
1881.pkl,train
7325.pkl,train
38180.pkl,train
43342.pkl,train
16611.pkl,train
8277.pkl,train
54588.pkl,train
11143.pkl,train
32007.pkl,train
9071.pkl,train
55411.pkl,train
51256.pkl,train
286.pkl,train
32280.pkl,train
11421.pkl,train
16731.pkl,train
40952.pkl,train
34468.pkl,train
16091.pkl,train
41254.pkl,train
22864.pkl,train
6190.pkl,train
49857.pkl,train
1480.pkl,train
38687.pkl,train
15697.pkl,train
32634.pkl,train
6924.pkl,train
22300.pkl,train
23800.pkl,train
19526.pkl,train
48331.pkl,train
26031.pkl,train
49572.pkl,train
52670.pkl,train
8273.pkl,train
9821.pkl,train
20291.pkl,train
24128.pkl,train
56716.pkl,train
2272.pkl,train
32027.pkl,train
36900.pkl,train
39632.pkl,train
730.pkl,train
49214.pkl,train
3832.pkl,train
48125.pkl,train
41339.pkl,train
20217.pkl,train
7967.pkl,train
11255.pkl,train
17684.pkl,train
24047.pkl,train
1716.pkl,train
3062.pkl,train
30634.pkl,train
45619.pkl,train
38398.pkl,train
43168.pkl,train
48898.pkl,train
3049.pkl,train
25126.pkl,train
7447.pkl,train
31134.pkl,train
32559.pkl,train
47173.pkl,train
30176.pkl,train
1594.pkl,train
50571.pkl,train
45366.pkl,train
23240.pkl,train
20137.pkl,train
11998.pkl,train
42916.pkl,train
17002.pkl,train
25065.pkl,train
37904.pkl,train
17165.pkl,train
12999.pkl,train
46557.pkl,train
51368.pkl,train
51631.pkl,train
7634.pkl,train
29463.pkl,train
3462.pkl,train
54361.pkl,train
17297.pkl,train
32779.pkl,train
42584.pkl,train
27011.pkl,train
20803.pkl,train
29569.pkl,train
38329.pkl,train
11271.pkl,train
559.pkl,train
12427.pkl,train
5048.pkl,train
20975.pkl,train
30315.pkl,train
50304.pkl,train
9350.pkl,train
1290.pkl,train
36002.pkl,train
10448.pkl,train
9169.pkl,train
16643.pkl,train
13818.pkl,train
31691.pkl,train
144.pkl,train
9844.pkl,train
27945.pkl,train
25048.pkl,train
15221.pkl,train
3913.pkl,train
30663.pkl,train
20087.pkl,train
40100.pkl,train
3808.pkl,train
14894.pkl,train
43495.pkl,train
18704.pkl,train
20654.pkl,train
9898.pkl,train
46100.pkl,train
34641.pkl,train
42803.pkl,train
703.pkl,train
36667.pkl,train
22726.pkl,train
54066.pkl,train
39115.pkl,train
50099.pkl,train
6813.pkl,train
54056.pkl,train
47121.pkl,train
44039.pkl,train
13653.pkl,train
5033.pkl,train
25006.pkl,train
1043.pkl,train
49988.pkl,train
1157.pkl,train
18506.pkl,train
12847.pkl,train
34770.pkl,train
35318.pkl,train
36467.pkl,train
5771.pkl,train
29872.pkl,train
52408.pkl,train
25636.pkl,train
47274.pkl,train
31357.pkl,train
5004.pkl,train
20194.pkl,train
8631.pkl,train
26138.pkl,train
5982.pkl,train
7537.pkl,train
36019.pkl,train
11545.pkl,train
38757.pkl,train
47415.pkl,train
47739.pkl,train
36523.pkl,train
45958.pkl,train
16552.pkl,train
31341.pkl,train
56693.pkl,train
45589.pkl,train
914.pkl,train
15187.pkl,train
45939.pkl,train
2200.pkl,train
2440.pkl,train
42058.pkl,train
48700.pkl,train
19784.pkl,train
8715.pkl,train
23820.pkl,train
19438.pkl,train
26924.pkl,train
40581.pkl,train
19005.pkl,train
12182.pkl,train
43363.pkl,train
38822.pkl,train
16248.pkl,train
31288.pkl,train
16005.pkl,train
9749.pkl,train
23360.pkl,train
16457.pkl,train
3318.pkl,train
53213.pkl,train
38249.pkl,train
8042.pkl,train
35306.pkl,train
29225.pkl,train
48653.pkl,train
7374.pkl,train
46496.pkl,train
53647.pkl,train
38903.pkl,train
23401.pkl,train
48665.pkl,train
40321.pkl,train
38373.pkl,train
25450.pkl,train
53880.pkl,train
18538.pkl,train
50600.pkl,train
37620.pkl,train
3067.pkl,train
1147.pkl,train
20237.pkl,train
34460.pkl,train
2598.pkl,train
41779.pkl,train
44790.pkl,train
15417.pkl,train
33957.pkl,train
44045.pkl,train
45861.pkl,train
35625.pkl,train
4532.pkl,train
47804.pkl,train
31643.pkl,train
29951.pkl,train
36810.pkl,train
33048.pkl,train
20716.pkl,train
17230.pkl,train
44370.pkl,train
50872.pkl,train
55903.pkl,train
44779.pkl,train
56356.pkl,train
40129.pkl,train
41999.pkl,train
33758.pkl,train
22682.pkl,train
48477.pkl,train
28085.pkl,train
5377.pkl,train
9089.pkl,train
55897.pkl,train
37994.pkl,train
17173.pkl,train
6314.pkl,train
46185.pkl,train
46157.pkl,train
26341.pkl,train
18734.pkl,train
20267.pkl,train
2115.pkl,train
36869.pkl,train
30635.pkl,train
54484.pkl,train
17309.pkl,train
11191.pkl,train
21343.pkl,train
10496.pkl,train
960.pkl,train
5476.pkl,train
8016.pkl,train
5339.pkl,train
52484.pkl,train
38615.pkl,train
40029.pkl,train
55170.pkl,train
45926.pkl,train
36996.pkl,train
50787.pkl,train
4611.pkl,train
46709.pkl,train
40076.pkl,train
32515.pkl,train
8203.pkl,train
28004.pkl,train
5125.pkl,train
15962.pkl,train
23530.pkl,train
54912.pkl,train
44305.pkl,train
22855.pkl,train
48274.pkl,train
43361.pkl,train
19727.pkl,train
25204.pkl,train
32581.pkl,train
6006.pkl,train
38873.pkl,train
5592.pkl,train
33581.pkl,train
13531.pkl,train
53745.pkl,train
54269.pkl,train
38701.pkl,train
29385.pkl,train
47818.pkl,train
52029.pkl,train
10698.pkl,train
47144.pkl,train
54584.pkl,train
12994.pkl,train
29227.pkl,train
20758.pkl,train
30660.pkl,train
50965.pkl,train
8288.pkl,train
39761.pkl,train
10545.pkl,train
54077.pkl,train
29668.pkl,train
43676.pkl,train
55194.pkl,train
28307.pkl,train
27407.pkl,train
35788.pkl,train
45074.pkl,train
52659.pkl,train
56018.pkl,train
600.pkl,train
39246.pkl,train
22642.pkl,train
28704.pkl,train
1225.pkl,train
35505.pkl,train
38657.pkl,train
1443.pkl,train
3316.pkl,train
2035.pkl,train
5130.pkl,train
20123.pkl,train
23254.pkl,train
39581.pkl,train
35688.pkl,train
21416.pkl,train
35217.pkl,train
32499.pkl,train
47071.pkl,train
15614.pkl,train
50458.pkl,train
46588.pkl,train
39163.pkl,train
25108.pkl,train
48108.pkl,train
39584.pkl,train
13410.pkl,train
30180.pkl,train
24493.pkl,train
41480.pkl,train
24135.pkl,train
54188.pkl,train
2722.pkl,train
5182.pkl,train
56312.pkl,train
32461.pkl,train
45076.pkl,train
21380.pkl,train
25835.pkl,train
42490.pkl,train
7572.pkl,train
52293.pkl,train
15432.pkl,train
27916.pkl,train
53016.pkl,train
8228.pkl,train
43772.pkl,train
35444.pkl,train
4258.pkl,train
39352.pkl,train
13761.pkl,train
56089.pkl,train
17481.pkl,train
50905.pkl,train
51621.pkl,train
35408.pkl,train
40637.pkl,train
28155.pkl,train
16872.pkl,train
350.pkl,train
24892.pkl,train
27821.pkl,train
50746.pkl,train
43788.pkl,train
26203.pkl,train
32660.pkl,train
39438.pkl,train
50828.pkl,train
17018.pkl,train
3154.pkl,train
28361.pkl,train
23015.pkl,train
3550.pkl,train
41564.pkl,train
19732.pkl,train
31285.pkl,train
43881.pkl,train
39059.pkl,train
30485.pkl,train
52327.pkl,train
2493.pkl,train
8366.pkl,train
21950.pkl,train
7491.pkl,train
19589.pkl,train
24365.pkl,train
56192.pkl,train
24270.pkl,train
11875.pkl,train
22796.pkl,train
55227.pkl,train
51751.pkl,train
4147.pkl,train
7682.pkl,train
29.pkl,train
14417.pkl,train
36147.pkl,train
35349.pkl,train
17300.pkl,train
45026.pkl,train
53275.pkl,train
55976.pkl,train
17958.pkl,train
13395.pkl,train
1737.pkl,train
22362.pkl,train
40942.pkl,train
27892.pkl,train
6213.pkl,train
45811.pkl,train
23881.pkl,train
46639.pkl,train
4317.pkl,train
28810.pkl,train
23862.pkl,train
3887.pkl,train
46411.pkl,train
37283.pkl,train
28906.pkl,train
25140.pkl,train
15460.pkl,train
55865.pkl,train
41580.pkl,train
36367.pkl,train
36388.pkl,train
50135.pkl,train
15171.pkl,train
24604.pkl,train
14518.pkl,train
40011.pkl,train
40539.pkl,train
40221.pkl,train
24532.pkl,train
41965.pkl,train
14071.pkl,train
49588.pkl,train
11831.pkl,train
20458.pkl,train
43581.pkl,train
47167.pkl,train
8812.pkl,train
32119.pkl,train
2697.pkl,train
1649.pkl,train
43603.pkl,train
30021.pkl,train
3599.pkl,train
43012.pkl,train
27533.pkl,train
33494.pkl,train
20801.pkl,train
14719.pkl,train
44095.pkl,train
7475.pkl,train
27490.pkl,train
34479.pkl,train
11734.pkl,train
13917.pkl,train
5446.pkl,train
1752.pkl,train
122.pkl,train
2684.pkl,train
3975.pkl,train
18841.pkl,train
624.pkl,train
8551.pkl,train
17991.pkl,train
21395.pkl,train
36645.pkl,train
31477.pkl,train
5472.pkl,train
43880.pkl,train
43202.pkl,train
39892.pkl,train
9794.pkl,train
21622.pkl,train
43616.pkl,train
26220.pkl,train
40179.pkl,train
25540.pkl,train
56461.pkl,train
32444.pkl,train
20209.pkl,train
50678.pkl,train
48220.pkl,train
6131.pkl,train
16916.pkl,train
28938.pkl,train
24887.pkl,train
5039.pkl,train
13940.pkl,train
23961.pkl,train
22906.pkl,train
51935.pkl,train
1338.pkl,train
30484.pkl,train
37255.pkl,train
17216.pkl,train
11384.pkl,train
44975.pkl,train
47524.pkl,train
27675.pkl,train
19402.pkl,train
56079.pkl,train
43437.pkl,train
32298.pkl,train
25529.pkl,train
51110.pkl,train
56559.pkl,train
32160.pkl,train
13504.pkl,train
35269.pkl,train
12137.pkl,train
47497.pkl,train
1584.pkl,train
45876.pkl,train
52576.pkl,train
13223.pkl,train
56012.pkl,train
3955.pkl,train
35834.pkl,train
15019.pkl,train
42422.pkl,train
44317.pkl,train
20479.pkl,train
2095.pkl,train
13072.pkl,train
56994.pkl,train
12620.pkl,train
32987.pkl,train
5869.pkl,train
2147.pkl,train
4006.pkl,train
36969.pkl,train
17925.pkl,train
26953.pkl,train
53174.pkl,train
27685.pkl,train
44406.pkl,train
218.pkl,train
7086.pkl,train
40972.pkl,train
38284.pkl,train
18670.pkl,train
36712.pkl,train
34681.pkl,train
6173.pkl,train
52289.pkl,train
12008.pkl,train
39142.pkl,train
46674.pkl,train
20694.pkl,train
43981.pkl,train
44128.pkl,train
33144.pkl,train
46994.pkl,train
32062.pkl,train
51904.pkl,train
25939.pkl,train
32974.pkl,train
42852.pkl,train
46513.pkl,train
6926.pkl,train
16510.pkl,train
53333.pkl,train
11152.pkl,train
43478.pkl,train
28266.pkl,train
29900.pkl,train
52699.pkl,train
17944.pkl,train
5370.pkl,train
45278.pkl,train
31514.pkl,train
51618.pkl,train
35398.pkl,train
50576.pkl,train
26079.pkl,train
46870.pkl,train
48144.pkl,train
19190.pkl,train
34981.pkl,train
17435.pkl,train
47683.pkl,train
27388.pkl,train
6318.pkl,train
31822.pkl,train
3526.pkl,train
19395.pkl,train
30071.pkl,train
22817.pkl,train
12400.pkl,train
13676.pkl,train
53490.pkl,train
12667.pkl,train
11055.pkl,train
41574.pkl,train
27556.pkl,train
42138.pkl,train
8225.pkl,train
55967.pkl,train
41980.pkl,train
32590.pkl,train
10515.pkl,train
12970.pkl,train
53208.pkl,train
20233.pkl,train
3512.pkl,train
38837.pkl,train
3444.pkl,train
31135.pkl,train
46800.pkl,train
48132.pkl,train
29046.pkl,train
38646.pkl,train
37534.pkl,train
2757.pkl,train
51629.pkl,train
17949.pkl,train
23566.pkl,train
25145.pkl,train
29002.pkl,train
53853.pkl,train
22655.pkl,train
36934.pkl,train
5707.pkl,train
37762.pkl,train
21360.pkl,train
38036.pkl,train
29880.pkl,train
40431.pkl,train
42080.pkl,train
34761.pkl,train
19870.pkl,train
40592.pkl,train
47016.pkl,train
41867.pkl,train
17724.pkl,train
652.pkl,train
51325.pkl,train
7934.pkl,train
10562.pkl,train
32031.pkl,train
42804.pkl,train
37578.pkl,train
49386.pkl,train
8862.pkl,train
18378.pkl,train
43551.pkl,train
26725.pkl,train
34419.pkl,train
13856.pkl,train
10571.pkl,train
52309.pkl,train
12493.pkl,train
34995.pkl,train
32949.pkl,train
44012.pkl,train
540.pkl,train
37134.pkl,train
38147.pkl,train
21175.pkl,train
56732.pkl,train
47952.pkl,train
29478.pkl,train
51703.pkl,train
53335.pkl,train
47552.pkl,train
13625.pkl,train
31404.pkl,train
23443.pkl,train
31852.pkl,train
29219.pkl,train
6944.pkl,train
13950.pkl,train
9401.pkl,train
7831.pkl,train
36748.pkl,train
37908.pkl,train
30768.pkl,train
32410.pkl,train
11889.pkl,train
39042.pkl,train
22978.pkl,train
45088.pkl,train
43855.pkl,train
40407.pkl,train
54972.pkl,train
37532.pkl,train
13604.pkl,train
33610.pkl,train
20409.pkl,train
45089.pkl,train
10931.pkl,train
18698.pkl,train
47196.pkl,train
17978.pkl,train
10066.pkl,train
55758.pkl,train
38059.pkl,train
48404.pkl,train
46022.pkl,train
11173.pkl,train
11329.pkl,train
3738.pkl,train
15057.pkl,train
24784.pkl,train
23303.pkl,train
40172.pkl,train
18337.pkl,train
46844.pkl,train
54110.pkl,train
5798.pkl,train
18852.pkl,train
47581.pkl,train
28668.pkl,train
3817.pkl,train
5268.pkl,train
12510.pkl,train
11236.pkl,train
38563.pkl,train
18997.pkl,train
47424.pkl,train
18150.pkl,train
42621.pkl,train
3552.pkl,train
44725.pkl,train
44656.pkl,train
14497.pkl,train
43770.pkl,train
31186.pkl,train
3130.pkl,train
49489.pkl,train
21617.pkl,train
25189.pkl,train
15103.pkl,train
37246.pkl,train
13595.pkl,train
50263.pkl,train
31302.pkl,train
38266.pkl,train
36963.pkl,train
5578.pkl,train
52217.pkl,train
20009.pkl,train
25292.pkl,train
30475.pkl,train
16185.pkl,train
12596.pkl,train
23816.pkl,train
22115.pkl,train
40659.pkl,train
15890.pkl,train
44999.pkl,train
44536.pkl,train
8697.pkl,train
24236.pkl,train
34413.pkl,train
32382.pkl,train
5845.pkl,train
32220.pkl,train
4545.pkl,train
46815.pkl,train
36925.pkl,train
44719.pkl,train
21473.pkl,train
48289.pkl,train
13446.pkl,train
22278.pkl,train
34827.pkl,train
39319.pkl,train
33927.pkl,train
28530.pkl,train
40386.pkl,train
16220.pkl,train
8254.pkl,train
34158.pkl,train
35382.pkl,train
41458.pkl,train
25233.pkl,train
43483.pkl,train
12062.pkl,train
2724.pkl,train
56109.pkl,train
20653.pkl,train
15270.pkl,train
47699.pkl,train
22315.pkl,train
7598.pkl,train
45173.pkl,train
43986.pkl,train
3485.pkl,train
34907.pkl,train
35815.pkl,train
17664.pkl,train
30010.pkl,train
55102.pkl,train
56390.pkl,train
14589.pkl,train
24356.pkl,train
54797.pkl,train
28429.pkl,train
7966.pkl,train
55216.pkl,train
3601.pkl,train
51939.pkl,train
55794.pkl,train
33853.pkl,train
32977.pkl,train
35908.pkl,train
16424.pkl,train
17956.pkl,train
43388.pkl,train
1342.pkl,train
5938.pkl,train
19965.pkl,train
22205.pkl,train
14582.pkl,train
15037.pkl,train
2611.pkl,train
47639.pkl,train
30659.pkl,train
8732.pkl,train
9439.pkl,train
11259.pkl,train
55024.pkl,train
4553.pkl,train
30221.pkl,train
7416.pkl,train
23490.pkl,train
21648.pkl,train
4375.pkl,train
15197.pkl,train
27677.pkl,train
34085.pkl,train
31645.pkl,train
39872.pkl,train
53438.pkl,train
40257.pkl,train
49448.pkl,train
12498.pkl,train
19766.pkl,train
35226.pkl,train
31168.pkl,train
31529.pkl,train
18511.pkl,train
15877.pkl,train
15842.pkl,train
9553.pkl,train
9978.pkl,train
26106.pkl,train
11642.pkl,train
8995.pkl,train
17804.pkl,train
49113.pkl,train
19404.pkl,train
12437.pkl,train
27004.pkl,train
56873.pkl,train
41963.pkl,train
44273.pkl,train
36139.pkl,train
53627.pkl,train
51186.pkl,train
31803.pkl,train
8820.pkl,train
6889.pkl,train
56286.pkl,train
2885.pkl,train
45642.pkl,train
41923.pkl,train
23778.pkl,train
32269.pkl,train
19116.pkl,train
9458.pkl,train
43903.pkl,train
39714.pkl,train
29096.pkl,train
31875.pkl,train
52442.pkl,train
21548.pkl,train
12444.pkl,train
54617.pkl,train
44110.pkl,train
33166.pkl,train
56197.pkl,train
50682.pkl,train
24145.pkl,train
38750.pkl,train
50218.pkl,train
6684.pkl,train
9685.pkl,train
40742.pkl,train
11241.pkl,train
54625.pkl,train
14323.pkl,train
4829.pkl,train
54213.pkl,train
38261.pkl,train
19374.pkl,train
24958.pkl,train
1984.pkl,train
22809.pkl,train
50131.pkl,train
42467.pkl,train
30579.pkl,train
38680.pkl,train
42343.pkl,train
51350.pkl,train
55729.pkl,train
10323.pkl,train
38623.pkl,train
7621.pkl,train
51053.pkl,train
52944.pkl,train
48507.pkl,train
54485.pkl,train
24854.pkl,train
56346.pkl,train
18934.pkl,train
681.pkl,train
37296.pkl,train
8150.pkl,train
41895.pkl,train
22019.pkl,train
29229.pkl,train
48966.pkl,train
25906.pkl,train
21798.pkl,train
50370.pkl,train
52052.pkl,train
39877.pkl,train
35333.pkl,train
35086.pkl,train
51888.pkl,train
51712.pkl,train
41010.pkl,train
21639.pkl,train
42133.pkl,train
52404.pkl,train
16595.pkl,train
28552.pkl,train
33540.pkl,train
32091.pkl,train
38032.pkl,train
28277.pkl,train
37504.pkl,train
54535.pkl,train
24795.pkl,train
28399.pkl,train
56924.pkl,train
42676.pkl,train
26241.pkl,train
21085.pkl,train
46975.pkl,train
36612.pkl,train
43690.pkl,train
52164.pkl,train
5837.pkl,train
30878.pkl,train
31196.pkl,train
39000.pkl,train
7257.pkl,train
8586.pkl,train
29605.pkl,train
50683.pkl,train
5079.pkl,train
33685.pkl,train
38225.pkl,train
48373.pkl,train
37972.pkl,train
39827.pkl,train
8184.pkl,train
52233.pkl,train
41865.pkl,train
45055.pkl,train
33811.pkl,train
18874.pkl,train
29548.pkl,train
52364.pkl,train
32417.pkl,train
21498.pkl,train
26701.pkl,train
4704.pkl,train
6626.pkl,train
45695.pkl,train
2657.pkl,train
6254.pkl,train
6538.pkl,train
38086.pkl,train
45336.pkl,train
50848.pkl,train
14153.pkl,train
21812.pkl,train
8653.pkl,train
51384.pkl,train
5492.pkl,train
30503.pkl,train
52416.pkl,train
26566.pkl,train
5154.pkl,train
35981.pkl,train
44036.pkl,train
44528.pkl,train
54954.pkl,train
45397.pkl,train
3740.pkl,train
18672.pkl,train
34582.pkl,train
13188.pkl,train
55305.pkl,train
14176.pkl,train
48903.pkl,train
48194.pkl,train
55211.pkl,train
47769.pkl,train
19517.pkl,train
44115.pkl,train
541.pkl,train
8197.pkl,train
11876.pkl,train
26037.pkl,train
42402.pkl,train
17532.pkl,train
12697.pkl,train
13250.pkl,train
44780.pkl,train
24412.pkl,train
2555.pkl,train
30796.pkl,train
46389.pkl,train
12616.pkl,train
4027.pkl,train
17778.pkl,train
52380.pkl,train
50472.pkl,train
7371.pkl,train
50551.pkl,train
4024.pkl,train
45303.pkl,train
15987.pkl,train
33004.pkl,train
16554.pkl,train
47789.pkl,train
44927.pkl,train
46495.pkl,train
504.pkl,train
45427.pkl,train
27809.pkl,train
45879.pkl,train
33121.pkl,train
9813.pkl,train
12679.pkl,train
34029.pkl,train
8901.pkl,train
20921.pkl,train
40041.pkl,train
17488.pkl,train
31464.pkl,train
22723.pkl,train
35541.pkl,train
54473.pkl,train
50573.pkl,train
52967.pkl,train
3326.pkl,train
1786.pkl,train
49690.pkl,train
1074.pkl,train
37496.pkl,train
32711.pkl,train
52486.pkl,train
35583.pkl,train
29947.pkl,train
17970.pkl,train
36364.pkl,train
3046.pkl,train
45753.pkl,train
28825.pkl,train
36674.pkl,train
50421.pkl,train
3588.pkl,train
52002.pkl,train
48710.pkl,train
38005.pkl,train
38374.pkl,train
9635.pkl,train
25255.pkl,train
46884.pkl,train
11355.pkl,train
18026.pkl,train
34040.pkl,train
37198.pkl,train
2341.pkl,train
55541.pkl,train
55420.pkl,train
19910.pkl,train
29512.pkl,train
51305.pkl,train
54028.pkl,train
7499.pkl,train
1316.pkl,train
30204.pkl,train
5258.pkl,train
216.pkl,train
4609.pkl,train
52085.pkl,train
13900.pkl,train
46416.pkl,train
28324.pkl,train
2239.pkl,train
10760.pkl,train
5794.pkl,train
17501.pkl,train
32151.pkl,train
25445.pkl,train
43809.pkl,train
51086.pkl,train
2257.pkl,train
8424.pkl,train
45166.pkl,train
33556.pkl,train
44480.pkl,train
37073.pkl,train
19421.pkl,train
56487.pkl,train
50917.pkl,train
34913.pkl,train
52950.pkl,train
7210.pkl,train
55000.pkl,train
41789.pkl,train
45671.pkl,train
31260.pkl,train
14633.pkl,train
56100.pkl,train
11959.pkl,train
39979.pkl,train
15969.pkl,train
61.pkl,train
25784.pkl,train
24794.pkl,train
18549.pkl,train
42367.pkl,train
19719.pkl,train
34314.pkl,train
25569.pkl,train
15078.pkl,train
20112.pkl,train
55183.pkl,train
48857.pkl,train
4633.pkl,train
16734.pkl,train
22558.pkl,train
20241.pkl,train
39047.pkl,train
24777.pkl,train
40406.pkl,train
43804.pkl,train
37375.pkl,train
19026.pkl,train
19312.pkl,train
22839.pkl,train
48201.pkl,train
28381.pkl,train
41892.pkl,train
24896.pkl,train
4345.pkl,train
25677.pkl,train
8902.pkl,train
33804.pkl,train
30556.pkl,train
42725.pkl,train
487.pkl,train
37024.pkl,train
40597.pkl,train
1468.pkl,train
35529.pkl,train
15622.pkl,train
38003.pkl,train
46224.pkl,train
34613.pkl,train
44013.pkl,train
35864.pkl,train
52918.pkl,train
35512.pkl,train
7347.pkl,train
8622.pkl,train
45567.pkl,train
46149.pkl,train
49523.pkl,train
14158.pkl,train
18922.pkl,train
24156.pkl,train
49599.pkl,train
18788.pkl,train
48814.pkl,train
17366.pkl,train
5678.pkl,train
9315.pkl,train
28863.pkl,train
29137.pkl,train
8746.pkl,train
16630.pkl,train
53360.pkl,train
13099.pkl,train
414.pkl,train
25043.pkl,train
55522.pkl,train
20727.pkl,train
50382.pkl,train
25873.pkl,train
18082.pkl,train
19285.pkl,train
40046.pkl,train
52658.pkl,train
21698.pkl,train
46907.pkl,train
19228.pkl,train
18480.pkl,train
215.pkl,train
51127.pkl,train
53057.pkl,train
24447.pkl,train
15655.pkl,train
10967.pkl,train
56701.pkl,train
12983.pkl,train
22224.pkl,train
41738.pkl,train
8238.pkl,train
21188.pkl,train
23223.pkl,train
25311.pkl,train
3976.pkl,train
41048.pkl,train
44091.pkl,train
56188.pkl,train
25026.pkl,train
55785.pkl,train
7133.pkl,train
1364.pkl,train
40888.pkl,train
54310.pkl,train
32018.pkl,train
31596.pkl,train
4551.pkl,train
51954.pkl,train
30591.pkl,train
31605.pkl,train
12774.pkl,train
46842.pkl,train
33208.pkl,train
56398.pkl,train
40048.pkl,train
15257.pkl,train
18304.pkl,train
11227.pkl,train
27803.pkl,train
22324.pkl,train
38614.pkl,train
45808.pkl,train
53455.pkl,train
17453.pkl,train
9327.pkl,train
862.pkl,train
9126.pkl,train
39312.pkl,train
1745.pkl,train
51087.pkl,train
50832.pkl,train
20887.pkl,train
14086.pkl,train
3711.pkl,train
53668.pkl,train
8917.pkl,train
52506.pkl,train
33585.pkl,train
51999.pkl,train
48816.pkl,train
31780.pkl,train
33227.pkl,train
18255.pkl,train
40035.pkl,train
44262.pkl,train
32064.pkl,train
51685.pkl,train
23668.pkl,train
51994.pkl,train
3816.pkl,train
31551.pkl,train
33741.pkl,train
23197.pkl,train
50623.pkl,train
32968.pkl,train
48168.pkl,train
56981.pkl,train
21005.pkl,train
11629.pkl,train
12555.pkl,train
10552.pkl,train
41746.pkl,train
34606.pkl,train
42951.pkl,train
24162.pkl,train
38014.pkl,train
39911.pkl,train
56187.pkl,train
52988.pkl,train
2197.pkl,train
40225.pkl,train
38747.pkl,train
23244.pkl,train
55486.pkl,train
21621.pkl,train
7397.pkl,train
37132.pkl,train
6143.pkl,train
37337.pkl,train
7387.pkl,train
32046.pkl,train
44941.pkl,train
174.pkl,train
40949.pkl,train
10971.pkl,train
31926.pkl,train
51637.pkl,train
55974.pkl,train
5954.pkl,train
3632.pkl,train
49850.pkl,train
4902.pkl,train
44350.pkl,train
23911.pkl,train
52245.pkl,train
51291.pkl,train
31423.pkl,train
26691.pkl,train
48277.pkl,train
23846.pkl,train
6568.pkl,train
56017.pkl,train
30948.pkl,train
303.pkl,train
24020.pkl,train
42878.pkl,train
34847.pkl,train
9815.pkl,train
35513.pkl,train
11200.pkl,train
8933.pkl,train
36258.pkl,train
12106.pkl,train
11990.pkl,train
16605.pkl,train
5901.pkl,train
8336.pkl,train
31475.pkl,train
22714.pkl,train
44001.pkl,train
14778.pkl,train
49253.pkl,train
18920.pkl,train
28228.pkl,train
49271.pkl,train
47044.pkl,train
16641.pkl,train
49849.pkl,train
34467.pkl,train
17439.pkl,train
52772.pkl,train
6512.pkl,train
4710.pkl,train
47978.pkl,train
1836.pkl,train
4784.pkl,train
13696.pkl,train
36310.pkl,train
13913.pkl,train
4991.pkl,train
12529.pkl,train
32793.pkl,train
21654.pkl,train
1889.pkl,train
33058.pkl,train
17298.pkl,train
18109.pkl,train
8720.pkl,train
36739.pkl,train
41784.pkl,train
21740.pkl,train
49200.pkl,train
7026.pkl,train
47245.pkl,train
21484.pkl,train
45053.pkl,train
28560.pkl,train
19158.pkl,train
11540.pkl,train
51663.pkl,train
45672.pkl,train
13251.pkl,train
11217.pkl,train
15883.pkl,train
10591.pkl,train
45925.pkl,train
26723.pkl,train
18191.pkl,train
5775.pkl,train
20126.pkl,train
33120.pkl,train
10119.pkl,train
36208.pkl,train
28989.pkl,train
13369.pkl,train
2687.pkl,train
29323.pkl,train
30910.pkl,train
23625.pkl,train
36283.pkl,train
804.pkl,train
48434.pkl,train
9352.pkl,train
1056.pkl,train
48163.pkl,train
11363.pkl,train
52167.pkl,train
10120.pkl,train
1869.pkl,train
30276.pkl,train
32057.pkl,train
22286.pkl,train
50462.pkl,train
33839.pkl,train
18461.pkl,train
41214.pkl,train
23058.pkl,train
20477.pkl,train
20171.pkl,train
10074.pkl,train
14032.pkl,train
5933.pkl,train
13972.pkl,train
25649.pkl,train
13689.pkl,train
39348.pkl,train
44643.pkl,train
3054.pkl,train
48731.pkl,train
15536.pkl,train
54630.pkl,train
8011.pkl,train
24288.pkl,train
33746.pkl,train
48393.pkl,train
53588.pkl,train
28687.pkl,train
2338.pkl,train
32451.pkl,train
2950.pkl,train
25990.pkl,train
6615.pkl,train
15180.pkl,train
54163.pkl,train
26202.pkl,train
23026.pkl,train
46039.pkl,train
18358.pkl,train
34061.pkl,train
47797.pkl,train
6445.pkl,train
31516.pkl,train
853.pkl,train
2171.pkl,train
11037.pkl,train
14540.pkl,train
33400.pkl,train
26629.pkl,train
41008.pkl,train
38002.pkl,train
17586.pkl,train
48797.pkl,train
15149.pkl,train
1568.pkl,train
26656.pkl,train
53169.pkl,train
29545.pkl,train
11619.pkl,train
50001.pkl,train
15099.pkl,train
26728.pkl,train
56959.pkl,train
30693.pkl,train
35299.pkl,train
24228.pkl,train
55248.pkl,train
31016.pkl,train
56610.pkl,train
15920.pkl,train
21467.pkl,train
32303.pkl,train
40860.pkl,train
8333.pkl,train
27262.pkl,train
3634.pkl,train
49397.pkl,train
25685.pkl,train
13863.pkl,train
45617.pkl,train
18766.pkl,train
55157.pkl,train
53042.pkl,train
33722.pkl,train
24115.pkl,train
13481.pkl,train
9394.pkl,train
27402.pkl,train
39112.pkl,train
31606.pkl,train
44390.pkl,train
33187.pkl,train
22921.pkl,train
52429.pkl,train
12468.pkl,train
21861.pkl,train
26075.pkl,train
43964.pkl,train
11339.pkl,train
35685.pkl,train
49196.pkl,train
13496.pkl,train
44579.pkl,train
4213.pkl,train
45750.pkl,train
19290.pkl,train
38637.pkl,train
19738.pkl,train
52151.pkl,train
31481.pkl,train
53623.pkl,train
4149.pkl,train
261.pkl,train
17605.pkl,train
14812.pkl,train
26733.pkl,train
36601.pkl,train
24201.pkl,train
6588.pkl,train
19928.pkl,train
33096.pkl,train
3129.pkl,train
18654.pkl,train
43692.pkl,train
4733.pkl,train
23983.pkl,train
5452.pkl,train
1150.pkl,train
3849.pkl,train
9870.pkl,train
32879.pkl,train
26915.pkl,train
48785.pkl,train
54219.pkl,train
33979.pkl,train
38464.pkl,train
24232.pkl,train
34523.pkl,train
3554.pkl,train
44248.pkl,train
4672.pkl,train
56315.pkl,train
50863.pkl,train
52346.pkl,train
12164.pkl,train
16178.pkl,train
21595.pkl,train
44552.pkl,train
53114.pkl,train
8063.pkl,train
17743.pkl,train
43134.pkl,train
23958.pkl,train
13405.pkl,train
28014.pkl,train
16752.pkl,train
39062.pkl,train
41291.pkl,train
9234.pkl,train
10747.pkl,train
40343.pkl,train
35297.pkl,train
28414.pkl,train
41770.pkl,train
23955.pkl,train
42012.pkl,train
31545.pkl,train
41227.pkl,train
16063.pkl,train
23895.pkl,train
51804.pkl,train
45458.pkl,train
51608.pkl,train
31413.pkl,train
13455.pkl,train
34882.pkl,train
13918.pkl,train
40651.pkl,train
48416.pkl,train
9674.pkl,train
47715.pkl,train
18611.pkl,train
43828.pkl,train
17853.pkl,train
33933.pkl,train
45090.pkl,train
2641.pkl,train
37527.pkl,train
1194.pkl,train
36705.pkl,train
29584.pkl,train
9879.pkl,train
56319.pkl,train
7677.pkl,train
27586.pkl,train
40583.pkl,train
2236.pkl,train
377.pkl,train
26589.pkl,train
24184.pkl,train
34368.pkl,train
44475.pkl,train
54416.pkl,train
29189.pkl,train
32655.pkl,train
28619.pkl,train
55589.pkl,train
3679.pkl,train
17244.pkl,train
44877.pkl,train
44712.pkl,train
21568.pkl,train
11903.pkl,train
50378.pkl,train
14671.pkl,train
41321.pkl,train
22678.pkl,train
53522.pkl,train
5936.pkl,train
15541.pkl,train
10135.pkl,train
23109.pkl,train
32681.pkl,train
14864.pkl,train
17588.pkl,train
11229.pkl,train
15672.pkl,train
43627.pkl,train
36709.pkl,train
48592.pkl,train
46501.pkl,train
44885.pkl,train
29329.pkl,train
52683.pkl,train
3470.pkl,train
31831.pkl,train
28813.pkl,train
38061.pkl,train
19594.pkl,train
53079.pkl,train
1219.pkl,train
35163.pkl,train
8722.pkl,train
37680.pkl,train
31051.pkl,train
14121.pkl,train
46685.pkl,train
50553.pkl,train
46618.pkl,train
34238.pkl,train
37386.pkl,train
37070.pkl,train
5089.pkl,train
3854.pkl,train
25070.pkl,train
127.pkl,train
19688.pkl,train
39018.pkl,train
5253.pkl,train
1404.pkl,train
43832.pkl,train
28135.pkl,train
54306.pkl,train
17604.pkl,train
23319.pkl,train
4104.pkl,train
17144.pkl,train
25791.pkl,train
40678.pkl,train
7952.pkl,train
16158.pkl,train
9838.pkl,train
19777.pkl,train
54464.pkl,train
46914.pkl,train
34620.pkl,train
55173.pkl,train
30483.pkl,train
19408.pkl,train
33895.pkl,train
6057.pkl,train
7330.pkl,train
51526.pkl,train
20518.pkl,train
2600.pkl,train
665.pkl,train
45856.pkl,train
51183.pkl,train
31963.pkl,train
13998.pkl,train
11783.pkl,train
42412.pkl,train
31958.pkl,train
12689.pkl,train
46825.pkl,train
19207.pkl,train
30934.pkl,train
17615.pkl,train
4466.pkl,train
24131.pkl,train
56300.pkl,train
2690.pkl,train
23004.pkl,train
51491.pkl,train
7542.pkl,train
5892.pkl,train
34363.pkl,train
16922.pkl,train
44980.pkl,train
12151.pkl,train
55745.pkl,train
50348.pkl,train
46093.pkl,train
44545.pkl,train
46367.pkl,train
49177.pkl,train
12090.pkl,train
16202.pkl,train
27434.pkl,train
53448.pkl,train
17266.pkl,train
31595.pkl,train
44693.pkl,train
5202.pkl,train
42608.pkl,train
16146.pkl,train
4664.pkl,train
45506.pkl,train
38197.pkl,train
45655.pkl,train
46038.pkl,train
7380.pkl,train
49704.pkl,train
56893.pkl,train
49946.pkl,train
13035.pkl,train
6155.pkl,train
27237.pkl,train
24407.pkl,train
9325.pkl,train
57005.pkl,train
2533.pkl,train
36530.pkl,train
55759.pkl,train
47854.pkl,train
9672.pkl,train
23285.pkl,train
5420.pkl,train
42368.pkl,train
48179.pkl,train
11749.pkl,train
50792.pkl,train
29283.pkl,train
33159.pkl,train
43219.pkl,train
51536.pkl,train
27660.pkl,train
8386.pkl,train
11848.pkl,train
26248.pkl,train
9708.pkl,train
43734.pkl,train
23762.pkl,train
31563.pkl,train
23986.pkl,train
12285.pkl,train
27452.pkl,train
29720.pkl,train
50006.pkl,train
22867.pkl,train
34340.pkl,train
2797.pkl,train
25415.pkl,train
17886.pkl,train
1348.pkl,train
9142.pkl,train
4962.pkl,train
51987.pkl,train
2094.pkl,train
28431.pkl,train
53328.pkl,train
47635.pkl,train
43418.pkl,train
17754.pkl,train
6408.pkl,train
55381.pkl,train
31560.pkl,train
4003.pkl,train
2289.pkl,train
45257.pkl,train
35964.pkl,train
17690.pkl,train
31547.pkl,train
54486.pkl,train
24529.pkl,train
42838.pkl,train
50791.pkl,train
48673.pkl,train
7651.pkl,train
23980.pkl,train
53287.pkl,train
41249.pkl,train
14570.pkl,train
55855.pkl,train
49575.pkl,train
29167.pkl,train
24351.pkl,train
44261.pkl,train
44396.pkl,train
55037.pkl,train
39457.pkl,train
24576.pkl,train
3492.pkl,train
21578.pkl,train
32414.pkl,train
28083.pkl,train
26009.pkl,train
49777.pkl,train
13767.pkl,train
24428.pkl,train
53820.pkl,train
17177.pkl,train
12520.pkl,train
32127.pkl,train
38666.pkl,train
29460.pkl,train
18656.pkl,train
28073.pkl,train
18098.pkl,train
6411.pkl,train
23191.pkl,train
11937.pkl,train
29778.pkl,train
32502.pkl,train
23511.pkl,train
6207.pkl,train
12597.pkl,train
35414.pkl,train
20444.pkl,train
31038.pkl,train
31781.pkl,train
2572.pkl,train
26152.pkl,train
30421.pkl,train
10624.pkl,train
10402.pkl,train
14900.pkl,train
16956.pkl,train
32457.pkl,train
31862.pkl,train
12882.pkl,train
39514.pkl,train
50083.pkl,train
30494.pkl,train
29437.pkl,train
43656.pkl,train
37206.pkl,train
43954.pkl,train
18081.pkl,train
50249.pkl,train
38221.pkl,train
8460.pkl,train
17357.pkl,train
5429.pkl,train
51633.pkl,train
16307.pkl,train
33323.pkl,train
16513.pkl,train
11476.pkl,train
16097.pkl,train
7707.pkl,train
1077.pkl,train
26272.pkl,train
811.pkl,train
39920.pkl,train
6327.pkl,train
51651.pkl,train
16073.pkl,train
17556.pkl,train
9195.pkl,train
21288.pkl,train
26674.pkl,train
52881.pkl,train
37327.pkl,train
50290.pkl,train
41822.pkl,train
26947.pkl,train
26539.pkl,train
49914.pkl,train
3663.pkl,train
45436.pkl,train
33955.pkl,train
31239.pkl,train
23252.pkl,train
13232.pkl,train
31646.pkl,train
45060.pkl,train
38356.pkl,train
48130.pkl,train
46732.pkl,train
515.pkl,train
21424.pkl,train
45390.pkl,train
38345.pkl,train
31140.pkl,train
27831.pkl,train
2416.pkl,train
25442.pkl,train
23280.pkl,train
35357.pkl,train
40829.pkl,train
41712.pkl,train
2938.pkl,train
3645.pkl,train
19427.pkl,train
56353.pkl,train
50150.pkl,train
9782.pkl,train
38920.pkl,train
34067.pkl,train
20595.pkl,train
32742.pkl,train
5585.pkl,train
40303.pkl,train
23885.pkl,train
39088.pkl,train
29511.pkl,train
42160.pkl,train
47528.pkl,train
21304.pkl,train
46857.pkl,train
46405.pkl,train
21203.pkl,train
51030.pkl,train
42821.pkl,train
44630.pkl,train
55697.pkl,train
4381.pkl,train
48684.pkl,train
48328.pkl,train
12869.pkl,train
23516.pkl,train
44981.pkl,train
37012.pkl,train
34918.pkl,train
41313.pkl,train
44913.pkl,train
41810.pkl,train
39245.pkl,train
5056.pkl,train
8376.pkl,train
38379.pkl,train
48258.pkl,train
50994.pkl,train
3888.pkl,train
26626.pkl,train
32469.pkl,train
1522.pkl,train
9861.pkl,train
2458.pkl,train
6727.pkl,train
54501.pkl,train
14339.pkl,train
5128.pkl,train
20273.pkl,train
19613.pkl,train
30960.pkl,train
35507.pkl,train
929.pkl,train
2249.pkl,train
30341.pkl,train
23510.pkl,train
4896.pkl,train
17494.pkl,train
49547.pkl,train
47836.pkl,train
650.pkl,train
45174.pkl,train
1655.pkl,train
21369.pkl,train
10787.pkl,train
54831.pkl,train
2634.pkl,train
22859.pkl,train
5754.pkl,train
42823.pkl,train
45123.pkl,train
49302.pkl,train
3566.pkl,train
41861.pkl,train
10615.pkl,train
49090.pkl,train
42061.pkl,train
18328.pkl,train
2842.pkl,train
21470.pkl,train
38388.pkl,train
31496.pkl,train
45428.pkl,train
26598.pkl,train
29123.pkl,train
33619.pkl,train
49131.pkl,train
8835.pkl,train
54921.pkl,train
42179.pkl,train
45359.pkl,train
33860.pkl,train
32013.pkl,train
39923.pkl,train
52671.pkl,train
52058.pkl,train
19899.pkl,train
23647.pkl,train
23630.pkl,train
30905.pkl,train
43614.pkl,train
21462.pkl,train
18847.pkl,train
9985.pkl,train
53790.pkl,train
30364.pkl,train
56241.pkl,train
39545.pkl,train
20414.pkl,train
45752.pkl,train
50095.pkl,train
32482.pkl,train
21011.pkl,train
34937.pkl,train
7014.pkl,train
51003.pkl,train
34281.pkl,train
37979.pkl,train
27896.pkl,train
33407.pkl,train
26782.pkl,train
26072.pkl,train
51626.pkl,train
1491.pkl,train
37976.pkl,train
51312.pkl,train
49398.pkl,train
29784.pkl,train
44318.pkl,train
48977.pkl,train
47496.pkl,train
40534.pkl,train
8128.pkl,train
19658.pkl,train
429.pkl,train
28427.pkl,train
18454.pkl,train
49319.pkl,train
10124.pkl,train
37110.pkl,train
37613.pkl,train
24425.pkl,train
23297.pkl,train
2505.pkl,train
23584.pkl,train
28273.pkl,train
51055.pkl,train
44452.pkl,train
47841.pkl,train
653.pkl,train
30302.pkl,train
36140.pkl,train
6203.pkl,train
40091.pkl,train
39997.pkl,train
25546.pkl,train
2568.pkl,train
52171.pkl,train
15150.pkl,train
43095.pkl,train
25713.pkl,train
29827.pkl,train
11372.pkl,train
45032.pkl,train
27909.pkl,train
48437.pkl,train
47942.pkl,train
10536.pkl,train
15502.pkl,train
33214.pkl,train
49524.pkl,train
18166.pkl,train
8836.pkl,train
45398.pkl,train
52632.pkl,train
37693.pkl,train
1414.pkl,train
50874.pkl,train
10736.pkl,train
17517.pkl,train
48515.pkl,train
7313.pkl,train
11534.pkl,train
55088.pkl,train
43302.pkl,train
28756.pkl,train
10996.pkl,train
2330.pkl,train
31219.pkl,train
50943.pkl,train
29238.pkl,train
25454.pkl,train
55613.pkl,train
7384.pkl,train
52140.pkl,train
26404.pkl,train
30426.pkl,train
27146.pkl,train
25623.pkl,train
13962.pkl,train
23354.pkl,train
35857.pkl,train
47008.pkl,train
31362.pkl,train
10871.pkl,train
56555.pkl,train
40861.pkl,train
30207.pkl,train
12216.pkl,train
55831.pkl,train
46008.pkl,train
14268.pkl,train
47765.pkl,train
12355.pkl,train
36111.pkl,train
29445.pkl,train
36329.pkl,train
23496.pkl,train
27824.pkl,train
40472.pkl,train
56274.pkl,train
20601.pkl,train
30656.pkl,train
26806.pkl,train
9622.pkl,train
26687.pkl,train
45932.pkl,train
34692.pkl,train
18040.pkl,train
17667.pkl,train
44708.pkl,train
1610.pkl,train
6238.pkl,train
51007.pkl,train
44496.pkl,train
20868.pkl,train
19974.pkl,train
15696.pkl,train
16658.pkl,train
20505.pkl,train
22135.pkl,train
44613.pkl,train
23416.pkl,train
26171.pkl,train
42001.pkl,train
5265.pkl,train
34682.pkl,train
50932.pkl,train
15937.pkl,train
4254.pkl,train
35732.pkl,train
26538.pkl,train
28808.pkl,train
4935.pkl,train
52270.pkl,train
48448.pkl,train
8205.pkl,train
27266.pkl,train
54941.pkl,train
26599.pkl,train
32783.pkl,train
53492.pkl,train
3284.pkl,train
48433.pkl,train
29139.pkl,train
41519.pkl,train
8950.pkl,train
13812.pkl,train
17773.pkl,train
42774.pkl,train
2248.pkl,train
49461.pkl,train
22605.pkl,train
13657.pkl,train
28970.pkl,train
29579.pkl,train
46895.pkl,train
40078.pkl,train
25911.pkl,train
26446.pkl,train
6179.pkl,train
11299.pkl,train
28666.pkl,train
23784.pkl,train
53118.pkl,train
7107.pkl,train
12034.pkl,train
16941.pkl,train
35453.pkl,train
18961.pkl,train
44266.pkl,train
16685.pkl,train
45407.pkl,train
22342.pkl,train
30539.pkl,train
44599.pkl,train
53924.pkl,train
6594.pkl,train
22218.pkl,train
43908.pkl,train
19475.pkl,train
46261.pkl,train
9386.pkl,train
56816.pkl,train
25084.pkl,train
1198.pkl,train
52198.pkl,train
9684.pkl,train
28774.pkl,train
4195.pkl,train
52072.pkl,train
22998.pkl,train
21525.pkl,train
5311.pkl,train
1744.pkl,train
25245.pkl,train
39754.pkl,train
34860.pkl,train
37794.pkl,train
50514.pkl,train
23149.pkl,train
50148.pkl,train
21315.pkl,train
10085.pkl,train
47058.pkl,train
2154.pkl,train
26737.pkl,train
24467.pkl,train
15091.pkl,train
48879.pkl,train
16390.pkl,train
6785.pkl,train
53327.pkl,train
48628.pkl,train
33608.pkl,train
11070.pkl,train
20382.pkl,train
46419.pkl,train
50300.pkl,train
6979.pkl,train
15416.pkl,train
51288.pkl,train
21632.pkl,train
21667.pkl,train
39034.pkl,train
1915.pkl,train
56917.pkl,train
19112.pkl,train
5518.pkl,train
20688.pkl,train
40055.pkl,train
41558.pkl,train
18755.pkl,train
3041.pkl,train
43394.pkl,train
44580.pkl,train
43885.pkl,train
3932.pkl,train
23681.pkl,train
1170.pkl,train
40924.pkl,train
37462.pkl,train
38503.pkl,train
815.pkl,train
20974.pkl,train
19287.pkl,train
27389.pkl,train
23074.pkl,train
5152.pkl,train
44409.pkl,train
42079.pkl,train
31402.pkl,train
47394.pkl,train
49737.pkl,train
29125.pkl,train
21927.pkl,train
51656.pkl,train
45959.pkl,train
49638.pkl,train
44627.pkl,train
24773.pkl,train
36582.pkl,train
22051.pkl,train
3237.pkl,train
41300.pkl,train
10032.pkl,train
322.pkl,train
23738.pkl,train
53956.pkl,train
33847.pkl,train
25046.pkl,train
3386.pkl,train
46084.pkl,train
52863.pkl,train
55455.pkl,train
54870.pkl,train
40246.pkl,train
13314.pkl,train
45251.pkl,train
32171.pkl,train
24222.pkl,train
36483.pkl,train
1986.pkl,train
54716.pkl,train
894.pkl,train
3652.pkl,train
50533.pkl,train
52927.pkl,train
21650.pkl,train
15252.pkl,train
1942.pkl,train
44491.pkl,train
13808.pkl,train
16285.pkl,train
34297.pkl,train
37977.pkl,train
51861.pkl,train
152.pkl,train
25922.pkl,train
15934.pkl,train
49530.pkl,train
12759.pkl,train
31097.pkl,train
41677.pkl,train
47773.pkl,train
36999.pkl,train
46823.pkl,train
35467.pkl,train
11349.pkl,train
34771.pkl,train
17760.pkl,train
31515.pkl,train
51451.pkl,train
13270.pkl,train
9407.pkl,train
44092.pkl,train
14246.pkl,train
50635.pkl,train
52493.pkl,train
21684.pkl,train
26896.pkl,train
36353.pkl,train
31914.pkl,train
48688.pkl,train
36311.pkl,train
7282.pkl,train
27547.pkl,train
39984.pkl,train
39938.pkl,train
51064.pkl,train
2462.pkl,train
21929.pkl,train
48806.pkl,train
42590.pkl,train
1513.pkl,train
175.pkl,train
51811.pkl,train
27209.pkl,train
19276.pkl,train
9415.pkl,train
34163.pkl,train
5497.pkl,train
16282.pkl,train
15928.pkl,train
48631.pkl,train
39544.pkl,train
6389.pkl,train
23672.pkl,train
27226.pkl,train
51838.pkl,train
29794.pkl,train
33235.pkl,train
4230.pkl,train
11957.pkl,train
31148.pkl,train
12469.pkl,train
49889.pkl,train
1092.pkl,train
29753.pkl,train
36091.pkl,train
49652.pkl,train
16150.pkl,train
42007.pkl,train
3081.pkl,train
384.pkl,train
48345.pkl,train
16084.pkl,train
9159.pkl,train
14825.pkl,train
29894.pkl,train
36004.pkl,train
154.pkl,train
38805.pkl,train
19744.pkl,train
44117.pkl,train
5665.pkl,train
28997.pkl,train
8152.pkl,train
43340.pkl,train
45533.pkl,train
5108.pkl,train
25405.pkl,train
14348.pkl,train
47145.pkl,train
4115.pkl,train
32791.pkl,train
24416.pkl,train
21777.pkl,train
40515.pkl,train
24250.pkl,train
7332.pkl,train
1681.pkl,train
37796.pkl,train
22754.pkl,train
24565.pkl,train
54367.pkl,train
4256.pkl,train
7561.pkl,train
27940.pkl,train
52951.pkl,train
28418.pkl,train
31410.pkl,train
24154.pkl,train
56122.pkl,train
27875.pkl,train
32555.pkl,train
27856.pkl,train
47070.pkl,train
28033.pkl,train
1735.pkl,train
46187.pkl,train
945.pkl,train
37161.pkl,train
33626.pkl,train
40436.pkl,train
40004.pkl,train
52211.pkl,train
29854.pkl,train
3298.pkl,train
25437.pkl,train
16864.pkl,train
34325.pkl,train
234.pkl,train
10175.pkl,train
10681.pkl,train
10254.pkl,train
29133.pkl,train
23624.pkl,train
14044.pkl,train
42577.pkl,train
11064.pkl,train
12380.pkl,train
37265.pkl,train
25153.pkl,train
9504.pkl,train
30439.pkl,train
8581.pkl,train
11691.pkl,train
34292.pkl,train
8122.pkl,train
55352.pkl,train
32428.pkl,train
56405.pkl,train
13107.pkl,train
24807.pkl,train
53937.pkl,train
51866.pkl,train
39774.pkl,train
27669.pkl,train
5760.pkl,train
50362.pkl,train
13869.pkl,train
9656.pkl,train
2671.pkl,train
8638.pkl,train
6079.pkl,train
21999.pkl,train
33661.pkl,train
47268.pkl,train
44937.pkl,train
36037.pkl,train
38498.pkl,train
13788.pkl,train
49385.pkl,train
39168.pkl,train
32861.pkl,train
45733.pkl,train
39026.pkl,train
12329.pkl,train
12570.pkl,train
41052.pkl,train
10647.pkl,train
30120.pkl,train
44504.pkl,train
8572.pkl,train
46226.pkl,train
9018.pkl,train
55404.pkl,train
25399.pkl,train
2629.pkl,train
41225.pkl,train
10758.pkl,train
43516.pkl,train
48227.pkl,train
40155.pkl,train
36360.pkl,train
11643.pkl,train
56223.pkl,train
42992.pkl,train
47346.pkl,train
9525.pkl,train
25736.pkl,train
21422.pkl,train
12017.pkl,train
52443.pkl,train
27987.pkl,train
4584.pkl,train
29103.pkl,train
24074.pkl,train
20548.pkl,train
52838.pkl,train
38399.pkl,train
30586.pkl,train
25591.pkl,train
157.pkl,train
47691.pkl,train
4017.pkl,train
28927.pkl,train
54291.pkl,train
19023.pkl,train
35341.pkl,train
18004.pkl,train
39540.pkl,train
33311.pkl,train
156.pkl,train
48968.pkl,train
8969.pkl,train
3789.pkl,train
24899.pkl,train
4485.pkl,train
34014.pkl,train
42005.pkl,train
46089.pkl,train
18632.pkl,train
24716.pkl,train
36655.pkl,train
28951.pkl,train
53294.pkl,train
15571.pkl,train
30876.pkl,train
4851.pkl,train
44973.pkl,train
49363.pkl,train
2895.pkl,train
10320.pkl,train
18285.pkl,train
2393.pkl,train
8442.pkl,train
110.pkl,train
27514.pkl,train
30373.pkl,train
22905.pkl,train
18554.pkl,train
13666.pkl,train
23741.pkl,train
37180.pkl,train
308.pkl,train
31188.pkl,train
33122.pkl,train
6625.pkl,train
36343.pkl,train
50230.pkl,train
8435.pkl,train
13937.pkl,train
53068.pkl,train
10892.pkl,train
37448.pkl,train
3379.pkl,train
56054.pkl,train
11258.pkl,train
27720.pkl,train
7056.pkl,train
50867.pkl,train
21520.pkl,train
13560.pkl,train
7161.pkl,train
11456.pkl,train
2295.pkl,train
38277.pkl,train
20437.pkl,train
28962.pkl,train
40572.pkl,train
24449.pkl,train
34174.pkl,train
42469.pkl,train
7110.pkl,train
50291.pkl,train
18345.pkl,train
10801.pkl,train
20081.pkl,train
51316.pkl,train
50092.pkl,train
54946.pkl,train
4576.pkl,train
26838.pkl,train
56902.pkl,train
45963.pkl,train
32883.pkl,train
37777.pkl,train
44762.pkl,train
28635.pkl,train
28190.pkl,train
7760.pkl,train
12937.pkl,train
13029.pkl,train
27105.pkl,train
13546.pkl,train
18205.pkl,train
45971.pkl,train
26609.pkl,train
37711.pkl,train
42919.pkl,train
7496.pkl,train
54372.pkl,train
54886.pkl,train
21331.pkl,train
22106.pkl,train
40160.pkl,train
17764.pkl,train
1226.pkl,train
37775.pkl,train
36007.pkl,train
9922.pkl,train
40988.pkl,train
47463.pkl,train
6865.pkl,train
43560.pkl,train
53008.pkl,train
34993.pkl,train
29054.pkl,train
40966.pkl,train
27920.pkl,train
21757.pkl,train
49441.pkl,train
49903.pkl,train
37292.pkl,train
39449.pkl,train
7109.pkl,train
48890.pkl,train
39477.pkl,train
911.pkl,train
34645.pkl,train
55778.pkl,train
32541.pkl,train
35243.pkl,train
6355.pkl,train
54777.pkl,train
38394.pkl,train
29396.pkl,train
36910.pkl,train
50820.pkl,train
40614.pkl,train
50493.pkl,train
6815.pkl,train
26724.pkl,train
13794.pkl,train
51348.pkl,train
24405.pkl,train
35630.pkl,train
27800.pkl,train
20384.pkl,train
23278.pkl,train
6163.pkl,train
42180.pkl,train
48525.pkl,train
43079.pkl,train
7102.pkl,train
55440.pkl,train
33443.pkl,train
39435.pkl,train
48287.pkl,train
37389.pkl,train
9291.pkl,train
1330.pkl,train
54773.pkl,train
25999.pkl,train
26372.pkl,train
9762.pkl,train
55068.pkl,train
10992.pkl,train
12845.pkl,train
19362.pkl,train
55433.pkl,train
22.pkl,train
18071.pkl,train
13010.pkl,train
1232.pkl,train
269.pkl,train
2666.pkl,train
13208.pkl,train
22862.pkl,train
43582.pkl,train
24925.pkl,train
39904.pkl,train
10603.pkl,train
39471.pkl,train
50144.pkl,train
55820.pkl,train
7006.pkl,train
37015.pkl,train
1511.pkl,train
43807.pkl,train
14663.pkl,train
6645.pkl,train
38971.pkl,train
46702.pkl,train
33246.pkl,train
1751.pkl,train
27768.pkl,train
31117.pkl,train
6200.pkl,train
15950.pkl,train
38212.pkl,train
124.pkl,train
17052.pkl,train
35703.pkl,train
12640.pkl,train
50898.pkl,train
21730.pkl,train
21677.pkl,train
30121.pkl,train
20542.pkl,train
47072.pkl,train
42083.pkl,train
21778.pkl,train
8675.pkl,train
54468.pkl,train
31686.pkl,train
19431.pkl,train
34397.pkl,train
52471.pkl,train
16122.pkl,train
21602.pkl,train
36188.pkl,train
40786.pkl,train
5129.pkl,train
35960.pkl,train
46298.pkl,train
30360.pkl,train
11649.pkl,train
48165.pkl,train
48723.pkl,train
2801.pkl,train
47885.pkl,train
37350.pkl,train
4300.pkl,train
21644.pkl,train
12941.pkl,train
52206.pkl,train
52899.pkl,train
1162.pkl,train
23304.pkl,train
36465.pkl,train
21357.pkl,train
50036.pkl,train
40323.pkl,train
27531.pkl,train
23138.pkl,train
36455.pkl,train
52999.pkl,train
42988.pkl,train
6280.pkl,train
49674.pkl,train
42881.pkl,train
45369.pkl,train
35497.pkl,train
10292.pkl,train
8580.pkl,train
34011.pkl,train
20316.pkl,train
33089.pkl,train
6452.pkl,train
18673.pkl,train
6244.pkl,train
44840.pkl,train
18699.pkl,train
17624.pkl,train
19461.pkl,train
33372.pkl,train
43018.pkl,train
44025.pkl,train
52954.pkl,train
39202.pkl,train
56523.pkl,train
18152.pkl,train
33413.pkl,train
43590.pkl,train
51459.pkl,train
56055.pkl,train
6966.pkl,train
14616.pkl,train
5058.pkl,train
8741.pkl,train
11065.pkl,train
19452.pkl,train
52819.pkl,train
22104.pkl,train
45235.pkl,train
635.pkl,train
40305.pkl,train
53314.pkl,train
37072.pkl,train
39598.pkl,train
41700.pkl,train
48643.pkl,train
44154.pkl,train
52812.pkl,train
9088.pkl,train
13453.pkl,train
46487.pkl,train
14619.pkl,train
5828.pkl,train
35946.pkl,train
27605.pkl,train
26059.pkl,train
31512.pkl,train
11759.pkl,train
3002.pkl,train
48735.pkl,train
10956.pkl,train
48572.pkl,train
29527.pkl,train
21405.pkl,train
43511.pkl,train
42610.pkl,train
21180.pkl,train
28600.pkl,train
29272.pkl,train
28358.pkl,train
12435.pkl,train
27506.pkl,train
32769.pkl,train
9873.pkl,train
26258.pkl,train
50182.pkl,train
17861.pkl,train
41194.pkl,train
38418.pkl,train
52490.pkl,train
18147.pkl,train
1388.pkl,train
56865.pkl,train
6459.pkl,train
50461.pkl,train
31688.pkl,train
54254.pkl,train
24988.pkl,train
40769.pkl,train
307.pkl,train
45111.pkl,train
6148.pkl,train
31638.pkl,train
4648.pkl,train
20096.pkl,train
53210.pkl,train
54339.pkl,train
8599.pkl,train
22925.pkl,train
33784.pkl,train
18896.pkl,train
6619.pkl,train
3720.pkl,train
17257.pkl,train
12188.pkl,train
1201.pkl,train
16212.pkl,train
1269.pkl,train
1440.pkl,train
49542.pkl,train
27208.pkl,train
24377.pkl,train
19902.pkl,train
37095.pkl,train
48795.pkl,train
14845.pkl,train
28650.pkl,train
1983.pkl,train
5896.pkl,train
42947.pkl,train
43502.pkl,train
6196.pkl,train
28205.pkl,train
5264.pkl,train
9675.pkl,train
1063.pkl,train
17023.pkl,train
28812.pkl,train
11294.pkl,train
11182.pkl,train
9987.pkl,train
46110.pkl,train
22422.pkl,train
52178.pkl,train
31378.pkl,train
51503.pkl,train
27663.pkl,train
1581.pkl,train
52565.pkl,train
51993.pkl,train
29447.pkl,train
38627.pkl,train
54448.pkl,train
21019.pkl,train
55258.pkl,train
50100.pkl,train
12379.pkl,train
33913.pkl,train
19789.pkl,train
30929.pkl,train
37622.pkl,train
30808.pkl,train
30986.pkl,train
53318.pkl,train
16759.pkl,train
16503.pkl,train
25339.pkl,train
38967.pkl,train
48509.pkl,train
34829.pkl,train
25738.pkl,train
44159.pkl,train
4992.pkl,train
11885.pkl,train
26578.pkl,train
26099.pkl,train
56377.pkl,train
47087.pkl,train
15006.pkl,train
22570.pkl,train
8502.pkl,train
52858.pkl,train
54032.pkl,train
24689.pkl,train
42288.pkl,train
53235.pkl,train
40360.pkl,train
1936.pkl,train
42019.pkl,train
13227.pkl,train
32600.pkl,train
23850.pkl,train
4574.pkl,train
11661.pkl,train
39495.pkl,train
8747.pkl,train
11040.pkl,train
31851.pkl,train
23334.pkl,train
27659.pkl,train
52222.pkl,train
44403.pkl,train
13019.pkl,train
2865.pkl,train
5743.pkl,train
47713.pkl,train
15310.pkl,train
30881.pkl,train
15361.pkl,train
20957.pkl,train
38521.pkl,train
41345.pkl,train
45776.pkl,train
55521.pkl,train
42893.pkl,train
10109.pkl,train
232.pkl,train
37055.pkl,train
34456.pkl,train
37301.pkl,train
41935.pkl,train
16843.pkl,train
9798.pkl,train
48652.pkl,train
25223.pkl,train
36223.pkl,train
20558.pkl,train
8477.pkl,train
1444.pkl,train
8924.pkl,train
8196.pkl,train
1863.pkl,train
4847.pkl,train
6027.pkl,train
49071.pkl,train
1712.pkl,train
3802.pkl,train
27395.pkl,train
29933.pkl,train
30918.pkl,train
51677.pkl,train
26378.pkl,train
56885.pkl,train
40502.pkl,train
36221.pkl,train
49659.pkl,train
22223.pkl,train
46595.pkl,train
27946.pkl,train
4308.pkl,train
31262.pkl,train
46308.pkl,train
7209.pkl,train
21390.pkl,train
56567.pkl,train
20093.pkl,train
42678.pkl,train
20483.pkl,train
21822.pkl,train
35553.pkl,train
55038.pkl,train
44852.pkl,train
41978.pkl,train
53425.pkl,train
6472.pkl,train
2301.pkl,train
48840.pkl,train
30806.pkl,train
22661.pkl,train
39309.pkl,train
7920.pkl,train
12350.pkl,train
57004.pkl,train
25754.pkl,train
6652.pkl,train
22248.pkl,train
27111.pkl,train
46090.pkl,train
54337.pkl,train
34515.pkl,train
33297.pkl,train
4417.pkl,train
25246.pkl,train
9649.pkl,train
56883.pkl,train
33717.pkl,train
52874.pkl,train
33493.pkl,train
36165.pkl,train
31659.pkl,train
28543.pkl,train
34216.pkl,train
26883.pkl,train
37690.pkl,train
48212.pkl,train
45396.pkl,train
16167.pkl,train
5405.pkl,train
25507.pkl,train
3335.pkl,train
23061.pkl,train
51524.pkl,train
52602.pkl,train
10379.pkl,train
5305.pkl,train
31775.pkl,train
46926.pkl,train
13540.pkl,train
19705.pkl,train
54499.pkl,train
28265.pkl,train
9564.pkl,train
22811.pkl,train
33936.pkl,train
10831.pkl,train
37017.pkl,train
46738.pkl,train
36836.pkl,train
40106.pkl,train
44866.pkl,train
55468.pkl,train
34839.pkl,train
42767.pkl,train
52308.pkl,train
24075.pkl,train
32539.pkl,train
46072.pkl,train
18489.pkl,train
34884.pkl,train
9383.pkl,train
49029.pkl,train
49975.pkl,train
12827.pkl,train
34684.pkl,train
18603.pkl,train
30964.pkl,train
17589.pkl,train
55973.pkl,train
21352.pkl,train
13052.pkl,train
7047.pkl,train
40447.pkl,train
50616.pkl,train
17180.pkl,train
22659.pkl,train
50653.pkl,train
35750.pkl,train
24466.pkl,train
21245.pkl,train
28373.pkl,train
48407.pkl,train
3310.pkl,train
45101.pkl,train
4870.pkl,train
39703.pkl,train
38530.pkl,train
38515.pkl,train
49227.pkl,train
3858.pkl,train
2725.pkl,train
4614.pkl,train
28760.pkl,train
31396.pkl,train
14201.pkl,train
28154.pkl,train
31553.pkl,train
40459.pkl,train
45068.pkl,train
27001.pkl,train
10282.pkl,train
40163.pkl,train
20264.pkl,train
50033.pkl,train
20386.pkl,train
47155.pkl,train
1603.pkl,train
51213.pkl,train
41900.pkl,train
10300.pkl,train
7886.pkl,train
1785.pkl,train
7783.pkl,train
6266.pkl,train
37875.pkl,train
45849.pkl,train
10002.pkl,train
24207.pkl,train
40338.pkl,train
7948.pkl,train
5944.pkl,train
47093.pkl,train
32894.pkl,train
55343.pkl,train
10767.pkl,train
7729.pkl,train
43102.pkl,train
11651.pkl,train
31269.pkl,train
7887.pkl,train
48136.pkl,train
19585.pkl,train
4732.pkl,train
34796.pkl,train
21449.pkl,train
44222.pkl,train
16330.pkl,train
11560.pkl,train
35645.pkl,train
33243.pkl,train
52546.pkl,train
26834.pkl,train
43210.pkl,train
43128.pkl,train
27305.pkl,train
26844.pkl,train
8534.pkl,train
29495.pkl,train
40097.pkl,train
26540.pkl,train
39187.pkl,train
18668.pkl,train
35227.pkl,train
46545.pkl,train
5998.pkl,train
38890.pkl,train
41571.pkl,train
31447.pkl,train
31234.pkl,train
54325.pkl,train
19822.pkl,train
9375.pkl,train
43160.pkl,train
23438.pkl,train
55233.pkl,train
24330.pkl,train
43372.pkl,train
40022.pkl,train
26907.pkl,train
21944.pkl,train
54651.pkl,train
52237.pkl,train
10835.pkl,train
7299.pkl,train
2342.pkl,train
46521.pkl,train
13200.pkl,train
255.pkl,train
26668.pkl,train
10008.pkl,train
27686.pkl,train
44589.pkl,train
16684.pkl,train
37812.pkl,train
18630.pkl,train
41268.pkl,train
34131.pkl,train
54847.pkl,train
24504.pkl,train
45196.pkl,train
23480.pkl,train
30201.pkl,train
52306.pkl,train
17661.pkl,train
37873.pkl,train
50360.pkl,train
47790.pkl,train
28449.pkl,train
17333.pkl,train
36074.pkl,train
55365.pkl,train
48209.pkl,train
19483.pkl,train
28611.pkl,train
21030.pkl,train
48304.pkl,train
18589.pkl,train
23462.pkl,train
1664.pkl,train
55887.pkl,train
33106.pkl,train
42186.pkl,train
39515.pkl,train
14910.pkl,train
1658.pkl,train
35522.pkl,train
15591.pkl,train
10766.pkl,train
42428.pkl,train
20027.pkl,train
486.pkl,train
25378.pkl,train
45510.pkl,train
38842.pkl,train
8026.pkl,train
10929.pkl,train
13843.pkl,train
35821.pkl,train
11335.pkl,train
760.pkl,train
34846.pkl,train
15660.pkl,train
8104.pkl,train
12844.pkl,train
1679.pkl,train
15824.pkl,train
22404.pkl,train
44726.pkl,train
35481.pkl,train
13479.pkl,train
11502.pkl,train
42363.pkl,train
31150.pkl,train
49241.pkl,train
32963.pkl,train
11987.pkl,train
29781.pkl,train
13705.pkl,train
28090.pkl,train
16838.pkl,train
30845.pkl,train
27149.pkl,train
527.pkl,train
52547.pkl,train
8241.pkl,train
20449.pkl,train
32110.pkl,train
51975.pkl,train
41751.pkl,train
18196.pkl,train
22091.pkl,train
9033.pkl,train
55771.pkl,train
1431.pkl,train
54841.pkl,train
4516.pkl,train
34066.pkl,train
23802.pkl,train
4827.pkl,train
5248.pkl,train
26482.pkl,train
27449.pkl,train
1421.pkl,train
22437.pkl,train
19157.pkl,train
39764.pkl,train
22385.pkl,train
19663.pkl,train
11984.pkl,train
51649.pkl,train
14843.pkl,train
53988.pkl,train
47411.pkl,train
50390.pkl,train
4629.pkl,train
42062.pkl,train
26339.pkl,train
1718.pkl,train
6707.pkl,train
20749.pkl,train
14881.pkl,train
34125.pkl,train
53200.pkl,train
41910.pkl,train
76.pkl,train
20709.pkl,train
35452.pkl,train
2624.pkl,train
39800.pkl,train
6003.pkl,train
32460.pkl,train
46112.pkl,train
49616.pkl,train
41045.pkl,train
15317.pkl,train
55837.pkl,train
43939.pkl,train
41821.pkl,train
23602.pkl,train
16691.pkl,train
24259.pkl,train
32426.pkl,train
54178.pkl,train
32185.pkl,train
37748.pkl,train
41627.pkl,train
43203.pkl,train
34777.pkl,train
20616.pkl,train
17656.pkl,train
1196.pkl,train
54017.pkl,train
16974.pkl,train
39455.pkl,train
33483.pkl,train
24066.pkl,train
54888.pkl,train
56463.pkl,train
41701.pkl,train
12422.pkl,train
33883.pkl,train
48822.pkl,train
21638.pkl,train
3027.pkl,train
48110.pkl,train
55894.pkl,train
36306.pkl,train
2262.pkl,train
55599.pkl,train
331.pkl,train
40481.pkl,train
7000.pkl,train
41134.pkl,train
23333.pkl,train
6295.pkl,train
46271.pkl,train
29709.pkl,train
40985.pkl,train
17797.pkl,train
52291.pkl,train
22045.pkl,train
45566.pkl,train
33477.pkl,train
38078.pkl,train
35501.pkl,train
7808.pkl,train
4042.pkl,train
5382.pkl,train
20309.pkl,train
23005.pkl,train
14587.pkl,train
33133.pkl,train
27339.pkl,train
15017.pkl,train
22274.pkl,train
7897.pkl,train
51397.pkl,train
49895.pkl,train
15291.pkl,train
51596.pkl,train
16252.pkl,train
28562.pkl,train
17312.pkl,train
1486.pkl,train
37989.pkl,train
17034.pkl,train
33637.pkl,train
14249.pkl,train
49439.pkl,train
10989.pkl,train
17081.pkl,train
4284.pkl,train
16458.pkl,train
49570.pkl,train
12168.pkl,train
2823.pkl,train
46193.pkl,train
46081.pkl,train
44250.pkl,train
49884.pkl,train
29190.pkl,train
4739.pkl,train
3626.pkl,train
48989.pkl,train
12015.pkl,train
21658.pkl,train
10574.pkl,train
5156.pkl,train
16082.pkl,train
56734.pkl,train
7033.pkl,train
9711.pkl,train
14303.pkl,train
31429.pkl,train
50398.pkl,train
29824.pkl,train
28806.pkl,train
7901.pkl,train
31935.pkl,train
28314.pkl,train
38741.pkl,train
5292.pkl,train
45810.pkl,train
1311.pkl,train
43946.pkl,train
39459.pkl,train
27774.pkl,train
3401.pkl,train
37749.pkl,train
21105.pkl,train
846.pkl,train
6122.pkl,train
22610.pkl,train
16986.pkl,train
18619.pkl,train
20312.pkl,train
947.pkl,train
52549.pkl,train
26398.pkl,train
55290.pkl,train
14359.pkl,train
5384.pkl,train
16769.pkl,train
42705.pkl,train
38765.pkl,train
37459.pkl,train
6276.pkl,train
53228.pkl,train
12517.pkl,train
45095.pkl,train
5755.pkl,train
30759.pkl,train
10895.pkl,train
40095.pkl,train
7961.pkl,train
22541.pkl,train
40085.pkl,train
26367.pkl,train
3109.pkl,train
24450.pkl,train
24280.pkl,train
44415.pkl,train
42555.pkl,train
36157.pkl,train
38247.pkl,train
45972.pkl,train
48376.pkl,train
16547.pkl,train
39159.pkl,train
19695.pkl,train
18990.pkl,train
52248.pkl,train
11504.pkl,train
43414.pkl,train
14649.pkl,train
543.pkl,train
37882.pkl,train
12342.pkl,train
33335.pkl,train
18659.pkl,train
44516.pkl,train
26906.pkl,train
49964.pkl,train
31339.pkl,train
10236.pkl,train
40452.pkl,train
14334.pkl,train
43597.pkl,train
51132.pkl,train
16650.pkl,train
30605.pkl,train
25532.pkl,train
34000.pkl,train
3656.pkl,train
45664.pkl,train
37782.pkl,train
29310.pkl,train
1859.pkl,train
41706.pkl,train
40533.pkl,train
4621.pkl,train
9000.pkl,train
34642.pkl,train
55115.pkl,train
9130.pkl,train
49830.pkl,train
49700.pkl,train
52025.pkl,train
11997.pkl,train
3562.pkl,train
41983.pkl,train
35370.pkl,train
26880.pkl,train
22837.pkl,train
1309.pkl,train
23559.pkl,train
54358.pkl,train
3902.pkl,train
13170.pkl,train
32702.pkl,train
54250.pkl,train
45140.pkl,train
8939.pkl,train
30535.pkl,train
4977.pkl,train
403.pkl,train
40200.pkl,train
12075.pkl,train
36585.pkl,train
702.pkl,train
53583.pkl,train
24061.pkl,train
35496.pkl,train
5040.pkl,train
31418.pkl,train
2359.pkl,train
19845.pkl,train
3382.pkl,train
25976.pkl,train
8934.pkl,train
56142.pkl,train
43161.pkl,train
7737.pkl,train
12033.pkl,train
46003.pkl,train
2010.pkl,train
27828.pkl,train
48238.pkl,train
33024.pkl,train
27346.pkl,train
10627.pkl,train
39380.pkl,train
40670.pkl,train
19825.pkl,train
15745.pkl,train
11211.pkl,train
3117.pkl,train
12668.pkl,train
23052.pkl,train
41485.pkl,train
28881.pkl,train
21722.pkl,train
28357.pkl,train
37243.pkl,train
52329.pkl,train
11404.pkl,train
24578.pkl,train
12886.pkl,train
13135.pkl,train
22176.pkl,train
6621.pkl,train
46972.pkl,train
13041.pkl,train
38672.pkl,train
55579.pkl,train
38620.pkl,train
16291.pkl,train
10026.pkl,train
3144.pkl,train
6695.pkl,train
37396.pkl,train
27054.pkl,train
15895.pkl,train
16955.pkl,train
32542.pkl,train
37512.pkl,train
19183.pkl,train
45600.pkl,train
930.pkl,train
29340.pkl,train
12801.pkl,train
27967.pkl,train
6237.pkl,train
6063.pkl,train
32615.pkl,train
41554.pkl,train
14934.pkl,train
40121.pkl,train
14488.pkl,train
14034.pkl,train
56183.pkl,train
4135.pkl,train
27631.pkl,train
20933.pkl,train
20352.pkl,train
4604.pkl,train
43746.pkl,train
52055.pkl,train
40102.pkl,train
9236.pkl,train
26619.pkl,train
45052.pkl,train
2871.pkl,train
14084.pkl,train
22249.pkl,train
6436.pkl,train
41455.pkl,train
30831.pkl,train
29348.pkl,train
55918.pkl,train
33546.pkl,train
21004.pkl,train
42604.pkl,train
45486.pkl,train
53941.pkl,train
9199.pkl,train
10488.pkl,train
22081.pkl,train
34667.pkl,train
23833.pkl,train
2041.pkl,train
26379.pkl,train
40433.pkl,train
25648.pkl,train
46351.pkl,train
11797.pkl,train
115.pkl,train
27792.pkl,train
29660.pkl,train
42836.pkl,train
49436.pkl,train
15275.pkl,train
55944.pkl,train
17075.pkl,train
33897.pkl,train
48846.pkl,train
25694.pkl,train
49753.pkl,train
413.pkl,train
17269.pkl,train
15832.pkl,train
42517.pkl,train
23102.pkl,train
36242.pkl,train
11464.pkl,train
18175.pkl,train
28683.pkl,train
7842.pkl,train
9005.pkl,train
12695.pkl,train
8817.pkl,train
17433.pkl,train
7174.pkl,train
49496.pkl,train
33935.pkl,train
5884.pkl,train
40776.pkl,train
47995.pkl,train
17013.pkl,train
46450.pkl,train
5749.pkl,train
32606.pkl,train
54528.pkl,train
14882.pkl,train
4380.pkl,train
27928.pkl,train
5697.pkl,train
34341.pkl,train
10387.pkl,train
14175.pkl,train
7510.pkl,train
7770.pkl,train
30320.pkl,train
22904.pkl,train
23774.pkl,train
8714.pkl,train
38186.pkl,train
23242.pkl,train
15280.pkl,train
21916.pkl,train
29905.pkl,train
18266.pkl,train
11994.pkl,train
415.pkl,train
25062.pkl,train
41513.pkl,train
16144.pkl,train
7637.pkl,train
50366.pkl,train
25326.pkl,train
56115.pkl,train
52009.pkl,train
34731.pkl,train
38951.pkl,train
39523.pkl,train
34710.pkl,train
2174.pkl,train
26942.pkl,train
23564.pkl,train
26397.pkl,train
9074.pkl,train
18643.pkl,train
26780.pkl,train
49803.pkl,train
20934.pkl,train
13448.pkl,train
51863.pkl,train
52755.pkl,train
8045.pkl,train
30966.pkl,train
31827.pkl,train
9013.pkl,train
55429.pkl,train
51153.pkl,train
44165.pkl,train
51767.pkl,train
36740.pkl,train
1009.pkl,train
55590.pkl,train
56087.pkl,train
35152.pkl,train
7196.pkl,train
38678.pkl,train
4825.pkl,train
31554.pkl,train
32800.pkl,train
35201.pkl,train
7089.pkl,train
49729.pkl,train
28960.pkl,train
34965.pkl,train
42998.pkl,train
14056.pkl,train
9520.pkl,train
22448.pkl,train
1740.pkl,train
37968.pkl,train
53392.pkl,train
23756.pkl,train
2247.pkl,train
28526.pkl,train
46352.pkl,train
34624.pkl,train
52612.pkl,train
48739.pkl,train
15761.pkl,train
2661.pkl,train
18526.pkl,train
26905.pkl,train
5644.pkl,train
53279.pkl,train
22899.pkl,train
30895.pkl,train
37660.pkl,train
14759.pkl,train
11967.pkl,train
15470.pkl,train
17351.pkl,train
8320.pkl,train
23747.pkl,train
14194.pkl,train
39269.pkl,train
27587.pkl,train
21573.pkl,train
23424.pkl,train
40882.pkl,train
10273.pkl,train
11561.pkl,train
18712.pkl,train
11754.pkl,train
27772.pkl,train
29059.pkl,train
1370.pkl,train
48745.pkl,train
5050.pkl,train
43093.pkl,train
55319.pkl,train
26088.pkl,train
31734.pkl,train
9938.pkl,train
10497.pkl,train
9877.pkl,train
51416.pkl,train
26243.pkl,train
43196.pkl,train
14502.pkl,train
5533.pkl,train
17805.pkl,train
30968.pkl,train
3208.pkl,train
45965.pkl,train
32938.pkl,train
40816.pkl,train
46903.pkl,train
38433.pkl,train
36337.pkl,train
56444.pkl,train
35582.pkl,train
21466.pkl,train
23849.pkl,train
22427.pkl,train
3340.pkl,train
37382.pkl,train
6711.pkl,train
45788.pkl,train
21846.pkl,train
41348.pkl,train
56809.pkl,train
11965.pkl,train
44714.pkl,train
24427.pkl,train
24521.pkl,train
35811.pkl,train
45914.pkl,train
52807.pkl,train
449.pkl,train
30170.pkl,train
10501.pkl,train
13422.pkl,train
47392.pkl,train
1267.pkl,train
42693.pkl,train
4994.pkl,train
54527.pkl,train
52024.pkl,train
31794.pkl,train
9474.pkl,train
4943.pkl,train
3321.pkl,train
12696.pkl,train
9744.pkl,train
17110.pkl,train
22792.pkl,train
12231.pkl,train
42130.pkl,train
1803.pkl,train
3078.pkl,train
21388.pkl,train
18568.pkl,train
21982.pkl,train
26807.pkl,train
46402.pkl,train
49774.pkl,train
4253.pkl,train
22308.pkl,train
44434.pkl,train
32454.pkl,train
56635.pkl,train
45198.pkl,train
42431.pkl,train
17995.pkl,train
11626.pkl,train
17840.pkl,train
4526.pkl,train
7768.pkl,train
16877.pkl,train
20726.pkl,train
43297.pkl,train
22332.pkl,train
44813.pkl,train
51226.pkl,train
32710.pkl,train
10152.pkl,train
39888.pkl,train
34948.pkl,train
26408.pkl,train
43988.pkl,train
31187.pkl,train
24531.pkl,train
39211.pkl,train
14065.pkl,train
53315.pkl,train
42477.pkl,train
20520.pkl,train
31830.pkl,train
16176.pkl,train
53645.pkl,train
11350.pkl,train
39068.pkl,train
33393.pkl,train
31366.pkl,train
30792.pkl,train
4852.pkl,train
53710.pkl,train
5189.pkl,train
23207.pkl,train
22735.pkl,train
19318.pkl,train
18209.pkl,train
53447.pkl,train
31583.pkl,train
35456.pkl,train
51641.pkl,train
20065.pkl,train
9390.pkl,train
30458.pkl,train
38047.pkl,train
48765.pkl,train
28563.pkl,train
34741.pkl,train
48142.pkl,train
37899.pkl,train
36847.pkl,train
26453.pkl,train
50805.pkl,train
11158.pkl,train
29566.pkl,train
21069.pkl,train
3520.pkl,train
13346.pkl,train
44076.pkl,train
9278.pkl,train
50431.pkl,train
9796.pkl,train
23006.pkl,train
48123.pkl,train
2791.pkl,train
48442.pkl,train
20325.pkl,train
55540.pkl,train
50389.pkl,train
44223.pkl,train
50625.pkl,train
14327.pkl,train
51828.pkl,train
34570.pkl,train
18503.pkl,train
13636.pkl,train
23272.pkl,train
16727.pkl,train
36095.pkl,train
28746.pkl,train
42820.pkl,train
19550.pkl,train
35757.pkl,train
23593.pkl,train
46828.pkl,train
32914.pkl,train
39944.pkl,train
36884.pkl,train
8614.pkl,train
17695.pkl,train
12032.pkl,train
38148.pkl,train
39744.pkl,train
39300.pkl,train
21682.pkl,train
39833.pkl,train
47620.pkl,train
38463.pkl,train
34375.pkl,train
43922.pkl,train
22480.pkl,train
38856.pkl,train
25301.pkl,train
48590.pkl,train
34738.pkl,train
36273.pkl,train
33238.pkl,train
5850.pkl,train
52540.pkl,train
17603.pkl,train
1729.pkl,train
3746.pkl,train
38256.pkl,train
5683.pkl,train
11273.pkl,train
7011.pkl,train
41929.pkl,train
21092.pkl,train
42120.pkl,train
23619.pkl,train
15477.pkl,train
15957.pkl,train
34423.pkl,train
32039.pkl,train
31509.pkl,train
54289.pkl,train
34856.pkl,train
16908.pkl,train
54799.pkl,train
36914.pkl,train
38504.pkl,train
4362.pkl,train
43186.pkl,train
11771.pkl,train
42762.pkl,train
38825.pkl,train
25158.pkl,train
46001.pkl,train
27870.pkl,train
56321.pkl,train
22755.pkl,train
3419.pkl,train
18846.pkl,train
8805.pkl,train
253.pkl,train
55386.pkl,train
40566.pkl,train
22123.pkl,train
33014.pkl,train
46948.pkl,train
47600.pkl,train
10870.pkl,train
19549.pkl,train
49099.pkl,train
20754.pkl,train
8662.pkl,train
40653.pkl,train
45999.pkl,train
13432.pkl,train
30720.pkl,train
16744.pkl,train
34754.pkl,train
39571.pkl,train
43965.pkl,train
27204.pkl,train
53048.pkl,train
11283.pkl,train
26777.pkl,train
2670.pkl,train
34673.pkl,train
15668.pkl,train
8212.pkl,train
44094.pkl,train
980.pkl,train
20719.pkl,train
46983.pkl,train
7150.pkl,train
2011.pkl,train
30135.pkl,train
20250.pkl,train
21592.pkl,train
7988.pkl,train
31631.pkl,train
40178.pkl,train
3540.pkl,train
29470.pkl,train
5169.pkl,train
20700.pkl,train
22203.pkl,train
6339.pkl,train
356.pkl,train
48593.pkl,train
50859.pkl,train
24054.pkl,train
48318.pkl,train
19385.pkl,train
53339.pkl,train
44363.pkl,train
47114.pkl,train
40696.pkl,train
9301.pkl,train
15646.pkl,train
42645.pkl,train
23245.pkl,train
33514.pkl,train
51036.pkl,train
21974.pkl,train
11858.pkl,train
31537.pkl,train
55427.pkl,train
1691.pkl,train
35253.pkl,train
55149.pkl,train
34557.pkl,train
27526.pkl,train
36500.pkl,train
19407.pkl,train
39333.pkl,train
48089.pkl,train
20132.pkl,train
17019.pkl,train
1456.pkl,train
10191.pkl,train
44423.pkl,train
30155.pkl,train
36048.pkl,train
20334.pkl,train
32450.pkl,train
47197.pkl,train
53257.pkl,train
56455.pkl,train
14978.pkl,train
50615.pkl,train
33597.pkl,train
508.pkl,train
8431.pkl,train
2893.pkl,train
31772.pkl,train
53483.pkl,train
16404.pkl,train
10434.pkl,train
43655.pkl,train
16534.pkl,train
27244.pkl,train
23070.pkl,train
16834.pkl,train
15613.pkl,train
28838.pkl,train
55082.pkl,train
22836.pkl,train
35174.pkl,train
8642.pkl,train
45576.pkl,train
40889.pkl,train
42025.pkl,train
16230.pkl,train
27023.pkl,train
4269.pkl,train
51269.pkl,train
45846.pkl,train
23763.pkl,train
43001.pkl,train
28362.pkl,train
45578.pkl,train
2868.pkl,train
5768.pkl,train
12173.pkl,train
14996.pkl,train
12684.pkl,train
51139.pkl,train
16968.pkl,train
47320.pkl,train
8686.pkl,train
52438.pkl,train
4442.pkl,train
50446.pkl,train
4590.pkl,train
25278.pkl,train
2991.pkl,train
18637.pkl,train
24746.pkl,train
49401.pkl,train
42099.pkl,train
51272.pkl,train
14704.pkl,train
13326.pkl,train
16551.pkl,train
45596.pkl,train
33313.pkl,train
33777.pkl,train
23403.pkl,train
45383.pkl,train
52861.pkl,train
52492.pkl,train
55138.pkl,train
31351.pkl,train
54440.pkl,train
13205.pkl,train
17899.pkl,train
24523.pkl,train
47338.pkl,train
28828.pkl,train
43927.pkl,train
18415.pkl,train
46909.pkl,train
27187.pkl,train
49873.pkl,train
9629.pkl,train
12291.pkl,train
35648.pkl,train
37769.pkl,train
44974.pkl,train
31618.pkl,train
3531.pkl,train
32276.pkl,train
48298.pkl,train
56563.pkl,train
8451.pkl,train
32326.pkl,train
52285.pkl,train
2307.pkl,train
37354.pkl,train
24016.pkl,train
641.pkl,train
42111.pkl,train
17109.pkl,train
45421.pkl,train
40771.pkl,train
27985.pkl,train
35694.pkl,train
43648.pkl,train
40366.pkl,train
2116.pkl,train
20018.pkl,train
37302.pkl,train
17042.pkl,train
34259.pkl,train
55390.pkl,train
6641.pkl,train
16281.pkl,train
32946.pkl,train
2590.pkl,train
27115.pkl,train
30337.pkl,train
19147.pkl,train
4050.pkl,train
4165.pkl,train
23150.pkl,train
44949.pkl,train
25706.pkl,train
51737.pkl,train
6752.pkl,train
52446.pkl,train
35881.pkl,train
55380.pkl,train
31985.pkl,train
45424.pkl,train
34421.pkl,train
5424.pkl,train
18764.pkl,train
9546.pkl,train
45968.pkl,train
24670.pkl,train
40872.pkl,train
2211.pkl,train
44915.pkl,train
26242.pkl,train
26684.pkl,train
33291.pkl,train
21754.pkl,train
25178.pkl,train
38497.pkl,train
1976.pkl,train
17151.pkl,train
53112.pkl,train
21260.pkl,train
48095.pkl,train
10042.pkl,train
26102.pkl,train
16859.pkl,train
47980.pkl,train
24644.pkl,train
20190.pkl,train
17405.pkl,train
35288.pkl,train
14555.pkl,train
35328.pkl,train
49275.pkl,train
22999.pkl,train
1635.pkl,train
8712.pkl,train
55336.pkl,train
7016.pkl,train
8845.pkl,train
31929.pkl,train
21049.pkl,train
41514.pkl,train
2953.pkl,train
45222.pkl,train
29462.pkl,train
33922.pkl,train
10838.pkl,train
47261.pkl,train
56056.pkl,train
9671.pkl,train
15714.pkl,train
24803.pkl,train
13281.pkl,train
33380.pkl,train
17794.pkl,train
9663.pkl,train
40248.pkl,train
14524.pkl,train
15201.pkl,train
36440.pkl,train
28708.pkl,train
46840.pkl,train
34310.pkl,train
40685.pkl,train
39292.pkl,train
45048.pkl,train
54712.pkl,train
20944.pkl,train
18403.pkl,train
45625.pkl,train
1014.pkl,train
55371.pkl,train
32607.pkl,train
349.pkl,train
56826.pkl,train
13239.pkl,train
3218.pkl,train
28145.pkl,train
37940.pkl,train
4038.pkl,train
28768.pkl,train
33226.pkl,train
16972.pkl,train
44320.pkl,train
23717.pkl,train
30077.pkl,train
13624.pkl,train
25564.pkl,train
32761.pkl,train
55784.pkl,train
37987.pkl,train
11494.pkl,train
35466.pkl,train
14576.pkl,train
15429.pkl,train
34726.pkl,train
12092.pkl,train
31986.pkl,train
2391.pkl,train
22641.pkl,train
55915.pkl,train
42312.pkl,train
17915.pkl,train
43379.pkl,train
28676.pkl,train
28471.pkl,train
41586.pkl,train
17627.pkl,train
22227.pkl,train
32335.pkl,train
35095.pkl,train
42786.pkl,train
14424.pkl,train
1064.pkl,train
47649.pkl,train
1932.pkl,train
13129.pkl,train
51785.pkl,train
48679.pkl,train
52775.pkl,train
12491.pkl,train
20238.pkl,train
46334.pkl,train
31735.pkl,train
16999.pkl,train
16993.pkl,train
44894.pkl,train
47642.pkl,train
32942.pkl,train
55430.pkl,train
5066.pkl,train
52106.pkl,train
4246.pkl,train
37130.pkl,train
41956.pkl,train
45348.pkl,train
20185.pkl,train
35534.pkl,train
32405.pkl,train
25752.pkl,train
32226.pkl,train
29094.pkl,train
52281.pkl,train
9485.pkl,train
5174.pkl,train
27917.pkl,train
40851.pkl,train
51387.pkl,train
12711.pkl,train
9481.pkl,train
57.pkl,train
27927.pkl,train
7175.pkl,train
49804.pkl,train
7536.pkl,train
43200.pkl,train
45701.pkl,train
45388.pkl,train
14824.pkl,train
36799.pkl,train
26475.pkl,train
29825.pkl,train
36892.pkl,train
40235.pkl,train
41172.pkl,train
5116.pkl,train
28654.pkl,train
5658.pkl,train
37303.pkl,train
26488.pkl,train
28450.pkl,train
16260.pkl,train
54172.pkl,train
11025.pkl,train
40390.pkl,train
18280.pkl,train
7350.pkl,train
13097.pkl,train
1753.pkl,train
29890.pkl,train
33061.pkl,train
47612.pkl,train
56119.pkl,train
41150.pkl,train
6939.pkl,train
13584.pkl,train
34157.pkl,train
43657.pkl,train
14509.pkl,train
737.pkl,train
30917.pkl,train
7340.pkl,train
9284.pkl,train
35155.pkl,train
25525.pkl,train
54431.pkl,train
27879.pkl,train
28195.pkl,train
28100.pkl,train
37272.pkl,train
45474.pkl,train
30584.pkl,train
17070.pkl,train
56072.pkl,train
47731.pkl,train
28472.pkl,train
56605.pkl,train
37202.pkl,train
25369.pkl,train
42197.pkl,train
42151.pkl,train
42289.pkl,train
13220.pkl,train
17513.pkl,train
17148.pkl,train
35265.pkl,train
3102.pkl,train
56811.pkl,train
18667.pkl,train
50343.pkl,train
24992.pkl,train
16689.pkl,train
19851.pkl,train
56617.pkl,train
44358.pkl,train
32669.pkl,train
9592.pkl,train
14618.pkl,train
49924.pkl,train
35827.pkl,train
35365.pkl,train
27911.pkl,train
10936.pkl,train
13280.pkl,train
33904.pkl,train
567.pkl,train
37664.pkl,train
51390.pkl,train
30473.pkl,train
18674.pkl,train
11479.pkl,train
35731.pkl,train
39760.pkl,train
37411.pkl,train
25475.pkl,train
50272.pkl,train
24877.pkl,train
45685.pkl,train
32695.pkl,train
51624.pkl,train
70.pkl,train
12432.pkl,train
6043.pkl,train
45762.pkl,train
43526.pkl,train
18211.pkl,train
34411.pkl,train
15699.pkl,train
16918.pkl,train
2625.pkl,train
4410.pkl,train
54976.pkl,train
38549.pkl,train
43215.pkl,train
5167.pkl,train
53601.pkl,train
8243.pkl,train
990.pkl,train
28524.pkl,train
6874.pkl,train
36613.pkl,train
47436.pkl,train
42055.pkl,train
11449.pkl,train
4511.pkl,train
9765.pkl,train
37988.pkl,train
54673.pkl,train
6909.pkl,train
21300.pkl,train
10069.pkl,train
51154.pkl,train
11506.pkl,train
26951.pkl,train
10774.pkl,train
48690.pkl,train
44471.pkl,train
56204.pkl,train
34331.pkl,train
47884.pkl,train
1764.pkl,train
14691.pkl,train
34165.pkl,train
41796.pkl,train
40706.pkl,train
18620.pkl,train
8751.pkl,train
32051.pkl,train
15034.pkl,train
39976.pkl,train
2136.pkl,train
49005.pkl,train
51568.pkl,train
49148.pkl,train
8357.pkl,train
7559.pkl,train
29314.pkl,train
5863.pkl,train
13450.pkl,train
24997.pkl,train
35418.pkl,train
5122.pkl,train
34182.pkl,train
839.pkl,train
6475.pkl,train
54156.pkl,train
10193.pkl,train
18950.pkl,train
15170.pkl,train
10609.pkl,train
53024.pkl,train
32378.pkl,train
21023.pkl,train
7555.pkl,train
27260.pkl,train
6388.pkl,train
42771.pkl,train
32495.pkl,train
1038.pkl,train
56443.pkl,train
15702.pkl,train
9321.pkl,train
48945.pkl,train
34513.pkl,train
42480.pkl,train
37183.pkl,train
41185.pkl,train
46848.pkl,train
15878.pkl,train
48842.pkl,train
35050.pkl,train
15508.pkl,train
5457.pkl,train
21472.pkl,train
43320.pkl,train
48245.pkl,train
40395.pkl,train
17910.pkl,train
1252.pkl,train
6433.pkl,train
31833.pkl,train
13313.pkl,train
50831.pkl,train
5455.pkl,train
52465.pkl,train
30432.pkl,train
28634.pkl,train
28603.pkl,train
23389.pkl,train
30199.pkl,train
15599.pkl,train
31122.pkl,train
10179.pkl,train
15144.pkl,train
49640.pkl,train
11042.pkl,train
49311.pkl,train
20285.pkl,train
38035.pkl,train
41440.pkl,train
47374.pkl,train
12320.pkl,train
55003.pkl,train
55715.pkl,train
4905.pkl,train
50894.pkl,train
35420.pkl,train
638.pkl,train
37879.pkl,train
45550.pkl,train
10336.pkl,train
46777.pkl,train
38138.pkl,train
15967.pkl,train
4818.pkl,train
42362.pkl,train
43274.pkl,train
24104.pkl,train
21266.pkl,train
4762.pkl,train
38643.pkl,train
55506.pkl,train
27850.pkl,train
4872.pkl,train
8916.pkl,train
21263.pkl,train
10302.pkl,train
33005.pkl,train
27321.pkl,train
24605.pkl,train
54989.pkl,train
12584.pkl,train
39679.pkl,train
14853.pkl,train
10908.pkl,train
6239.pkl,train
37663.pkl,train
47697.pkl,train
49845.pkl,train
14774.pkl,train
33366.pkl,train
23323.pkl,train
16637.pkl,train
46985.pkl,train
32225.pkl,train
38788.pkl,train
48269.pkl,train
43117.pkl,train
21575.pkl,train
21032.pkl,train
8856.pkl,train
42098.pkl,train
29260.pkl,train
20540.pkl,train
35247.pkl,train
22065.pkl,train
39238.pkl,train
6319.pkl,train
25035.pkl,train
3580.pkl,train
46945.pkl,train
46562.pkl,train
22321.pkl,train
28851.pkl,train
10907.pkl,train
14258.pkl,train
27447.pkl,train
10184.pkl,train
42613.pkl,train
32307.pkl,train
31824.pkl,train
27345.pkl,train
42030.pkl,train
39985.pkl,train
28209.pkl,train
52955.pkl,train
32161.pkl,train
46500.pkl,train
20717.pkl,train
28415.pkl,train
48863.pkl,train
43918.pkl,train
40019.pkl,train
14149.pkl,train
29615.pkl,train
41164.pkl,train
41256.pkl,train
1340.pkl,train
42265.pkl,train
32649.pkl,train
45689.pkl,train
54942.pkl,train
11810.pkl,train
39786.pkl,train
54456.pkl,train
30915.pkl,train
53661.pkl,train
43652.pkl,train
51675.pkl,train
24375.pkl,train
55382.pkl,train
4801.pkl,train
40510.pkl,train
14717.pkl,train
19034.pkl,train
39562.pkl,train
38382.pkl,train
3334.pkl,train
15488.pkl,train
14541.pkl,train
50612.pkl,train
3943.pkl,train
4921.pkl,train
27136.pkl,train
21051.pkl,train
3320.pkl,train
14243.pkl,train
32626.pkl,train
8163.pkl,train
22793.pkl,train
32003.pkl,train
3127.pkl,train
8064.pkl,train
3912.pkl,train
2175.pkl,train
46151.pkl,train
38974.pkl,train
33906.pkl,train
38742.pkl,train
45995.pkl,train
385.pkl,train
27922.pkl,train
31998.pkl,train
16638.pkl,train
19633.pkl,train
7232.pkl,train
34007.pkl,train
5893.pkl,train
6688.pkl,train
4455.pkl,train
2478.pkl,train
46676.pkl,train
9678.pkl,train
5304.pkl,train
34969.pkl,train
7548.pkl,train
15843.pkl,train
5121.pkl,train
42157.pkl,train
7912.pkl,train
56101.pkl,train
39346.pkl,train
52982.pkl,train
51995.pkl,train
56057.pkl,train
31655.pkl,train
20674.pkl,train
14139.pkl,train
47990.pkl,train
11676.pkl,train
16497.pkl,train
32636.pkl,train
33574.pkl,train
14773.pkl,train
38707.pkl,train
56144.pkl,train
9807.pkl,train
55618.pkl,train
51648.pkl,train
37667.pkl,train
52536.pkl,train
3463.pkl,train
7925.pkl,train
40815.pkl,train
22345.pkl,train
5216.pkl,train
39189.pkl,train
40923.pkl,train
41702.pkl,train
6390.pkl,train
26860.pkl,train
45698.pkl,train
54312.pkl,train
49503.pkl,train
48976.pkl,train
26818.pkl,train
25270.pkl,train
25003.pkl,train
9158.pkl,train
55485.pkl,train
36449.pkl,train
18718.pkl,train
3608.pkl,train
27289.pkl,train
14716.pkl,train
23178.pkl,train
26504.pkl,train
20608.pkl,train
43717.pkl,train
45974.pkl,train
22648.pkl,train
56448.pkl,train
11000.pkl,train
56311.pkl,train
15758.pkl,train
17530.pkl,train
36216.pkl,train
15113.pkl,train
48754.pkl,train
24296.pkl,train
9824.pkl,train
18901.pkl,train
18984.pkl,train
35954.pkl,train
23213.pkl,train
4238.pkl,train
41306.pkl,train
6012.pkl,train
3891.pkl,train
15412.pkl,train
30695.pkl,train
40308.pkl,train
46905.pkl,train
9230.pkl,train
37043.pkl,train
20197.pkl,train
41462.pkl,train
50438.pkl,train
32211.pkl,train
47641.pkl,train
5526.pkl,train
17417.pkl,train
3972.pkl,train
39169.pkl,train
13814.pkl,train
15727.pkl,train
24387.pkl,train
32729.pkl,train
4781.pkl,train
30872.pkl,train
50087.pkl,train
12018.pkl,train
54466.pkl,train
30429.pkl,train
23128.pkl,train
51266.pkl,train
33050.pkl,train
26257.pkl,train
50731.pkl,train
22557.pkl,train
46623.pkl,train
56058.pkl,train
33704.pkl,train
25898.pkl,train
32560.pkl,train
19630.pkl,train
896.pkl,train
53948.pkl,train
9313.pkl,train
19170.pkl,train
45025.pkl,train
29719.pkl,train
17740.pkl,train
36636.pkl,train
27429.pkl,train
37305.pkl,train
29952.pkl,train
31800.pkl,train
23132.pkl,train
6278.pkl,train
14407.pkl,train
45399.pkl,train
14345.pkl,train
42922.pkl,train
21038.pkl,train
6669.pkl,train
38981.pkl,train
14987.pkl,train
51249.pkl,train
16251.pkl,train
38766.pkl,train
15341.pkl,train
12328.pkl,train
19080.pkl,train
24513.pkl,train
5295.pkl,train
49442.pkl,train
17833.pkl,train
7989.pkl,train
37798.pkl,train
45065.pkl,train
12787.pkl,train
12250.pkl,train
31910.pkl,train
20954.pkl,train
44585.pkl,train
9743.pkl,train
26720.pkl,train
39136.pkl,train
28062.pkl,train
7284.pkl,train
3644.pkl,train
32464.pkl,train
48343.pkl,train
26424.pkl,train
10811.pkl,train
17739.pkl,train
30684.pkl,train
28570.pkl,train
12636.pkl,train
30305.pkl,train
6348.pkl,train
4680.pkl,train
26110.pkl,train
10659.pkl,train
36423.pkl,train
35753.pkl,train
4815.pkl,train
35986.pkl,train
51333.pkl,train
21334.pkl,train
56065.pkl,train
54320.pkl,train
27766.pkl,train
7655.pkl,train
8810.pkl,train
33042.pkl,train
16459.pkl,train
19535.pkl,train
49418.pkl,train
38993.pkl,train
39135.pkl,train
8791.pkl,train
26020.pkl,train
31210.pkl,train
32667.pkl,train
12657.pkl,train
11904.pkl,train
52133.pkl,train
33946.pkl,train
38775.pkl,train
4843.pkl,train
13165.pkl,train
20988.pkl,train
29867.pkl,train
24749.pkl,train
16047.pkl,train
29352.pkl,train
39452.pkl,train
53881.pkl,train
33575.pkl,train
7924.pkl,train
29074.pkl,train
15716.pkl,train
15837.pkl,train
43611.pkl,train
31295.pkl,train
34769.pkl,train
53030.pkl,train
25232.pkl,train
24635.pkl,train
37888.pkl,train
10466.pkl,train
34562.pkl,train
47948.pkl,train
37860.pkl,train
55073.pkl,train
36820.pkl,train
317.pkl,train
24188.pkl,train
6488.pkl,train
26575.pkl,train
12537.pkl,train
39525.pkl,train
6498.pkl,train
40606.pkl,train
40050.pkl,train
7098.pkl,train
40263.pkl,train
2833.pkl,train
23210.pkl,train
12775.pkl,train
4203.pkl,train
7884.pkl,train
53133.pkl,train
15048.pkl,train
47068.pkl,train
26215.pkl,train
32725.pkl,train
30284.pkl,train
44889.pkl,train
3399.pkl,train
28080.pkl,train
4330.pkl,train
4696.pkl,train
2375.pkl,train
46987.pkl,train
4971.pkl,train
11189.pkl,train
38006.pkl,train
37970.pkl,train
15540.pkl,train
12023.pkl,train
18716.pkl,train
31706.pkl,train
20960.pkl,train
5703.pkl,train
21839.pkl,train
9124.pkl,train
9719.pkl,train
48460.pkl,train
4987.pkl,train
40450.pkl,train
32961.pkl,train
22572.pkl,train
8639.pkl,train
33627.pkl,train
14533.pkl,train
6350.pkl,train
15020.pkl,train
3579.pkl,train
10136.pkl,train
3077.pkl,train
33128.pkl,train
52810.pkl,train
44216.pkl,train
54101.pkl,train
31024.pkl,train
31185.pkl,train
15792.pkl,train
36228.pkl,train
12322.pkl,train
24453.pkl,train
16344.pkl,train
7038.pkl,train
16027.pkl,train
17091.pkl,train
50519.pkl,train
41489.pkl,train
53209.pkl,train
17608.pkl,train
37829.pkl,train
36425.pkl,train
3363.pkl,train
55208.pkl,train
20573.pkl,train
6294.pkl,train
5345.pkl,train
25944.pkl,train
48017.pkl,train
56121.pkl,train
28924.pkl,train
14982.pkl,train
13710.pkl,train
27655.pkl,train
14342.pkl,train
30600.pkl,train
46073.pkl,train
27925.pkl,train
5500.pkl,train
27853.pkl,train
24243.pkl,train
49244.pkl,train
47481.pkl,train
55998.pkl,train
12260.pkl,train
30525.pkl,train
29847.pkl,train
35748.pkl,train
46763.pkl,train
8611.pkl,train
4555.pkl,train
29179.pkl,train
31018.pkl,train
40356.pkl,train
28738.pkl,train
44047.pkl,train
37450.pkl,train
46908.pkl,train
20070.pkl,train
7663.pkl,train
21474.pkl,train
34145.pkl,train
28767.pkl,train
25612.pkl,train
38674.pkl,train
48430.pkl,train
22822.pkl,train
13124.pkl,train
15639.pkl,train
18486.pkl,train
15467.pkl,train
26828.pkl,train
40421.pkl,train
34672.pkl,train
33785.pkl,train
40056.pkl,train
44447.pkl,train
20226.pkl,train
41077.pkl,train
5242.pkl,train
42385.pkl,train
2946.pkl,train
28884.pkl,train
22929.pkl,train
4266.pkl,train
5336.pkl,train
54208.pkl,train
11475.pkl,train
55079.pkl,train
8134.pkl,train
29985.pkl,train
39479.pkl,train
53871.pkl,train
46162.pkl,train
26944.pkl,train
7068.pkl,train
16286.pkl,train
51534.pkl,train
24245.pkl,train
41084.pkl,train
4720.pkl,train
47598.pkl,train
43806.pkl,train
22005.pkl,train
10359.pkl,train
6205.pkl,train
17963.pkl,train
17567.pkl,train
12856.pkl,train
24478.pkl,train
14185.pkl,train
4988.pkl,train
8416.pkl,train
40987.pkl,train
15630.pkl,train
3612.pkl,train
53356.pkl,train
52764.pkl,train
31158.pkl,train
18882.pkl,train
55659.pkl,train
7806.pkl,train
34520.pkl,train
16981.pkl,train
20013.pkl,train
46646.pkl,train
28222.pkl,train
16884.pkl,train
23600.pkl,train
8989.pkl,train
29207.pkl,train
17376.pkl,train
21225.pkl,train
17680.pkl,train
12103.pkl,train
3269.pkl,train
53551.pkl,train
12968.pkl,train
13023.pkl,train
55378.pkl,train
24084.pkl,train
37597.pkl,train
29677.pkl,train
31668.pkl,train
6880.pkl,train
3717.pkl,train
51587.pkl,train
8837.pkl,train
41336.pkl,train
5626.pkl,train
24320.pkl,train
24826.pkl,train
18208.pkl,train
31647.pkl,train
53911.pkl,train
49858.pkl,train
34598.pkl,train
50289.pkl,train
48905.pkl,train
17715.pkl,train
14168.pkl,train
26913.pkl,train
53794.pkl,train
8903.pkl,train
18482.pkl,train
17152.pkl,train
10233.pkl,train
48994.pkl,train
19346.pkl,train
33267.pkl,train
38199.pkl,train
37013.pkl,train
41066.pkl,train
30809.pkl,train
21531.pkl,train
8784.pkl,train
1850.pkl,train
17817.pkl,train
3968.pkl,train
33162.pkl,train
28339.pkl,train
32937.pkl,train
2962.pkl,train
56604.pkl,train
20937.pkl,train
21594.pkl,train
8726.pkl,train
14621.pkl,train
37421.pkl,train
20071.pkl,train
35602.pkl,train
14480.pkl,train
20666.pkl,train
21864.pkl,train
12096.pkl,train
29448.pkl,train
37149.pkl,train
7708.pkl,train
30791.pkl,train
51874.pkl,train
34489.pkl,train
37772.pkl,train
55289.pkl,train
25281.pkl,train
44531.pkl,train
40124.pkl,train
23306.pkl,train
42890.pkl,train
11083.pkl,train
22320.pkl,train
244.pkl,train
4159.pkl,train
44699.pkl,train
18769.pkl,train
9219.pkl,train
1909.pkl,train
51819.pkl,train
52892.pkl,train
55555.pkl,train
5835.pkl,train
48015.pkl,train
22028.pkl,train
4780.pkl,train
12255.pkl,train
46568.pkl,train
43643.pkl,train
17222.pkl,train
36445.pkl,train
35185.pkl,train
29467.pkl,train
31350.pkl,train
12349.pkl,train
26370.pkl,train
14059.pkl,train
16166.pkl,train
51547.pkl,train
346.pkl,train
33542.pkl,train
47062.pkl,train
23680.pkl,train
27718.pkl,train
40639.pkl,train
30149.pkl,train
14063.pkl,train
48750.pkl,train
28267.pkl,train
54883.pkl,train
48217.pkl,train
50779.pkl,train
2420.pkl,train
33108.pkl,train
44042.pkl,train
51566.pkl,train
46575.pkl,train
3096.pkl,train
55489.pkl,train
47870.pkl,train
55964.pkl,train
22767.pkl,train
28063.pkl,train
20179.pkl,train
33551.pkl,train
18176.pkl,train
37181.pkl,train
14757.pkl,train
30438.pkl,train
40376.pkl,train
1250.pkl,train
6610.pkl,train
37552.pkl,train
17303.pkl,train
50895.pkl,train
28609.pkl,train
19696.pkl,train
38224.pkl,train
26892.pkl,train
28200.pkl,train
56853.pkl,train
40063.pkl,train
37461.pkl,train
5623.pkl,train
10366.pkl,train
54065.pkl,train
53.pkl,train
48009.pkl,train
45326.pkl,train
29598.pkl,train
14553.pkl,train
2715.pkl,train
21841.pkl,train
52816.pkl,train
626.pkl,train
47664.pkl,train
38279.pkl,train
14458.pkl,train
323.pkl,train
53495.pkl,train
15374.pkl,train
52963.pkl,train
8980.pkl,train
37598.pkl,train
6836.pkl,train
27962.pkl,train
22072.pkl,train
53989.pkl,train
29095.pkl,train
41001.pkl,train
34643.pkl,train
12292.pkl,train
31747.pkl,train
56327.pkl,train
8740.pkl,train
17971.pkl,train
44259.pkl,train
19552.pkl,train
12144.pkl,train
38533.pkl,train
34065.pkl,train
12861.pkl,train
8156.pkl,train
21631.pkl,train
19403.pkl,train
34282.pkl,train
190.pkl,train
31838.pkl,train
11408.pkl,train
33023.pkl,train
16074.pkl,train
14588.pkl,train
4752.pkl,train
43377.pkl,train
19126.pkl,train
47692.pkl,train
50336.pkl,train
14482.pkl,train
34170.pkl,train
15688.pkl,train
16548.pkl,train
9867.pkl,train
44429.pkl,train
56540.pkl,train
20729.pkl,train
36567.pkl,train
24589.pkl,train
54953.pkl,train
33857.pkl,train
42202.pkl,train
9331.pkl,train
8188.pkl,train
29045.pkl,train
6947.pkl,train
41232.pkl,train
53693.pkl,train
42139.pkl,train
51774.pkl,train
40453.pkl,train
54113.pkl,train
45491.pkl,train
17983.pkl,train
30197.pkl,train
55980.pkl,train
21673.pkl,train
36719.pkl,train
44701.pkl,train
42841.pkl,train
46020.pkl,train
34820.pkl,train
13147.pkl,train
16828.pkl,train
33284.pkl,train
33711.pkl,train
32970.pkl,train
21893.pkl,train
22637.pkl,train
47793.pkl,train
25068.pkl,train
14753.pkl,train
40134.pkl,train
20042.pkl,train
5523.pkl,train
10630.pkl,train
7076.pkl,train
49647.pkl,train
40409.pkl,train
23361.pkl,train
14990.pkl,train
3892.pkl,train
37743.pkl,train
14865.pkl,train
54160.pkl,train
47954.pkl,train
44742.pkl,train
6105.pkl,train
33593.pkl,train
2562.pkl,train
32565.pkl,train
31503.pkl,train
49521.pkl,train
38046.pkl,train
37807.pkl,train
49642.pkl,train
19908.pkl,train
45931.pkl,train
35559.pkl,train
18467.pkl,train
54145.pkl,train
49046.pkl,train
24713.pkl,train
36510.pkl,train
15400.pkl,train
54417.pkl,train
37967.pkl,train
747.pkl,train
45294.pkl,train
41819.pkl,train
20521.pkl,train
21589.pkl,train
26631.pkl,train
28345.pkl,train
28618.pkl,train
52352.pkl,train
41051.pkl,train
24451.pkl,train
29679.pkl,train
27063.pkl,train
28237.pkl,train
6837.pkl,train
25438.pkl,train
30947.pkl,train
29702.pkl,train
44969.pkl,train
19596.pkl,train
56518.pkl,train
6868.pkl,train
31675.pkl,train
27797.pkl,train
31727.pkl,train
48378.pkl,train
34690.pkl,train
47124.pkl,train
2073.pkl,train
56788.pkl,train
5698.pkl,train
54899.pkl,train
10598.pkl,train
794.pkl,train
49362.pkl,train
18577.pkl,train
42831.pkl,train
21347.pkl,train
14305.pkl,train
39516.pkl,train
38424.pkl,train
15306.pkl,train
43915.pkl,train
40298.pkl,train
46262.pkl,train
9848.pkl,train
8982.pkl,train
27691.pkl,train
25579.pkl,train
16851.pkl,train
2776.pkl,train
45857.pkl,train
26288.pkl,train
38337.pkl,train
22579.pkl,train
28803.pkl,train
8081.pkl,train
299.pkl,train
11027.pkl,train
36801.pkl,train
18181.pkl,train
39604.pkl,train
27954.pkl,train
48571.pkl,train
14283.pkl,train
7435.pkl,train
20330.pkl,train
56361.pkl,train
4502.pkl,train
9573.pkl,train
31414.pkl,train
15669.pkl,train
50141.pkl,train
373.pkl,train
53069.pkl,train
161.pkl,train
20193.pkl,train
1933.pkl,train
54909.pkl,train
16612.pkl,train
49337.pkl,train
29962.pkl,train
31292.pkl,train
7669.pkl,train
46620.pkl,train
9511.pkl,train
6419.pkl,train
45799.pkl,train
50833.pkl,train
26459.pkl,train
48280.pkl,train
23954.pkl,train
4879.pkl,train
659.pkl,train
44938.pkl,train
29594.pkl,train
31373.pkl,train
36550.pkl,train
33362.pkl,train
8557.pkl,train
44229.pkl,train
51310.pkl,train
55422.pkl,train
26949.pkl,train
29325.pkl,train
47543.pkl,train
23509.pkl,train
30846.pkl,train
2192.pkl,train
3551.pkl,train
1723.pkl,train
16405.pkl,train
44874.pkl,train
42883.pkl,train
49525.pkl,train
46307.pkl,train
56224.pkl,train
45321.pkl,train
33326.pkl,train
48646.pkl,train
35109.pkl,train
34560.pkl,train
32671.pkl,train
31813.pkl,train
56111.pkl,train
14761.pkl,train
54785.pkl,train
48615.pkl,train
51306.pkl,train
41465.pkl,train
9741.pkl,train
18598.pkl,train
7408.pkl,train
15974.pkl,train
40638.pkl,train
43248.pkl,train
12064.pkl,train
33215.pkl,train
34972.pkl,train
5054.pkl,train
39854.pkl,train
12046.pkl,train
8313.pkl,train
54509.pkl,train
25854.pkl,train
40591.pkl,train
34565.pkl,train
24025.pkl,train
21553.pkl,train
15487.pkl,train
52971.pkl,train
50577.pkl,train
56135.pkl,train
3627.pkl,train
13428.pkl,train
30493.pkl,train
30355.pkl,train
55281.pkl,train
18948.pkl,train
22100.pkl,train
47218.pkl,train
6584.pkl,train
8126.pkl,train
3659.pkl,train
11117.pkl,train
55299.pkl,train
27358.pkl,train
6989.pkl,train
13302.pkl,train
33997.pkl,train
1533.pkl,train
19247.pkl,train
6737.pkl,train
3185.pkl,train
46075.pkl,train
9561.pkl,train
12361.pkl,train
4809.pkl,train
44988.pkl,train
25237.pkl,train
33115.pkl,train
4970.pkl,train
25867.pkl,train
14818.pkl,train
51278.pkl,train
31093.pkl,train
47249.pkl,train
22805.pkl,train
54218.pkl,train
6845.pkl,train
24350.pkl,train
46954.pkl,train
25992.pkl,train
2515.pkl,train
41744.pkl,train
3787.pkl,train
49852.pkl,train
47761.pkl,train
34708.pkl,train
51505.pkl,train
48925.pkl,train
22264.pkl,train
2489.pkl,train
14975.pkl,train
4908.pkl,train
40543.pkl,train
36942.pkl,train
51466.pkl,train
37837.pkl,train
26289.pkl,train
36289.pkl,train
32217.pkl,train
11238.pkl,train
14072.pkl,train
34581.pkl,train
1555.pkl,train
39987.pkl,train
20525.pkl,train
36340.pkl,train
4124.pkl,train
15056.pkl,train
22626.pkl,train
6227.pkl,train
21081.pkl,train
5113.pkl,train
20320.pkl,train
46796.pkl,train
10190.pkl,train
40541.pkl,train
31505.pkl,train
13591.pkl,train
3946.pkl,train
50090.pkl,train
33112.pkl,train
24508.pkl,train
26594.pkl,train
2219.pkl,train
10126.pkl,train
1288.pkl,train
30975.pkl,train
2128.pkl,train
39857.pkl,train
14302.pkl,train
11432.pkl,train
38651.pkl,train
44549.pkl,train
38954.pkl,train
901.pkl,train
30913.pkl,train
28546.pkl,train
26554.pkl,train
21381.pkl,train
50082.pkl,train
23644.pkl,train
8893.pkl,train
28483.pkl,train
14114.pkl,train
47888.pkl,train
19720.pkl,train
15712.pkl,train
11160.pkl,train
14727.pkl,train
29996.pkl,train
11622.pkl,train
46734.pkl,train
16298.pkl,train
46325.pkl,train
46439.pkl,train
44829.pkl,train
12272.pkl,train
12624.pkl,train
49912.pkl,train
38102.pkl,train
12275.pkl,train
30753.pkl,train
31275.pkl,train
31338.pkl,train
16110.pkl,train
39567.pkl,train
37820.pkl,train
1982.pkl,train
16845.pkl,train
10875.pkl,train
37359.pkl,train
35525.pkl,train
9865.pkl,train
21504.pkl,train
14586.pkl,train
47273.pkl,train
2167.pkl,train
55218.pkl,train
53611.pkl,train
54937.pkl,train
44152.pkl,train
38012.pkl,train
20236.pkl,train
23488.pkl,train
21351.pkl,train
631.pkl,train
30814.pkl,train
28830.pkl,train
56702.pkl,train
37014.pkl,train
53964.pkl,train
53391.pkl,train
20936.pkl,train
26428.pkl,train
14569.pkl,train
12677.pkl,train
36521.pkl,train
8767.pkl,train
43187.pkl,train
33142.pkl,train
28359.pkl,train
50002.pkl,train
11567.pkl,train
37045.pkl,train
6841.pkl,train
47823.pkl,train
34332.pkl,train
49040.pkl,train
46248.pkl,train
39718.pkl,train
20478.pkl,train
36908.pkl,train
24158.pkl,train
15984.pkl,train
28411.pkl,train
27088.pkl,train
24511.pkl,train
17215.pkl,train
19029.pkl,train
545.pkl,train
35594.pkl,train
45581.pkl,train
45499.pkl,train
15319.pkl,train
26784.pkl,train
32507.pkl,train
29239.pkl,train
37067.pkl,train
50307.pkl,train
22307.pkl,train
52579.pkl,train
43500.pkl,train
8080.pkl,train
26466.pkl,train
14532.pkl,train
16195.pkl,train
2992.pkl,train
25617.pkl,train
47419.pkl,train
22435.pkl,train
38371.pkl,train
40371.pkl,train
22326.pkl,train
53678.pkl,train
52496.pkl,train
30236.pkl,train
29065.pkl,train
35509.pkl,train
35029.pkl,train
5293.pkl,train
13461.pkl,train
37489.pkl,train
8568.pkl,train
6140.pkl,train
6834.pkl,train
11583.pkl,train
56796.pkl,train
15279.pkl,train
45676.pkl,train
3870.pkl,train
27495.pkl,train
20526.pkl,train
5110.pkl,train
40814.pkl,train
43286.pkl,train
43633.pkl,train
26063.pkl,train
16755.pkl,train
31835.pkl,train
2494.pkl,train
26199.pkl,train
43155.pkl,train
38292.pkl,train
32102.pkl,train
45059.pkl,train
14503.pkl,train
19586.pkl,train
42386.pkl,train
30599.pkl,train
2088.pkl,train
27799.pkl,train
23656.pkl,train
45751.pkl,train
15300.pkl,train
40504.pkl,train
24905.pkl,train
23550.pkl,train
44372.pkl,train
35858.pkl,train
44856.pkl,train
4401.pkl,train
6326.pkl,train
18131.pkl,train
38922.pkl,train
39739.pkl,train
47099.pkl,train
32025.pkl,train
44677.pkl,train
47136.pkl,train
48.pkl,train
26977.pkl,train
50858.pkl,train
23351.pkl,train
25974.pkl,train
13139.pkl,train
50138.pkl,train
23594.pkl,train
50109.pkl,train
37254.pkl,train
187.pkl,train
36271.pkl,train
56528.pkl,train
32300.pkl,train
17557.pkl,train
17372.pkl,train
7627.pkl,train
7918.pkl,train
21835.pkl,train
31891.pkl,train
37718.pkl,train
26978.pkl,train
17855.pkl,train
50194.pkl,train
53798.pkl,train
27376.pkl,train
19680.pkl,train
48396.pkl,train
44805.pkl,train
44595.pkl,train
10138.pkl,train
39678.pkl,train
7873.pkl,train
37232.pkl,train
41119.pkl,train
56429.pkl,train
53685.pkl,train
23459.pkl,train
18073.pkl,train
20524.pkl,train
36444.pkl,train
7078.pkl,train
649.pkl,train
28712.pkl,train
40066.pkl,train
31213.pkl,train
5190.pkl,train
39828.pkl,train
43658.pkl,train
14382.pkl,train
21133.pkl,train
17816.pkl,train
50244.pkl,train
22452.pkl,train
46046.pkl,train
30361.pkl,train
38162.pkl,train
16131.pkl,train
33039.pkl,train
44264.pkl,train
24900.pkl,train
15023.pkl,train
28481.pkl,train
15547.pkl,train
36781.pkl,train
9196.pkl,train
15677.pkl,train
55207.pkl,train
40393.pkl,train
34031.pkl,train
22230.pkl,train
43756.pkl,train
1454.pkl,train
16278.pkl,train
18648.pkl,train
52123.pkl,train
30346.pkl,train
48219.pkl,train
22162.pkl,train
26895.pkl,train
4231.pkl,train
5281.pkl,train
18042.pkl,train
18995.pkl,train
12200.pkl,train
10086.pkl,train
31519.pkl,train
10784.pkl,train
46883.pkl,train
12418.pkl,train
52087.pkl,train
6039.pkl,train
29155.pkl,train
18969.pkl,train
10.pkl,train
39423.pkl,train
32247.pkl,train
34230.pkl,train
23552.pkl,train
47131.pkl,train
39873.pkl,train
14331.pkl,train
7160.pkl,train
46841.pkl,train
35498.pkl,train
40944.pkl,train
17231.pkl,train
12830.pkl,train
35880.pkl,train
18462.pkl,train
44508.pkl,train
36750.pkl,train
56976.pkl,train
50127.pkl,train
3410.pkl,train
56534.pkl,train
37440.pkl,train
31534.pkl,train
28402.pkl,train
42984.pkl,train
34398.pkl,train
39499.pkl,train
25961.pkl,train
12890.pkl,train
9687.pkl,train
54666.pkl,train
32867.pkl,train
27595.pkl,train
18974.pkl,train
54647.pkl,train
35305.pkl,train
21541.pkl,train
17246.pkl,train
49081.pkl,train
7877.pkl,train
46358.pkl,train
8768.pkl,train
31361.pkl,train
26582.pkl,train
772.pkl,train
49772.pkl,train
26558.pkl,train
52459.pkl,train
15952.pkl,train
51091.pkl,train
55375.pkl,train
11669.pkl,train
622.pkl,train
55829.pkl,train
30994.pkl,train
1927.pkl,train
26285.pkl,train
4891.pkl,train
6480.pkl,train
53585.pkl,train
11768.pkl,train
53961.pkl,train
16896.pkl,train
47710.pkl,train
52474.pkl,train
27379.pkl,train
55941.pkl,train
37108.pkl,train
51095.pkl,train
39722.pkl,train
16274.pkl,train
22975.pkl,train
55890.pkl,train
21249.pkl,train
51769.pkl,train
32577.pkl,train
38744.pkl,train
35340.pkl,train
49749.pkl,train
17424.pkl,train
44067.pkl,train
43325.pkl,train
14134.pkl,train
18433.pkl,train
51924.pkl,train
13484.pkl,train
12245.pkl,train
39416.pkl,train
56982.pkl,train
52910.pkl,train
20279.pkl,train
2281.pkl,train
5227.pkl,train
25719.pkl,train
1058.pkl,train
46201.pkl,train
17381.pkl,train
10160.pkl,train
13160.pkl,train
34807.pkl,train
52642.pkl,train
28175.pkl,train
11362.pkl,train
35483.pkl,train
54626.pkl,train
35820.pkl,train
32731.pkl,train
43482.pkl,train
27431.pkl,train
8542.pkl,train
43054.pkl,train
4534.pkl,train
2970.pkl,train
8112.pkl,train
26708.pkl,train
46572.pkl,train
35013.pkl,train
5721.pkl,train
48484.pkl,train
21102.pkl,train
1031.pkl,train
3798.pkl,train
14357.pkl,train
11017.pkl,train
27661.pkl,train
56083.pkl,train
974.pkl,train
9365.pkl,train
1761.pkl,train
41039.pkl,train
40498.pkl,train
29622.pkl,train
31347.pkl,train
53840.pkl,train
56515.pkl,train
51905.pkl,train
27887.pkl,train
8582.pkl,train
37710.pkl,train
32754.pkl,train
44040.pkl,train
43112.pkl,train
30630.pkl,train
16789.pkl,train
12883.pkl,train
33332.pkl,train
938.pkl,train
5561.pkl,train
24930.pkl,train
27144.pkl,train
27773.pkl,train
50798.pkl,train
17623.pkl,train
24725.pkl,train
3396.pkl,train
13728.pkl,train
318.pkl,train
4289.pkl,train
16159.pkl,train
13877.pkl,train
51369.pkl,train
53811.pkl,train
32394.pkl,train
56839.pkl,train
40999.pkl,train
32375.pkl,train
4530.pkl,train
45754.pkl,train
8816.pkl,train
6941.pkl,train
11107.pkl,train
39565.pkl,train
40364.pkl,train
46508.pkl,train
44820.pkl,train
38227.pkl,train
1574.pkl,train
39304.pkl,train
4927.pkl,train
20734.pkl,train
25721.pkl,train
21961.pkl,train
10043.pkl,train
36058.pkl,train
48854.pkl,train
27844.pkl,train
26239.pkl,train
13215.pkl,train
44792.pkl,train
33230.pkl,train
56085.pkl,train
2487.pkl,train
32170.pkl,train
31892.pkl,train
34749.pkl,train
31035.pkl,train
40104.pkl,train
55600.pkl,train
31579.pkl,train
43755.pkl,train
30486.pkl,train
32034.pkl,train
53992.pkl,train
13658.pkl,train
13247.pkl,train
39052.pkl,train
53441.pkl,train
22216.pkl,train
18970.pkl,train
43028.pkl,train
7975.pkl,train
23318.pkl,train
36089.pkl,train
45315.pkl,train
11492.pkl,train
2113.pkl,train
7582.pkl,train
37129.pkl,train
45652.pkl,train
49891.pkl,train
54660.pkl,train
8824.pkl,train
56847.pkl,train
42706.pkl,train
18636.pkl,train
48341.pkl,train
36905.pkl,train
31015.pkl,train
13079.pkl,train
44420.pkl,train
38458.pkl,train
30824.pkl,train
51533.pkl,train
16944.pkl,train
37156.pkl,train
19439.pkl,train
55945.pkl,train
30760.pkl,train
29790.pkl,train
26962.pkl,train
14386.pkl,train
30332.pkl,train
45877.pkl,train
32468.pkl,train
23292.pkl,train
52241.pkl,train
34747.pkl,train
50760.pkl,train
27116.pkl,train
28023.pkl,train
33579.pkl,train
29697.pkl,train
35895.pkl,train
23828.pkl,train
4909.pkl,train
18102.pkl,train
54117.pkl,train
49939.pkl,train
50509.pkl,train
18617.pkl,train
45350.pkl,train
19491.pkl,train
19425.pkl,train
10575.pkl,train
44105.pkl,train
36767.pkl,train
7018.pkl,train
33961.pkl,train
56464.pkl,train
21057.pkl,train
16681.pkl,train
1821.pkl,train
46739.pkl,train
32865.pkl,train
12170.pkl,train
44501.pkl,train
21899.pkl,train
35651.pkl,train
47867.pkl,train
37368.pkl,train
49219.pkl,train
48510.pkl,train
22748.pkl,train
51130.pkl,train
40682.pkl,train
7132.pkl,train
11687.pkl,train
38286.pkl,train
25857.pkl,train
52403.pkl,train
16628.pkl,train
48929.pkl,train
50323.pkl,train
55.pkl,train
13901.pkl,train
34333.pkl,train
55394.pkl,train
46849.pkl,train
42056.pkl,train
34689.pkl,train
31531.pkl,train
47429.pkl,train
12793.pkl,train
25134.pkl,train
24062.pkl,train
51602.pkl,train
24185.pkl,train
17570.pkl,train
9019.pkl,train
54967.pkl,train
52695.pkl,train
32614.pkl,train
18996.pkl,train
17408.pkl,train
26329.pkl,train
16730.pkl,train
1565.pkl,train
1280.pkl,train
48021.pkl,train
19916.pkl,train
22048.pkl,train
16654.pkl,train
53494.pkl,train
55444.pkl,train
1957.pkl,train
41138.pkl,train
31742.pkl,train
4552.pkl,train
35611.pkl,train
27404.pkl,train
43301.pkl,train
38043.pkl,train
35111.pkl,train
18586.pkl,train
10714.pkl,train
32085.pkl,train
46579.pkl,train
48166.pkl,train
30715.pkl,train
50120.pkl,train
5734.pkl,train
33275.pkl,train
49476.pkl,train
8546.pkl,train
36848.pkl,train
50530.pkl,train
25539.pkl,train
35327.pkl,train
13893.pkl,train
40853.pkl,train
26670.pkl,train
343.pkl,train
35054.pkl,train
10192.pkl,train
18257.pkl,train
13045.pkl,train
49685.pkl,train
47520.pkl,train
24393.pkl,train
32642.pkl,train
43488.pkl,train
44037.pkl,train
11746.pkl,train
54239.pkl,train
26862.pkl,train
32485.pkl,train
33544.pkl,train
30652.pkl,train
27575.pkl,train
4222.pkl,train
28204.pkl,train
374.pkl,train
29868.pkl,train
27333.pkl,train
52839.pkl,train
39183.pkl,train
16421.pkl,train
17491.pkl,train
23089.pkl,train
37706.pkl,train
50314.pkl,train
33810.pkl,train
15996.pkl,train
9058.pkl,train
9299.pkl,train
5549.pkl,train
7084.pkl,train
28643.pkl,train
46143.pkl,train
36749.pkl,train
54366.pkl,train
32128.pkl,train
17280.pkl,train
51352.pkl,train
13926.pkl,train
55523.pkl,train
23290.pkl,train
29222.pkl,train
16511.pkl,train
28310.pkl,train
18742.pkl,train
27608.pkl,train
27469.pkl,train
39659.pkl,train
7591.pkl,train
54174.pkl,train
49388.pkl,train
55502.pkl,train
23943.pkl,train
11951.pkl,train
23995.pkl,train
54763.pkl,train
40444.pkl,train
39324.pkl,train
2387.pkl,train
20057.pkl,train
33920.pkl,train
14942.pkl,train
49417.pkl,train
538.pkl,train
2858.pkl,train
25640.pkl,train
40658.pkl,train
35847.pkl,train
40760.pkl,train
22782.pkl,train
44918.pkl,train
2130.pkl,train
40586.pkl,train
18873.pkl,train
12251.pkl,train
55456.pkl,train
10065.pkl,train
46898.pkl,train
41651.pkl,train
43267.pkl,train
27750.pkl,train
3788.pkl,train
34316.pkl,train
22950.pkl,train
54540.pkl,train
11940.pkl,train
15493.pkl,train
4001.pkl,train
3871.pkl,train
51460.pkl,train
40412.pkl,train
48097.pkl,train
25299.pkl,train
22752.pkl,train
40917.pkl,train
22803.pkl,train
27085.pkl,train
26523.pkl,train
2227.pkl,train
2672.pkl,train
5538.pkl,train
36733.pkl,train
15943.pkl,train
32853.pkl,train
39704.pkl,train
48213.pkl,train
29356.pkl,train
48617.pkl,train
4940.pkl,train
51914.pkl,train
49073.pkl,train
34354.pkl,train
46986.pkl,train
31783.pkl,train
5052.pkl,train
55720.pkl,train
17696.pkl,train
3446.pkl,train
49597.pkl,train
55285.pkl,train
52436.pkl,train
54736.pkl,train
28501.pkl,train
43355.pkl,train
47439.pkl,train
9964.pkl,train
15729.pkl,train
725.pkl,train
20676.pkl,train
19354.pkl,train
23353.pkl,train
3216.pkl,train
29533.pkl,train
41837.pkl,train
34795.pkl,train
12135.pkl,train
49182.pkl,train
37064.pkl,train
14682.pkl,train
25881.pkl,train
37677.pkl,train
29493.pkl,train
13106.pkl,train
15789.pkl,train
6917.pkl,train
54222.pkl,train
12952.pkl,train
5872.pkl,train
27057.pkl,train
49421.pkl,train
34484.pkl,train
5471.pkl,train
39372.pkl,train
1680.pkl,train
33880.pkl,train
6139.pkl,train
21608.pkl,train
38640.pkl,train
1171.pkl,train
43786.pkl,train
43195.pkl,train
6109.pkl,train
14257.pkl,train
25284.pkl,train
56154.pkl,train
31558.pkl,train
24648.pkl,train
3228.pkl,train
25983.pkl,train
4640.pkl,train
7743.pkl,train
55782.pkl,train
52131.pkl,train
51223.pkl,train
45277.pkl,train
22487.pkl,train
53786.pkl,train
28883.pkl,train
50039.pkl,train
51112.pkl,train
21686.pkl,train
34199.pkl,train
51669.pkl,train
7185.pkl,train
49584.pkl,train
29767.pkl,train
3128.pkl,train
30774.pkl,train
5436.pkl,train
39024.pkl,train
50048.pkl,train
35931.pkl,train
27963.pkl,train
49507.pkl,train
51077.pkl,train
22356.pkl,train
35656.pkl,train
45319.pkl,train
46867.pkl,train
13934.pkl,train
44815.pkl,train
31337.pkl,train
9880.pkl,train
4580.pkl,train
2270.pkl,train
7640.pkl,train
12057.pkl,train
49913.pkl,train
40709.pkl,train
56333.pkl,train
27806.pkl,train
7641.pkl,train
29376.pkl,train
14320.pkl,train
53935.pkl,train
16762.pkl,train
50663.pkl,train
19019.pkl,train
25585.pkl,train
9565.pkl,train
36256.pkl,train
46582.pkl,train
23228.pkl,train
39850.pkl,train
45361.pkl,train
37939.pkl,train
26585.pkl,train
27852.pkl,train
54812.pkl,train
52905.pkl,train
35156.pkl,train
1930.pkl,train
50481.pkl,train
10091.pkl,train
40488.pkl,train
29202.pkl,train
16536.pkl,train
15859.pkl,train
40740.pkl,train
47966.pkl,train
5551.pkl,train
46802.pkl,train
7758.pkl,train
27694.pkl,train
43493.pkl,train
38451.pkl,train
35139.pkl,train
55638.pkl,train
52652.pkl,train
1746.pkl,train
42285.pkl,train
30545.pkl,train
40632.pkl,train
35499.pkl,train
9631.pkl,train
50679.pkl,train
42245.pkl,train
2875.pkl,train
53855.pkl,train
7450.pkl,train
36199.pkl,train
44976.pkl,train
54283.pkl,train
43376.pkl,train
17067.pkl,train
25157.pkl,train
39222.pkl,train
28833.pkl,train
37582.pkl,train
40441.pkl,train
22554.pkl,train
14722.pkl,train
10641.pkl,train
9652.pkl,train
48528.pkl,train
53930.pkl,train
3918.pkl,train
5442.pkl,train
32880.pkl,train
36874.pkl,train
15884.pkl,train
5791.pkl,train
1931.pkl,train
38722.pkl,train
18406.pkl,train
32958.pkl,train
38871.pkl,train
22733.pkl,train
24976.pkl,train
6710.pkl,train
44456.pkl,train
33601.pkl,train
16817.pkl,train
47572.pkl,train
38407.pkl,train
24721.pkl,train
5459.pkl,train
38983.pkl,train
8526.pkl,train
2291.pkl,train
5723.pkl,train
39790.pkl,train
24638.pkl,train
51696.pkl,train
36509.pkl,train
49653.pkl,train
52588.pkl,train
40967.pkl,train
13924.pkl,train
18130.pkl,train
31548.pkl,train
16751.pkl,train
25269.pkl,train
46928.pkl,train
2414.pkl,train
16841.pkl,train
13144.pkl,train
44804.pkl,train
11584.pkl,train
13965.pkl,train
5653.pkl,train
56229.pkl,train
5226.pkl,train
39927.pkl,train
6263.pkl,train
14454.pkl,train
48264.pkl,train
30396.pkl,train
45392.pkl,train
587.pkl,train
52627.pkl,train
41324.pkl,train
36532.pkl,train
637.pkl,train
24195.pkl,train
45498.pkl,train
13741.pkl,train
16351.pkl,train
19967.pkl,train
3901.pkl,train
17293.pkl,train
41911.pkl,train
43208.pkl,train
30196.pkl,train
30870.pkl,train
37456.pkl,train
32056.pkl,train
51920.pkl,train
16171.pkl,train
34228.pkl,train
54080.pkl,train
14826.pkl,train
5411.pkl,train
1160.pkl,train
9084.pkl,train
50352.pkl,train
54868.pkl,train
14297.pkl,train
53479.pkl,train
54259.pkl,train
5208.pkl,train
11953.pkl,train
5238.pkl,train
29118.pkl,train
38437.pkl,train
6360.pkl,train
18078.pkl,train
22186.pkl,train
18828.pkl,train
48234.pkl,train
7280.pkl,train
1161.pkl,train
32224.pkl,train
48481.pkl,train
40382.pkl,train
18481.pkl,train
10519.pkl,train
9650.pkl,train
27932.pkl,train
25164.pkl,train
35856.pkl,train
47054.pkl,train
985.pkl,train
19733.pkl,train
48587.pkl,train
11286.pkl,train
55175.pkl,train
50074.pkl,train
39144.pkl,train
27322.pkl,train
10281.pkl,train
18025.pkl,train
36347.pkl,train
32685.pkl,train
40959.pkl,train
38758.pkl,train
51283.pkl,train
51059.pkl,train
49429.pkl,train
40609.pkl,train
30141.pkl,train
11513.pkl,train
11003.pkl,train
27769.pkl,train
22616.pkl,train
43268.pkl,train
19883.pkl,train
22209.pkl,train
17893.pkl,train
53520.pkl,train
13300.pkl,train
24990.pkl,train
56626.pkl,train
42137.pkl,train
13635.pkl,train
11417.pkl,train
16994.pkl,train
21097.pkl,train
50449.pkl,train
50587.pkl,train
23798.pkl,train
42953.pkl,train
32089.pkl,train
25142.pkl,train
36706.pkl,train
9557.pkl,train
24911.pkl,train
14469.pkl,train
56651.pkl,train
34604.pkl,train
3496.pkl,train
38235.pkl,train
31602.pkl,train
20939.pkl,train
26590.pkl,train
38432.pkl,train
31941.pkl,train
55933.pkl,train
4913.pkl,train
31023.pkl,train
43998.pkl,train
32957.pkl,train
50916.pkl,train
42603.pkl,train
7027.pkl,train
14324.pkl,train
33268.pkl,train
20823.pkl,train
19925.pkl,train
53806.pkl,train
42533.pkl,train
9613.pkl,train
49755.pkl,train
29981.pkl,train
17550.pkl,train
39138.pkl,train
39726.pkl,train
16016.pkl,train
14728.pkl,train
23226.pkl,train
13569.pkl,train
25846.pkl,train
22015.pkl,train
38850.pkl,train
48447.pkl,train
2398.pkl,train
49332.pkl,train
143.pkl,train
15311.pkl,train
22438.pkl,train
21082.pkl,train
4297.pkl,train
49502.pkl,train
49633.pkl,train
50924.pkl,train
40346.pkl,train
15793.pkl,train
1261.pkl,train
6546.pkl,train
27298.pkl,train
49042.pkl,train
38589.pkl,train
26380.pkl,train
6611.pkl,train
30078.pkl,train
43244.pkl,train
37084.pkl,train
36133.pkl,train
45781.pkl,train
54754.pkl,train
24067.pkl,train
21198.pkl,train
4144.pkl,train
34465.pkl,train
38472.pkl,train
44703.pkl,train
49620.pkl,train
22657.pkl,train
28251.pkl,train
39750.pkl,train
36059.pkl,train
4177.pkl,train
12353.pkl,train
52893.pkl,train
31841.pkl,train
27312.pkl,train
30183.pkl,train
46590.pkl,train
39196.pkl,train
28694.pkl,train
36552.pkl,train
11440.pkl,train
41340.pkl,train
20884.pkl,train
3964.pkl,train
22020.pkl,train
42886.pkl,train
39988.pkl,train
15694.pkl,train
25076.pkl,train
829.pkl,train
49139.pkl,train
9453.pkl,train
21966.pkl,train
6992.pkl,train
44397.pkl,train
24132.pkl,train
12055.pkl,train
49203.pkl,train
22889.pkl,train
33984.pkl,train
14430.pkl,train
43029.pkl,train
40536.pkl,train
139.pkl,train
55676.pkl,train
28259.pkl,train
12022.pkl,train
5859.pkl,train
9885.pkl,train
50084.pkl,train
4726.pkl,train
55932.pkl,train
30151.pkl,train
50937.pkl,train
35677.pkl,train
44438.pkl,train
33690.pkl,train
32599.pkl,train
16137.pkl,train
7401.pkl,train
16623.pkl,train
19631.pkl,train
39992.pkl,train
20851.pkl,train
26524.pkl,train
53677.pkl,train
4305.pkl,train
15576.pkl,train
42495.pkl,train
33098.pkl,train
17534.pkl,train
41761.pkl,train
23427.pkl,train
52622.pkl,train
22962.pkl,train
11925.pkl,train
33364.pkl,train
17200.pkl,train
3569.pkl,train
33768.pkl,train
20820.pkl,train
1450.pkl,train
33908.pkl,train
39657.pkl,train
807.pkl,train
50495.pkl,train
40896.pkl,train
193.pkl,train
29972.pkl,train
394.pkl,train
4434.pkl,train
20353.pkl,train
24392.pkl,train
49291.pkl,train
24019.pkl,train
23426.pkl,train
33750.pkl,train
50190.pkl,train
30645.pkl,train
9718.pkl,train
55446.pkl,train
30178.pkl,train
2530.pkl,train
46650.pkl,train
46733.pkl,train
27127.pkl,train
16517.pkl,train
3960.pkl,train
47776.pkl,train
27399.pkl,train
22939.pkl,train
53076.pkl,train
18139.pkl,train
56848.pkl,train
14164.pkl,train
8783.pkl,train
41555.pkl,train
53223.pkl,train
26887.pkl,train
54796.pkl,train
7278.pkl,train
42871.pkl,train
10240.pkl,train
49712.pkl,train
18074.pkl,train
54271.pkl,train
49605.pkl,train
46774.pkl,train
42972.pkl,train
55333.pkl,train
12213.pkl,train
24276.pkl,train
47835.pkl,train
42135.pkl,train
3480.pkl,train
42094.pkl,train
37056.pkl,train
41364.pkl,train
45813.pkl,train
6013.pkl,train
55920.pkl,train
50599.pkl,train
3124.pkl,train
31333.pkl,train
1066.pkl,train
52943.pkl,train
17802.pkl,train
53215.pkl,train
43979.pkl,train
12614.pkl,train
19224.pkl,train
53965.pkl,train
6908.pkl,train
21582.pkl,train
52744.pkl,train
9335.pkl,train
16786.pkl,train
50068.pkl,train
37249.pkl,train
52023.pkl,train
2496.pkl,train
30873.pkl,train
48119.pkl,train
35914.pkl,train
45132.pkl,train
6371.pkl,train
14167.pkl,train
6730.pkl,train
24824.pkl,train
23809.pkl,train
46024.pkl,train
6733.pkl,train
11874.pkl,train
21558.pkl,train
22040.pkl,train
38113.pkl,train
49989.pkl,train
3611.pkl,train
38724.pkl,train
41398.pkl,train
37203.pkl,train
3595.pkl,train
33219.pkl,train
48176.pkl,train
51925.pkl,train
10781.pkl,train
33331.pkl,train
24653.pkl,train
49816.pkl,train
25577.pkl,train
3751.pkl,train
35714.pkl,train
11690.pkl,train
33679.pkl,train
34139.pkl,train
53090.pkl,train
22400.pkl,train
42929.pkl,train
12367.pkl,train
24161.pkl,train
33743.pkl,train
15030.pkl,train
35480.pkl,train
13628.pkl,train
44399.pkl,train
33698.pkl,train
56956.pkl,train
2585.pkl,train
6110.pkl,train
13186.pkl,train
24628.pkl,train
16960.pkl,train
26448.pkl,train
44402.pkl,train
6218.pkl,train
1958.pkl,train
25530.pkl,train
17094.pkl,train
55042.pkl,train
42565.pkl,train
37540.pkl,train
46337.pkl,train
49557.pkl,train
37834.pkl,train
34783.pkl,train
1146.pkl,train
55396.pkl,train
45639.pkl,train
26786.pkl,train
13765.pkl,train
17728.pkl,train
49067.pkl,train
24571.pkl,train
55142.pkl,train
15709.pkl,train
2730.pkl,train
1818.pkl,train
5461.pkl,train
16560.pkl,train
34668.pkl,train
42229.pkl,train
10771.pkl,train
41108.pkl,train
51104.pkl,train
5255.pkl,train
32504.pkl,train
7311.pkl,train
27755.pkl,train
19297.pkl,train
8028.pkl,train
3030.pkl,train
22068.pkl,train
29711.pkl,train
7392.pkl,train
36994.pkl,train
50477.pkl,train
21781.pkl,train
24152.pkl,train
2266.pkl,train
859.pkl,train
25988.pkl,train
15104.pkl,train
15841.pkl,train
8438.pkl,train
45560.pkl,train
39745.pkl,train
53171.pkl,train
47716.pkl,train
24765.pkl,train
7854.pkl,train
36650.pkl,train
56548.pkl,train
53309.pkl,train
39433.pkl,train
55265.pkl,train
48225.pkl,train
27557.pkl,train
37822.pkl,train
29669.pkl,train
2836.pkl,train
53559.pkl,train
32908.pkl,train
9527.pkl,train
42403.pkl,train
14949.pkl,train
41548.pkl,train
53156.pkl,train
12707.pkl,train
21232.pkl,train
47444.pkl,train
43628.pkl,train
28568.pkl,train
5648.pkl,train
51852.pkl,train
43124.pkl,train
32080.pkl,train
38625.pkl,train
29466.pkl,train
51617.pkl,train
55241.pkl,train
21368.pkl,train
30922.pkl,train
37935.pkl,train
23907.pkl,train
29152.pkl,train
30095.pkl,train
2648.pkl,train
25212.pkl,train
6053.pkl,train
1472.pkl,train
34670.pkl,train
22959.pkl,train
34437.pkl,train
44379.pkl,train
46835.pkl,train
1375.pkl,train
42109.pkl,train
33139.pkl,train
48931.pkl,train
36824.pkl,train
37585.pkl,train
38244.pkl,train
56698.pkl,train
14409.pkl,train
16594.pkl,train
27781.pkl,train
29850.pkl,train
11799.pkl,train
22370.pkl,train
56505.pkl,train
27200.pkl,train
18037.pkl,train
9210.pkl,train
49846.pkl,train
19054.pkl,train
47184.pkl,train
38957.pkl,train
25756.pkl,train
34526.pkl,train
10265.pkl,train
50285.pkl,train
33992.pkl,train
505.pkl,train
18669.pkl,train
22512.pkl,train
14709.pkl,train
7441.pkl,train
31863.pkl,train
21486.pkl,train
15326.pkl,train
31750.pkl,train
56720.pkl,train
42067.pkl,train
24174.pkl,train
8149.pkl,train
19944.pkl,train
5013.pkl,train
51579.pkl,train
3607.pkl,train
49751.pkl,train
28030.pkl,train
18055.pkl,train
50445.pkl,train
47438.pkl,train
17818.pkl,train
412.pkl,train
10264.pkl,train
2168.pkl,train
2524.pkl,train
23886.pkl,train
29027.pkl,train
33830.pkl,train
50375.pkl,train
34146.pkl,train
55129.pkl,train
12472.pkl,train
2861.pkl,train
40284.pkl,train
30367.pkl,train
16288.pkl,train
43152.pkl,train
27577.pkl,train
17807.pkl,train
22981.pkl,train
20136.pkl,train
23659.pkl,train
28234.pkl,train
47758.pkl,train
7514.pkl,train
38556.pkl,train
34508.pkl,train
51289.pkl,train
29108.pkl,train
34858.pkl,train
38119.pkl,train
32980.pkl,train
38845.pkl,train
460.pkl,train
6515.pkl,train
44283.pkl,train
25466.pkl,train
54299.pkl,train
4622.pkl,train
17902.pkl,train
26386.pkl,train
41975.pkl,train
19682.pkl,train
24936.pkl,train
23028.pkl,train
17045.pkl,train
13482.pkl,train
6085.pkl,train
35516.pkl,train
11434.pkl,train
4718.pkl,train
34013.pkl,train
36689.pkl,train
11644.pkl,train
30053.pkl,train
17939.pkl,train
30487.pkl,train
44301.pkl,train
41614.pkl,train
1650.pkl,train
21127.pkl,train
13497.pkl,train
20594.pkl,train
39519.pkl,train
28669.pkl,train
33707.pkl,train
3171.pkl,train
12500.pkl,train
40664.pkl,train
51551.pkl,train
23338.pkl,train
47476.pkl,train
51315.pkl,train
14512.pkl,train
52118.pkl,train
43328.pkl,train
27145.pkl,train
8634.pkl,train
333.pkl,train
15632.pkl,train
33047.pkl,train
3590.pkl,train
44503.pkl,train
9338.pkl,train
1081.pkl,train
47150.pkl,train
10543.pkl,train
54633.pkl,train
22649.pkl,train
37087.pkl,train
1840.pkl,train
56470.pkl,train
24806.pkl,train
18466.pkl,train
11317.pkl,train
39303.pkl,train
37500.pkl,train
56025.pkl,train
40531.pkl,train
52455.pkl,train
32422.pkl,train
45355.pkl,train
15069.pkl,train
42218.pkl,train
20903.pkl,train
54664.pkl,train
44265.pkl,train
53406.pkl,train
46063.pkl,train
27230.pkl,train
2656.pkl,train
14964.pkl,train
41549.pkl,train
48080.pkl,train
35588.pkl,train
29212.pkl,train
14148.pkl,train
55780.pkl,train
37093.pkl,train
5713.pkl,train
19821.pkl,train
10708.pkl,train
50824.pkl,train
21981.pkl,train
23421.pkl,train
32440.pkl,train
7995.pkl,train
24755.pkl,train
9416.pkl,train
37355.pkl,train
92.pkl,train
17326.pkl,train
18509.pkl,train
35517.pkl,train
48972.pkl,train
42911.pkl,train
39947.pkl,train
5943.pkl,train
27511.pkl,train
2490.pkl,train
5409.pkl,train
48928.pkl,train
2989.pkl,train
29274.pkl,train
37376.pkl,train
19933.pkl,train
55732.pkl,train
5397.pkl,train
47116.pkl,train
16544.pkl,train
48403.pkl,train
33749.pkl,train
32162.pkl,train
29039.pkl,train
13449.pkl,train
26690.pkl,train
1049.pkl,train
10378.pkl,train
33150.pkl,train
10458.pkl,train
5329.pkl,train
14956.pkl,train
28420.pkl,train
29542.pkl,train
15909.pkl,train
33815.pkl,train
35980.pkl,train
9905.pkl,train
37980.pkl,train
18534.pkl,train
8275.pkl,train
39232.pkl,train
45908.pkl,train
16917.pkl,train
24837.pkl,train
12391.pkl,train
50949.pkl,train
28571.pkl,train
16776.pkl,train
1050.pkl,train
12478.pkl,train
50047.pkl,train
27273.pkl,train
49794.pkl,train
2951.pkl,train
51561.pkl,train
25631.pkl,train
55031.pkl,train
31710.pkl,train
13020.pkl,train
36936.pkl,train
46581.pkl,train
38440.pkl,train
6091.pkl,train
11552.pkl,train
19476.pkl,train
39501.pkl,train
27295.pkl,train
2854.pkl,train
27975.pkl,train
43983.pkl,train
33773.pkl,train
47906.pkl,train
46135.pkl,train
36984.pkl,train
44043.pkl,train
22806.pkl,train
46154.pkl,train
17839.pkl,train
38946.pkl,train
26622.pkl,train
29161.pkl,train
20470.pkl,train
5038.pkl,train
11159.pkl,train
15753.pkl,train
41379.pkl,train
8945.pkl,train
55252.pkl,train
35818.pkl,train
34976.pkl,train
13476.pkl,train
23185.pkl,train
18077.pkl,train
25715.pkl,train
28040.pkl,train
48239.pkl,train
35262.pkl,train
55839.pkl,train
18159.pkl,train
12967.pkl,train
19644.pkl,train
31970.pkl,train
49664.pkl,train
45922.pkl,train
11196.pkl,train
38588.pkl,train
7585.pkl,train
51020.pkl,train
4127.pkl,train
45775.pkl,train
52780.pkl,train
25946.pkl,train
27748.pkl,train
3501.pkl,train
48604.pkl,train
11646.pkl,train
39861.pkl,train
28846.pkl,train
20637.pkl,train
3353.pkl,train
37481.pkl,train
21256.pkl,train
56685.pkl,train
19453.pkl,train
22979.pkl,train
30832.pkl,train
40240.pkl,train
17632.pkl,train
13293.pkl,train
51406.pkl,train
50393.pkl,train
53063.pkl,train
56262.pkl,train
19582.pkl,train
10435.pkl,train
48805.pkl,train
52641.pkl,train
40244.pkl,train
47203.pkl,train
39285.pkl,train
33781.pkl,train
29019.pkl,train
28582.pkl,train
42446.pkl,train
40226.pkl,train
4756.pkl,train
17118.pkl,train
9721.pkl,train
50866.pkl,train
39.pkl,train
48632.pkl,train
705.pkl,train
20619.pkl,train
11575.pkl,train
38834.pkl,train
34679.pkl,train
16648.pkl,train
53272.pkl,train
46635.pkl,train
33912.pkl,train
47029.pkl,train
40297.pkl,train
23267.pkl,train
52571.pkl,train
42630.pkl,train
38114.pkl,train
11662.pkl,train
42037.pkl,train
8388.pkl,train
6178.pkl,train
42644.pkl,train
44527.pkl,train
800.pkl,train
46096.pkl,train
39121.pkl,train
46050.pkl,train
10658.pkl,train
12347.pkl,train
38176.pkl,train
28388.pkl,train
340.pkl,train
8029.pkl,train
40550.pkl,train
11822.pkl,train
2755.pkl,train
26351.pkl,train
29000.pkl,train
50219.pkl,train
27878.pkl,train
3563.pkl,train
14953.pkl,train
11385.pkl,train
25609.pkl,train
42271.pkl,train
2561.pkl,train
14878.pkl,train
18786.pkl,train
53708.pkl,train
20965.pkl,train
51921.pkl,train
20218.pkl,train
49636.pkl,train
51593.pkl,train
41463.pkl,train
11884.pkl,train
23760.pkl,train
81.pkl,train
4097.pkl,train
4015.pkl,train
20474.pkl,train
55338.pkl,train
17539.pkl,train
49560.pkl,train
38727.pkl,train
8472.pkl,train
43604.pkl,train
13009.pkl,train
41691.pkl,train
22902.pkl,train
23458.pkl,train
48560.pkl,train
15132.pkl,train
25518.pkl,train
48960.pkl,train
6928.pkl,train
25717.pkl,train
3223.pkl,train
5757.pkl,train
47189.pkl,train
48619.pkl,train
30289.pkl,train
30138.pkl,train
51803.pkl,train
34616.pkl,train
4813.pkl,train
10475.pkl,train
14792.pkl,train
45182.pkl,train
33334.pkl,train
33117.pkl,train
51676.pkl,train
23181.pkl,train
46067.pkl,train
50929.pkl,train
13549.pkl,train
17166.pkl,train
46173.pkl,train
38079.pkl,train
54601.pkl,train
36261.pkl,train
51263.pkl,train
55143.pkl,train
44225.pkl,train
2296.pkl,train
34966.pkl,train
41595.pkl,train
35079.pkl,train
8458.pkl,train
42016.pkl,train
2781.pkl,train
51239.pkl,train
32242.pkl,train
33745.pkl,train
55482.pkl,train
21037.pkl,train
39313.pkl,train
33155.pkl,train
4205.pkl,train
669.pkl,train
8172.pkl,train
3852.pkl,train
48326.pkl,train
42682.pkl,train
22079.pkl,train
39087.pkl,train
35355.pkl,train
5528.pkl,train
17306.pkl,train
28779.pkl,train
43146.pkl,train
12786.pkl,train
23487.pkl,train
12171.pkl,train
6517.pkl,train
25747.pkl,train
56397.pkl,train
26323.pkl,train
41625.pkl,train
2026.pkl,train
49921.pkl,train
14478.pkl,train
23621.pkl,train
13400.pkl,train
36515.pkl,train
18914.pkl,train
49809.pkl,train
55512.pkl,train
11379.pkl,train
29966.pkl,train
4856.pkl,train
16153.pkl,train
1266.pkl,train
12284.pkl,train
13027.pkl,train
50428.pkl,train
1227.pkl,train
43856.pkl,train
52721.pkl,train
53443.pkl,train
19238.pkl,train
49070.pkl,train
23841.pkl,train
6065.pkl,train
53902.pkl,train
49853.pkl,train
55940.pkl,train
8699.pkl,train
31344.pkl,train
56784.pkl,train
25360.pkl,train
23366.pkl,train
36210.pkl,train
20451.pkl,train
40969.pkl,train
16162.pkl,train
30108.pkl,train
44509.pkl,train
7058.pkl,train
53801.pkl,train
10411.pkl,train
12190.pkl,train
5075.pkl,train
9422.pkl,train
25839.pkl,train
42432.pkl,train
54255.pkl,train
47949.pkl,train
27371.pkl,train
17121.pkl,train
5865.pkl,train
36839.pkl,train
42892.pkl,train
49220.pkl,train
13680.pkl,train
21149.pkl,train
13057.pkl,train
55034.pkl,train
53352.pkl,train
30247.pkl,train
31557.pkl,train
50050.pkl,train
10789.pkl,train
43047.pkl,train
52136.pkl,train
19982.pkl,train
38511.pkl,train
47190.pkl,train
1054.pkl,train
50662.pkl,train
40763.pkl,train
16217.pkl,train
52961.pkl,train
18596.pkl,train
6187.pkl,train
41544.pkl,train
20886.pkl,train
28751.pkl,train
31.pkl,train
6601.pkl,train
875.pkl,train
8666.pkl,train
18829.pkl,train
52821.pkl,train
13.pkl,train
20221.pkl,train
8713.pkl,train
43157.pkl,train
46125.pkl,train
3669.pkl,train
44498.pkl,train
14551.pkl,train
39314.pkl,train
6867.pkl,train
29666.pkl,train
19432.pkl,train
33862.pkl,train
21173.pkl,train
47000.pkl,train
34027.pkl,train
51728.pkl,train
45386.pkl,train
24056.pkl,train
27303.pkl,train
56668.pkl,train
26794.pkl,train
39998.pkl,train
25352.pkl,train
46132.pkl,train
12741.pkl,train
5861.pkl,train
56640.pkl,train
45597.pkl,train
27470.pkl,train
30437.pkl,train
48923.pkl,train
4647.pkl,train
45957.pkl,train
27849.pkl,train
45824.pkl,train
29077.pkl,train
12453.pkl,train
33842.pkl,train
49260.pkl,train
31856.pkl,train
35335.pkl,train
55195.pkl,train
49767.pkl,train
44850.pkl,train
15289.pkl,train
51252.pkl,train
23229.pkl,train
26968.pkl,train
30751.pkl,train
9065.pkl,train
49567.pkl,train
45614.pkl,train
44669.pkl,train
49487.pkl,train
54991.pkl,train
7665.pkl,train
46027.pkl,train
38896.pkl,train
39383.pkl,train
49236.pkl,train
552.pkl,train
34728.pkl,train
7222.pkl,train
24462.pkl,train
30264.pkl,train
6779.pkl,train
35504.pkl,train
11574.pkl,train
16938.pkl,train
51744.pkl,train
9530.pkl,train
17521.pkl,train
712.pkl,train
12767.pkl,train
32678.pkl,train
22519.pkl,train
33082.pkl,train
15605.pkl,train
53407.pkl,train
40648.pkl,train
34719.pkl,train
8471.pkl,train
55713.pkl,train
43499.pkl,train
36333.pkl,train
51711.pkl,train
47364.pkl,train
38270.pkl,train
8368.pkl,train
55178.pkl,train
45710.pkl,train
18713.pkl,train
53113.pkl,train
31178.pkl,train
54979.pkl,train
17614.pkl,train
25020.pkl,train
33843.pkl,train
34054.pkl,train
30811.pkl,train
13598.pkl,train
32200.pkl,train
55626.pkl,train
52034.pkl,train
55476.pkl,train
9303.pkl,train
38091.pkl,train
23797.pkl,train
56132.pkl,train
49759.pkl,train
28745.pkl,train
19723.pkl,train
24501.pkl,train
12602.pkl,train
51595.pkl,train
17277.pkl,train
4155.pkl,train
56020.pkl,train
32047.pkl,train
51605.pkl,train
3111.pkl,train
14885.pkl,train
5587.pkl,train
52018.pkl,train
55019.pkl,train
21905.pkl,train
28434.pkl,train
7702.pkl,train
56359.pkl,train
31744.pkl,train
54079.pkl,train
13838.pkl,train
38280.pkl,train
54522.pkl,train
23834.pkl,train
20736.pkl,train
20170.pkl,train
34774.pkl,train
13679.pkl,train
5148.pkl,train
52862.pkl,train
49474.pkl,train
8677.pkl,train
48028.pkl,train
29162.pkl,train
26954.pkl,train
8400.pkl,train
35084.pkl,train
52022.pkl,train
50229.pkl,train
46335.pkl,train
49960.pkl,train
21842.pkl,train
8954.pkl,train
21679.pkl,train
38780.pkl,train
52771.pkl,train
35723.pkl,train
41657.pkl,train
6948.pkl,train
56770.pkl,train
15468.pkl,train
47023.pkl,train
17987.pkl,train
27137.pkl,train
32399.pkl,train
9935.pkl,train
47622.pkl,train
22445.pkl,train
24455.pkl,train
15043.pkl,train
20707.pkl,train
17112.pkl,train
42256.pkl,train
35214.pkl,train
46200.pkl,train
39912.pkl,train
45525.pkl,train
55951.pkl,train
20153.pkl,train
38095.pkl,train
30949.pkl,train
51846.pkl,train
49058.pkl,train
55197.pkl,train
47115.pkl,train
8096.pkl,train
12003.pkl,train
39339.pkl,train
6735.pkl,train
19204.pkl,train
38107.pkl,train
17977.pkl,train
38807.pkl,train
51346.pkl,train
52494.pkl,train
29417.pkl,train
35859.pkl,train
49408.pkl,train
4714.pkl,train
37176.pkl,train
56225.pkl,train
8541.pkl,train
33307.pkl,train
2565.pkl,train
55776.pkl,train
28948.pkl,train
22449.pkl,train
43241.pkl,train
14834.pkl,train
42975.pkl,train
10920.pkl,train
53017.pkl,train
27610.pkl,train
18309.pkl,train
19145.pkl,train
43905.pkl,train
18569.pkl,train
38936.pkl,train
31690.pkl,train
1016.pkl,train
8139.pkl,train
19888.pkl,train
15153.pkl,train
45901.pkl,train
15195.pkl,train
36561.pkl,train
17316.pkl,train
39730.pkl,train
20014.pkl,train
17678.pkl,train
29946.pkl,train
37999.pkl,train
26434.pkl,train
43763.pkl,train
43877.pkl,train
53516.pkl,train
56825.pkl,train
46158.pkl,train
1905.pkl,train
43432.pkl,train
7358.pkl,train
29556.pkl,train
51421.pkl,train
54078.pkl,train
10407.pkl,train
15122.pkl,train
29760.pkl,train
43969.pkl,train
26471.pkl,train
54908.pkl,train
35078.pkl,train
21848.pkl,train
41765.pkl,train
53021.pkl,train
7511.pkl,train
714.pkl,train
27456.pkl,train
25165.pkl,train
34990.pkl,train
46491.pkl,train
52625.pkl,train
23654.pkl,train
9141.pkl,train
25283.pkl,train
13834.pkl,train
29793.pkl,train
25072.pkl,train
53634.pkl,train
8151.pkl,train
56237.pkl,train
24768.pkl,train
47923.pkl,train
12119.pkl,train
46706.pkl,train
30698.pkl,train
20163.pkl,train
28599.pkl,train
25948.pkl,train
22930.pkl,train
3414.pkl,train
50030.pkl,train
8390.pkl,train
51276.pkl,train
24171.pkl,train
23112.pkl,train
40805.pkl,train
25753.pkl,train
14444.pkl,train
20158.pkl,train
11756.pkl,train
19370.pkl,train
15248.pkl,train
55584.pkl,train
33844.pkl,train
43141.pkl,train
45126.pkl,train
53256.pkl,train
45210.pkl,train
17420.pkl,train
16597.pkl,train
21797.pkl,train
56432.pkl,train
4349.pkl,train
14395.pkl,train
20439.pkl,train
45841.pkl,train
621.pkl,train
4717.pkl,train
805.pkl,train
25818.pkl,train
25071.pkl,train
53637.pkl,train
29489.pkl,train
51188.pkl,train
52848.pkl,train
16524.pkl,train
25980.pkl,train
35097.pkl,train
14889.pkl,train
36856.pkl,train
48984.pkl,train
41223.pkl,train
16229.pkl,train
50163.pkl,train
13327.pkl,train
27780.pkl,train
33064.pkl,train
37387.pkl,train
28103.pkl,train
26061.pkl,train
5536.pkl,train
42660.pkl,train
54707.pkl,train
30348.pkl,train
47718.pkl,train
46720.pkl,train
12226.pkl,train
31166.pkl,train
6120.pkl,train
30457.pkl,train
19641.pkl,train
56503.pkl,train
14390.pkl,train
8846.pkl,train
3866.pkl,train
50711.pkl,train
18616.pkl,train
14740.pkl,train
19239.pkl,train
33071.pkl,train
25388.pkl,train
54663.pkl,train
8717.pkl,train
56764.pkl,train
43732.pkl,train
6257.pkl,train
19061.pkl,train
45093.pkl,train
32265.pkl,train
34087.pkl,train
41202.pkl,train
21666.pkl,train
2504.pkl,train
36212.pkl,train
46192.pkl,train
10980.pkl,train
48420.pkl,train
43050.pkl,train
50666.pkl,train
33947.pkl,train
14131.pkl,train
21692.pkl,train
14369.pkl,train
7905.pkl,train
8260.pkl,train
23007.pkl,train
26497.pkl,train
49720.pkl,train
14429.pkl,train
45778.pkl,train
24335.pkl,train
27864.pkl,train
40707.pkl,train
45164.pkl,train
51411.pkl,train
6159.pkl,train
22012.pkl,train
27219.pkl,train
22653.pkl,train
20146.pkl,train
315.pkl,train
38132.pkl,train
41252.pkl,train
1337.pkl,train
33209.pkl,train
5974.pkl,train
43273.pkl,train
2370.pkl,train
24098.pkl,train
23731.pkl,train
56010.pkl,train
47529.pkl,train
38314.pkl,train
54049.pkl,train
14810.pkl,train
14937.pkl,train
55146.pkl,train
10395.pkl,train
44058.pkl,train
19972.pkl,train
39103.pkl,train
55949.pkl,train
47397.pkl,train
53556.pkl,train
47565.pkl,train
1334.pkl,train
30512.pkl,train
4396.pkl,train
12606.pkl,train
4724.pkl,train
10570.pkl,train
17781.pkl,train
7212.pkl,train
41981.pkl,train
38720.pkl,train
30589.pkl,train
32338.pkl,train
48838.pkl,train
44898.pkl,train
35295.pkl,train
16699.pkl,train
46810.pkl,train
53192.pkl,train
46982.pkl,train
18702.pkl,train
1088.pkl,train
40743.pkl,train
21786.pkl,train
24865.pkl,train
56911.pkl,train
22175.pkl,train
38245.pkl,train
31494.pkl,train
20963.pkl,train
24597.pkl,train
40705.pkl,train
8463.pkl,train
36578.pkl,train
57000.pkl,train
55939.pkl,train
8785.pkl,train
9770.pkl,train
17051.pkl,train
42211.pkl,train
44162.pkl,train
4271.pkl,train
3689.pkl,train
7769.pkl,train
23612.pkl,train
4628.pkl,train
14679.pkl,train
55770.pkl,train
2870.pkl,train
7189.pkl,train
17617.pkl,train
39158.pkl,train
35547.pkl,train
42277.pkl,train
31937.pkl,train
14344.pkl,train
7307.pkl,train
52339.pkl,train
41750.pkl,train
43787.pkl,train
22117.pkl,train
40615.pkl,train
17704.pkl,train
19195.pkl,train
21827.pkl,train
50240.pkl,train
18888.pkl,train
5082.pkl,train
6553.pkl,train
15472.pkl,train
40782.pkl,train
15336.pkl,train
35598.pkl,train
12172.pkl,train
10022.pkl,train
9692.pkl,train
21990.pkl,train
34118.pkl,train
32295.pkl,train
14698.pkl,train
11601.pkl,train
48293.pkl,train
48704.pkl,train
7281.pkl,train
40197.pkl,train
15101.pkl,train
9942.pkl,train
14118.pkl,train
46437.pkl,train
36880.pkl,train
44201.pkl,train
16796.pkl,train
18204.pkl,train
52519.pkl,train
52713.pkl,train
14235.pkl,train
33869.pkl,train
17330.pkl,train
39753.pkl,train
32593.pkl,train
36438.pkl,train
6764.pkl,train
14657.pkl,train
51169.pkl,train
30813.pkl,train
8589.pkl,train
1704.pkl,train
15787.pkl,train
20956.pkl,train
29562.pkl,train
36284.pkl,train
2901.pkl,train
4617.pkl,train
50479.pkl,train
20551.pkl,train
41951.pkl,train
50826.pkl,train
25110.pkl,train
2199.pkl,train
4229.pkl,train
52154.pkl,train
21076.pkl,train
42435.pkl,train
28353.pkl,train
21292.pkl,train
46877.pkl,train
33735.pkl,train
47106.pkl,train
9712.pkl,train
38647.pkl,train
45759.pkl,train
35482.pkl,train
54398.pkl,train
33404.pkl,train
1090.pkl,train
5341.pkl,train
47398.pkl,train
19062.pkl,train
15570.pkl,train
41311.pkl,train
12403.pkl,train
22463.pkl,train
52730.pkl,train
47533.pkl,train
18800.pkl,train
16563.pkl,train
29294.pkl,train
8654.pkl,train
13307.pkl,train
46633.pkl,train
25703.pkl,train
47234.pkl,train
754.pkl,train
44064.pkl,train
29253.pkl,train
7108.pkl,train
35639.pkl,train
18121.pkl,train
15305.pkl,train
52511.pkl,train
42658.pkl,train
11782.pkl,train
44756.pkl,train
34016.pkl,train
24622.pkl,train
17955.pkl,train
11696.pkl,train
4583.pkl,train
45142.pkl,train
6789.pkl,train
34445.pkl,train
44634.pkl,train
45395.pkl,train
23309.pkl,train
27729.pkl,train
1057.pkl,train
17104.pkl,train
12105.pkl,train
31945.pkl,train
53887.pkl,train
23652.pkl,train
52229.pkl,train
52885.pkl,train
35205.pkl,train
55022.pkl,train
44147.pkl,train
6969.pkl,train
18401.pkl,train
31960.pkl,train
15265.pkl,train
44103.pkl,train
7157.pkl,train
52509.pkl,train
19358.pkl,train
52126.pkl,train
41423.pkl,train
28028.pkl,train
49734.pkl,train
45440.pkl,train
11675.pkl,train
5927.pkl,train
21758.pkl,train
9072.pkl,train
41033.pkl,train
27978.pkl,train
40150.pkl,train
32476.pkl,train
6981.pkl,train
52873.pkl,train
30577.pkl,train
41638.pkl,train
41619.pkl,train
7928.pkl,train
53721.pkl,train
55824.pkl,train
17088.pkl,train
13102.pkl,train
46380.pkl,train
21402.pkl,train
1401.pkl,train
25638.pkl,train
46782.pkl,train
2749.pkl,train
41355.pkl,train
31702.pkl,train
24217.pkl,train
37099.pkl,train
16019.pkl,train
2470.pkl,train
29164.pkl,train
17654.pkl,train
31304.pkl,train
44678.pkl,train
43294.pkl,train
27072.pkl,train
37986.pkl,train
36025.pkl,train
26082.pkl,train
19150.pkl,train
36911.pkl,train
6160.pkl,train
14726.pkl,train
42859.pkl,train
41129.pkl,train
19673.pkl,train
44346.pkl,train
12739.pkl,train
39055.pkl,train
52377.pkl,train
5994.pkl,train
46077.pkl,train
9989.pkl,train
43720.pkl,train
21532.pkl,train
46476.pkl,train
47287.pkl,train
1570.pkl,train
29518.pkl,train
46714.pkl,train
9444.pkl,train
22934.pkl,train
9006.pkl,train
35837.pkl,train
47750.pkl,train
21649.pkl,train
45680.pkl,train
49694.pkl,train
55470.pkl,train
36064.pkl,train
41741.pkl,train
53172.pkl,train
49286.pkl,train
25603.pkl,train
13054.pkl,train
47228.pkl,train
38600.pkl,train
13740.pkl,train
41831.pkl,train
53132.pkl,train
22982.pkl,train
37878.pkl,train
20918.pkl,train
56180.pkl,train
8044.pkl,train
52616.pkl,train
18119.pkl,train
370.pkl,train
48641.pkl,train
15811.pkl,train
13847.pkl,train
48058.pkl,train
10823.pkl,train
438.pkl,train
1305.pkl,train
1184.pkl,train
25327.pkl,train
17168.pkl,train
54733.pkl,train
39736.pkl,train
18515.pkl,train
24456.pkl,train
44733.pkl,train
30088.pkl,train
36459.pkl,train
47159.pkl,train
20906.pkl,train
45258.pkl,train
54316.pkl,train
1756.pkl,train
18973.pkl,train
41505.pkl,train
35754.pkl,train
49801.pkl,train
43184.pkl,train
28426.pkl,train
28230.pkl,train
38248.pkl,train
19996.pkl,train
41198.pkl,train
38198.pkl,train
14694.pkl,train
39614.pkl,train
5902.pkl,train
45099.pkl,train
30511.pkl,train
11357.pkl,train
35991.pkl,train
39933.pkl,train
4547.pkl,train
810.pkl,train
21887.pkl,train
31240.pkl,train
8900.pkl,train
11548.pkl,train
18113.pkl,train
43362.pkl,train
8050.pkl,train
54073.pkl,train
35734.pkl,train
31894.pkl,train
10813.pkl,train
40209.pkl,train
30901.pkl,train
55364.pkl,train
27440.pkl,train
7356.pkl,train
5733.pkl,train
11334.pkl,train
34750.pkl,train
21480.pkl,train
1021.pkl,train
3521.pkl,train
52418.pkl,train
35457.pkl,train
3063.pkl,train
2849.pkl,train
45080.pkl,train
8566.pkl,train
55418.pkl,train
15675.pkl,train
44690.pkl,train
42738.pkl,train
33119.pkl,train
25320.pkl,train
22331.pkl,train
6151.pkl,train
17328.pkl,train
55277.pkl,train
1182.pkl,train
21048.pkl,train
16912.pkl,train
56078.pkl,train
48625.pkl,train
39775.pkl,train
26845.pkl,train
38049.pkl,train
31721.pkl,train
55013.pkl,train
47931.pkl,train
54422.pkl,train
11480.pkl,train
32049.pkl,train
56385.pkl,train
6893.pkl,train
45153.pkl,train
46741.pkl,train
5101.pkl,train
42537.pkl,train
53925.pkl,train
28466.pkl,train
1128.pkl,train
19810.pkl,train
45489.pkl,train
46189.pkl,train
36073.pkl,train
34610.pkl,train
44247.pkl,train
11427.pkl,train
17981.pkl,train
1313.pkl,train
35995.pkl,train
46195.pkl,train
32237.pkl,train
12578.pkl,train
507.pkl,train
1848.pkl,train
33892.pkl,train
1974.pkl,train
2759.pkl,train
16397.pkl,train
35796.pkl,train
50225.pkl,train
35710.pkl,train
41309.pkl,train
31997.pkl,train
20482.pkl,train
3610.pkl,train
40546.pkl,train
47779.pkl,train
48224.pkl,train
38392.pkl,train
33203.pkl,train
31879.pkl,train
44522.pkl,train
20763.pkl,train
33752.pkl,train
21909.pkl,train
47032.pkl,train
45151.pkl,train
10203.pkl,train
17172.pkl,train
55943.pkl,train
29843.pkl,train
38089.pkl,train
3630.pkl,train
29185.pkl,train
50561.pkl,train
27733.pkl,train
16626.pkl,train
34133.pkl,train
50104.pkl,train
55340.pkl,train
10057.pkl,train
8760.pkl,train
50223.pkl,train
18123.pkl,train
32059.pkl,train
29651.pkl,train
7605.pkl,train
29627.pkl,train
42964.pkl,train
23139.pkl,train
8167.pkl,train
37708.pkl,train
11453.pkl,train
34647.pkl,train
22963.pkl,train
12723.pkl,train
20390.pkl,train
28196.pkl,train
40391.pkl,train
9297.pkl,train
26214.pkl,train
22133.pkl,train
18363.pkl,train
26864.pkl,train
34954.pkl,train
36973.pkl,train
21847.pkl,train
38253.pkl,train
12958.pkl,train
14205.pkl,train
860.pkl,train
23125.pkl,train
35352.pkl,train
10764.pkl,train
19645.pkl,train
29759.pkl,train
34953.pkl,train
50004.pkl,train
56019.pkl,train
16773.pkl,train
29571.pkl,train
22009.pkl,train
36152.pkl,train
48243.pkl,train
23179.pkl,train
17188.pkl,train
21158.pkl,train
12965.pkl,train
56167.pkl,train
27052.pkl,train
56149.pkl,train
40467.pkl,train
28053.pkl,train
56494.pkl,train
45408.pkl,train
17747.pkl,train
10354.pkl,train
52817.pkl,train
561.pkl,train
45197.pkl,train
329.pkl,train
42283.pkl,train
53186.pkl,train
498.pkl,train
29022.pkl,train
39789.pkl,train
23483.pkl,train
31266.pkl,train
21182.pkl,train
40187.pkl,train
46577.pkl,train
42048.pkl,train
41389.pkl,train
19135.pkl,train
35792.pkl,train
29322.pkl,train
28848.pkl,train
49962.pkl,train
6720.pkl,train
20121.pkl,train
44737.pkl,train
34261.pkl,train
28236.pkl,train
17583.pkl,train
37876.pkl,train
11018.pkl,train
2356.pkl,train
55861.pkl,train
33398.pkl,train
12901.pkl,train
12181.pkl,train
50441.pkl,train
11719.pkl,train
34618.pkl,train
38863.pkl,train
44869.pkl,train
50819.pkl,train
40236.pkl,train
54021.pkl,train
8841.pkl,train
34155.pkl,train
39441.pkl,train
36793.pkl,train
47694.pkl,train
9695.pkl,train
17810.pkl,train
49876.pkl,train
8910.pkl,train
26972.pkl,train
45863.pkl,train
16135.pkl,train
14557.pkl,train
14124.pkl,train
966.pkl,train
21941.pkl,train
14491.pkl,train
52011.pkl,train
6723.pkl,train
45384.pkl,train
3137.pkl,train
34939.pkl,train
38577.pkl,train
12258.pkl,train
44271.pkl,train
15162.pkl,train
17360.pkl,train
37429.pkl,train
8907.pkl,train
13242.pkl,train
38535.pkl,train
14526.pkl,train
55349.pkl,train
21985.pkl,train
37063.pkl,train
48377.pkl,train
8584.pkl,train
33069.pkl,train
25716.pkl,train
16713.pkl,train
45038.pkl,train
35717.pkl,train
55180.pkl,train
32719.pkl,train
31840.pkl,train
17125.pkl,train
53095.pkl,train
49259.pkl,train
13255.pkl,train
50709.pkl,train
229.pkl,train
19987.pkl,train
18173.pkl,train
24649.pkl,train
39027.pkl,train
21919.pkl,train
42609.pkl,train
55087.pkl,train
21738.pkl,train
3297.pkl,train
41076.pkl,train
21200.pkl,train
20255.pkl,train
4467.pkl,train
15253.pkl,train
53239.pkl,train
54225.pkl,train
18342.pkl,train
47732.pkl,train
15800.pkl,train
27368.pkl,train
38056.pkl,train
10375.pkl,train
9834.pkl,train
24678.pkl,train
7343.pkl,train
8240.pkl,train
49587.pkl,train
24194.pkl,train
49255.pkl,train
53181.pkl,train
52104.pkl,train
51573.pkl,train
46681.pkl,train
45304.pkl,train
55946.pkl,train
22450.pkl,train
18206.pkl,train
34545.pkl,train
35812.pkl,train
16928.pkl,train
51619.pkl,train
44374.pkl,train
48174.pkl,train
38648.pkl,train
8033.pkl,train
52947.pkl,train
43871.pkl,train
31068.pkl,train
25175.pkl,train
13203.pkl,train
6076.pkl,train
18561.pkl,train
30993.pkl,train
4912.pkl,train
17032.pkl,train
55658.pkl,train
37577.pkl,train
26870.pkl,train
26903.pkl,train
37123.pkl,train
32650.pkl,train
22700.pkl,train
38353.pkl,train
37735.pkl,train
40206.pkl,train
7263.pkl,train
51218.pkl,train
3618.pkl,train
6471.pkl,train
21137.pkl,train
44299.pkl,train
52288.pkl,train
42835.pkl,train
44728.pkl,train
40898.pkl,train
41024.pkl,train
41946.pkl,train
29119.pkl,train
13884.pkl,train
51267.pkl,train
6678.pkl,train
34519.pkl,train
4051.pkl,train
38045.pkl,train
13415.pkl,train
41659.pkl,train
10082.pkl,train
52844.pkl,train
3090.pkl,train
40003.pkl,train
3812.pkl,train
35549.pkl,train
26270.pkl,train
6623.pkl,train
23824.pkl,train
7029.pkl,train
45738.pkl,train
50804.pkl,train
37497.pkl,train
36404.pkl,train
20787.pkl,train
53577.pkl,train
24225.pkl,train
16463.pkl,train
55317.pkl,train
33287.pkl,train
45843.pkl,train
13008.pkl,train
31021.pkl,train
41290.pkl,train
49740.pkl,train
37100.pkl,train
46586.pkl,train
38841.pkl,train
51970.pkl,train
24952.pkl,train
50899.pkl,train
36132.pkl,train
16323.pkl,train
29734.pkl,train
52984.pkl,train
20897.pkl,train
56905.pkl,train
53233.pkl,train
38298.pkl,train
15288.pkl,train
25737.pkl,train
47828.pkl,train
34646.pkl,train
50199.pkl,train
54596.pkl,train
37417.pkl,train
34518.pkl,train
48740.pkl,train
13969.pkl,train
6457.pkl,train
21219.pkl,train
90.pkl,train
3760.pkl,train
23937.pkl,train
47847.pkl,train
30940.pkl,train
24297.pkl,train
55577.pkl,train
7057.pkl,train
54697.pkl,train
56328.pkl,train
20784.pkl,train
11244.pkl,train
48363.pkl,train
38584.pkl,train
18298.pkl,train
14771.pkl,train
5853.pkl,train
54446.pkl,train
27517.pkl,train
16707.pkl,train
53286.pkl,train
22670.pkl,train
34546.pkl,train
33304.pkl,train
23793.pkl,train
13138.pkl,train
56220.pkl,train
16929.pkl,train
24835.pkl,train
11313.pkl,train
54560.pkl,train
28731.pkl,train
4794.pkl,train
41912.pkl,train
45195.pkl,train
12948.pkl,train
18458.pkl,train
38546.pkl,train
51031.pkl,train
6089.pkl,train
33472.pkl,train
10382.pkl,train
14026.pkl,train
26936.pkl,train
5878.pkl,train
11569.pkl,train
53782.pkl,train
33177.pkl,train
45013.pkl,train
5499.pkl,train
49934.pkl,train
22387.pkl,train
29335.pkl,train
33342.pkl,train
20693.pkl,train
50059.pkl,train
25417.pkl,train
2084.pkl,train
3548.pkl,train
38334.pkl,train
17943.pkl,train
16127.pkl,train
54360.pkl,train
30916.pkl,train
42673.pkl,train
22537.pkl,train
31806.pkl,train
12666.pkl,train
50341.pkl,train
34894.pkl,train
43930.pkl,train
21024.pkl,train
24318.pkl,train
1131.pkl,train
39660.pkl,train
51429.pkl,train
45016.pkl,train
17782.pkl,train
53764.pkl,train
23702.pkl,train
9540.pkl,train
54317.pkl,train
1459.pkl,train
17447.pkl,train
8007.pkl,train
12924.pkl,train
28404.pkl,train
23170.pkl,train
23662.pkl,train
55257.pkl,train
34159.pkl,train
29596.pkl,train
18749.pkl,train
44421.pkl,train
24517.pkl,train
16826.pkl,train
20723.pkl,train
1386.pkl,train
50681.pkl,train
31696.pkl,train
42553.pkl,train
53061.pkl,train
9488.pkl,train
6303.pkl,train
18357.pkl,train
17427.pkl,train
19848.pkl,train
22388.pkl,train
11591.pkl,train
17518.pkl,train
35742.pkl,train
42370.pkl,train
35373.pkl,train
4750.pkl,train
1911.pkl,train
37992.pkl,train
37510.pkl,train
48570.pkl,train
28445.pkl,train
8282.pkl,train
8239.pkl,train
8346.pkl,train
56022.pkl,train
29304.pkl,train
23901.pkl,train
51366.pkl,train
26665.pkl,train
17537.pkl,train
43506.pkl,train
16265.pkl,train
22466.pkl,train
14665.pkl,train
13100.pkl,train
45820.pkl,train
5975.pkl,train
22215.pkl,train
4796.pkl,train
8561.pkl,train
38803.pkl,train
2915.pkl,train
44249.pkl,train
26400.pkl,train
37182.pkl,train
43419.pkl,train
20695.pkl,train
43574.pkl,train
14073.pkl,train
25105.pkl,train
54236.pkl,train
18924.pkl,train
56661.pkl,train
10315.pkl,train
50032.pkl,train
23469.pkl,train
23586.pkl,train
29078.pkl,train
31567.pkl,train
48961.pkl,train
17980.pkl,train
46565.pkl,train
18425.pkl,train
41730.pkl,train
56632.pkl,train
41315.pkl,train
17601.pkl,train
46030.pkl,train
23658.pkl,train
3502.pkl,train
5427.pkl,train
14833.pkl,train
40784.pkl,train
41642.pkl,train
15644.pkl,train
1210.pkl,train
51013.pkl,train
31684.pkl,train
46843.pkl,train
31112.pkl,train
21233.pkl,train
40735.pkl,train
19532.pkl,train
54541.pkl,train
47050.pkl,train
2531.pkl,train
37774.pkl,train
53475.pkl,train
32698.pkl,train
54906.pkl,train
53868.pkl,train
26344.pkl,train
29158.pkl,train
41953.pkl,train
14354.pkl,train
24095.pkl,train
16969.pkl,train
38129.pkl,train
39089.pkl,train
27854.pkl,train
9709.pkl,train
3344.pkl,train
17547.pkl,train
23917.pkl,train
49028.pkl,train
36184.pkl,train
48856.pkl,train
23182.pkl,train
20614.pkl,train
37877.pkl,train
28091.pkl,train
19426.pkl,train
51540.pkl,train
7118.pkl,train
15522.pkl,train
35808.pkl,train
37002.pkl,train
46707.pkl,train
37313.pkl,train
38411.pkl,train
18442.pkl,train
46388.pkl,train
1607.pkl,train
32922.pkl,train
13213.pkl,train
42499.pkl,train
25504.pkl,train
43557.pkl,train
54600.pkl,train
2874.pkl,train
19497.pkl,train
51923.pkl,train
28288.pkl,train
32933.pkl,train
20245.pkl,train
6451.pkl,train
14085.pkl,train
37071.pkl,train
3524.pkl,train
24444.pkl,train
56736.pkl,train
33531.pkl,train
39023.pkl,train
14772.pkl,train
615.pkl,train
41853.pkl,train
20463.pkl,train
32858.pkl,train
42985.pkl,train
44484.pkl,train
38762.pkl,train
4237.pkl,train
17844.pkl,train
47521.pkl,train
41578.pkl,train
33900.pkl,train
29606.pkl,train
11096.pkl,train
54814.pkl,train
20745.pkl,train
32219.pkl,train
26286.pkl,train
44439.pkl,train
45782.pkl,train
26769.pkl,train
1449.pkl,train
42806.pkl,train
51408.pkl,train
13845.pkl,train
55592.pkl,train
55406.pkl,train
19070.pkl,train
53141.pkl,train
40426.pkl,train
16126.pkl,train
24464.pkl,train
52795.pkl,train
23301.pkl,train
20016.pkl,train
5527.pkl,train
50773.pkl,train
34141.pkl,train
4642.pkl,train
24079.pkl,train
77.pkl,train
51869.pkl,train
25586.pkl,train
35245.pkl,train
9704.pkl,train
11930.pkl,train
18743.pkl,train
11407.pkl,train
23706.pkl,train
47991.pkl,train
30440.pkl,train
23545.pkl,train
46806.pkl,train
52569.pkl,train
17344.pkl,train
36528.pkl,train
14288.pkl,train
53836.pkl,train
55580.pkl,train
1605.pkl,train
23011.pkl,train
17463.pkl,train
20881.pkl,train
20148.pkl,train
53529.pkl,train
32856.pkl,train
39039.pkl,train
5385.pkl,train
31888.pkl,train
44809.pkl,train
31540.pkl,train
41520.pkl,train
17830.pkl,train
17962.pkl,train
54843.pkl,train
51394.pkl,train
8766.pkl,train
31707.pkl,train
7650.pkl,train
39552.pkl,train
31617.pkl,train
25751.pkl,train
42082.pkl,train
27483.pkl,train
52038.pkl,train
19200.pkl,train
32784.pkl,train
49409.pkl,train
30829.pkl,train
7022.pkl,train
44155.pkl,train
2191.pkl,train
36116.pkl,train
7954.pkl,train
48670.pkl,train
54376.pkl,train
13477.pkl,train
22237.pkl,train
31000.pkl,train
12866.pkl,train
13048.pkl,train
11761.pkl,train
43849.pkl,train
29256.pkl,train
24987.pkl,train
53382.pkl,train
50814.pkl,train
16374.pkl,train
1004.pkl,train
15313.pkl,train
26859.pkl,train
35238.pkl,train
3315.pkl,train
36202.pkl,train
53736.pkl,train
1093.pkl,train
20777.pkl,train
8516.pkl,train
45903.pkl,train
24588.pkl,train
9293.pkl,train
51539.pkl,train
11026.pkl,train
26841.pkl,train
1526.pkl,train
20412.pkl,train
36420.pkl,train
39738.pkl,train
51402.pkl,train
18662.pkl,train
18517.pkl,train
47420.pkl,train
40676.pkl,train
7327.pkl,train
45467.pkl,train
31026.pkl,train
1464.pkl,train
16855.pkl,train
5137.pkl,train
52088.pkl,train
16569.pkl,train
26098.pkl,train
2382.pkl,train
42006.pkl,train
10853.pkl,train
29551.pkl,train
12385.pkl,train
50231.pkl,train
38194.pkl,train
4005.pkl,train
40928.pkl,train
18864.pkl,train
1885.pkl,train
51855.pkl,train
7256.pkl,train
30937.pkl,train
46784.pkl,train
55251.pkl,train
34444.pkl,train
7539.pkl,train
24702.pkl,train
18346.pkl,train
14035.pkl,train
50350.pkl,train
24076.pkl,train
10252.pkl,train
878.pkl,train
51168.pkl,train
8485.pkl,train
40830.pkl,train
5590.pkl,train
56252.pkl,train
55582.pkl,train
39727.pkl,train
55528.pkl,train
25652.pkl,train
27316.pkl,train
56681.pkl,train
38488.pkl,train
53649.pkl,train
46550.pkl,train
19154.pkl,train
53498.pkl,train
3781.pkl,train
2577.pkl,train
38361.pkl,train
7779.pkl,train
19152.pkl,train
3658.pkl,train
7193.pkl,train
10821.pkl,train
18724.pkl,train
52226.pkl,train
49032.pkl,train
24715.pkl,train
4475.pkl,train
37681.pkl,train
22677.pkl,train
26937.pkl,train
31250.pkl,train
29252.pkl,train
42674.pkl,train
24753.pkl,train
45254.pkl,train
19565.pkl,train
29644.pkl,train
33725.pkl,train
27872.pkl,train
29563.pkl,train
14968.pkl,train
19640.pkl,train
43864.pkl,train
2195.pkl,train
31924.pkl,train
48669.pkl,train
29676.pkl,train
19830.pkl,train
18339.pkl,train
12817.pkl,train
35162.pkl,train
43287.pkl,train
15961.pkl,train
53274.pkl,train
47251.pkl,train
11815.pkl,train
1108.pkl,train
37518.pkl,train
50880.pkl,train
6624.pkl,train
30350.pkl,train
56066.pkl,train
85.pkl,train
24044.pkl,train
2109.pkl,train
20712.pkl,train
45066.pkl,train
5445.pkl,train
44624.pkl,train
11165.pkl,train
24596.pkl,train
38041.pkl,train
20765.pkl,train
36205.pkl,train
11837.pkl,train
46932.pkl,train
18398.pkl,train
33228.pkl,train
6450.pkl,train
36822.pkl,train
9805.pkl,train
25172.pkl,train
33201.pkl,train
32707.pkl,train
29025.pkl,train
17619.pkl,train
1329.pkl,train
29406.pkl,train
10917.pkl,train
8468.pkl,train
38923.pkl,train
32906.pkl,train
45961.pkl,train
1208.pkl,train
54029.pkl,train
44711.pkl,train
25763.pkl,train
22110.pkl,train
16581.pkl,train
31695.pkl,train
48444.pkl,train
45497.pkl,train
41534.pkl,train
29439.pkl,train
44532.pkl,train
23540.pkl,train
10539.pkl,train
35971.pkl,train
17055.pkl,train
51508.pkl,train
45212.pkl,train
14880.pkl,train
23657.pkl,train
44416.pkl,train
22154.pkl,train
38275.pkl,train
8763.pkl,train
47563.pkl,train
17900.pkl,train
2774.pkl,train
40856.pkl,train
7224.pkl,train
868.pkl,train
35082.pkl,train
10639.pkl,train
14591.pkl,train
12850.pkl,train
25010.pkl,train
12911.pkl,train
15215.pkl,train
54545.pkl,train
31541.pkl,train
9359.pkl,train
35051.pkl,train
11795.pkl,train
46138.pkl,train
55201.pkl,train
20611.pkl,train
50732.pkl,train
28651.pkl,train
2806.pkl,train
35565.pkl,train
13914.pkl,train
20269.pkl,train
2358.pkl,train
43149.pkl,train
32196.pkl,train
17653.pkl,train
45661.pkl,train
48916.pkl,train
46069.pkl,train
6637.pkl,train
42622.pkl,train
1813.pkl,train
12511.pkl,train
49925.pkl,train
8959.pkl,train
880.pkl,train
3141.pkl,train
52654.pkl,train
50688.pkl,train
46041.pkl,train
26778.pkl,train
49052.pkl,train
36056.pkl,train
50693.pkl,train
31218.pkl,train
6268.pkl,train
31719.pkl,train
1303.pkl,train
3641.pkl,train
41709.pkl,train
40261.pkl,train
39954.pkl,train
35642.pkl,train
22103.pkl,train
51899.pkl,train
51214.pkl,train
15210.pkl,train
54115.pkl,train
34636.pkl,train
36979.pkl,train
20578.pkl,train
22583.pkl,train
18967.pkl,train
42684.pkl,train
9182.pkl,train
50702.pkl,train
912.pkl,train
12940.pkl,train
47651.pkl,train
41319.pkl,train
28329.pkl,train
44717.pkl,train
12671.pkl,train
15561.pkl,train
55215.pkl,train
2149.pkl,train
608.pkl,train
2232.pkl,train
636.pkl,train
39740.pkl,train
18658.pkl,train
38268.pkl,train
31450.pkl,train
34480.pkl,train
36618.pkl,train
51463.pkl,train
21139.pkl,train
16244.pkl,train
36230.pkl,train
52852.pkl,train
53273.pkl,train
12591.pkl,train
19419.pkl,train
53692.pkl,train
24827.pkl,train
46179.pkl,train
35069.pkl,train
40918.pkl,train
29659.pkl,train
18252.pkl,train
50306.pkl,train
14423.pkl,train
42751.pkl,train
25202.pkl,train
27528.pkl,train
23461.pkl,train
48371.pkl,train
38806.pkl,train
40008.pkl,train
35800.pkl,train
50749.pkl,train
46371.pkl,train
54321.pkl,train
41572.pkl,train
4176.pkl,train
31499.pkl,train
21970.pkl,train
13372.pkl,train
50725.pkl,train
40644.pkl,train
26753.pkl,train
48551.pkl,train
29174.pkl,train
23902.pkl,train
10584.pkl,train
18030.pkl,train
34098.pkl,train
27245.pkl,train
17996.pkl,train
1852.pkl,train
20488.pkl,train
367.pkl,train
47517.pkl,train
13411.pkl,train
16805.pkl,train
50948.pkl,train
56726.pkl,train
51377.pkl,train
25639.pkl,train
7947.pkl,train
22843.pkl,train
24441.pkl,train
16881.pkl,train
41177.pkl,train
32869.pkl,train
49211.pkl,train
46528.pkl,train
49586.pkl,train
34078.pkl,train
26010.pkl,train
41637.pkl,train
34525.pkl,train
53297.pkl,train
39015.pkl,train
12301.pkl,train
9643.pkl,train
27589.pkl,train
28332.pkl,train
18581.pkl,train
1894.pkl,train
48454.pkl,train
8266.pkl,train
16028.pkl,train
40211.pkl,train
14101.pkl,train
53640.pkl,train
34433.pkl,train
38469.pkl,train
55929.pkl,train
13715.pkl,train
8877.pkl,train
3021.pkl,train
52516.pkl,train
35342.pkl,train
38953.pkl,train
45122.pkl,train
52030.pkl,train
8960.pkl,train
34900.pkl,train
44431.pkl,train
28672.pkl,train
34032.pkl,train
1807.pkl,train
46184.pkl,train
17819.pkl,train
38844.pkl,train
24127.pkl,train
14629.pkl,train
34122.pkl,train
6343.pkl,train
35287.pkl,train
41016.pkl,train
9185.pkl,train
5139.pkl,train
35772.pkl,train
7955.pkl,train
11834.pkl,train
26704.pkl,train
44730.pkl,train
31722.pkl,train
10238.pkl,train
25995.pkl,train
27279.pkl,train
12345.pkl,train
41856.pkl,train
48862.pkl,train
30188.pkl,train
7208.pkl,train
39124.pkl,train
5494.pkl,train
41979.pkl,train
40449.pkl,train
23635.pkl,train
21729.pkl,train
16618.pkl,train
27902.pkl,train
26881.pkl,train
22878.pkl,train
14391.pkl,train
42526.pkl,train
53950.pkl,train
34705.pkl,train
31467.pkl,train
19118.pkl,train
39326.pkl,train
15980.pkl,train
27519.pkl,train
29821.pkl,train
7998.pkl,train
3136.pkl,train
25059.pkl,train
32115.pkl,train
35524.pkl,train
41528.pkl,train
13702.pkl,train
31312.pkl,train
4683.pkl,train
38755.pkl,train
6335.pkl,train
48871.pkl,train
1321.pkl,train
14109.pkl,train
11728.pkl,train
54780.pkl,train
23076.pkl,train
32563.pkl,train
6847.pkl,train
4670.pkl,train
8505.pkl,train
39097.pkl,train
34434.pkl,train
41630.pkl,train
5762.pkl,train
43751.pkl,train
56637.pkl,train
22153.pkl,train
38586.pkl,train
45851.pkl,train
54365.pkl,train
35325.pkl,train
44130.pkl,train
18638.pkl,train
22787.pkl,train
6416.pkl,train
4321.pkl,train
13669.pkl,train
38547.pkl,train
14797.pkl,train
41724.pkl,train
4018.pkl,train
41575.pkl,train
51496.pkl,train
37447.pkl,train
35419.pkl,train
40295.pkl,train
47613.pkl,train
7595.pkl,train
37115.pkl,train
45610.pkl,train
53527.pkl,train
32627.pkl,train
32665.pkl,train
10807.pkl,train
11680.pkl,train
34008.pkl,train
3113.pkl,train
34336.pkl,train
4983.pkl,train
9598.pkl,train
1438.pkl,train
20174.pkl,train
35620.pkl,train
16301.pkl,train
41915.pkl,train
9606.pkl,train
4595.pkl,train
56490.pkl,train
23423.pkl,train
7725.pkl,train
56858.pkl,train
34633.pkl,train
13259.pkl,train
2982.pkl,train
46997.pkl,train
47717.pkl,train
15682.pkl,train
34073.pkl,train
36277.pkl,train
53652.pkl,train
45985.pkl,train
29943.pkl,train
8232.pkl,train
47512.pkl,train
30365.pkl,train
56601.pkl,train
53488.pkl,train
22898.pkl,train
18497.pkl,train
38231.pkl,train
20052.pkl,train
41422.pkl,train
10143.pkl,train
27415.pkl,train
39910.pkl,train
43825.pkl,train
31223.pkl,train
46680.pkl,train
9849.pkl,train
38861.pkl,train
25241.pkl,train
28971.pkl,train
22756.pkl,train
34012.pkl,train
36093.pkl,train
56822.pkl,train
31372.pkl,train
4140.pkl,train
25645.pkl,train
39465.pkl,train
31821.pkl,train
47865.pkl,train
42538.pkl,train
12305.pkl,train
43819.pkl,train
6544.pkl,train
11396.pkl,train
37141.pkl,train
2560.pkl,train
26651.pkl,train
52150.pkl,train
49166.pkl,train
14256.pkl,train
51956.pkl,train
41454.pkl,train
22006.pkl,train
49671.pkl,train
45041.pkl,train
31653.pkl,train
26185.pkl,train
36190.pkl,train
24032.pkl,train
45840.pkl,train
37120.pkl,train
42198.pkl,train
45722.pkl,train
10514.pkl,train
314.pkl,train
41183.pkl,train
36466.pkl,train
4568.pkl,train
42816.pkl,train
51871.pkl,train
14525.pkl,train
5083.pkl,train
1639.pkl,train
34924.pkl,train
12818.pkl,train
18808.pkl,train
51207.pkl,train
5221.pkl,train
56908.pkl,train
10483.pkl,train
55053.pkl,train
39120.pkl,train
48231.pkl,train
45418.pkl,train
12777.pkl,train
29773.pkl,train
24476.pkl,train
8567.pkl,train
24500.pkl,train
16573.pkl,train
32603.pkl,train
25803.pkl,train
52015.pkl,train
40717.pkl,train
52224.pkl,train
53628.pkl,train
8518.pkl,train
51264.pkl,train
47657.pkl,train
39681.pkl,train
15273.pkl,train
18971.pkl,train
34949.pkl,train
6170.pkl,train
20836.pkl,train
35436.pkl,train
47712.pkl,train
49268.pkl,train
55316.pkl,train
50197.pkl,train
47760.pkl,train
49269.pkl,train
41337.pkl,train
33829.pkl,train
46105.pkl,train
56152.pkl,train
24935.pkl,train
1094.pkl,train
9962.pkl,train
23864.pkl,train
29211.pkl,train
31142.pkl,train
50299.pkl,train
9021.pkl,train
11215.pkl,train
54100.pkl,train
31724.pkl,train
38817.pkl,train
47809.pkl,train
46671.pkl,train
52731.pkl,train
17581.pkl,train
17255.pkl,train
42530.pkl,train
45364.pkl,train
532.pkl,train
17732.pkl,train
3099.pkl,train
53018.pkl,train
9943.pkl,train
37426.pkl,train
43550.pkl,train
4181.pkl,train
17485.pkl,train
5372.pkl,train
33057.pkl,train
15580.pkl,train
45575.pkl,train
25370.pkl,train
9841.pkl,train
46045.pkl,train
18826.pkl,train
7875.pkl,train
21891.pkl,train
30638.pkl,train
45067.pkl,train
12913.pkl,train
41073.pkl,train
35764.pkl,train
34956.pkl,train
51261.pkl,train
50292.pkl,train
20966.pkl,train
54924.pkl,train
34640.pkl,train
33566.pkl,train
2144.pkl,train
25167.pkl,train
41532.pkl,train
21930.pkl,train
32449.pkl,train
29228.pkl,train
27267.pkl,train
15052.pkl,train
56602.pkl,train
50535.pkl,train
37928.pkl,train
38193.pkl,train
42668.pkl,train
28890.pkl,train
3693.pkl,train
37278.pkl,train
34167.pkl,train
55877.pkl,train
27979.pkl,train
50440.pkl,train
5565.pkl,train
39167.pkl,train
37891.pkl,train
2541.pkl,train
51726.pkl,train
53813.pkl,train
1834.pkl,train
6011.pkl,train
12538.pkl,train
45443.pkl,train
23693.pkl,train
21280.pkl,train
27489.pkl,train
45249.pkl,train
40422.pkl,train
44386.pkl,train
1212.pkl,train
40380.pkl,train
46991.pkl,train
8215.pkl,train
27971.pkl,train
8724.pkl,train
38294.pkl,train
46272.pkl,train
29632.pkl,train
1173.pkl,train
19629.pkl,train
47546.pkl,train
14743.pkl,train
16080.pkl,train
33345.pkl,train
7136.pkl,train
36161.pkl,train
42267.pkl,train
9235.pkl,train
34615.pkl,train
33631.pkl,train
51461.pkl,train
20289.pkl,train
25951.pkl,train
28761.pkl,train
41699.pkl,train
23248.pkl,train
30834.pkl,train
26090.pkl,train
34485.pkl,train
29949.pkl,train
13674.pkl,train
24915.pkl,train
9061.pkl,train
780.pkl,train
46468.pkl,train
10271.pkl,train
34961.pkl,train
25863.pkl,train
29037.pkl,train
34209.pkl,train
41997.pkl,train
25419.pkl,train
27949.pkl,train
31677.pkl,train
21028.pkl,train
44608.pkl,train
15764.pkl,train
23916.pkl,train
32834.pkl,train
38718.pkl,train
767.pkl,train
12368.pkl,train
25443.pkl,train
36164.pkl,train
14450.pkl,train
27212.pkl,train
42286.pkl,train
20216.pkl,train
50143.pkl,train
30472.pkl,train
30680.pkl,train
37414.pkl,train
56678.pkl,train
20191.pkl,train
34293.pkl,train
29694.pkl,train
56194.pkl,train
27476.pkl,train
7054.pkl,train
33958.pkl,train
10954.pkl,train
21349.pkl,train
18079.pkl,train
21386.pkl,train
55768.pkl,train
21420.pkl,train
14754.pkl,train
4489.pkl,train
35199.pkl,train
45414.pkl,train
15931.pkl,train
6574.pkl,train
33295.pkl,train
37286.pkl,train
40058.pkl,train
1159.pkl,train
43130.pkl,train
50308.pkl,train
30982.pkl,train
9875.pkl,train
38338.pkl,train
32415.pkl,train
25502.pkl,train
22010.pkl,train
56150.pkl,train
35062.pkl,train
51072.pkl,train
32230.pkl,train
19721.pkl,train
40736.pkl,train
27390.pkl,train
6225.pkl,train
13659.pkl,train
39411.pkl,train
10393.pkl,train
23434.pkl,train
20318.pkl,train
23956.pkl,train
32884.pkl,train
39096.pkl,train
47383.pkl,train
32737.pkl,train
55972.pkl,train
34438.pkl,train
24035.pkl,train
33420.pkl,train
9029.pkl,train
24969.pkl,train
43256.pkl,train
15609.pkl,train
34426.pkl,train
39596.pkl,train
13581.pkl,train
55650.pkl,train
2929.pkl,train
39599.pkl,train
50745.pkl,train
45329.pkl,train
52705.pkl,train
6628.pkl,train
48866.pkl,train
9273.pkl,train
48527.pkl,train
5212.pkl,train
20395.pkl,train
30032.pkl,train
34080.pkl,train
21645.pkl,train
20489.pkl,train
8838.pkl,train
41331.pkl,train
36428.pkl,train
54590.pkl,train
23499.pkl,train
1283.pkl,train
52541.pkl,train
54594.pkl,train
20857.pkl,train
20950.pkl,train
25661.pkl,train
33648.pkl,train
47253.pkl,train
55841.pkl,train
36512.pkl,train
42251.pkl,train
6458.pkl,train
20073.pkl,train
40485.pkl,train
30218.pkl,train
36670.pkl,train
53727.pkl,train
13064.pkl,train
32778.pkl,train
54683.pkl,train
53429.pkl,train
28642.pkl,train
44432.pkl,train
10187.pkl,train
51694.pkl,train
49055.pkl,train
13197.pkl,train
6033.pkl,train
21852.pkl,train
3834.pkl,train
1435.pkl,train
13727.pkl,train
36590.pkl,train
5622.pkl,train
25647.pkl,train
6375.pkl,train
29200.pkl,train
53979.pkl,train
20493.pkl,train
4014.pkl,train
43272.pkl,train
56096.pkl,train
25375.pkl,train
13752.pkl,train
28606.pkl,train
26940.pkl,train
38326.pkl,train
13977.pkl,train
13667.pkl,train
26227.pkl,train
19786.pkl,train
41645.pkl,train
30099.pkl,train
21358.pkl,train
23694.pkl,train
14427.pkl,train
10220.pkl,train
33319.pkl,train
51322.pkl,train
41192.pkl,train
30069.pkl,train
7013.pkl,train
46094.pkl,train
41960.pkl,train
53915.pkl,train
45071.pkl,train
29361.pkl,train
4076.pkl,train
49635.pkl,train
43424.pkl,train
25746.pkl,train
9465.pkl,train
26234.pkl,train
30665.pkl,train
13623.pkl,train
10809.pkl,train
12650.pkl,train
30594.pkl,train
30101.pkl,train
26336.pkl,train
41060.pkl,train
8193.pkl,train
10464.pkl,train
10246.pkl,train
7626.pkl,train
5501.pkl,train
1403.pkl,train
28097.pkl,train
5042.pkl,train
21856.pkl,train
8792.pkl,train
20986.pkl,train
47084.pkl,train
35776.pkl,train
12637.pkl,train
47544.pkl,train
41201.pkl,train
5964.pkl,train
46853.pkl,train
11805.pkl,train
3863.pkl,train
30194.pkl,train
31816.pkl,train
27562.pkl,train
37541.pkl,train
7127.pkl,train
10437.pkl,train
39534.pkl,train
29220.pkl,train
7171.pkl,train
51580.pkl,train
11312.pkl,train
10039.pkl,train
47348.pkl,train
37747.pkl,train
15732.pkl,train
51398.pkl,train
50842.pkl,train
21801.pkl,train
20864.pkl,train
14356.pkl,train
52646.pkl,train
39902.pkl,train
10425.pkl,train
55179.pkl,train
33837.pkl,train
31573.pkl,train
52895.pkl,train
15344.pkl,train
31572.pkl,train
46062.pkl,train
17156.pkl,train
54768.pkl,train
3851.pkl,train
17702.pkl,train
10902.pkl,train
11992.pkl,train
17276.pkl,train
23450.pkl,train
49494.pkl,train
2399.pkl,train
9869.pkl,train
8278.pkl,train
29154.pkl,train
40941.pkl,train
48811.pkl,train
5785.pkl,train
56669.pkl,train
9793.pkl,train
15938.pkl,train
11811.pkl,train
4897.pkl,train
5696.pkl,train
28264.pkl,train
6454.pkl,train
43785.pkl,train
49529.pkl,train
13968.pkl,train
8672.pkl,train
38416.pkl,train
11935.pkl,train
45821.pkl,train
11860.pkl,train
44834.pkl,train
36743.pkl,train
38207.pkl,train
20783.pkl,train
52210.pkl,train
31568.pkl,train
10467.pkl,train
49179.pkl,train
18655.pkl,train
27156.pkl,train
35303.pkl,train
45226.pkl,train
27217.pkl,train
4868.pkl,train
48068.pkl,train
33136.pkl,train
49948.pkl,train
1879.pkl,train
51628.pkl,train
1643.pkl,train
29291.pkl,train
19558.pkl,train
21664.pkl,train
16053.pkl,train
20198.pkl,train
9300.pkl,train
9240.pkl,train
4654.pkl,train
19877.pkl,train
16072.pkl,train
24315.pkl,train
17377.pkl,train
45515.pkl,train
40385.pkl,train
5522.pkl,train
29822.pkl,train
13686.pkl,train
3441.pkl,train
34573.pkl,train
5496.pkl,train
24815.pkl,train
35942.pkl,train
33971.pkl,train
4068.pkl,train
23667.pkl,train
2891.pkl,train
45246.pkl,train
30076.pkl,train
33819.pkl,train
41109.pkl,train
50035.pkl,train
20288.pkl,train
49839.pkl,train
10695.pkl,train
25744.pkl,train
11397.pkl,train
44884.pkl,train
43504.pkl,train
10088.pkl,train
7781.pkl,train
5235.pkl,train
33452.pkl,train
17967.pkl,train
36642.pkl,train
17329.pkl,train
4731.pkl,train
25448.pkl,train
49250.pkl,train
15106.pkl,train
48581.pkl,train
10239.pkl,train
33130.pkl,train
25353.pkl,train
34241.pkl,train
21350.pkl,train
32803.pkl,train
23341.pkl,train
44596.pkl,train
7296.pkl,train
56372.pkl,train
37695.pkl,train
47768.pkl,train
17456.pkl,train
38970.pkl,train
37324.pkl,train
19850.pkl,train
15033.pkl,train
38015.pkl,train
50726.pkl,train
53609.pkl,train
12129.pkl,train
13316.pkl,train
4247.pkl,train
14024.pkl,train
37739.pkl,train
17386.pkl,train
5843.pkl,train
27759.pkl,train
15167.pkl,train
23484.pkl,train
43463.pkl,train
45711.pkl,train
45243.pkl,train
7602.pkl,train
11882.pkl,train
42903.pkl,train
12623.pkl,train
4039.pkl,train
556.pkl,train
44385.pkl,train
20725.pkl,train
15965.pkl,train
36559.pkl,train
47117.pkl,train
30563.pkl,train
34752.pkl,train
17204.pkl,train
17506.pkl,train
38117.pkl,train
41966.pkl,train
26526.pkl,train
40871.pkl,train
33925.pkl,train
15817.pkl,train
33495.pkl,train
47567.pkl,train
51903.pkl,train
10797.pkl,train
1661.pkl,train
7105.pkl,train
25294.pkl,train
37216.pkl,train
17448.pkl,train
21816.pkl,train
38109.pkl,train
4029.pkl,train
3860.pkl,train
39035.pkl,train
35181.pkl,train
22753.pkl,train
51800.pkl,train
56613.pkl,train
44204.pkl,train
30229.pkl,train
31472.pkl,train
53087.pkl,train
31082.pkl,train
55856.pkl,train
24448.pkl,train
16254.pkl,train
44354.pkl,train
49896.pkl,train
2362.pkl,train
10864.pkl,train
8144.pkl,train
46977.pkl,train
47994.pkl,train
33943.pkl,train
55479.pkl,train
29685.pkl,train
11403.pkl,train
43103.pkl,train
3048.pkl,train
10485.pkl,train
28624.pkl,train
55981.pkl,train
55451.pkl,train
27265.pkl,train
36857.pkl,train
39364.pkl,train
15661.pkl,train
14471.pkl,train
8842.pkl,train
38058.pkl,train
7865.pkl,train
16687.pkl,train
5473.pkl,train
12987.pkl,train
14850.pkl,train
6362.pkl,train
23513.pkl,train
22392.pkl,train
41253.pkl,train
3795.pkl,train
12745.pkl,train
5543.pkl,train
37116.pkl,train
41152.pkl,train
33101.pkl,train
29431.pkl,train
19847.pkl,train
6700.pkl,train
24909.pkl,train
39110.pkl,train
13859.pkl,train
18327.pkl,train
41009.pkl,train
27665.pkl,train
8190.pkl,train
9699.pkl,train
20222.pkl,train
28980.pkl,train
34303.pkl,train
32198.pkl,train
5736.pkl,train
4069.pkl,train
50261.pkl,train
50136.pkl,train
3423.pkl,train
40139.pkl,train
33172.pkl,train
36867.pkl,train
24928.pkl,train
9654.pkl,train
38229.pkl,train
14735.pkl,train
9576.pkl,train
32780.pkl,train
55573.pkl,train
34058.pkl,train
13711.pkl,train
39621.pkl,train
12648.pkl,train
803.pkl,train
8875.pkl,train
1373.pkl,train
17258.pkl,train
17564.pkl,train
1439.pkl,train
56664.pkl,train
55159.pkl,train
4491.pkl,train
17826.pkl,train
55529.pkl,train
17611.pkl,train
42717.pkl,train
29798.pkl,train
27521.pkl,train
8918.pkl,train
24663.pkl,train
47130.pkl,train
47560.pkl,train
7604.pkl,train
28670.pkl,train
3731.pkl,train
8595.pkl,train
51716.pkl,train
13548.pkl,train
56412.pkl,train
48585.pkl,train
16174.pkl,train
7849.pkl,train
4914.pkl,train
24482.pkl,train
23951.pkl,train
42388.pkl,train
55552.pkl,train
43824.pkl,train
43796.pkl,train
49576.pkl,train
15000.pkl,train
40177.pkl,train
47125.pkl,train
2520.pkl,train
33012.pkl,train
45870.pkl,train
55863.pkl,train
52005.pkl,train
49708.pkl,train
6912.pkl,train
13104.pkl,train
20102.pkl,train
23002.pkl,train
43682.pkl,train
24068.pkl,train
21236.pkl,train
54241.pkl,train
41328.pkl,train
41843.pkl,train
32491.pkl,train
28800.pkl,train
16139.pkl,train
18389.pkl,train
44961.pkl,train
21857.pkl,train
14983.pkl,train
29366.pkl,train
18780.pkl,train
15825.pkl,train
32722.pkl,train
8506.pkl,train
8309.pkl,train
40411.pkl,train
29538.pkl,train
27601.pkl,train
55801.pkl,train
43192.pkl,train
25477.pkl,train
7400.pkl,train
33397.pkl,train
19932.pkl,train
9366.pkl,train
8069.pkl,train
33671.pkl,train
3243.pkl,train
2754.pkl,train
25002.pkl,train
23329.pkl,train
55443.pkl,train
8558.pkl,train
55700.pkl,train
31216.pkl,train
36952.pkl,train
9792.pkl,train
28268.pkl,train
41920.pkl,train
34534.pkl,train
30246.pkl,train
41002.pkl,train
51405.pkl,train
49382.pkl,train
8552.pkl,train
4363.pkl,train
9783.pkl,train
6298.pkl,train
4000.pkl,train
53047.pkl,train
26939.pkl,train
17865.pkl,train
45003.pkl,train
28366.pkl,train
5640.pkl,train
12307.pkl,train
49430.pkl,train
29649.pkl,train
51470.pkl,train
44825.pkl,train
37104.pkl,train
35741.pkl,train
24252.pkl,train
38958.pkl,train
39451.pkl,train
35417.pkl,train
2038.pkl,train
25441.pkl,train
30833.pkl,train
42356.pkl,train
2739.pkl,train
49377.pkl,train
32871.pkl,train
55993.pkl,train
17129.pkl,train
20972.pkl,train
7840.pkl,train
37050.pkl,train
23113.pkl,train
7381.pkl,train
13468.pkl,train
29492.pkl,train
47311.pkl,train
33469.pkl,train
7526.pkl,train
27182.pkl,train
14733.pkl,train
16914.pkl,train
28726.pkl,train
21506.pkl,train
14031.pkl,train
13224.pkl,train
6680.pkl,train
40136.pkl,train
36469.pkl,train
14013.pkl,train
658.pkl,train
48780.pkl,train
15260.pkl,train
1304.pkl,train
44425.pkl,train
22092.pkl,train
47147.pkl,train
40935.pkl,train
11252.pkl,train
15585.pkl,train
33262.pkl,train
45715.pkl,train
7415.pkl,train
33075.pkl,train
17798.pkl,train
13568.pkl,train
2542.pkl,train
22665.pkl,train
44865.pkl,train
19570.pkl,train
36047.pkl,train
1512.pkl,train
16791.pkl,train
46275.pkl,train
48439.pkl,train
22848.pkl,train
22373.pkl,train
14144.pkl,train
45064.pkl,train
3168.pkl,train
43172.pkl,train
35458.pkl,train
24965.pkl,train
47860.pkl,train
4578.pkl,train
46314.pkl,train
9661.pkl,train
25730.pkl,train
53620.pkl,train
17519.pkl,train
56692.pkl,train
48262.pkl,train
54544.pkl,train
9107.pkl,train
28715.pkl,train
56413.pkl,train
35655.pkl,train
38795.pkl,train
11949.pkl,train
21307.pkl,train
17626.pkl,train
22503.pkl,train
53596.pkl,train
36522.pkl,train
14046.pkl,train
33044.pkl,train
49813.pkl,train
22510.pkl,train
12270.pkl,train
33996.pkl,train
55291.pkl,train
18952.pkl,train
29033.pkl,train
42282.pkl,train
5687.pkl,train
53482.pkl,train
48073.pkl,train
39817.pkl,train
55376.pkl,train
48414.pkl,train
18822.pkl,train
18189.pkl,train
21344.pkl,train
48018.pkl,train
48697.pkl,train
39472.pkl,train
51541.pkl,train
1287.pkl,train
44612.pkl,train
50478.pkl,train
47064.pkl,train
3264.pkl,train
16677.pkl,train
20824.pkl,train
54121.pkl,train
50450.pkl,train
149.pkl,train
3047.pkl,train
27157.pkl,train
3508.pkl,train
6602.pkl,train
3055.pkl,train
21471.pkl,train
21821.pkl,train
45058.pkl,train
51163.pkl,train
30266.pkl,train
33154.pkl,train
11085.pkl,train
36654.pkl,train
49688.pkl,train
19740.pkl,train
21889.pkl,train
24627.pkl,train
37906.pkl,train
4152.pkl,train
51228.pkl,train
47756.pkl,train
31270.pkl,train
45745.pkl,train
37914.pkl,train
28854.pkl,train
20262.pkl,train
21339.pkl,train
13891.pkl,train
18015.pkl,train
5199.pkl,train
9497.pkl,train
37604.pkl,train
8284.pkl,train
27193.pkl,train
49050.pkl,train
13483.pkl,train
46740.pkl,train
39905.pkl,train
22845.pkl,train
27649.pkl,train
15463.pkl,train
24029.pkl,train
44081.pkl,train
42581.pkl,train
44078.pkl,train
31846.pkl,train
13047.pkl,train
27294.pkl,train
20995.pkl,train
48117.pkl,train
15925.pkl,train
22085.pkl,train
4956.pkl,train
2472.pkl,train
20053.pkl,train
25274.pkl,train
12462.pkl,train
52668.pkl,train
15073.pkl,train
26396.pkl,train
4088.pkl,train
40195.pkl,train
40727.pkl,train
13503.pkl,train
37998.pkl,train
21066.pkl,train
12402.pkl,train
33079.pkl,train
27625.pkl,train
53201.pkl,train
44302.pkl,train
36351.pkl,train
30349.pkl,train
39415.pkl,train
7451.pkl,train
55641.pkl,train
35690.pkl,train
10472.pkl,train
119.pkl,train
4288.pkl,train
18491.pkl,train
46234.pkl,train
16333.pkl,train
52491.pkl,train
7274.pkl,train
18067.pkl,train
22368.pkl,train
40720.pkl,train
28598.pkl,train
33732.pkl,train
45292.pkl,train
33250.pkl,train
20681.pkl,train
28665.pkl,train
48325.pkl,train
45541.pkl,train
7620.pkl,train
5609.pkl,train
42513.pkl,train
12842.pkl,train
10502.pkl,train
53206.pkl,train
47767.pkl,train
18450.pkl,train
28801.pkl,train
55415.pkl,train
47569.pkl,train
44891.pkl,train
2097.pkl,train
25431.pkl,train
3835.pkl,train
52533.pkl,train
14447.pkl,train
21214.pkl,train
48606.pkl,train
22960.pkl,train
12622.pkl,train
43466.pkl,train
38510.pkl,train
35421.pkl,train
15295.pkl,train
15574.pkl,train
6895.pkl,train
22985.pkl,train
24669.pkl,train
34422.pkl,train
34654.pkl,train
4525.pkl,train
37503.pkl,train
38271.pkl,train
12012.pkl,train
14608.pkl,train
4608.pkl,train
16616.pkl,train
47796.pkl,train
5650.pkl,train
15985.pkl,train
51673.pkl,train
43910.pkl,train
592.pkl,train
16349.pkl,train
10350.pkl,train
46970.pkl,train
18484.pkl,train
10330.pkl,train
25670.pkl,train
40429.pkl,train
9056.pkl,train
16257.pkl,train
7437.pkl,train
42915.pkl,train
38658.pkl,train
30261.pkl,train
4228.pkl,train
47834.pkl,train
22101.pkl,train
45291.pkl,train
54409.pkl,train
2905.pkl,train
38259.pkl,train
13878.pkl,train
25508.pkl,train
52913.pkl,train
12672.pkl,train
42846.pkl,train
52232.pkl,train
24211.pkl,train
25457.pkl,train
54984.pkl,train
18604.pkl,train
27211.pkl,train
35298.pkl,train
41178.pkl,train
19770.pkl,train
15357.pkl,train
54373.pkl,train
30616.pkl,train
48001.pkl,train
28438.pkl,train
23696.pkl,train
52109.pkl,train
20428.pkl,train
29021.pkl,train
1030.pkl,train
26948.pkl,train
36564.pkl,train
38384.pkl,train
17511.pkl,train
9253.pkl,train
13850.pkl,train
51356.pkl,train
5288.pkl,train
47648.pkl,train
12001.pkl,train
46887.pkl,train
7929.pkl,train
8667.pkl,train
21987.pkl,train
3745.pkl,train
17029.pkl,train
3070.pkl,train
11108.pkl,train
22058.pkl,train
31425.pkl,train
224.pkl,train
46890.pkl,train
50860.pkl,train
8482.pkl,train
38316.pkl,train
53899.pkl,train
6400.pkl,train
15155.pkl,train
38444.pkl,train
50371.pkl,train
11576.pkl,train
51061.pkl,train
26706.pkl,train
52252.pkl,train
12518.pkl,train
14271.pkl,train
41368.pkl,train
5315.pkl,train
46083.pkl,train
13305.pkl,train
32775.pkl,train
38169.pkl,train
4250.pkl,train
46481.pkl,train
37716.pkl,train
25396.pkl,train
28187.pkl,train
8019.pkl,train
33276.pkl,train
5595.pkl,train
2965.pkl,train
7083.pkl,train
2830.pkl,train
5758.pkl,train
20280.pkl,train
55827.pkl,train
37965.pkl,train
28862.pkl,train
19604.pkl,train
27948.pkl,train
39966.pkl,train
28753.pkl,train
41798.pkl,train
1721.pkl,train
41242.pkl,train
53831.pkl,train
35546.pkl,train
54948.pkl,train
12549.pkl,train
1067.pkl,train
8348.pkl,train
31506.pkl,train
26548.pkl,train
36026.pkl,train
11671.pkl,train
52184.pkl,train
24384.pkl,train
37685.pkl,train
27430.pkl,train
44518.pkl,train
16824.pkl,train
5195.pkl,train
7121.pkl,train
1365.pkl,train
38787.pkl,train
2499.pkl,train
13578.pkl,train
35535.pkl,train
5583.pkl,train
42572.pkl,train
8157.pkl,train
12455.pkl,train
49154.pkl,train
49591.pkl,train
42051.pkl,train
1005.pkl,train
28207.pkl,train
9493.pkl,train
49095.pkl,train
37052.pkl,train
903.pkl,train
36336.pkl,train
50797.pkl,train
8743.pkl,train
50355.pkl,train
38877.pkl,train
50691.pkl,train
31501.pkl,train
48564.pkl,train
56038.pkl,train
11219.pkl,train
33470.pkl,train
16035.pkl,train
12922.pkl,train
18750.pkl,train
21983.pkl,train
21070.pkl,train
41146.pkl,train
37971.pkl,train
24747.pkl,train
39134.pkl,train
28516.pkl,train
18088.pkl,train
22007.pkl,train
54296.pkl,train
53684.pkl,train
7465.pkl,train
14434.pkl,train
45557.pkl,train
24619.pkl,train
48880.pkl,train
31660.pkl,train
49038.pkl,train
49682.pkl,train
22751.pkl,train
31903.pkl,train
28699.pkl,train
32022.pkl,train
21962.pkl,train
28026.pkl,train
38218.pkl,train
12325.pkl,train
32849.pkl,train
25052.pkl,train
15456.pkl,train
27537.pkl,train
13775.pkl,train
15804.pkl,train
12266.pkl,train
14074.pkl,train
34442.pkl,train
42832.pkl,train
37245.pkl,train
54003.pkl,train
47897.pkl,train
36032.pkl,train
15647.pkl,train
29277.pkl,train
15307.pkl,train
9508.pkl,train
20711.pkl,train
28941.pkl,train
37763.pkl,train
45375.pkl,train
35878.pkl,train
1229.pkl,train
46669.pkl,train
53064.pkl,train
31908.pkl,train
47830.pkl,train
9502.pkl,train
50486.pkl,train
14337.pkl,train
20276.pkl,train
53760.pkl,train
19838.pkl,train
37838.pkl,train
21345.pkl,train
25222.pkl,train
4120.pkl,train
28716.pkl,train
53796.pkl,train
17569.pkl,train
17080.pkl,train
14676.pkl,train
11260.pkl,train
18929.pkl,train
3085.pkl,train
26987.pkl,train
33197.pkl,train
12563.pkl,train
47034.pkl,train
40414.pkl,train
29516.pkl,train
29820.pkl,train
7524.pkl,train
4841.pkl,train
54704.pkl,train
30992.pkl,train
42612.pkl,train
39605.pkl,train
22340.pkl,train
28574.pkl,train
54315.pkl,train
38161.pkl,train
28009.pkl,train
11769.pkl,train
24159.pkl,train
39993.pkl,train
38681.pkl,train
41023.pkl,train
41165.pkl,train
15092.pkl,train
8689.pkl,train
35386.pkl,train
45980.pkl,train
3635.pkl,train
49365.pkl,train
30785.pkl,train
22951.pkl,train
39150.pkl,train
12127.pkl,train
172.pkl,train
27131.pkl,train
33282.pkl,train
29856.pkl,train
54752.pkl,train
14245.pkl,train
47833.pkl,train
52633.pkl,train
4500.pkl,train
48147.pkl,train
39242.pkl,train
1870.pkl,train
52003.pkl,train
4855.pkl,train
50160.pkl,train
52618.pkl,train
34236.pkl,train
47475.pkl,train
15482.pkl,train
42733.pkl,train
38998.pkl,train
26902.pkl,train
40151.pkl,train
40249.pkl,train
15387.pkl,train
55017.pkl,train
41785.pkl,train
38813.pkl,train
55441.pkl,train
10923.pkl,train
55544.pkl,train
25085.pkl,train
45117.pkl,train
9329.pkl,train
8005.pkl,train
25634.pkl,train
7749.pkl,train
105.pkl,train
14230.pkl,train
30175.pkl,train
34631.pkl,train
5973.pkl,train
26160.pkl,train
35445.pkl,train
28170.pkl,train
29945.pkl,train
45702.pkl,train
16722.pkl,train
7023.pkl,train
43127.pkl,train
10891.pkl,train
6511.pkl,train
21379.pkl,train
14909.pkl,train
26661.pkl,train
25305.pkl,train
8644.pkl,train
22680.pkl,train
16065.pkl,train
28793.pkl,train
31849.pkl,train
5967.pkl,train
6082.pkl,train
18144.pkl,train
12820.pkl,train
29984.pkl,train
29425.pkl,train
45887.pkl,train
18096.pkl,train
31996.pkl,train
36718.pkl,train
4741.pkl,train
43887.pkl,train
18580.pkl,train
13263.pkl,train
26500.pkl,train
8393.pkl,train
19344.pkl,train
9990.pkl,train
54023.pkl,train
1768.pkl,train
53624.pkl,train
33015.pkl,train
36873.pkl,train
2054.pkl,train
55222.pkl,train
15399.pkl,train
42305.pkl,train
948.pkl,train
17876.pkl,train
24845.pkl,train
15704.pkl,train
51367.pkl,train
31287.pkl,train
48793.pkl,train
50196.pkl,train
36012.pkl,train
716.pkl,train
13364.pkl,train
1871.pkl,train
17278.pkl,train
10679.pkl,train
42442.pkl,train
11087.pkl,train
44946.pkl,train
12885.pkl,train
36711.pkl,train
41568.pkl,train
7488.pkl,train
22786.pkl,train
364.pkl,train
20254.pkl,train
55445.pkl,train
39467.pkl,train
14571.pkl,train
28016.pkl,train
35613.pkl,train
3091.pkl,train
46454.pkl,train
20721.pkl,train
24287.pkl,train
39952.pkl,train
24637.pkl,train
14267.pkl,train
56789.pkl,train
25009.pkl,train
53204.pkl,train
10915.pkl,train
19189.pkl,train
40355.pkl,train
21353.pkl,train
38664.pkl,train
2933.pkl,train
20808.pkl,train
150.pkl,train
18809.pkl,train
10162.pkl,train
7933.pkl,train
25484.pkl,train
14789.pkl,train
2726.pkl,train
2425.pkl,train
31145.pkl,train
19802.pkl,train
29517.pkl,train
50411.pkl,train
7579.pkl,train
20005.pkl,train
15942.pkl,train
39709.pkl,train
54993.pkl,train
54164.pkl,train
44952.pkl,train
30448.pkl,train
32809.pkl,train
36980.pkl,train
12649.pkl,train
34471.pkl,train
21766.pkl,train
14054.pkl,train
53894.pkl,train
22747.pkl,train
49098.pkl,train
26781.pkl,train
29411.pkl,train
3698.pkl,train
9047.pkl,train
38679.pkl,train
23869.pkl,train
6026.pkl,train
46478.pkl,train
1291.pkl,train
36759.pkl,train
27106.pkl,train
34626.pkl,train
38799.pkl,train
29954.pkl,train
30270.pkl,train
46527.pkl,train
52379.pkl,train
23437.pkl,train
10216.pkl,train
26865.pkl,train
56817.pkl,train
13945.pkl,train
20910.pkl,train
10717.pkl,train
38996.pkl,train
29344.pkl,train
15226.pkl,train
27306.pkl,train
19981.pkl,train
4641.pkl,train
56838.pkl,train
15906.pkl,train
22474.pkl,train
13522.pkl,train
23108.pkl,train
7534.pkl,train
49112.pkl,train
37299.pkl,train
18485.pkl,train
18541.pkl,train
19253.pkl,train
52216.pkl,train
33905.pkl,train
40576.pkl,train
33070.pkl,train
33964.pkl,train
49894.pkl,train
8596.pkl,train
37005.pkl,train
53691.pkl,train
12044.pkl,train
34140.pkl,train
39856.pkl,train
36394.pkl,train
40521.pkl,train
42172.pkl,train
47468.pkl,train
29087.pkl,train
25997.pkl,train
4657.pkl,train
5184.pkl,train
39622.pkl,train
18008.pkl,train
52045.pkl,train
45864.pkl,train
47874.pkl,train
48591.pkl,train
2021.pkl,train
34745.pkl,train
12519.pkl,train
17780.pkl,train
53072.pkl,train
25021.pkl,train
25596.pkl,train
54313.pkl,train
56926.pkl,train
419.pkl,train
11807.pkl,train
6192.pkl,train
15839.pkl,train
48524.pkl,train
26390.pkl,train
28953.pkl,train
23043.pkl,train
23811.pkl,train
19120.pkl,train
53453.pkl,train
24760.pkl,train
37090.pkl,train
9552.pkl,train
32082.pkl,train
1430.pkl,train
7338.pkl,train
2438.pkl,train
28047.pkl,train
28008.pkl,train
8060.pkl,train
56416.pkl,train
40114.pkl,train
17852.pkl,train
8414.pkl,train
47936.pkl,train
35887.pkl,train
50444.pkl,train
8736.pkl,train
54082.pkl,train
38711.pkl,train
16988.pkl,train
50567.pkl,train
29913.pkl,train
12914.pkl,train
40634.pkl,train
34906.pkl,train
27150.pkl,train
34688.pkl,train
44859.pkl,train
33265.pkl,train
23930.pkl,train
4218.pkl,train
46885.pkl,train
51458.pkl,train
27842.pkl,train
52296.pkl,train
1802.pkl,train
37551.pkl,train
53120.pkl,train
3951.pkl,train
4280.pkl,train
22141.pkl,train
44430.pkl,train
23436.pkl,train
41504.pkl,train
47832.pkl,train
10848.pkl,train
12960.pkl,train
23876.pkl,train
42567.pkl,train
49972.pkl,train
36272.pkl,train
18369.pkl,train
27284.pkl,train
55452.pkl,train
50578.pkl,train
30279.pkl,train
24182.pkl,train
6162.pkl,train
4465.pkl,train
52169.pkl,train
45654.pkl,train
5423.pkl,train
23348.pkl,train
37614.pkl,train
55253.pkl,train
47791.pkl,train
18429.pkl,train
22830.pkl,train
17212.pkl,train
41278.pkl,train
27338.pkl,train
17877.pkl,train
42333.pkl,train
43452.pkl,train
36699.pkl,train
47619.pkl,train
1424.pkl,train
27868.pkl,train
852.pkl,train
1838.pkl,train
50934.pkl,train
40331.pkl,train
35290.pkl,train
3790.pkl,train
9559.pkl,train
4356.pkl,train
17232.pkl,train
2033.pkl,train
55286.pkl,train
31203.pkl,train
40725.pkl,train
49888.pkl,train
28787.pkl,train
36721.pkl,train
17587.pkl,train
48272.pkl,train
21458.pkl,train
36014.pkl,train
14635.pkl,train
31453.pkl,train
37618.pkl,train
30262.pkl,train
5303.pkl,train
23991.pkl,train
34510.pkl,train
9468.pkl,train
36207.pkl,train
54227.pkl,train
22478.pkl,train
32282.pkl,train
2161.pkl,train
12215.pkl,train
41592.pkl,train
40009.pkl,train
26912.pkl,train
21002.pkl,train
4936.pkl,train
51335.pkl,train
39780.pkl,train
19601.pkl,train
2908.pkl,train
271.pkl,train
31971.pkl,train
40783.pkl,train
4312.pkl,train
55942.pkl,train
56040.pkl,train
9653.pkl,train
17888.pkl,train
5151.pkl,train
9771.pkl,train
10798.pkl,train
26489.pkl,train
35874.pkl,train
31191.pkl,train
9289.pkl,train
24123.pkl,train
48910.pkl,train
50301.pkl,train
6302.pkl,train
30217.pkl,train
31748.pkl,train
48712.pkl,train
4645.pkl,train
23171.pkl,train
12513.pkl,train
7431.pkl,train
50464.pkl,train
32484.pkl,train
22588.pkl,train
7558.pkl,train
8325.pkl,train
28641.pkl,train
14492.pkl,train
26852.pkl,train
21755.pkl,train
16023.pkl,train
15733.pkl,train
37543.pkl,train
20242.pkl,train
34284.pkl,train
54263.pkl,train
27143.pkl,train
40757.pkl,train
54655.pkl,train
46276.pkl,train
8199.pkl,train
16639.pkl,train
40476.pkl,train
23468.pkl,train
1274.pkl,train
44348.pkl,train
3291.pkl,train
32357.pkl,train
7992.pkl,train
34580.pkl,train
40916.pkl,train
5662.pkl,train
25120.pkl,train
2111.pkl,train
21788.pkl,train
7844.pkl,train
6420.pkl,train
41228.pkl,train
35400.pkl,train
30222.pkl,train
7978.pkl,train
54419.pkl,train
53969.pkl,train
28500.pkl,train
10925.pkl,train
43636.pkl,train
51549.pkl,train
40145.pkl,train
41653.pkl,train
4263.pkl,train
36443.pkl,train
45613.pkl,train
37340.pkl,train
696.pkl,train
55848.pkl,train
13498.pkl,train
42865.pkl,train
48485.pkl,train
16213.pkl,train
46025.pkl,train
29112.pkl,train
6493.pkl,train
39473.pkl,train
35959.pkl,train
56347.pkl,train
15701.pkl,train
36151.pkl,train
16365.pkl,train
3170.pkl,train
33021.pkl,train
21187.pkl,train
325.pkl,train
51467.pkl,train
18365.pkl,train
32960.pkl,train
24817.pkl,train
11473.pkl,train
22546.pkl,train
26328.pkl,train
4862.pkl,train
26085.pkl,train
4366.pkl,train
2616.pkl,train
48901.pkl,train
19295.pkl,train
24613.pkl,train
42512.pkl,train
16189.pkl,train
20156.pkl,train
10249.pkl,train
8894.pkl,train
48786.pkl,train
7902.pkl,train
24778.pkl,train
23581.pkl,train
51818.pkl,train
50091.pkl,train
27100.pkl,train
46901.pkl,train
812.pkl,train
4037.pkl,train
3759.pkl,train
24862.pkl,train
49515.pkl,train
23154.pkl,train
38699.pkl,train
11333.pkl,train
27913.pkl,train
26832.pkl,train
25088.pkl,train
8479.pkl,train
34775.pkl,train
51456.pkl,train
972.pkl,train
2554.pkl,train
21154.pkl,train
1811.pkl,train
33163.pkl,train
24093.pkl,train
25750.pkl,train
54761.pkl,train
4857.pkl,train
2231.pkl,train
48514.pkl,train
11306.pkl,train
36766.pkl,train
16474.pkl,train
17687.pkl,train
13357.pkl,train
3926.pkl,train
35828.pkl,train
34175.pkl,train
35672.pkl,train
44410.pkl,train
36411.pkl,train
29727.pkl,train
2040.pkl,train
3530.pkl,train
10507.pkl,train
45422.pkl,train
7786.pkl,train
54173.pkl,train
39176.pkl,train
52257.pkl,train
43768.pkl,train
20792.pkl,train
39182.pkl,train
24133.pkl,train
18186.pkl,train
21619.pkl,train
45758.pkl,train
21376.pkl,train
18810.pkl,train
27639.pkl,train
31981.pkl,train
9377.pkl,train
4202.pkl,train
46959.pkl,train
38100.pkl,train
40561.pkl,train
49762.pkl,train
22384.pkl,train
44221.pkl,train
8253.pkl,train
36383.pkl,train
54980.pkl,train
24059.pkl,train
38962.pkl,train
6777.pkl,train
40777.pkl,train
6417.pkl,train
49414.pkl,train
52342.pkl,train
37425.pkl,train
27951.pkl,train
34114.pkl,train
37430.pkl,train
28943.pkl,train
21813.pkl,train
5222.pkl,train
54925.pkl,train
16302.pkl,train
52751.pkl,train
32267.pkl,train
45569.pkl,train
44499.pkl,train
52647.pkl,train
15747.pkl,train
12531.pkl,train
9967.pkl,train
3780.pkl,train
27915.pkl,train
8191.pkl,train
4920.pkl,train
26886.pkl,train
14718.pkl,train
20629.pkl,train
50944.pkl,train
23110.pkl,train
29804.pkl,train
55077.pkl,train
33937.pkl,train
8466.pkl,train
8263.pkl,train
1923.pkl,train
995.pkl,train
37869.pkl,train
17952.pkl,train
47248.pkl,train
1843.pkl,train
26774.pkl,train
41647.pkl,train
30358.pkl,train
6573.pkl,train
32772.pkl,train
11517.pkl,train
13131.pkl,train
35428.pkl,train
13489.pkl,train
31079.pkl,train
24528.pkl,train
54848.pkl,train
36312.pkl,train
14960.pkl,train
4206.pkl,train
30783.pkl,train
37848.pkl,train
599.pkl,train
26612.pkl,train
30558.pkl,train
13851.pkl,train
40708.pkl,train
53959.pkl,train
23512.pkl,train
54905.pkl,train
27764.pkl,train
55137.pkl,train
17406.pkl,train
26681.pkl,train
47381.pkl,train
28979.pkl,train
29455.pkl,train
47932.pkl,train
56717.pkl,train
16322.pkl,train
41488.pkl,train
15200.pkl,train
31493.pkl,train
4204.pkl,train
15121.pkl,train
20448.pkl,train
797.pkl,train
48199.pkl,train
28055.pkl,train
23173.pkl,train
23442.pkl,train
40675.pkl,train
51759.pkl,train
31765.pkl,train
42854.pkl,train
30296.pkl,train
55630.pkl,train
51044.pkl,train
24566.pkl,train
34586.pkl,train
23435.pkl,train
56909.pkl,train
37757.pkl,train
43158.pkl,train
46535.pkl,train
21599.pkl,train
23010.pkl,train
24011.pkl,train
6765.pkl,train
43531.pkl,train
43782.pkl,train
52890.pkl,train
26413.pkl,train
8789.pkl,train
26933.pkl,train
23687.pkl,train
25162.pkl,train
15012.pkl,train
3815.pkl,train
47418.pkl,train
191.pkl,train
28521.pkl,train
13803.pkl,train
52968.pkl,train
29986.pkl,train
6631.pkl,train
20354.pkl,train
56653.pkl,train
14991.pkl,train
44812.pkl,train
49188.pkl,train
48827.pkl,train
49053.pkl,train
22988.pkl,train
25970.pkl,train
37761.pkl,train
34992.pkl,train
43398.pkl,train
21115.pkl,train
2437.pkl,train
37593.pkl,train
42703.pkl,train
21596.pkl,train
40054.pkl,train
54414.pkl,train
4220.pkl,train
22639.pkl,train
1231.pkl,train
53319.pkl,train
16037.pkl,train
52805.pkl,train
19255.pkl,train
37538.pkl,train
50675.pkl,train
25491.pkl,train
12152.pkl,train
25769.pkl,train
55878.pkl,train
40665.pkl,train
18938.pkl,train
33202.pkl,train
42510.pkl,train
46622.pkl,train
50496.pkl,train
27274.pkl,train
25090.pkl,train
6158.pkl,train
8031.pkl,train
16456.pkl,train
22280.pkl,train
4512.pkl,train
25812.pkl,train
22108.pkl,train
49493.pkl,train
47631.pkl,train
1961.pkl,train
13828.pkl,train
55686.pkl,train
43098.pkl,train
7082.pkl,train
11525.pkl,train
19316.pkl,train
26785.pkl,train
8053.pkl,train
30543.pkl,train
16705.pkl,train
11358.pkl,train
36315.pkl,train
22335.pkl,train
53656.pkl,train
49120.pkl,train
14756.pkl,train
4283.pkl,train
38163.pkl,train
15814.pkl,train
13192.pkl,train
30722.pkl,train
34987.pkl,train
38569.pkl,train
32562.pkl,train
36576.pkl,train
12053.pkl,train
8899.pkl,train
48705.pkl,train
3277.pkl,train
27707.pkl,train
41904.pkl,train
17916.pkl,train
2995.pkl,train
842.pkl,train
38021.pkl,train
5150.pkl,train
4441.pkl,train
14004.pkl,train
17808.pkl,train
21153.pkl,train
25934.pkl,train
12494.pkl,train
8108.pkl,train
18876.pkl,train
41356.pkl,train
10205.pkl,train
9682.pkl,train
34568.pkl,train
15948.pkl,train
35125.pkl,train
41054.pkl,train
21487.pkl,train
24229.pkl,train
4592.pkl,train
56112.pkl,train
37279.pkl,train
41879.pkl,train
28061.pkl,train
17120.pkl,train
25913.pkl,train
32687.pkl,train
12867.pkl,train
38665.pkl,train
15676.pkl,train
45866.pkl,train
51843.pkl,train
27606.pkl,train
50597.pkl,train
55318.pkl,train
28124.pkl,train
14441.pkl,train
45282.pkl,train
36226.pkl,train
29994.pkl,train
23542.pkl,train
14138.pkl,train
27541.pkl,train
4290.pkl,train
29430.pkl,train
18912.pkl,train
41281.pkl,train
14066.pkl,train
48259.pkl,train
27421.pkl,train
20976.pkl,train
54719.pkl,train
28452.pkl,train
54863.pkl,train
49670.pkl,train
52897.pkl,train
14955.pkl,train
53889.pkl,train
46409.pkl,train
44099.pkl,train
53547.pkl,train
7693.pkl,train
32042.pkl,train
4605.pkl,train
47142.pkl,train
25078.pkl,train
23054.pkl,train
46931.pkl,train
50610.pkl,train
45638.pkl,train
42724.pkl,train
9442.pkl,train
9624.pkl,train
16940.pkl,train
12501.pkl,train
8413.pkl,train
28771.pkl,train
8475.pkl,train
17812.pkl,train
7246.pkl,train
21091.pkl,train
8259.pkl,train
51896.pkl,train
55478.pkl,train
45928.pkl,train
3982.pkl,train
17979.pkl,train
33600.pkl,train
46322.pkl,train
40394.pkl,train
50166.pkl,train
6850.pkl,train
7745.pkl,train
25406.pkl,train
14116.pkl,train
50982.pkl,train
39206.pkl,train
24813.pkl,train
13174.pkl,train
380.pkl,train
36390.pkl,train
51691.pkl,train
36484.pkl,train
26422.pkl,train
7861.pkl,train
3577.pkl,train
36052.pkl,train
47402.pkl,train
28555.pkl,train
12115.pkl,train
55524.pkl,train
14460.pkl,train
31530.pkl,train
13613.pkl,train
25782.pkl,train
46820.pkl,train
34263.pkl,train
54443.pkl,train
37486.pkl,train
35520.pkl,train
32487.pkl,train
29672.pkl,train
53797.pkl,train
21920.pkl,train
20901.pkl,train
23203.pkl,train
47629.pkl,train
44492.pkl,train
53421.pkl,train
45587.pkl,train
38621.pkl,train
34621.pkl,train
50453.pkl,train
54179.pkl,train
10961.pkl,train
3043.pkl,train
30702.pkl,train
51814.pkl,train
17174.pkl,train
52765.pkl,train
3629.pkl,train
42670.pkl,train
19636.pkl,train
8470.pkl,train
8915.pkl,train
50279.pkl,train
47322.pkl,train
50217.pkl,train
32734.pkl,train
9498.pkl,train
26894.pkl,train
4255.pkl,train
26019.pkl,train
3587.pkl,train
52697.pkl,train
11844.pkl,train
25563.pkl,train
27795.pkl,train
56059.pkl,train
50467.pkl,train
48763.pkl,train
1379.pkl,train
31273.pkl,train
22876.pkl,train
18625.pkl,train
28143.pkl,train
44050.pkl,train
18836.pkl,train
24027.pkl,train
2126.pkl,train
55237.pkl,train
35366.pkl,train
51502.pkl,train
24586.pkl,train
43700.pkl,train
21869.pkl,train
33321.pkl,train
17984.pkl,train
7077.pkl,train
44836.pkl,train
24434.pkl,train
1387.pkl,train
32652.pkl,train
23670.pkl,train
19950.pkl,train
21305.pkl,train
45697.pkl,train
618.pkl,train
24103.pkl,train
15615.pkl,train
22221.pkl,train
25794.pkl,train
32210.pkl,train
2939.pkl,train
30747.pkl,train
372.pkl,train
42680.pkl,train
49517.pkl,train
9294.pkl,train
34335.pkl,train
43451.pkl,train
44287.pkl,train
11751.pkl,train
46114.pkl,train
34801.pkl,train
4132.pkl,train
47430.pkl,train
48626.pkl,train
35192.pkl,train
43462.pkl,train
10250.pkl,train
38322.pkl,train
42228.pkl,train
32721.pkl,train
33587.pkl,train
46712.pkl,train
48778.pkl,train
44339.pkl,train
37048.pkl,train
54273.pkl,train
20061.pkl,train
32165.pkl,train
20002.pkl,train
19356.pkl,train
20631.pkl,train
48461.pkl,train
51807.pkl,train
23992.pkl,train
20017.pkl,train
56831.pkl,train
47223.pkl,train
26820.pkl,train
29633.pkl,train
35474.pkl,train
15945.pkl,train
54674.pkl,train
6394.pkl,train
21169.pkl,train
56979.pkl,train
34127.pkl,train
48758.pkl,train
1126.pkl,train
10606.pkl,train
1501.pkl,train
16067.pkl,train
15061.pkl,train
27433.pkl,train
51391.pkl,train
25181.pkl,train
33528.pkl,train
50439.pkl,train
5166.pkl,train
45354.pkl,train
53568.pkl,train
51043.pkl,train
39916.pkl,train
35175.pkl,train
43120.pkl,train
136.pkl,train
49110.pkl,train
8529.pkl,train
43609.pkl,train
24282.pkl,train
40714.pkl,train
26429.pkl,train
48535.pkl,train
37803.pkl,train
17105.pkl,train
27730.pkl,train
452.pkl,train
41990.pkl,train
31673.pkl,train
50549.pkl,train
51.pkl,train
49763.pkl,train
32231.pkl,train
43229.pkl,train
17395.pkl,train
20762.pkl,train
18064.pkl,train
54547.pkl,train
11843.pkl,train
51661.pkl,train
29503.pkl,train
29058.pkl,train
56230.pkl,train
1282.pkl,train
44173.pkl,train
2941.pkl,train
5761.pkl,train
37883.pkl,train
6690.pkl,train
29003.pkl,train
52458.pkl,train
42620.pkl,train
35737.pkl,train
27364.pkl,train
10972.pkl,train
23080.pkl,train
25471.pkl,train
21764.pkl,train
53001.pkl,train
3033.pkl,train
56354.pkl,train
33789.pkl,train
47240.pkl,train
46781.pkl,train
910.pkl,train
56843.pkl,train
34661.pkl,train
41537.pkl,train
11311.pkl,train
56714.pkl,train
55284.pkl,train
29597.pkl,train
50487.pkl,train
52476.pkl,train
2118.pkl,train
1246.pkl,train
55100.pkl,train
21359.pkl,train
8236.pkl,train
6761.pkl,train
15151.pkl,train
55124.pkl,train
50502.pkl,train
17001.pkl,train
32749.pkl,train
11342.pkl,train
4682.pkl,train
49183.pkl,train
54093.pkl,train
3014.pkl,train
699.pkl,train
46238.pkl,train
54834.pkl,train
20263.pkl,train
18889.pkl,train
42788.pkl,train
30704.pkl,train
31999.pkl,train
18897.pkl,train
14948.pkl,train
3155.pkl,train
34800.pkl,train
48624.pkl,train
362.pkl,train
4119.pkl,train
35424.pkl,train
54326.pkl,train
49265.pkl,train
39504.pkl,train
34722.pkl,train
33718.pkl,train
53446.pkl,train
49783.pkl,train
46023.pkl,train
44547.pkl,train
41545.pkl,train
36323.pkl,train
2444.pkl,train
18955.pkl,train
30011.pkl,train
14220.pkl,train
21250.pkl,train
46589.pkl,train
28022.pkl,train
20503.pkl,train
11578.pkl,train
5519.pkl,train
50412.pkl,train
49399.pkl,train
12915.pkl,train
50952.pkl,train
53856.pkl,train
7200.pkl,train
21925.pkl,train
50061.pkl,train
47323.pkl,train
9041.pkl,train
26891.pkl,train
50101.pkl,train
5508.pkl,train
47661.pkl,train
30442.pkl,train
54723.pkl,train
18831.pkl,train
26186.pkl,train
8090.pkl,train
47951.pkl,train
16726.pkl,train
26381.pkl,train
29619.pkl,train
56583.pkl,train
35320.pkl,train
52636.pkl,train
10704.pkl,train
18848.pkl,train
37009.pkl,train
40893.pkl,train
30794.pkl,train
6585.pkl,train
41666.pkl,train
15958.pkl,train
52550.pkl,train
54297.pkl,train
25565.pkl,train
50422.pkl,train
5807.pkl,train
4823.pkl,train
8670.pkl,train
38564.pkl,train
32354.pkl,train
10975.pkl,train
7024.pkl,train
25468.pkl,train
50064.pkl,train
56342.pkl,train
43423.pkl,train
23293.pkl,train
14371.pkl,train
32020.pkl,train
33325.pkl,train
37205.pkl,train
47043.pkl,train
38278.pkl,train
15946.pkl,train
38257.pkl,train
49791.pkl,train
48902.pkl,train
4557.pkl,train
43790.pkl,train
28874.pkl,train
46198.pkl,train
15397.pkl,train
33833.pkl,train
30758.pkl,train
19907.pkl,train
45645.pkl,train
43258.pkl,train
4675.pkl,train
24214.pkl,train
27438.pkl,train
36651.pkl,train
34018.pkl,train
36859.pkl,train
34081.pkl,train
8244.pkl,train
32738.pkl,train
55464.pkl,train
4769.pkl,train
34225.pkl,train
54379.pkl,train
8590.pkl,train
18821.pkl,train
36446.pkl,train
39814.pkl,train
41182.pkl,train
19949.pkl,train
1717.pkl,train
35562.pkl,train
35733.pkl,train
2548.pkl,train
54198.pkl,train
23878.pkl,train
31623.pkl,train
46906.pkl,train
39691.pkl,train
12702.pkl,train
36604.pkl,train
31778.pkl,train
36803.pkl,train
24370.pkl,train
21523.pkl,train
30055.pkl,train
13225.pkl,train
43645.pkl,train
46269.pkl,train
31890.pkl,train
2131.pkl,train
2603.pkl,train
19282.pkl,train
39971.pkl,train
20485.pkl,train
52596.pkl,train
56861.pkl,train
6915.pkl,train
21820.pkl,train
9277.pkl,train
26959.pkl,train
26984.pkl,train
6201.pkl,train
27056.pkl,train
20039.pkl,train
26848.pkl,train
26371.pkl,train
51879.pkl,train
1457.pkl,train
2345.pkl,train
19167.pkl,train
11846.pkl,train
54724.pkl,train
12178.pkl,train
18827.pkl,train
39825.pkl,train
25674.pkl,train
20224.pkl,train
17935.pkl,train
31639.pkl,train
1563.pkl,train
40466.pkl,train
56936.pkl,train
21979.pkl,train
53496.pkl,train
1826.pkl,train
42551.pkl,train
32344.pkl,train
8132.pkl,train
14626.pkl,train
36246.pkl,train
30397.pkl,train
48464.pkl,train
29128.pkl,train
8882.pkl,train
39445.pkl,train
38862.pkl,train
20139.pkl,train
13465.pkl,train
5430.pkl,train
21526.pkl,train
44463.pkl,train
11974.pkl,train
1549.pkl,train
32929.pkl,train
34380.pkl,train
11562.pkl,train
5812.pkl,train
5529.pkl,train
46229.pkl,train
55134.pkl,train
52960.pkl,train
4808.pkl,train
15394.pkl,train
22599.pkl,train
48302.pkl,train
56622.pkl,train
30174.pkl,train
46370.pkl,train
6795.pkl,train
55634.pkl,train
35817.pkl,train
21702.pkl,train
52567.pkl,train
12081.pkl,train
2428.pkl,train
33019.pkl,train
28845.pkl,train
54669.pkl,train
36732.pkl,train
47670.pkl,train
23817.pkl,train
28840.pkl,train
47685.pkl,train
30210.pkl,train
16169.pkl,train
52375.pkl,train
50837.pkl,train
31566.pkl,train
36776.pkl,train
22262.pkl,train
31401.pkl,train
3163.pkl,train
55309.pkl,train
34183.pkl,train
2367.pkl,train
16345.pkl,train
44106.pkl,train
11826.pkl,train
22687.pkl,train
56748.pkl,train
56915.pkl,train
15267.pkl,train
56284.pkl,train
43545.pkl,train
13376.pkl,train
25902.pkl,train
50959.pkl,train
3118.pkl,train
5120.pkl,train
732.pkl,train
3407.pkl,train
34143.pkl,train
1307.pkl,train
37953.pkl,train
14534.pkl,train
40513.pkl,train
34960.pkl,train
14562.pkl,train
56171.pkl,train
39160.pkl,train
29126.pkl,train
52341.pkl,train
54438.pkl,train
37358.pkl,train
38184.pkl,train
36702.pkl,train
15728.pkl,train
44367.pkl,train
47313.pkl,train
12802.pkl,train
31025.pkl,train
12826.pkl,train
40677.pkl,train
31740.pkl,train
53028.pkl,train
17457.pkl,train
10753.pkl,train
54963.pkl,train
16415.pkl,train
45946.pkl,train
48301.pkl,train
19129.pkl,train
50200.pkl,train
9648.pkl,train
9664.pkl,train
42753.pkl,train
31667.pkl,train
28380.pkl,train
36314.pkl,train
25537.pkl,train
6209.pkl,train
13338.pkl,train
9620.pkl,train
44626.pkl,train
25184.pkl,train
56920.pkl,train
18785.pkl,train
44027.pkl,train
3672.pkl,train
54829.pkl,train
21791.pkl,train
52475.pkl,train
36983.pkl,train
3280.pkl,train
22812.pkl,train
239.pkl,train
13692.pkl,train
11057.pkl,train
54627.pkl,train
34529.pkl,train
13287.pkl,train
8806.pkl,train
38645.pkl,train
45131.pkl,train
21859.pkl,train
12727.pkl,train
53128.pkl,train
17101.pkl,train
49746.pkl,train
5988.pkl,train
16700.pkl,train
22291.pkl,train
18192.pkl,train
4239.pkl,train
9926.pkl,train
28413.pkl,train
28728.pkl,train
2594.pkl,train
1209.pkl,train
31479.pkl,train
34089.pkl,train
56240.pkl,train
48772.pkl,train
28027.pkl,train
46792.pkl,train
2707.pkl,train
43578.pkl,train
2589.pkl,train
6807.pkl,train
34521.pkl,train
8216.pkl,train
45798.pkl,train
38616.pkl,train
25397.pkl,train
50776.pkl,train
17884.pkl,train
523.pkl,train
56557.pkl,train
2904.pkl,train
41890.pkl,train
44172.pkl,train
50918.pkl,train
48041.pkl,train
40182.pkl,train
12515.pkl,train
24953.pkl,train
39109.pkl,train
10068.pkl,train
29018.pkl,train
36887.pkl,train
25044.pkl,train
19597.pkl,train
36176.pkl,train
54210.pkl,train
19367.pkl,train
18164.pkl,train
12222.pkl,train
15161.pkl,train
7646.pkl,train
31427.pkl,train
48522.pkl,train
55070.pkl,train
21652.pkl,train
9902.pkl,train
11179.pkl,train
15181.pkl,train
4091.pkl,train
44090.pkl,train
9462.pkl,train
30521.pkl,train
12908.pkl,train
3529.pkl,train
51494.pkl,train
36454.pkl,train
647.pkl,train
13088.pkl,train
54204.pkl,train
28285.pkl,train
1433.pkl,train
45644.pkl,train
3994.pkl,train
26043.pkl,train
9197.pkl,train
24009.pkl,train
4460.pkl,train
54517.pkl,train
35393.pkl,train
5484.pkl,train
22967.pkl,train
23337.pkl,train
41964.pkl,train
34362.pkl,train
953.pkl,train
9106.pkl,train
17137.pkl,train
4807.pkl,train
34322.pkl,train
1344.pkl,train
2711.pkl,train
28490.pkl,train
20639.pkl,train
4059.pkl,train
35023.pkl,train
15340.pkl,train
54852.pkl,train
27344.pkl,train
2827.pkl,train
31227.pkl,train
34740.pkl,train
11556.pkl,train
8444.pkl,train
45660.pkl,train
56497.pkl,train
3195.pkl,train
12470.pkl,train
18817.pkl,train
38409.pkl,train
37346.pkl,train
6015.pkl,train
26192.pkl,train
13688.pkl,train
39929.pkl,train
2407.pkl,train
36117.pkl,train
8936.pkl,train
50334.pkl,train
19890.pkl,train
25106.pkl,train
16318.pkl,train
15131.pkl,train
19678.pkl,train
27603.pkl,train
26124.pkl,train
9538.pkl,train
20873.pkl,train
32106.pkl,train
8927.pkl,train
56393.pkl,train
11377.pkl,train
1883.pkl,train
37157.pkl,train
14836.pkl,train
3882.pkl,train
3574.pkl,train
54865.pkl,train
8437.pkl,train
18853.pkl,train
45273.pkl,train
52096.pkl,train
23492.pkl,train
46099.pkl,train
47219.pkl,train
3879.pkl,train
5498.pkl,train
24962.pkl,train
27394.pkl,train
23772.pkl,train
32120.pkl,train
34980.pkl,train
21022.pkl,train
1333.pkl,train
16033.pkl,train
5417.pkl,train
29693.pkl,train
4447.pkl,train
49551.pkl,train
33260.pkl,train
6315.pkl,train
49020.pkl,train
29395.pkl,train
26223.pkl,train
26485.pkl,train
36972.pkl,train
36728.pkl,train
43749.pkl,train
35004.pkl,train
54574.pkl,train
53932.pkl,train
13090.pkl,train
27674.pkl,train
11221.pkl,train
11670.pkl,train
3173.pkl,train
35923.pkl,train
49691.pkl,train
1320.pkl,train
31681.pkl,train
11916.pkl,train
22293.pkl,train
56062.pkl,train
23024.pkl,train
28294.pkl,train
18855.pkl,train
48339.pkl,train
12180.pkl,train
4544.pkl,train
32540.pkl,train
34271.pkl,train
31400.pkl,train
40516.pkl,train
56904.pkl,train
5517.pkl,train
51527.pkl,train
33346.pkl,train
5779.pkl,train
20835.pkl,train
47974.pkl,train
38136.pkl,train
45721.pkl,train
29060.pkl,train
45328.pkl,train
27813.pkl,train
34072.pkl,train
3491.pkl,train
35503.pkl,train
35127.pkl,train
14905.pkl,train
2800.pkl,train
8304.pkl,train
50857.pkl,train
44255.pkl,train
5449.pkl,train
50484.pkl,train
19148.pkl,train
15274.pkl,train
53852.pkl,train
47863.pkl,train
52763.pkl,train
4627.pkl,train
19386.pkl,train
19905.pkl,train
34713.pkl,train
2297.pkl,train
38167.pkl,train
50531.pkl,train
15348.pkl,train
2954.pkl,train
9014.pkl,train
27198.pkl,train
54401.pkl,train
18470.pkl,train
26632.pkl,train
23167.pkl,train
46874.pkl,train
33529.pkl,train
15209.pkl,train
25302.pkl,train
49828.pkl,train
28814.pkl,train
55992.pkl,train
36.pkl,train
29871.pkl,train
47065.pkl,train
20416.pkl,train
32638.pkl,train
41049.pkl,train
15136.pkl,train
51788.pkl,train
54740.pkl,train
52613.pkl,train
21122.pkl,train
51625.pkl,train
33724.pkl,train
36616.pkl,train
11418.pkl,train
45708.pkl,train
44945.pkl,train
1710.pkl,train
10406.pkl,train
47299.pkl,train
54677.pkl,train
5360.pkl,train
27455.pkl,train
7218.pkl,train
2090.pkl,train
44543.pkl,train
10431.pkl,train
6406.pkl,train
11489.pkl,train
20235.pkl,train
27065.pkl,train
56715.pkl,train
19342.pkl,train
24833.pkl,train
31416.pkl,train
53370.pkl,train
25499.pkl,train
17554.pkl,train
9232.pkl,train
7261.pkl,train
35203.pkl,train
31899.pkl,train
5744.pkl,train
5352.pkl,train
39977.pkl,train
44401.pkl,train
6299.pkl,train
55461.pkl,train
7329.pkl,train
38634.pkl,train
4837.pkl,train
42503.pkl,train
38022.pkl,train
54904.pkl,train
46219.pkl,train
55661.pkl,train
9501.pkl,train
20147.pkl,train
2680.pkl,train
37177.pkl,train
4999.pkl,train
1249.pkl,train
9078.pkl,train
41316.pkl,train
55670.pkl,train
38276.pkl,train
34822.pkl,train
8615.pkl,train
11135.pkl,train
37446.pkl,train
36372.pkl,train
41101.pkl,train
9221.pkl,train
19836.pkl,train
50287.pkl,train
50751.pkl,train
27565.pkl,train
14048.pkl,train
33525.pkl,train
24812.pkl,train
47198.pkl,train
54999.pkl,train
23073.pkl,train
20980.pkl,train
5541.pkl,train
27170.pkl,train
53433.pkl,train
56827.pkl,train
6936.pkl,train
38240.pkl,train
8102.pkl,train
14530.pkl,train
48078.pkl,train
20075.pkl,train
1875.pkl,train
23825.pkl,train
1544.pkl,train
44583.pkl,train
13112.pkl,train
34329.pkl,train
43345.pkl,train
19844.pkl,train
26649.pkl,train
16642.pkl,train
25962.pkl,train
3404.pkl,train
14398.pkl,train
11689.pkl,train
23147.pkl,train
52794.pkl,train
53440.pkl,train
37284.pkl,train
26177.pkl,train
776.pkl,train
28430.pkl,train
35537.pkl,train
46040.pkl,train
41663.pkl,train
34885.pkl,train
13603.pkl,train
40174.pkl,train
52000.pkl,train
7531.pkl,train
47011.pkl,train
25371.pkl,train
53503.pkl,train
39778.pkl,train
41829.pkl,train
56560.pkl,train
15405.pkl,train
45454.pkl,train
9451.pkl,train
37907.pkl,train
29146.pkl,train
16437.pkl,train
45777.pkl,train
38986.pkl,train
30597.pkl,train
49500.pkl,train
3947.pkl,train
44696.pkl,train
39822.pkl,train
51565.pkl,train
49457.pkl,train
55833.pkl,train
38667.pkl,train
47458.pkl,train
7300.pkl,train
43382.pkl,train
37214.pkl,train
41546.pkl,train
7304.pkl,train
32828.pkl,train
9854.pkl,train
31454.pkl,train
30690.pkl,train
55413.pkl,train
55168.pkl,train
38269.pkl,train
31755.pkl,train
56960.pkl,train
53263.pkl,train
15206.pkl,train
2839.pkl,train
12735.pkl,train
56426.pkl,train
14270.pkl,train
21469.pkl,train
22613.pkl,train
22527.pkl,train
47777.pkl,train
20277.pkl,train
45008.pkl,train
2780.pkl,train
12966.pkl,train
19639.pkl,train
54931.pkl,train
45723.pkl,train
19828.pkl,train
19111.pkl,train
51681.pkl,train
28133.pkl,train
9176.pkl,train
33444.pkl,train
22896.pkl,train
24046.pkl,train
3241.pkl,train
1383.pkl,train
14284.pkl,train
38145.pkl,train
45112.pkl,train
34873.pkl,train
29993.pkl,train
31931.pkl,train
41687.pkl,train
37519.pkl,train
22866.pkl,train
42024.pkl,train
1466.pkl,train
39166.pkl,train
11361.pkl,train
47264.pkl,train
9250.pkl,train
3908.pkl,train
55612.pkl,train
18893.pkl,train
45612.pkl,train
51620.pkl,train
49016.pkl,train
9356.pkl,train
21537.pkl,train
3476.pkl,train
24125.pkl,train
48694.pkl,train
21876.pkl,train
7188.pkl,train
33264.pkl,train
24307.pkl,train
14612.pkl,train
39890.pkl,train
51103.pkl,train
21212.pkl,train
27578.pkl,train
24901.pkl,train
37573.pkl,train
29977.pkl,train
35506.pkl,train
47506.pkl,train
43853.pkl,train
10520.pkl,train
21843.pkl,train
18930.pkl,train
48574.pkl,train
23000.pkl,train
56718.pkl,train
26107.pkl,train
11722.pkl,train
51198.pkl,train
49107.pkl,train
24498.pkl,train
29667.pkl,train
10234.pkl,train
24543.pkl,train
13517.pkl,train
43239.pkl,train
36808.pkl,train
31111.pkl,train
22202.pkl,train
51422.pkl,train
28002.pkl,train
30523.pkl,train
933.pkl,train
4478.pkl,train
14247.pkl,train
6050.pkl,train
51813.pkl,train
39812.pkl,train
30896.pkl,train
14011.pkl,train
50056.pkl,train
12160.pkl,train
26304.pkl,train
29664.pkl,train
35826.pkl,train
19832.pkl,train
17815.pkl,train
24396.pkl,train
392.pkl,train
8750.pkl,train
16951.pkl,train
3793.pkl,train
34112.pkl,train
53388.pkl,train
56804.pkl,train
2732.pkl,train
3148.pkl,train
28331.pkl,train
56697.pkl,train
47082.pkl,train
51525.pkl,train
29724.pkl,train
12829.pkl,train
6974.pkl,train
2474.pkl,train
46750.pkl,train
4301.pkl,train
24617.pkl,train
11699.pkl,train
22624.pkl,train
51080.pkl,train
30006.pkl,train
5512.pkl,train
24413.pkl,train
46822.pkl,train
46561.pkl,train
31779.pkl,train
51113.pkl,train
11386.pkl,train
10563.pkl,train
5842.pkl,train
47252.pkl,train
27549.pkl,train
17153.pkl,train
21337.pkl,train
43820.pkl,train
17282.pkl,train
42074.pkl,train
31462.pkl,train
13960.pkl,train
26388.pkl,train
18086.pkl,train
18592.pkl,train
7317.pkl,train
34179.pkl,train
24299.pkl,train
24717.pkl,train
19057.pkl,train
48872.pkl,train
1073.pkl,train
3000.pkl,train
28052.pkl,train
49021.pkl,train
47076.pkl,train
56294.pkl,train
19020.pkl,train
51202.pkl,train
33508.pkl,train
16078.pkl,train
2177.pkl,train
28149.pkl,train
49860.pkl,train
17451.pkl,train
30928.pkl,train
13915.pkl,train
15042.pkl,train
18758.pkl,train
40759.pkl,train
13559.pkl,train
30061.pkl,train
1765.pkl,train
23555.pkl,train
28006.pkl,train
51598.pkl,train
41464.pkl,train
12575.pkl,train
44093.pkl,train
37507.pkl,train
44151.pkl,train
38321.pkl,train
31297.pkl,train
2617.pkl,train
12126.pkl,train
35871.pkl,train
15191.pkl,train
30944.pkl,train
56148.pkl,train
16466.pkl,train
30777.pkl,train
54165.pkl,train
55596.pkl,train
16040.pkl,train
29382.pkl,train
46034.pkl,train
20627.pkl,train
28581.pkl,train
34583.pkl,train
44062.pkl,train
47290.pkl,train
4268.pkl,train
25373.pkl,train
10882.pkl,train
42258.pkl,train
10924.pkl,train
33138.pkl,train
2975.pkl,train
18274.pkl,train
35681.pkl,train
25144.pkl,train
18388.pkl,train
23040.pkl,train
22247.pkl,train
29181.pkl,train
54005.pkl,train
29490.pkl,train
5553.pkl,train
23013.pkl,train
49836.pkl,train
1040.pkl,train
11579.pkl,train
267.pkl,train
9632.pkl,train
6741.pkl,train
22585.pkl,train
40087.pkl,train
51889.pkl,train
16767.pkl,train
8849.pkl,train
34628.pkl,train
35969.pkl,train
41341.pkl,train
55991.pkl,train
20544.pkl,train
20298.pkl,train
55547.pkl,train
26501.pkl,train
7233.pkl,train
47780.pkl,train
46606.pkl,train
36339.pkl,train
43375.pkl,train
56306.pkl,train
22447.pkl,train
48167.pkl,train
4941.pkl,train
12568.pkl,train
5571.pkl,train
54619.pkl,train
368.pkl,train
23561.pkl,train
49360.pkl,train
37830.pkl,train
9024.pkl,train
34999.pkl,train
14347.pkl,train
54099.pkl,train
42866.pkl,train
42949.pkl,train
53537.pkl,train
44907.pkl,train
23168.pkl,train
30941.pkl,train
13811.pkl,train
48682.pkl,train
27662.pkl,train
44679.pkl,train
33659.pkl,train
39217.pkl,train
17675.pkl,train
10342.pkl,train
33889.pkl,train
45169.pkl,train
32364.pkl,train
31096.pkl,train
7639.pkl,train
30572.pkl,train
12737.pkl,train
44833.pkl,train
46665.pkl,train
19226.pkl,train
2551.pkl,train
35992.pkl,train
43767.pkl,train
28709.pkl,train
27724.pkl,train
23857.pkl,train
47626.pkl,train
14692.pkl,train
5753.pkl,train
53978.pkl,train
55023.pkl,train
18801.pkl,train
48680.pkl,train
39661.pkl,train
23163.pkl,train
38964.pkl,train
23260.pkl,train
4787.pkl,train
321.pkl,train
38847.pkl,train
52083.pkl,train
31115.pkl,train
3044.pkl,train
29587.pkl,train
19196.pkl,train
44776.pkl,train
55391.pkl,train
32285.pkl,train
50926.pkl,train
32839.pkl,train
24550.pkl,train
27497.pkl,train
12072.pkl,train
6907.pkl,train
44285.pkl,train
21976.pkl,train
41547.pkl,train
45930.pkl,train
49174.pkl,train
53198.pkl,train
41569.pkl,train
20815.pkl,train
49027.pkl,train
48486.pkl,train
11529.pkl,train
1006.pkl,train
13093.pkl,train
10457.pkl,train
41529.pkl,train
42858.pkl,train
16076.pkl,train
2746.pkl,train
4661.pkl,train
51462.pkl,train
22088.pkl,train
47182.pkl,train
42204.pkl,train
7592.pkl,train
14064.pkl,train
50978.pkl,train
4134.pkl,train
31146.pkl,train
45185.pkl,train
38507.pkl,train
36579.pkl,train
28710.pkl,train
8813.pkl,train
8341.pkl,train
11365.pkl,train
34537.pkl,train
7836.pkl,train
44069.pkl,train
42117.pkl,train
2397.pkl,train
6474.pkl,train
9046.pkl,train
3260.pkl,train
5503.pkl,train
34555.pkl,train
37810.pkl,train
18543.pkl,train
14957.pkl,train
47427.pkl,train
45378.pkl,train
29690.pkl,train
24090.pkl,train
48828.pkl,train
53762.pkl,train
13417.pkl,train
27062.pkl,train
41133.pkl,train
38888.pkl,train
40608.pkl,train
43179.pkl,train
40857.pkl,train
27758.pkl,train
38506.pkl,train
3668.pkl,train
23868.pkl,train
31363.pkl,train
16018.pkl,train
32316.pkl,train
22990.pkl,train
45700.pkl,train
52261.pkl,train
18499.pkl,train
19621.pkl,train
13406.pkl,train
35462.pkl,train
39619.pkl,train
22774.pkl,train
55960.pkl,train
16932.pkl,train
10384.pkl,train
5824.pkl,train
39633.pkl,train
19257.pkl,train
4875.pkl,train
31388.pkl,train
7359.pkl,train
13770.pkl,train
48441.pkl,train
32182.pkl,train
30259.pkl,train
18582.pkl,train
33328.pkl,train
48595.pkl,train
31405.pkl,train
45850.pkl,train
35765.pkl,train
25389.pkl,train
2784.pkl,train
14372.pkl,train
51250.pkl,train
30801.pkl,train
6994.pkl,train
45465.pkl,train
33220.pkl,train
20656.pkl,train
37259.pkl,train
9459.pkl,train
47611.pkl,train
17871.pkl,train
51674.pkl,train
39295.pkl,train
6121.pkl,train
48305.pkl,train
35804.pkl,train
14165.pkl,train
52793.pkl,train
23455.pkl,train
33165.pkl,train
34875.pkl,train
23152.pkl,train
42280.pkl,train
10778.pkl,train
12212.pkl,train
1042.pkl,train
5926.pkl,train
26641.pkl,train
29623.pkl,train
56159.pkl,train
25228.pkl,train
20640.pkl,train
40489.pkl,train
37783.pkl,train
30744.pkl,train
42740.pkl,train
23214.pkl,train
24141.pkl,train
16289.pkl,train
2251.pkl,train
35017.pkl,train
33545.pkl,train
4790.pkl,train
13269.pkl,train
43533.pkl,train
44382.pkl,train
27518.pkl,train
14248.pkl,train
8070.pkl,train
48106.pkl,train
22887.pkl,train
4201.pkl,train
54114.pkl,train
8492.pkl,train
35926.pkl,train
41120.pkl,train
39576.pkl,train
6504.pkl,train
30354.pkl,train
56655.pkl,train
33448.pkl,train
47073.pkl,train
49173.pkl,train
20539.pkl,train
7594.pkl,train
25390.pkl,train
42692.pkl,train
24895.pkl,train
36234.pkl,train
19820.pkl,train
13475.pkl,train
45163.pkl,train
46059.pkl,train
16822.pkl,train
22834.pkl,train
23126.pkl,train
48027.pkl,train
44268.pkl,train
27973.pkl,train
48215.pkl,train
21633.pkl,train
33779.pkl,train
6494.pkl,train
50646.pkl,train
6600.pkl,train
7523.pkl,train
29963.pkl,train
37229.pkl,train
27676.pkl,train
37647.pkl,train
37499.pkl,train
13004.pkl,train
26189.pkl,train
36527.pkl,train
49995.pkl,train
24294.pkl,train
24568.pkl,train
51164.pkl,train
41322.pkl,train
2769.pkl,train
40021.pkl,train
39978.pkl,train
27839.pkl,train
495.pkl,train
50149.pkl,train
16197.pkl,train
44446.pkl,train
52294.pkl,train
24118.pkl,train
11790.pkl,train
50904.pkl,train
26714.pkl,train
4709.pkl,train
1981.pkl,train
26436.pkl,train
41362.pkl,train
46537.pkl,train
6748.pkl,train
23733.pkl,train
867.pkl,train
11909.pkl,train
32297.pkl,train
43476.pkl,train
12282.pkl,train
9519.pkl,train
12698.pkl,train
2615.pkl,train
31008.pkl,train
9063.pkl,train
27297.pkl,train
41815.pkl,train
43826.pkl,train
17452.pkl,train
17538.pkl,train
54293.pkl,train
44315.pkl,train
24611.pkl,train
43473.pkl,train
51894.pkl,train
13539.pkl,train
52479.pkl,train
52945.pkl,train
52645.pkl,train
52179.pkl,train
37823.pkl,train
25557.pkl,train
41334.pkl,train
22415.pkl,train
21886.pkl,train
564.pkl,train
41102.pkl,train
1678.pkl,train
30983.pkl,train
6945.pkl,train
20588.pkl,train
49955.pkl,train
36476.pkl,train
21508.pkl,train
49330.pkl,train
52275.pkl,train
9982.pkl,train
27969.pkl,train
54521.pkl,train
28697.pkl,train
43494.pkl,train
23068.pkl,train
14838.pkl,train
22130.pkl,train
2906.pkl,train
34302.pkl,train
44124.pkl,train
30263.pkl,train
12068.pkl,train
43178.pkl,train
21075.pkl,train
18421.pkl,train
25357.pkl,train
6558.pkl,train
10856.pkl,train
31858.pkl,train
46647.pkl,train
31751.pkl,train
33894.pkl,train
13755.pkl,train
56118.pkl,train
46608.pkl,train
22245.pkl,train
39204.pkl,train
37575.pkl,train
40557.pkl,train
5510.pkl,train
2536.pkl,train
23913.pkl,train
46818.pkl,train
26695.pkl,train
54830.pkl,train
45997.pkl,train
35471.pkl,train
20219.pkl,train
2631.pkl,train
4965.pkl,train
13527.pkl,train
37483.pkl,train
1624.pkl,train
46339.pkl,train
17542.pkl,train
43960.pkl,train
54415.pkl,train
40413.pkl,train
1906.pkl,train
31966.pkl,train
53262.pkl,train
7645.pkl,train
7085.pkl,train
50416.pkl,train
22788.pkl,train
16083.pkl,train
13879.pkl,train
16132.pkl,train
53362.pkl,train
3666.pkl,train
39098.pkl,train
43005.pkl,train
35586.pkl,train
45826.pkl,train
15932.pkl,train
17942.pkl,train
20376.pkl,train
28114.pkl,train
22084.pkl,train
16191.pkl,train
12043.pkl,train
7283.pkl,train
28467.pkl,train
44146.pkl,train
19509.pkl,train
13760.pkl,train
43438.pkl,train
22458.pkl,train
20138.pkl,train
51501.pkl,train
53793.pkl,train
14788.pkl,train
14108.pkl,train
27425.pkl,train
36635.pkl,train
18678.pkl,train
51958.pkl,train
26636.pkl,train
25029.pkl,train
44906.pkl,train
1481.pkl,train
49951.pkl,train
16480.pkl,train
11275.pkl,train
8657.pkl,train
32061.pkl,train
48206.pkl,train
15893.pkl,train
16396.pkl,train
34870.pkl,train
23650.pkl,train
40002.pkl,train
35646.pkl,train
15302.pkl,train
17585.pkl,train
44709.pkl,train
35461.pkl,train
1964.pkl,train
56335.pkl,train
37673.pkl,train
34005.pkl,train
22701.pkl,train
31654.pkl,train
8702.pkl,train
47805.pkl,train
36765.pkl,train
28035.pkl,train
11279.pkl,train
39735.pkl,train
48362.pkl,train
17359.pkl,train
52349.pkl,train
42770.pkl,train
56146.pkl,train
29836.pkl,train
48154.pkl,train
10582.pkl,train
7703.pkl,train
40404.pkl,train
17651.pkl,train
53923.pkl,train
10713.pkl,train
17024.pkl,train
35704.pkl,train
36795.pkl,train
20606.pkl,train
28435.pkl,train
38810.pkl,train
39650.pkl,train
53367.pkl,train
37764.pkl,train
5599.pkl,train
9806.pkl,train
17010.pkl,train
13209.pkl,train
49301.pkl,train
1020.pkl,train
4734.pkl,train
35855.pkl,train
17089.pkl,train
54556.pkl,train
36436.pkl,train
38178.pkl,train
40995.pkl,train
14242.pkl,train
12676.pkl,train
46304.pkl,train
55435.pkl,train
33010.pkl,train
13143.pkl,train
29662.pkl,train
25347.pkl,train
8310.pkl,train
16854.pkl,train
24077.pkl,train
33411.pkl,train
19357.pkl,train
13236.pkl,train
37143.pkl,train
6816.pkl,train
13836.pkl,train
51979.pkl,train
15548.pkl,train
35131.pkl,train
23967.pkl,train
28292.pkl,train
3744.pkl,train
8616.pkl,train
34804.pkl,train
43681.pkl,train
55735.pkl,train
616.pkl,train
48405.pkl,train
35556.pkl,train
14795.pkl,train
14854.pkl,train
17837.pkl,train
34395.pkl,train
29771.pkl,train
25797.pkl,train
29906.pkl,train
6554.pkl,train
9933.pkl,train
3249.pkl,train
17597.pkl,train
2349.pkl,train
41726.pkl,train
5179.pkl,train
18120.pkl,train
38649.pkl,train
50063.pkl,train
52382.pkl,train
39617.pkl,train
3774.pkl,train
32294.pkl,train
32317.pkl,train
35119.pkl,train
27277.pkl,train
47470.pkl,train
49328.pkl,train
13618.pkl,train
1052.pkl,train
31619.pkl,train
25114.pkl,train
1776.pkl,train
10818.pkl,train
41913.pkl,train
19878.pkl,train
37656.pkl,train
10225.pkl,train
40841.pkl,train
54717.pkl,train
42862.pkl,train
40831.pkl,train
42914.pkl,train
30468.pkl,train
418.pkl,train
54105.pkl,train
40517.pkl,train
19415.pkl,train
43185.pkl,train
39537.pkl,train
10409.pkl,train
53252.pkl,train
47518.pkl,train
44314.pkl,train
16481.pkl,train
16393.pkl,train
17187.pkl,train
54828.pkl,train
47271.pkl,train
22560.pkl,train
50818.pkl,train
29754.pkl,train
32245.pkl,train
21132.pkl,train
15479.pkl,train
41748.pkl,train
32919.pkl,train
36753.pkl,train
4966.pkl,train
39146.pkl,train
28293.pkl,train
30213.pkl,train
13499.pkl,train
39967.pkl,train
14463.pkl,train
55518.pkl,train
8189.pkl,train
1255.pkl,train
54223.pkl,train
48191.pkl,train
25201.pkl,train
44502.pkl,train
42528.pkl,train
13168.pkl,train
48395.pkl,train
11024.pkl,train
48228.pkl,train
17693.pkl,train
710.pkl,train
42066.pkl,train
33072.pkl,train
1780.pkl,train
37343.pkl,train
13565.pkl,train
6526.pkl,train
33978.pkl,train
56771.pkl,train
33695.pkl,train
9080.pkl,train
56291.pkl,train
8093.pkl,train
30307.pkl,train
52312.pkl,train
52387.pkl,train
24710.pkl,train
35336.pkl,train
27997.pkl,train
5939.pkl,train
27141.pkl,train
42108.pkl,train
31692.pkl,train
25535.pkl,train
1799.pkl,train
51657.pkl,train
7277.pkl,train
46651.pkl,train
39332.pkl,train
28121.pkl,train
36957.pkl,train
36560.pkl,train
6354.pkl,train
53054.pkl,train
241.pkl,train
48996.pkl,train
17701.pkl,train
47678.pkl,train
11195.pkl,train
10919.pkl,train
39627.pkl,train
24959.pkl,train
27373.pkl,train
50510.pkl,train
11316.pkl,train
12088.pkl,train
50328.pkl,train
46805.pkl,train
26885.pkl,train
17712.pkl,train
37842.pkl,train
55239.pkl,train
52200.pkl,train
55004.pkl,train
13389.pkl,train
21399.pkl,train
1827.pkl,train
38905.pkl,train
19590.pkl,train
33605.pkl,train
51809.pkl,train
6980.pkl,train
37344.pkl,train
36275.pkl,train
46167.pkl,train
19405.pkl,train
34488.pkl,train
8876.pkl,train
56185.pkl,train
3159.pkl,train
14794.pkl,train
24956.pkl,train
41125.pkl,train
21885.pkl,train
32159.pkl,train
6671.pkl,train
51915.pkl,train
19661.pkl,train
9178.pkl,train
17789.pkl,train
45720.pkl,train
33803.pkl,train
35272.pkl,train
50186.pkl,train
7477.pkl,train
14841.pkl,train
32528.pkl,train
37580.pkl,train
21862.pkl,train
45241.pkl,train
47056.pkl,train
52086.pkl,train
35743.pkl,train
51033.pkl,train
41351.pkl,train
49282.pkl,train
54887.pkl,train
32264.pkl,train
38872.pkl,train
53232.pkl,train
4619.pkl,train
29321.pkl,train
44182.pkl,train
42156.pkl,train
3336.pkl,train
6028.pkl,train
18738.pkl,train
40168.pkl,train
15089.pkl,train
56106.pkl,train
2203.pkl,train
26231.pkl,train
17699.pkl,train
54676.pkl,train
25436.pkl,train
53595.pkl,train
51930.pkl,train
4066.pkl,train
46122.pkl,train
25963.pkl,train
24001.pkl,train
33965.pkl,train
56799.pkl,train
8170.pkl,train
11673.pkl,train
5347.pkl,train
3089.pkl,train
13530.pkl,train
23446.pkl,train
56476.pkl,train
16411.pkl,train
53982.pkl,train
25709.pkl,train
34108.pkl,train
39067.pkl,train
36006.pkl,train
8087.pkl,train
36640.pkl,train
11911.pkl,train
31533.pkl,train
23535.pkl,train
17429.pkl,train
45945.pkl,train
10338.pkl,train
11985.pkl,train
18456.pkl,train
16688.pkl,train
38449.pkl,train
35047.pkl,train
28690.pkl,train
32601.pkl,train
44377.pkl,train
44341.pkl,train
35631.pkl,train
51045.pkl,train
53617.pkl,train
49957.pkl,train
33491.pkl,train
32045.pkl,train
36499.pkl,train
1087.pkl,train
10460.pkl,train
25796.pkl,train
4472.pkl,train
22240.pkl,train
21485.pkl,train
56928.pkl,train
46936.pkl,train
48829.pkl,train
5021.pkl,train
9233.pkl,train
9432.pkl,train
54932.pkl,train
5752.pkl,train
48542.pkl,train
28520.pkl,train
41521.pkl,train
31900.pkl,train
19610.pkl,train
18560.pkl,train
46710.pkl,train
47486.pkl,train
47129.pkl,train
32360.pkl,train
11198.pkl,train
22180.pkl,train
47281.pkl,train
52702.pkl,train
29726.pkl,train
16701.pkl,train
42927.pkl,train
31517.pkl,train
13059.pkl,train
47985.pkl,train
16742.pkl,train
10715.pkl,train
2284.pkl,train
39625.pkl,train
10326.pkl,train
7156.pkl,train
40285.pkl,train
19206.pkl,train
44618.pkl,train
52105.pkl,train
10206.pkl,train
43078.pkl,train
4925.pkl,train
32206.pkl,train
44955.pkl,train
12573.pkl,train
51227.pkl,train
5584.pkl,train
30148.pkl,train
30054.pkl,train
52587.pkl,train
21065.pkl,train
35239.pkl,train
19953.pkl,train
10156.pkl,train
21672.pkl,train
26856.pkl,train
5454.pkl,train
11571.pkl,train
40347.pkl,train
32084.pkl,train
33801.pkl,train
14662.pkl,train
37482.pkl,train
27860.pkl,train
46998.pkl,train
36886.pkl,train
53303.pkl,train
48190.pkl,train
14862.pkl,train
31286.pkl,train
13113.pkl,train
47973.pkl,train
5219.pkl,train
42885.pkl,train
26133.pkl,train
34898.pkl,train
19775.pkl,train
2209.pkl,train
31609.pkl,train
27651.pkl,train
42711.pkl,train
49558.pkl,train
53138.pkl,train
37348.pkl,train
9217.pkl,train
52383.pkl,train
25866.pkl,train
9081.pkl,train
29543.pkl,train
4515.pkl,train
17694.pkl,train
17509.pkl,train
44689.pkl,train
10683.pkl,train
54435.pkl,train
23562.pkl,train
44436.pkl,train
492.pkl,train
47754.pkl,train
7750.pkl,train
23274.pkl,train
21110.pkl,train
48600.pkl,train
44327.pkl,train
45468.pkl,train
27523.pkl,train
33278.pkl,train
8316.pkl,train
50432.pkl,train
35081.pkl,train
19858.pkl,train
17196.pkl,train
6900.pkl,train
54481.pkl,train
5547.pkl,train
11787.pkl,train
36008.pkl,train
30161.pkl,train
15116.pkl,train
2660.pkl,train
23964.pkl,train
21922.pkl,train
38040.pkl,train
47523.pkl,train
8847.pkl,train
52524.pkl,train
11046.pkl,train
33462.pkl,train
2187.pkl,train
9175.pkl,train
53888.pkl,train
12122.pkl,train
55724.pkl,train
21159.pkl,train
40933.pkl,train
41510.pkl,train
32588.pkl,train
3523.pkl,train
52591.pkl,train
25884.pkl,train
32320.pkl,train
13084.pkl,train
12481.pkl,train
2961.pkl,train
27650.pkl,train
22095.pkl,train
24170.pkl,train
31444.pkl,train
32576.pkl,train
18156.pkl,train
56160.pkl,train
50107.pkl,train
53909.pkl,train
33511.pkl,train
43869.pkl,train
19075.pkl,train
10953.pkl,train
18154.pkl,train
4831.pkl,train
51363.pkl,train
28664.pkl,train
34119.pkl,train
6668.pkl,train
5241.pkl,train
1999.pkl,train
25878.pkl,train
8.pkl,train
28214.pkl,train
34977.pkl,train
42888.pkl,train
9487.pkl,train
5613.pkl,train
49323.pkl,train
34674.pkl,train
16733.pkl,train
22254.pkl,train
52091.pkl,train
7037.pkl,train
18122.pkl,train
52661.pkl,train
22290.pkl,train
42424.pkl,train
17493.pkl,train
9002.pkl,train
14724.pkl,train
14355.pkl,train
26481.pkl,train
36909.pkl,train
1532.pkl,train
52102.pkl,train
46091.pkl,train
53650.pkl,train
39849.pkl,train
28295.pkl,train
3831.pkl,train
19315.pkl,train
14489.pkl,train
56785.pkl,train
24148.pkl,train
20249.pkl,train
36022.pkl,train
14173.pkl,train
56958.pkl,train
20834.pkl,train
14110.pkl,train
38814.pkl,train
48352.pkl,train
40716.pkl,train
12304.pkl,train
27924.pkl,train
17017.pkl,train
5777.pkl,train
11188.pkl,train
22241.pkl,train
47091.pkl,train
26499.pkl,train
11841.pkl,train
52889.pkl,train
55610.pkl,train
11330.pkl,train
17717.pkl,train
9706.pkl,train
11890.pkl,train
26027.pkl,train
4644.pkl,train
41516.pkl,train
3303.pkl,train
38591.pkl,train
54806.pkl,train
25402.pkl,train
15529.pkl,train
38357.pkl,train
12628.pkl,train
38355.pkl,train
31080.pkl,train
25823.pkl,train
18046.pkl,train
23495.pkl,train
49422.pkl,train
29935.pkl,train
12797.pkl,train
13003.pkl,train
29904.pkl,train
7490.pkl,train
19761.pkl,train
22306.pkl,train
26451.pkl,train
44933.pkl,train
48450.pkl,train
1695.pkl,train
37643.pkl,train
16574.pkl,train
13485.pkl,train
38439.pkl,train
53659.pkl,train
9489.pkl,train
6485.pkl,train
55525.pkl,train
15218.pkl,train
53058.pkl,train
30721.pkl,train
56992.pkl,train
47574.pkl,train
33204.pkl,train
41042.pkl,train
44052.pkl,train
24490.pkl,train
44134.pkl,train
33392.pkl,train
14538.pkl,train
44744.pkl,train
11543.pkl,train
25920.pkl,train
10535.pkl,train
514.pkl,train
25230.pkl,train
35273.pkl,train
54776.pkl,train
41877.pkl,train
15726.pkl,train
30050.pkl,train
10054.pkl,train
21355.pkl,train
50066.pkl,train
38020.pkl,train
30757.pkl,train
29860.pkl,train
56594.pkl,train
40754.pkl,train
55642.pkl,train
48156.pkl,train
16119.pkl,train
1492.pkl,train
55912.pkl,train
21834.pkl,train
13438.pkl,train
47534.pkl,train
42849.pkl,train
50581.pkl,train
51511.pkl,train
25745.pkl,train
19467.pkl,train
16905.pkl,train
10241.pkl,train
6440.pkl,train
22185.pkl,train
22134.pkl,train
8966.pkl,train
27401.pkl,train
35866.pkl,train
10710.pkl,train
14329.pkl,train
5135.pkl,train
45011.pkl,train
22829.pkl,train
17272.pkl,train
40210.pkl,train
12808.pkl,train
23187.pkl,train
31380.pkl,train
5725.pkl,train
22261.pkl,train
37477.pkl,train
42123.pkl,train
56922.pkl,train
16068.pkl,train
33316.pkl,train
46941.pkl,train
48951.pkl,train
42627.pkl,train
5601.pkl,train
5291.pkl,train
5106.pkl,train
12104.pkl,train
2729.pkl,train
11028.pkl,train
33489.pkl,train
8593.pkl,train
46485.pkl,train
48436.pkl,train
22571.pkl,train
30802.pkl,train
1497.pkl,train
45952.pkl,train
32105.pkl,train
1548.pkl,train
48621.pkl,train
32978.pkl,train
51005.pkl,train
25544.pkl,train
28477.pkl,train
39412.pkl,train
35403.pkl,train
40213.pkl,train
26222.pkl,train
31705.pkl,train
7370.pkl,train
32066.pkl,train
26509.pkl,train
13126.pkl,train
4652.pkl,train
50699.pkl,train
34650.pkl,train
48544.pkl,train
51340.pkl,train
41678.pkl,train
19643.pkl,train
27013.pkl,train
39485.pkl,train
10941.pkl,train
56876.pkl,train
28985.pkl,train
25290.pkl,train
40320.pkl,train
40319.pkl,train
6153.pkl,train
23852.pkl,train
8461.pkl,train
55947.pkl,train
47314.pkl,train
27008.pkl,train
9143.pkl,train
20894.pkl,train
32994.pkl,train
29009.pkl,train
50117.pkl,train
11565.pkl,train
45379.pkl,train
12542.pkl,train
8307.pkl,train
53403.pkl,train
20860.pkl,train
30979.pkl,train
2543.pkl,train
8148.pkl,train
11144.pkl,train
664.pkl,train
46630.pkl,train
45203.pkl,train
871.pkl,train
33257.pkl,train
4697.pkl,train
22508.pkl,train
25199.pkl,train
29897.pkl,train
36624.pkl,train
2497.pkl,train
21495.pkl,train
12528.pkl,train
30926.pkl,train
42374.pkl,train
56963.pkl,train
45012.pkl,train
11664.pkl,train
2852.pkl,train
45859.pkl,train
41298.pkl,train
17262.pkl,train
25632.pkl,train
56482.pkl,train
37330.pkl,train
35356.pkl,train
21096.pkl,train
16034.pkl,train
48397.pkl,train
46929.pkl,train
51445.pkl,train
14250.pkl,train
44658.pkl,train
42895.pkl,train
35851.pkl,train
54579.pkl,train
11324.pkl,train
35699.pkl,train
13991.pkl,train
45451.pkl,train
41792.pkl,train
11821.pkl,train
29507.pkl,train
14799.pkl,train
45643.pkl,train
28291.pkl,train
7817.pkl,train
43350.pkl,train
20720.pkl,train
11879.pkl,train
6734.pkl,train
10547.pkl,train
48111.pkl,train
26051.pkl,train
49518.pkl,train
17606.pkl,train
45415.pkl,train
29171.pkl,train
49847.pkl,train
9274.pkl,train
39284.pkl,train
52711.pkl,train
55721.pkl,train
41626.pkl,train
11932.pkl,train
7964.pkl,train
13780.pkl,train
5378.pkl,train
54072.pkl,train
43706.pkl,train
44576.pkl,train
46202.pkl,train
39880.pkl,train
30004.pkl,train
41518.pkl,train
19044.pkl,train
3890.pkl,train
30415.pkl,train
28116.pkl,train
39228.pkl,train
8603.pkl,train
21800.pkl,train
34850.pkl,train
14280.pkl,train
24951.pkl,train
28945.pkl,train
29674.pkl,train
32691.pkl,train
23115.pkl,train
26917.pkl,train
33285.pkl,train
23192.pkl,train
54342.pkl,train
19787.pkl,train
40879.pkl,train
25453.pkl,train
32923.pkl,train
6497.pkl,train
38179.pkl,train
5588.pkl,train
55188.pkl,train
51875.pkl,train
30409.pkl,train
14607.pkl,train
29064.pkl,train
22824.pkl,train
17076.pkl,train
56849.pkl,train
4125.pkl,train
43929.pkl,train
41372.pkl,train
13910.pkl,train
54764.pkl,train
13384.pkl,train
2255.pkl,train
26101.pkl,train
52124.pkl,train
5895.pkl,train
5259.pkl,train
15213.pkl,train
47509.pkl,train
12480.pkl,train
50041.pkl,train
685.pkl,train
14875.pkl,train
28678.pkl,train
31114.pkl,train
54304.pkl,train
43371.pkl,train
55321.pkl,train
15552.pkl,train
13946.pkl,train
22675.pkl,train
52373.pkl,train
45469.pkl,train
37909.pkl,train
42946.pkl,train
935.pkl,train
15880.pkl,train
49932.pkl,train
25553.pkl,train
40616.pkl,train
44782.pkl,train
37060.pkl,train
40869.pkl,train
22942.pkl,train
27412.pkl,train
4602.pkl,train
36426.pkl,train
838.pkl,train
47849.pkl,train
1987.pkl,train
46357.pkl,train
26508.pkl,train
2008.pkl,train
23172.pkl,train
34542.pkl,train
26467.pkl,train
6117.pkl,train
37997.pkl,train
2431.pkl,train
17947.pkl,train
24954.pkl,train
7259.pkl,train
18754.pkl,train
52340.pkl,train
47342.pkl,train
8650.pkl,train
28653.pkl,train
30788.pkl,train
39675.pkl,train
30019.pkl,train
9157.pkl,train
28792.pkl,train
31885.pkl,train
38745.pkl,train
45522.pkl,train
10365.pkl,train
37000.pkl,train
22668.pkl,train
28931.pkl,train
6168.pkl,train
17304.pkl,train
10034.pkl,train
30862.pkl,train
50470.pkl,train
54288.pkl,train
13853.pkl,train
31874.pkl,train
8661.pkl,train
49602.pkl,train
94.pkl,train
29635.pkl,train
25582.pkl,train
44187.pkl,train
41082.pkl,train
6918.pkl,train
53705.pkl,train
39683.pkl,train
21597.pkl,train
46658.pkl,train
4743.pkl,train
16714.pkl,train
40396.pkl,train
37505.pkl,train
13839.pkl,train
36841.pkl,train
7609.pkl,train
15373.pkl,train
55777.pkl,train
9570.pkl,train
49898.pkl,train
38478.pkl,train
11130.pkl,train
29286.pkl,train
11169.pkl,train
37601.pkl,train
16183.pkl,train
4924.pkl,train
51481.pkl,train
51028.pkl,train
29017.pkl,train
18525.pkl,train
13737.pkl,train
35350.pkl,train
40241.pkl,train
55977.pkl,train
1825.pkl,train
36344.pkl,train
20347.pkl,train
26660.pkl,train
55408.pkl,train
24762.pkl,train
29570.pkl,train
36203.pkl,train
4226.pkl,train
39826.pkl,train
56763.pkl,train
52112.pkl,train
43793.pkl,train
46519.pkl,train
29281.pkl,train
27186.pkl,train
46440.pkl,train
8237.pkl,train
4388.pkl,train
41490.pkl,train
35935.pkl,train
2512.pkl,train
10214.pkl,train
13319.pkl,train
31980.pkl,train
51937.pkl,train
37422.pkl,train
43925.pkl,train
55062.pkl,train
43310.pkl,train
25096.pkl,train
12036.pkl,train
6808.pkl,train
40415.pkl,train
28558.pkl,train
28627.pkl,train
31176.pkl,train
42874.pkl,train
34004.pkl,train
37588.pkl,train
35319.pkl,train
494.pkl,train
10952.pkl,train
55805.pkl,train
41367.pkl,train
50674.pkl,train
24686.pkl,train
23273.pkl,train
55158.pkl,train
30037.pkl,train
37275.pkl,train
35774.pkl,train
35614.pkl,train
2164.pkl,train
15076.pkl,train
28535.pkl,train
13744.pkl,train
25905.pkl,train
37813.pkl,train
10634.pkl,train
20797.pkl,train
30234.pkl,train
48860.pkl,train
44754.pkl,train
18845.pkl,train
5624.pkl,train
34910.pkl,train
44982.pkl,train
36407.pkl,train
46060.pkl,train
23156.pkl,train
51454.pkl,train
37224.pkl,train
802.pkl,train
16640.pkl,train
40734.pkl,train
47960.pkl,train
4148.pkl,train
30244.pkl,train
12594.pkl,train
6347.pkl,train
48173.pkl,train
53416.pkl,train
43021.pkl,train
10476.pkl,train
33970.pkl,train
38575.pkl,train
44734.pkl,train
56271.pkl,train
16238.pkl,train
36863.pkl,train
52959.pkl,train
19632.pkl,train
36587.pkl,train
35813.pkl,train
49458.pkl,train
53957.pkl,train
48370.pkl,train
2898.pkl,train
19090.pkl,train
12176.pkl,train
32700.pkl,train
10844.pkl,train
4081.pkl,train
55450.pkl,train
9896.pkl,train
56107.pkl,train
11764.pkl,train
28954.pkl,train
2563.pkl,train
18736.pkl,train
50521.pkl,train
2305.pkl,train
55880.pkl,train
11053.pkl,train
30219.pkl,train
40259.pkl,train
15451.pkl,train
30144.pkl,train
45479.pkl,train
16780.pkl,train
3592.pkl,train
18375.pkl,train
38262.pkl,train
33512.pkl,train
48779.pkl,train
39870.pkl,train
23104.pkl,train
25566.pkl,train
47605.pkl,train
13952.pkl,train
43091.pkl,train
32847.pkl,train
25788.pkl,train
35542.pkl,train
13233.pkl,train
19113.pkl,train
8633.pkl,train
33836.pkl,train
9345.pkl,train
18245.pkl,train
40746.pkl,train
19115.pkl,train
18187.pkl,train
54765.pkl,train
5670.pkl,train
31761.pkl,train
4887.pkl,train
52412.pkl,train
26149.pkl,train
44306.pkl,train
23906.pkl,train
23189.pkl,train
19302.pkl,train
55515.pkl,train
45297.pkl,train
47396.pkl,train
55648.pkl,train
3007.pkl,train
25659.pkl,train
50188.pkl,train
34970.pkl,train
47958.pkl,train
29346.pkl,train
9994.pkl,train
56116.pkl,train
32070.pkl,train
16096.pkl,train
28184.pkl,train
42959.pkl,train
27459.pkl,train
13429.pkl,train
22352.pkl,train
16491.pkl,train
20015.pkl,train
18795.pkl,train
4215.pkl,train
34502.pkl,train
16979.pkl,train
9247.pkl,train
39294.pkl,train
22381.pkl,train
56340.pkl,train
12050.pkl,train
5277.pkl,train
8101.pkl,train
37717.pkl,train
42721.pkl,train
18387.pkl,train
32517.pkl,train
16204.pkl,train
31277.pkl,train
23282.pkl,train
913.pkl,train
2005.pkl,train
51096.pkl,train
12799.pkl,train
11303.pkl,train
41260.pkl,train
12926.pkl,train
30220.pkl,train
41466.pkl,train
44581.pkl,train
18134.pkl,train
49470.pkl,train
39385.pkl,train
39756.pkl,train
1426.pkl,train
41721.pkl,train
29761.pkl,train
14067.pkl,train
29983.pkl,train
35164.pkl,train
192.pkl,train
18610.pkl,train
37170.pkl,train
37289.pkl,train
41799.pkl,train
21479.pkl,train
21792.pkl,train
32995.pkl,train
49375.pkl,train
4698.pkl,train
20997.pkl,train
46290.pkl,train
11698.pkl,train
32716.pkl,train
33716.pkl,train
34779.pkl,train
52774.pkl,train
20708.pkl,train
14163.pkl,train
31307.pkl,train
54015.pkl,train
35749.pkl,train
39069.pkl,train
30847.pkl,train
41535.pkl,train
27317.pkl,train
30454.pkl,train
5929.pkl,train
23771.pkl,train
4448.pkl,train
3682.pkl,train
310.pkl,train
15079.pkl,train
54097.pkl,train
48897.pkl,train
46240.pkl,train
45785.pkl,train
43754.pkl,train
16399.pkl,train
2465.pkl,train
9222.pkl,train
23288.pkl,train
50312.pkl,train
13216.pkl,train
23505.pkl,train
43712.pkl,train
43703.pkl,train
48361.pkl,train
23815.pkl,train
48427.pkl,train
37092.pkl,train
31792.pkl,train
37626.pkl,train
17069.pkl,train
3534.pkl,train
42961.pkl,train
28736.pkl,train
22011.pkl,train
17911.pkl,train
30312.pkl,train
361.pkl,train
22972.pkl,train
26293.pkl,train
53953.pkl,train
56869.pkl,train
5327.pkl,train
53863.pkl,train
7103.pkl,train
28855.pkl,train
43137.pkl,train
34978.pkl,train
24927.pkl,train
51916.pkl,train
35476.pkl,train
42149.pkl,train
10470.pkl,train
36154.pkl,train
35649.pkl,train
53413.pkl,train
20228.pkl,train
3700.pkl,train
7471.pkl,train
6301.pkl,train
20175.pkl,train
26297.pkl,train
83.pkl,train
56512.pkl,train
11729.pkl,train
8429.pkl,train
38077.pkl,train
31502.pkl,train
52067.pkl,train
6392.pkl,train
40522.pkl,train
40123.pkl,train
55399.pkl,train
56297.pkl,train
33223.pkl,train
22459.pkl,train
24574.pkl,train
52263.pkl,train
2700.pkl,train
12425.pkl,train
8146.pkl,train
34665.pkl,train
26559.pkl,train
3374.pkl,train
17679.pkl,train
6542.pkl,train
1897.pkl,train
15315.pkl,train
46128.pkl,train
13720.pkl,train
44860.pkl,train
12274.pkl,train
36907.pkl,train
46441.pkl,train
4556.pkl,train
11263.pkl,train
19046.pkl,train
52826.pkl,train
10656.pkl,train
7809.pkl,train
20229.pkl,train
9825.pkl,train
10212.pkl,train
36017.pkl,train
52648.pkl,train
49162.pkl,train
6770.pkl,train
40125.pkl,train
16533.pkl,train
49483.pkl,train
25807.pkl,train
33309.pkl,train
29350.pkl,train
25372.pkl,train
18199.pkl,train
6182.pkl,train
42990.pkl,train
28995.pkl,train
3472.pkl,train
2134.pkl,train
25780.pkl,train
55871.pkl,train
28232.pkl,train
12639.pkl,train
11060.pkl,train
26630.pkl,train
53960.pkl,train
2743.pkl,train
14528.pkl,train
1493.pkl,train
11497.pkl,train
41397.pkl,train
19133.pkl,train
52082.pkl,train
3937.pkl,train
19866.pkl,train
22917.pkl,train
20092.pkl,train
5801.pkl,train
46098.pkl,train
51360.pkl,train
28957.pkl,train
35478.pkl,train
28734.pkl,train
17672.pkl,train
31463.pkl,train
6150.pkl,train
43269.pkl,train
41909.pkl,train
4372.pkl,train
16476.pkl,train
18218.pkl,train
17250.pkl,train
9727.pkl,train
23700.pkl,train
34933.pkl,train
28109.pkl,train
40868.pkl,train
40345.pkl,train
46517.pkl,train
2816.pkl,train
2948.pkl,train
7618.pkl,train
25903.pkl,train
55793.pkl,train
17932.pkl,train
6794.pkl,train
23918.pkl,train
47441.pkl,train
31988.pkl,train
37729.pkl,train
27101.pkl,train
39821.pkl,train
20590.pkl,train
23219.pkl,train
16200.pkl,train
45858.pkl,train
49285.pkl,train
26355.pkl,train
48388.pkl,train
7787.pkl,train
8038.pkl,train
26583.pkl,train
14062.pkl,train
12429.pkl,train
40483.pkl,train
32986.pkl,train
10078.pkl,train
46753.pkl,train
42616.pkl,train
37119.pkl,train
9536.pkl,train
879.pkl,train
33814.pkl,train
56997.pkl,train
54750.pkl,train
47345.pkl,train
34384.pkl,train
54189.pkl,train
19048.pkl,train
8705.pkl,train
7845.pkl,train
31147.pkl,train
823.pkl,train
26776.pkl,train
9766.pkl,train
4175.pkl,train
12946.pkl,train
44289.pkl,train
13870.pkl,train
50556.pkl,train
35682.pkl,train
49008.pkl,train
46033.pkl,train
23952.pkl,train
19176.pkl,train
56357.pkl,train
17150.pkl,train
15863.pkl,train
17275.pkl,train
56740.pkl,train
46376.pkl,train
9630.pkl,train
43471.pkl,train
167.pkl,train
11902.pkl,train
43917.pkl,train
42453.pkl,train
35641.pkl,train
5830.pkl,train
55403.pkl,train
29840.pkl,train
27091.pkl,train
29364.pkl,train
2173.pkl,train
29296.pkl,train
35124.pkl,train
48702.pkl,train
22640.pkl,train
49444.pkl,train
22042.pkl,train
27593.pkl,train
3103.pkl,train
48618.pkl,train
23836.pkl,train
15860.pkl,train
34349.pkl,train
2288.pkl,train
43904.pkl,train
24038.pkl,train
10988.pkl,train
25919.pkl,train
37675.pkl,train
31948.pkl,train
40573.pkl,train
13748.pkl,train
11922.pkl,train
56901.pkl,train
20561.pkl,train
49223.pkl,train
12085.pkl,train
3416.pkl,train
42722.pkl,train
11788.pkl,train
3989.pkl,train
27035.pkl,train
48316.pkl,train
28918.pkl,train
1055.pkl,train
55743.pkl,train
12078.pkl,train
35663.pkl,train
11142.pkl,train
6664.pkl,train
38467.pkl,train
51509.pkl,train
55448.pkl,train
18588.pkl,train
15821.pkl,train
5701.pkl,train
21440.pkl,train
14373.pkl,train
50590.pkl,train
35552.pkl,train
38320.pkl,train
2745.pkl,train
16847.pkl,train
17985.pkl,train
4044.pkl,train
53075.pkl,train
17367.pkl,train
51039.pkl,train
19192.pkl,train
33288.pkl,train
31095.pkl,train
38236.pkl,train
46692.pkl,train
55662.pkl,train
44458.pkl,train
36191.pkl,train
50765.pkl,train
18435.pkl,train
47276.pkl,train
48508.pkl,train
12224.pkl,train
111.pkl,train
34614.pkl,train
24679.pkl,train
23042.pkl,train
56396.pkl,train
28545.pkl,train
50712.pkl,train
47562.pkl,train
35028.pkl,train
46164.pkl,train
31815.pkl,train
25422.pkl,train
54792.pkl,train
53381.pkl,train
46384.pkl,train
15185.pkl,train
44899.pkl,train
30533.pkl,train
55328.pkl,train
41022.pkl,train
31355.pkl,train
22433.pkl,train
53152.pkl,train
22863.pkl,train
28436.pkl,train
54552.pkl,train
7763.pkl,train
8224.pkl,train
45673.pkl,train
40044.pkl,train
4660.pkl,train
16475.pkl,train
11419.pkl,train
46297.pkl,train
45449.pkl,val
52802.pkl,val
43409.pkl,val
7396.pkl,val
42938.pkl,val
53142.pkl,val
30570.pkl,val
51318.pkl,val
25379.pkl,val
20982.pkl,val
43387.pkl,val
312.pkl,val
42775.pkl,val
10038.pkl,val
44912.pkl,val
4013.pkl,val
42153.pkl,val
32235.pkl,val
18155.pkl,val
32516.pkl,val
20781.pkl,val
42043.pkl,val
2213.pkl,val
41533.pkl,val
37306.pkl,val
29226.pkl,val
32744.pkl,val
50134.pkl,val
18579.pkl,val
42920.pkl,val
13451.pkl,val
17442.pkl,val
7600.pkl,val
25860.pkl,val
35683.pkl,val
24646.pkl,val
14484.pkl,val
28495.pkl,val
48678.pkl,val
16327.pkl,val
34699.pkl,val
49678.pkl,val
16553.pkl,val
41643.pkl,val
55997.pkl,val
40547.pkl,val
11808.pkl,val
20817.pkl,val
12321.pkl,val
19430.pkl,val
54246.pkl,val
17800.pkl,val
38251.pkl,val
1235.pkl,val
13289.pkl,val
27784.pkl,val
49735.pkl,val
31932.pkl,val
30969.pkl,val
43061.pkl,val
9742.pkl,val
8312.pkl,val
19422.pkl,val
22630.pkl,val
32116.pkl,val
48443.pkl,val
30139.pkl,val
25766.pkl,val
44778.pkl,val
12049.pkl,val
32706.pkl,val
54798.pkl,val
40647.pkl,val
42306.pkl,val
3705.pkl,val
26569.pkl,val
24967.pkl,val
54352.pkl,val
1846.pkl,val
38989.pkl,val
4116.pkl,val
38669.pkl,val
19995.pkl,val
40113.pkl,val
22001.pkl,val
50927.pkl,val
27471.pkl,val
53737.pkl,val
56417.pkl,val
25842.pkl,val
3200.pkl,val
2001.pkl,val
12243.pkl,val
26545.pkl,val
20072.pkl,val
3479.pkl,val
31889.pkl,val
6572.pkl,val
19554.pkl,val
13758.pkl,val
35610.pkl,val
43166.pkl,val
17990.pkl,val
53078.pkl,val
29006.pkl,val
30550.pkl,val
41832.pkl,val
54095.pkl,val
40164.pkl,val
36099.pkl,val
31555.pkl,val
26871.pkl,val
35584.pkl,val
43882.pkl,val
35261.pkl,val
35000.pkl,val
50981.pkl,val
43009.pkl,val
17906.pkl,val
22563.pkl,val
2912.pkl,val
18194.pkl,val
6728.pkl,val
45289.pkl,val
4521.pkl,val
50910.pkl,val
5478.pkl,val
968.pkl,val
45686.pkl,val
9797.pkl,val
4064.pkl,val
31242.pkl,val
29311.pkl,val
30410.pkl,val
40756.pkl,val
5596.pkl,val
4835.pkl,val
48411.pkl,val
47686.pkl,val
53717.pkl,val
34813.pkl,val
44636.pkl,val
51901.pkl,val
55710.pkl,val
55432.pkl,val
10286.pkl,val
39763.pkl,val
23199.pkl,val
410.pkl,val
30593.pkl,val
23826.pkl,val
46144.pkl,val
31878.pkl,val
49312.pkl,val
25421.pkl,val
50492.pkl,val
56227.pkl,val
29654.pkl,val
5520.pkl,val
26618.pkl,val
36632.pkl,val
55629.pkl,val
31896.pkl,val
36494.pkl,val
48882.pkl,val
54507.pkl,val
42106.pkl,val
5403.pkl,val
45305.pkl,val
26224.pkl,val
16364.pkl,val
54157.pkl,val
29279.pkl,val
8324.pkl,val
23481.pkl,val
22566.pkl,val
39671.pkl,val
55925.pkl,val
2230.pkl,val
20733.pkl,val
40487.pkl,val
48714.pkl,val
10540.pkl,val
4498.pkl,val
34052.pkl,val
43553.pkl,val
26210.pkl,val
6715.pkl,val
20715.pkl,val
42026.pkl,val
5053.pkl,val
44977.pkl,val
35568.pkl,val
41370.pkl,val
48655.pkl,val
2020.pkl,val
8328.pkl,val
25081.pkl,val
27727.pkl,val
8111.pkl,val
19522.pkl,val
20420.pkl,val
6016.pkl,val
48109.pkl,val
24474.pkl,val
17268.pkl,val
54536.pkl,val
47585.pkl,val
47630.pkl,val
56051.pkl,val
50908.pkl,val
47202.pkl,val
32134.pkl,val
26693.pkl,val
22932.pkl,val
48453.pkl,val
56987.pkl,val
49006.pkl,val
12558.pkl,val
41305.pkl,val
22568.pkl,val
9767.pkl,val
55213.pkl,val
15409.pkl,val
3442.pkl,val
30237.pkl,val
39893.pkl,val
47917.pkl,val
27614.pkl,val
35889.pkl,val
19198.pkl,val
17084.pkl,val
43480.pkl,val
477.pkl,val
54701.pkl,val
7017.pkl,val
7855.pkl,val
8012.pkl,val
11332.pkl,val
34396.pkl,val
22420.pkl,val
4107.pkl,val
11093.pkl,val
21628.pkl,val
43899.pkl,val
41596.pkl,val
48523.pkl,val
26228.pkl,val
9231.pkl,val
36040.pkl,val
56005.pkl,val
42365.pkl,val
47447.pkl,val
24547.pkl,val
24443.pkl,val
34600.pkl,val
42391.pkl,val
18419.pkl,val
16232.pkl,val
53926.pkl,val
11101.pkl,val
48752.pkl,val
14018.pkl,val
52186.pkl,val
21320.pkl,val
12615.pkl,val
52054.pkl,val
6288.pkl,val
27698.pkl,val
25273.pkl,val
31047.pkl,val
33498.pkl,val
14520.pkl,val
37277.pkl,val
42208.pkl,val
44084.pkl,val
21131.pkl,val
37242.pkl,val
49374.pkl,val
5014.pkl,val
38223.pkl,val
33301.pkl,val
4653.pkl,val
40627.pkl,val
24284.pkl,val
9623.pkl,val
4090.pkl,val
49403.pkl,val
20243.pkl,val
52827.pkl,val
41926.pkl,val
23211.pkl,val
53571.pkl,val
20863.pkl,val
41824.pkl,val
15258.pkl,val
700.pkl,val
36511.pkl,val
48546.pkl,val
56940.pkl,val
53504.pkl,val
9281.pkl,val
48399.pkl,val
25209.pkl,val
54662.pkl,val
31650.pkl,val
33952.pkl,val
37945.pkl,val
55052.pkl,val
55388.pkl,val
34369.pkl,val
15484.pkl,val
7106.pkl,val
36292.pkl,val
7973.pkl,val
43.pkl,val
15666.pkl,val
9609.pkl,val
6166.pkl,val
56253.pkl,val
46076.pkl,val
2166.pkl,val
38587.pkl,val
5087.pkl,val
19016.pkl,val
24846.pkl,val
43403.pkl,val
3304.pkl,val
12588.pkl,val
45156.pkl,val
33076.pkl,val
46196.pkl,val
49656.pkl,val
7494.pkl,val
10590.pkl,val
31449.pkl,val
49822.pkl,val
56984.pkl,val
7862.pkl,val
48634.pkl,val
39437.pkl,val
42508.pkl,val
54013.pkl,val
12205.pkl,val
13544.pkl,val
53159.pkl,val
51208.pkl,val
26164.pkl,val
26064.pkl,val
34959.pkl,val
44858.pkl,val
43092.pkl,val
26608.pkl,val
27468.pkl,val
22911.pkl,val
3357.pkl,val
56999.pkl,val
55030.pkl,val
36107.pkl,val
33613.pkl,val
56918.pkl,val
5009.pkl,val
31029.pkl,val
47210.pkl,val
5586.pkl,val
2702.pkl,val
26123.pkl,val
21.pkl,val
7761.pkl,val
49668.pkl,val
4385.pkl,val
42943.pkl,val
30109.pkl,val
619.pkl,val
15358.pkl,val
32043.pkl,val
5217.pkl,val
39502.pkl,val
26491.pkl,val
26740.pkl,val
21052.pkl,val
49314.pkl,val
6831.pkl,val
21327.pkl,val
30435.pkl,val
31694.pkl,val
50233.pkl,val
13804.pkl,val
6991.pkl,val
13750.pkl,val
36379.pkl,val
12559.pkl,val
18548.pkl,val
44903.pkl,val
23810.pkl,val
40457.pkl,val
19712.pkl,val
35545.pkl,val
45880.pkl,val
48900.pkl,val
7501.pkl,val
45853.pkl,val
11302.pkl,val
5597.pkl,val
38612.pkl,val
15376.pkl,val
56265.pkl,val
10825.pkl,val
32735.pkl,val
13347.pkl,val
56516.pkl,val
38723.pkl,val
55620.pkl,val
47101.pkl,val
15481.pkl,val
12909.pkl,val
51980.pkl,val
54233.pkl,val
51757.pkl,val
32486.pkl,val
27950.pkl,val
8072.pkl,val
26211.pkl,val
45138.pkl,val
46263.pkl,val
12428.pkl,val
31121.pkl,val
5287.pkl,val
47265.pkl,val
35617.pkl,val
54437.pkl,val
17093.pkl,val
51170.pkl,val
8498.pkl,val
7043.pkl,val
44541.pkl,val
52760.pkl,val
21297.pkl,val
27848.pkl,val
1916.pkl,val
30730.pkl,val
37267.pkl,val
46107.pkl,val
28525.pkl,val
7943.pkl,val
42906.pkl,val
44592.pkl,val
42599.pkl,val
21828.pkl,val
35071.pkl,val
13532.pkl,val
34248.pkl,val
3464.pkl,val
55930.pkl,val
3086.pkl,val
23712.pkl,val
8204.pkl,val
13994.pkl,val
21924.pkl,val
54209.pkl,val
9220.pkl,val
4749.pkl,val
28253.pkl,val
15888.pkl,val
18741.pkl,val
52525.pkl,val
26989.pkl,val
48870.pkl,val
19797.pkl,val
50105.pkl,val
26764.pkl,val
40256.pkl,val
9545.pkl,val
45311.pkl,val
3437.pkl,val
55934.pkl,val
49355.pkl,val
28031.pkl,val
42091.pkl,val
14989.pkl,val
28319.pkl,val
49859.pkl,val
38698.pkl,val
25917.pkl,val
41031.pkl,val
24549.pkl,val
3498.pkl,val
36630.pkl,val
34234.pkl,val
28465.pkl,val
39970.pkl,val
40692.pkl,val
34359.pkl,val
42808.pkl,val
27693.pkl,val
34905.pkl,val
35979.pkl,val
17044.pkl,val
56329.pkl,val
38882.pkl,val
23231.pkl,val
313.pkl,val
40697.pkl,val
15873.pkl,val
55270.pkl,val
49225.pkl,val
55621.pkl,val
46079.pkl,val
38895.pkl,val
11041.pkl,val
52660.pkl,val
37863.pkl,val
18322.pkl,val
51231.pkl,val
46472.pkl,val
48288.pkl,val
9787.pkl,val
11381.pkl,val
41411.pkl,val
29327.pkl,val
14606.pkl,val
22949.pkl,val
43099.pkl,val
32640.pkl,val
37846.pkl,val
9640.pkl,val
26312.pkl,val
41243.pkl,val
36657.pkl,val
14579.pkl,val
12198.pkl,val
27248.pkl,val
44007.pkl,val
18679.pkl,val
56591.pkl,val
36535.pkl,val
40891.pkl,val
38505.pkl,val
26155.pkl,val
30633.pkl,val
44511.pkl,val
25711.pkl,val
15555.pkl,val
53031.pkl,val
35032.pkl,val
34258.pkl,val
23148.pkl,val
18036.pkl,val
29722.pkl,val
23794.pkl,val
1903.pkl,val
56507.pkl,val
49111.pkl,val
30150.pkl,val
29869.pkl,val
46498.pkl,val
16112.pkl,val
32229.pkl,val
41971.pkl,val
41325.pkl,val
10363.pkl,val
1394.pkl,val
788.pkl,val
16401.pkl,val
4934.pkl,val
52980.pkl,val
48888.pkl,val
33094.pkl,val
15135.pkl,val
13590.pkl,val
4804.pkl,val
22937.pkl,val
50941.pkl,val
52603.pkl,val
53282.pkl,val
2851.pkl,val
26021.pkl,val
17189.pkl,val
7550.pkl,val
23880.pkl,val
12858.pkl,val
9334.pkl,val
23572.pkl,val
39922.pkl,val
53968.pkl,val
35907.pkl,val
39266.pkl,val
9076.pkl,val
524.pkl,val
18771.pkl,val
31171.pkl,val
15549.pkl,val
15193.pkl,val
407.pkl,val
27611.pkl,val
20865.pkl,val
12211.pkl,val
30235.pkl,val
49562.pkl,val
6361.pkl,val
38369.pkl,val
17520.pkl,val
43776.pkl,val
29750.pkl,val
42800.pkl,val
43000.pkl,val
348.pkl,val
2884.pkl,val
47241.pkl,val
7235.pkl,val
16680.pkl,val
26249.pkl,val
28437.pkl,val
2196.pkl,val
40680.pkl,val
5923.pkl,val
54787.pkl,val
29929.pkl,val
14994.pkl,val
31571.pkl,val
27043.pkl,val
52557.pkl,val
44954.pkl,val
45086.pkl,val
6559.pkl,val
22343.pkl,val
33712.pkl,val
8226.pkl,val
1381.pkl,val
41897.pkl,val
48729.pkl,val
1820.pkl,val
43245.pkl,val
31368.pkl,val
29763.pkl,val
47358.pkl,val
12457.pkl,val
50203.pkl,val
51590.pkl,val
38190.pkl,val
14137.pkl,val
9223.pkl,val
18894.pkl,val
46713.pkl,val
46979.pkl,val
381.pkl,val
27568.pkl,val
24994.pkl,val
33831.pkl,val
53376.pkl,val
3221.pkl,val
18075.pkl,val
42216.pkl,val
50283.pkl,val
15569.pkl,val
45308.pkl,val
15671.pkl,val
1181.pkl,val
2919.pkl,val
36335.pkl,val
32843.pkl,val
42355.pkl,val
8679.pkl,val
1281.pkl,val
4533.pkl,val
31873.pkl,val
18471.pkl,val
37439.pkl,val
56957.pkl,val
3146.pkl,val
12816.pkl,val
29480.pkl,val
27258.pkl,val
17149.pkl,val
1862.pkl,val
43570.pkl,val
2807.pkl,val
54869.pkl,val
48037.pkl,val
52354.pkl,val
53901.pkl,val
10493.pkl,val
20111.pkl,val
46453.pkl,val
36317.pkl,val
52482.pkl,val
30063.pkl,val
56662.pkl,val
30047.pkl,val
29188.pkl,val
36634.pkl,val
9364.pkl,val
19045.pkl,val
27042.pkl,val
42796.pkl,val
5355.pkl,val
32757.pkl,val
8379.pkl,val
656.pkl,val
55108.pkl,val
42600.pkl,val
37704.pkl,val
32705.pkl,val
529.pkl,val
217.pkl,val
51022.pkl,val
47193.pkl,val
47696.pkl,val
13564.pkl,val
53943.pkl,val
50379.pkl,val
3594.pkl,val
46819.pkl,val
15235.pkl,val
28550.pkl,val
704.pkl,val
6372.pkl,val
18033.pkl,val
42986.pkl,val
15466.pkl,val
25834.pkl,val
12339.pkl,val
44575.pkl,val
44342.pkl,val
34278.pkl,val
21453.pkl,val
41615.pkl,val
16173.pkl,val
54699.pkl,val
24237.pkl,val
20204.pkl,val
16409.pkl,val
17335.pkl,val
16764.pkl,val
56404.pkl,val
8735.pkl,val
38931.pkl,val
28487.pkl,val
30515.pkl,val
53442.pkl,val
2392.pkl,val
7215.pkl,val
47416.pkl,val
21538.pkl,val
26127.pkl,val
19101.pkl,val
10859.pkl,val
36734.pkl,val
24834.pkl,val
20097.pkl,val
48398.pkl,val
35244.pkl,val
52021.pkl,val
14113.pkl,val
35344.pkl,val
1777.pkl,val
41565.pkl,val
45345.pkl,val
26563.pkl,val
30987.pkl,val
51475.pkl,val
51094.pkl,val
30281.pkl,val
26789.pkl,val
25213.pkl,val
29384.pkl,val
37208.pkl,val
50844.pkl,val
39636.pkl,val
17681.pkl,val
13608.pkl,val
40693.pkl,val
19326.pkl,val
30569.pkl,val
42291.pkl,val
12533.pkl,val
52100.pkl,val
55263.pkl,val
22738.pkl,val
13374.pkl,val
25785.pkl,val
24269.pkl,val
5181.pkl,val
50740.pkl,val
23430.pkl,val
46697.pkl,val
26716.pkl,val
43513.pkl,val
29979.pkl,val
56633.pkl,val
24820.pkl,val
56009.pkl,val
6932.pkl,val
46260.pkl,val
51750.pkl,val
10885.pkl,val
52589.pkl,val
8380.pkl,val
12894.pkl,val
1325.pkl,val
50245.pkl,val
52887.pkl,val
43629.pkl,val
23560.pkl,val
40218.pkl,val
42299.pkl,val
25943.pkl,val
16394.pkl,val
52617.pkl,val
25174.pkl,val
37539.pkl,val
10521.pkl,val
25555.pkl,val
56424.pkl,val
55828.pkl,val
18323.pkl,val
291.pkl,val
14867.pkl,val
41710.pkl,val
17912.pkl,val
1242.pkl,val
44989.pkl,val
40684.pkl,val
27970.pkl,val
14358.pkl,val
52639.pkl,val
181.pkl,val
54490.pkl,val
47792.pkl,val
3605.pkl,val
37102.pkl,val
8428.pkl,val
31248.pkl,val
16013.pkl,val
43559.pkl,val
52402.pkl,val
47992.pkl,val
46013.pkl,val
4099.pkl,val
46770.pkl,val
237.pkl,val
33408.pkl,val
37784.pkl,val
28755.pkl,val
19792.pkl,val
6185.pkl,val
45976.pkl,val
55101.pkl,val
27530.pkl,val
16143.pkl,val
48241.pkl,val
24656.pkl,val
22170.pkl,val
52727.pkl,val
14547.pkl,val
42686.pkl,val
45309.pkl,val
42047.pkl,val
8515.pkl,val
45136.pkl,val
4548.pkl,val
56307.pkl,val
39914.pkl,val
16358.pkl,val
47677.pkl,val
10463.pkl,val
34935.pkl,val
5708.pkl,val
56724.pkl,val
287.pkl,val
35848.pkl,val
7298.pkl,val
9238.pkl,val
9288.pkl,val
23376.pkl,val
48033.pkl,val
620.pkl,val
22768.pkl,val
52762.pkl,val
37568.pkl,val
22050.pkl,val
37801.pkl,val
37199.pkl,val
32241.pkl,val
20133.pkl,val
49606.pkl,val
25128.pkl,val
12980.pkl,val
43699.pkl,val
20811.pkl,val
26415.pkl,val
4208.pkl,val
30640.pkl,val
32215.pkl,val
48267.pkl,val
43075.pkl,val
4889.pkl,val
45717.pkl,val
30869.pkl,val
54180.pkl,val
22628.pkl,val
38683.pkl,val
7949.pkl,val
38517.pkl,val
15917.pkl,val
23671.pkl,val
26884.pkl,val
39422.pkl,val
55763.pkl,val
20593.pkl,val
12414.pkl,val
19676.pkl,val
38233.pkl,val
22267.pkl,val
1833.pkl,val
27361.pkl,val
43876.pkl,val
54995.pkl,val
16163.pkl,val
27762.pkl,val
55516.pkl,val
20435.pkl,val
18472.pkl,val
1849.pkl,val
832.pkl,val
38846.pkl,val
40148.pkl,val
43753.pkl,val
47676.pkl,val
21651.pkl,val
26529.pkl,val
50189.pkl,val
1011.pkl,val
55113.pkl,val
36756.pkl,val
11999.pkl,val
40723.pkl,val
28365.pkl,val
15339.pkl,val
8973.pkl,val
9449.pkl,val
29808.pkl,val
44564.pkl,val
13609.pkl,val
51640.pkl,val
50296.pkl,val
37720.pkl,val
4742.pkl,val
10131.pkl,val
8179.pkl,val
31137.pkl,val
50967.pkl,val
35113.pkl,val
24151.pkl,val
3877.pkl,val
23078.pkl,val
20118.pkl,val
12408.pkl,val
44642.pkl,val
38044.pkl,val
50505.pkl,val
23087.pkl,val
31417.pkl,val
11435.pkl,val
2123.pkl,val
29141.pkl,val
1230.pkl,val
37054.pkl,val
19670.pkl,val
42569.pkl,val
34043.pkl,val
23448.pkl,val
14511.pkl,val
16081.pkl,val
53552.pkl,val
16473.pkl,val
30094.pkl,val
47499.pkl,val
47448.pkl,val
3865.pkl,val
17431.pkl,val
46598.pkl,val
44361.pkl,val
22909.pkl,val
53177.pkl,val
14315.pkl,val
4854.pkl,val
48602.pkl,val
21142.pkl,val
39620.pkl,val
18635.pkl,val
48498.pkl,val
6913.pkl,val
54192.pkl,val
37471.pkl,val
5820.pkl,val
55591.pkl,val
28095.pkl,val
13541.pkl,val
571.pkl,val
42902.pkl,val
38824.pkl,val
28451.pkl,val
54639.pkl,val
34946.pkl,val
1332.pkl,val
49336.pkl,val
7337.pkl,val
44009.pkl,val
32158.pkl,val
34270.pkl,val
24700.pkl,val
17735.pkl,val
32658.pkl,val
55730.pkl,val
33858.pkl,val
734.pkl,val
32402.pkl,val
34591.pkl,val
11618.pkl,val
35224.pkl,val
40105.pkl,val
30123.pkl,val
15838.pkl,val
13315.pkl,val
43143.pkl,val
25447.pkl,val
32962.pkl,val
14150.pkl,val
41394.pkl,val
43303.pkl,val
43039.pkl,val
15612.pkl,val
36326.pkl,val
34763.pkl,val
31281.pkl,val
22632.pkl,val
45371.pkl,val
14906.pkl,val
28455.pkl,val
41471.pkl,val
43641.pkl,val
24342.pkl,val
31872.pkl,val
30743.pkl,val
7818.pkl,val
2708.pkl,val
41825.pkl,val
9833.pkl,val
32733.pkl,val
29786.pkl,val
4019.pkl,val
39227.pkl,val
38352.pkl,val
12019.pkl,val
44082.pkl,val
37331.pkl,val
1155.pkl,val
22161.pkl,val
36575.pkl,val
22380.pkl,val
41656.pkl,val
36114.pkl,val
44380.pkl,val
32670.pkl,val
42884.pkl,val
17741.pkl,val
40594.pkl,val
993.pkl,val
2588.pkl,val
17497.pkl,val
29704.pkl,val
41096.pkl,val
7444.pkl,val
1347.pkl,val
17528.pkl,val
37332.pkl,val
8418.pkl,val
27181.pkl,val
44519.pkl,val
34721.pkl,val
7560.pkl,val
39836.pkl,val
54287.pkl,val
10056.pkl,val
29736.pkl,val
11061.pkl,val
33343.pkl,val
3286.pkl,val
46636.pkl,val
56828.pkl,val
6797.pkl,val
27084.pkl,val
20839.pkl,val
39974.pkl,val
27889.pkl,val
16852.pkl,val
34658.pkl,val
11495.pkl,val
20511.pkl,val
50650.pkl,val
6536.pkl,val
9292.pkl,val
12904.pkl,val
6566.pkl,val
48576.pkl,val
16315.pkl,val
6161.pkl,val
28519.pkl,val
14869.pkl,val
5404.pkl,val
7262.pkl,val
30073.pkl,val
9874.pkl,val
17194.pkl,val
1243.pkl,val
38595.pkl,val
34309.pkl,val
1612.pkl,val
42270.pkl,val
37658.pkl,val
25590.pkl,val
23518.pkl,val
23489.pkl,val
23258.pkl,val
41502.pkl,val
52378.pkl,val
48088.pkl,val
19722.pkl,val
43154.pkl,val
54060.pkl,val
53379.pkl,val
6510.pkl,val
10130.pkl,val
21576.pkl,val
15231.pkl,val
34911.pkl,val
336.pkl,val
273.pkl,val
44758.pkl,val
40232.pkl,val
24394.pkl,val
14701.pkl,val
20034.pkl,val
50239.pkl,val
21450.pkl,val
8685.pkl,val
14941.pkl,val
1569.pkl,val
4012.pkl,val
15711.pkl,val
17480.pkl,val
28048.pkl,val
27986.pkl,val
9983.pkl,val
30443.pkl,val
31300.pkl,val
30324.pkl,val
42876.pkl,val
40672.pkl,val
43640.pkl,val
47477.pkl,val
56375.pkl,val
33859.pkl,val
9984.pkl,val
46730.pkl,val
55901.pkl,val
48182.pkl,val
13014.pkl,val
10419.pkl,val
14001.pkl,val
31961.pkl,val
43111.pkl,val
36419.pkl,val
23086.pkl,val
27130.pkl,val
10946.pkl,val
23711.pkl,val
26800.pkl,val
36352.pkl,val
47247.pkl,val
6878.pkl,val
13391.pkl,val
25581.pkl,val
37280.pkl,val
13703.pkl,val
44908.pkl,val
18051.pkl,val
22063.pkl,val
42215.pkl,val
22252.pkl,val
54595.pkl,val
3948.pkl,val
11050.pkl,val
8619.pkl,val
44607.pkl,val
16541.pkl,val
8802.pkl,val
8330.pkl,val
1948.pkl,val
16237.pkl,val
55255.pkl,val
42847.pkl,val
55219.pkl,val
7426.pkl,val
28164.pkl,val
38737.pkl,val
26433.pkl,val
45757.pkl,val
43369.pkl,val
25262.pkl,val
13134.pkl,val
22295.pkl,val
1896.pkl,val
3341.pkl,val
3016.pkl,val
24914.pkl,val
22302.pkl,val
46212.pkl,val
30980.pkl,val
3637.pkl,val
2432.pkl,val
3059.pkl,val
43671.pkl,val
55326.pkl,val
20372.pkl,val
42161.pkl,val
41114.pkl,val
29050.pkl,val
52813.pkl,val
8986.pkl,val
40269.pkl,val
52558.pkl,val
11113.pkl,val
43013.pkl,val
28132.pkl,val
56003.pkl,val
19548.pkl,val
13681.pkl,val
14705.pkl,val
53196.pkl,val
26923.pkl,val
43975.pkl,val
1553.pkl,val
11383.pkl,val
14583.pkl,val
20375.pkl,val
52635.pkl,val
18359.pkl,val
11457.pkl,val
56473.pkl,val
13012.pkl,val
12388.pkl,val
41808.pkl,val
43083.pkl,val
33200.pkl,val
9927.pkl,val
40671.pkl,val
639.pkl,val
13000.pkl,val
29100.pkl,val
39264.pkl,val
29802.pkl,val
37082.pkl,val
1221.pkl,val
42535.pkl,val
4863.pkl,val
34435.pkl,val
45747.pkl,val
7217.pkl,val
24603.pkl,val
34547.pkl,val
6157.pkl,val
5676.pkl,val
11231.pkl,val
3971.pkl,val
44114.pkl,val
38832.pkl,val
29422.pkl,val
43532.pkl,val
15256.pkl,val
14377.pkl,val
1044.pkl,val
47903.pkl,val
3931.pkl,val
46445.pkl,val
4341.pkl,val
32915.pkl,val
31331.pkl,val
107.pkl,val
7596.pkl,val
37492.pkl,val
6614.pkl,val
26076.pkl,val
44932.pkl,val
42018.pkl,val
25702.pkl,val
13971.pkl,val
54670.pkl,val
13521.pkl,val
20523.pkl,val
5616.pkl,val
17383.pkl,val
17777.pkl,val
38982.pkl,val
5905.pkl,val
19500.pkl,val
10706.pkl,val
18706.pkl,val
39343.pkl,val
11763.pkl,val
44830.pkl,val
54994.pkl,val
2886.pkl,val
47873.pkl,val
18642.pkl,val
31823.pkl,val
1489.pkl,val
23909.pkl,val
17775.pkl,val
3776.pkl,val
16207.pkl,val
11424.pkl,val
13537.pkl,val
27210.pkl,val
48835.pkl,val
30091.pkl,val
35003.pkl,val
11387.pkl,val
47308.pkl,val
33375.pkl,val
40279.pkl,val
4926.pkl,val
5359.pkl,val
12006.pkl,val
50346.pkl,val
39673.pkl,val
37145.pkl,val
31589.pkl,val
3857.pkl,val
47.pkl,val
23196.pkl,val
53839.pkl,val
11766.pkl,val
46479.pkl,val
50174.pkl,val
19335.pkl,val
37096.pkl,val
34344.pkl,val
19424.pkl,val
33636.pkl,val
3748.pkl,val
5109.pkl,val
24657.pkl,val
32939.pkl,val
19687.pkl,val
40442.pkl,val
47940.pkl,val
3758.pkl,val
10318.pkl,val
9113.pkl,val
8887.pkl,val
47556.pkl,val
27673.pkl,val
52621.pkl,val
33237.pkl,val
11558.pkl,val
27628.pkl,val
26137.pkl,val
56445.pkl,val
36462.pkl,val
46860.pkl,val
42497.pkl,val
31044.pkl,val
31539.pkl,val
49697.pkl,val
40389.pkl,val
32841.pkl,val
24260.pkl,val
50473.pkl,val
44740.pkl,val
15631.pkl,val
50795.pkl,val
22705.pkl,val
5422.pkl,val
54406.pkl,val
36000.pkl,val
24980.pkl,val
4776.pkl,val
42464.pkl,val
29928.pkl,val
38305.pkl,val
54279.pkl,val
38725.pkl,val
9144.pkl,val
11106.pkl,val
25808.pkl,val
5844.pkl,val
17957.pkl,val
25151.pkl,val
14963.pkl,val
21858.pkl,val
53398.pkl,val
48727.pkl,val
19605.pkl,val
34367.pkl,val
18288.pkl,val
12860.pkl,val
41582.pkl,val
32673.pkl,val
43040.pkl,val
51952.pkl,val
27411.pkl,val
265.pkl,val
50227.pkl,val
53320.pkl,val
34991.pkl,val
39549.pkl,val
37030.pkl,val
37824.pkl,val
24985.pkl,val
42891.pkl,val
10881.pkl,val
10775.pkl,val
23249.pkl,val
56380.pkl,val
20592.pkl,val
2926.pkl,val
10303.pkl,val
23921.pkl,val
39147.pkl,val
19841.pkl,val
27478.pkl,val
56239.pkl,val
37840.pkl,val
56741.pkl,val
28544.pkl,val
27743.pkl,val
18012.pkl,val
51393.pkl,val
9587.pkl,val
46301.pkl,val
28631.pkl,val
49798.pkl,val
30654.pkl,val
41205.pkl,val
10965.pkl,val
6449.pkl,val
51201.pkl,val
15629.pkl,val
33609.pkl,val
27443.pkl,val
30231.pkl,val
39676.pkl,val
6758.pkl,val
17674.pkl,val
24923.pkl,val
16041.pkl,val
26815.pkl,val
26918.pkl,val
46779.pkl,val
11775.pkl,val
46220.pkl,val
39762.pkl,val
36938.pkl,val
35337.pkl,val
4224.pkl,val
49569.pkl,val
50925.pkl,val
49699.pkl,val
35263.pkl,val
12673.pkl,val
47259.pkl,val
53575.pkl,val
41636.pkl,val
45688.pkl,val
18333.pkl,val
24614.pkl,val
180.pkl,val
35394.pkl,val
22844.pkl,val
13416.pkl,val
25893.pkl,val
3050.pkl,val
19089.pkl,val
36520.pkl,val
43523.pkl,val
30764.pkl,val
1937.pkl,val
18297.pkl,val
16093.pkl,val
38293.pkl,val
5832.pkl,val
24381.pkl,val
26368.pkl,val
41616.pkl,val
39539.pkl,val
39453.pkl,val
19484.pkl,val
14750.pkl,val
44750.pkl,val
55025.pkl,val
24497.pkl,val
33406.pkl,val
17025.pkl,val
21699.pkl,val
31167.pkl,val
8467.pkl,val
1017.pkl,val
53740.pkl,val
7518.pkl,val
7191.pkl,val
37191.pkl,val
26541.pkl,val
15521.pkl,val
29971.pkl,val
9137.pkl,val
47316.pkl,val
16738.pkl,val
43593.pkl,val
19606.pkl,val
9361.pkl,val
36850.pkl,val
9434.pkl,val
18849.pkl,val
5254.pkl,val
9082.pkl,val
48281.pkl,val
49091.pkl,val
5773.pkl,val
48087.pkl,val
14016.pkl,val
25392.pkl,val
1665.pkl,val
20690.pkl,val
21716.pkl,val
41795.pkl,val
565.pkl,val
21556.pkl,val
42456.pkl,val
25554.pkl,val
49666.pkl,val
8709.pkl,val
26159.pkl,val
15146.pkl,val
22977.pkl,val
4646.pkl,val
9097.pkl,val
23979.pkl,val
19528.pkl,val
40578.pkl,val
54867.pkl,val
45677.pkl,val
1158.pkl,val
51121.pkl,val
37858.pkl,val
936.pkl,val
6763.pkl,val
11139.pkl,val
21459.pkl,val
28913.pkl,val
31795.pkl,val
2606.pkl,val
12415.pkl,val
5407.pkl,val
31381.pkl,val
19579.pkl,val
13906.pkl,val
3809.pkl,val
51589.pkl,val
27648.pkl,val
24552.pkl,val
30504.pkl,val
8587.pkl,val
23799.pkl,val
19790.pkl,val
25684.pkl,val
56688.pkl,val
49030.pkl,val
757.pkl,val
26802.pkl,val
41804.pkl,val
47160.pkl,val
7814.pkl,val
33449.pkl,val
29785.pkl,val
30042.pkl,val
51917.pkl,val
2456.pkl,val
28412.pkl,val
11684.pkl,val
15651.pkl,val
45534.pkl,val
32048.pkl,val
36222.pkl,val
42200.pkl,val
33315.pkl,val
47135.pkl,val
9008.pkl,val
32694.pkl,val
9241.pkl,val
49437.pkl,val
21690.pkl,val
39305.pkl,val
369.pkl,val
5682.pkl,val
16022.pkl,val
6753.pkl,val
29805.pkl,val
39637.pkl,val
54735.pkl,val
5737.pkl,val
29621.pkl,val
39325.pkl,val
15395.pkl,val
9903.pkl,val
46743.pkl,val
52432.pkl,val
16584.pkl,val
51853.pkl,val
13421.pkl,val
6848.pkl,val
26731.pkl,val
43598.pkl,val
1335.pkl,val
3428.pkl,val
2350.pkl,val
49043.pkl,val
5061.pkl,val
11121.pkl,val
47939.pkl,val
43937.pkl,val
34294.pkl,val
30079.pkl,val
12220.pkl,val
42664.pkl,val
51848.pkl,val
46804.pkl,val
23478.pkl,val
50919.pkl,val
15775.pkl,val
38406.pkl,val
39221.pkl,val
1907.pkl,val
11156.pkl,val
36860.pkl,val
18868.pkl,val
43514.pkl,val
15923.pkl,val
33480.pkl,val
47740.pkl,val
12984.pkl,val
17241.pkl,val
11133.pkl,val
30087.pkl,val
31746.pkl,val
2735.pkl,val
12939.pkl,val
17524.pkl,val
39229.pkl,val
11014.pkl,val
40962.pkl,val
24329.pkl,val
20311.pkl,val
28864.pkl,val
15046.pkl,val
31089.pkl,val
29464.pkl,val
25567.pkl,val
43817.pkl,val
19218.pkl,val
42576.pkl,val
46745.pkl,val
9995.pkl,val
41475.pkl,val
49658.pkl,val
54109.pkl,val
11505.pkl,val
38949.pkl,val
7926.pkl,val
12726.pkl,val
33269.pkl,val
5868.pkl,val
9827.pkl,val
38490.pkl,val
34762.pkl,val
47987.pkl,val
54504.pkl,val
37113.pkl,val
20495.pkl,val
41499.pkl,val
24585.pkl,val
23779.pkl,val
46475.pkl,val
36845.pkl,val
72.pkl,val
27527.pkl,val
11602.pkl,val
19495.pkl,val
54425.pkl,val
15581.pkl,val
24345.pkl,val
48711.pkl,val
12609.pkl,val
45916.pkl,val
43970.pkl,val
50192.pkl,val
6922.pkl,val
45662.pkl,val
47597.pkl,val
40718.pkl,val
7227.pkl,val
6840.pkl,val
48023.pkl,val
54436.pkl,val
20612.pkl,val
41655.pkl,val
39244.pkl,val
11092.pkl,val
11380.pkl,val
32628.pkl,val
16653.pkl,val
25159.pkl,val
36178.pkl,val
41998.pkl,val
6849.pkl,val
48406.pkl,val
27168.pkl,val
18430.pkl,val
5763.pkl,val
31977.pkl,val
19737.pkl,val
15718.pkl,val
28.pkl,val
39866.pkl,val
6775.pkl,val
47587.pkl,val
27372.pkl,val
47555.pkl,val
3750.pkl,val
48429.pkl,val
46141.pkl,val
12704.pkl,val
15098.pkl,val
35413.pkl,val
31614.pkl,val
50985.pkl,val
36233.pkl,val
25802.pkl,val
21161.pkl,val
14014.pkl,val
15886.pkl,val
41948.pkl,val
38838.pkl,val
31332.pkl,val
14041.pkl,val
4468.pkl,val
44334.pkl,val
4573.pkl,val
4881.pkl,val
26921.pkl,val
54252.pkl,val
32423.pkl,val
52923.pkl,val
36250.pkl,val
34215.pkl,val
6578.pkl,val
14971.pkl,val
44404.pkl,val
20257.pkl,val
45255.pkl,val
24891.pkl,val
52614.pkl,val
15531.pkl,val
42681.pkl,val
21973.pkl,val
39235.pkl,val
18138.pkl,val
12449.pkl,val
17131.pkl,val
1297.pkl,val
45035.pkl,val
56366.pkl,val
17691.pkl,val
223.pkl,val
54616.pkl,val
4593.pkl,val
9402.pkl,val
1542.pkl,val
42628.pkl,val
18291.pkl,val
687.pkl,val
44276.pkl,val
2351.pkl,val
49808.pkl,val
45119.pkl,val
4598.pkl,val
52724.pkl,val
21866.pkl,val
50049.pkl,val
13435.pkl,val
272.pkl,val
39338.pkl,val
16558.pkl,val
6211.pkl,val
9099.pkl,val
34466.pkl,val
50250.pkl,val
48511.pkl,val
38098.pkl,val
24579.pkl,val
51749.pkl,val
41057.pkl,val
7025.pkl,val
38902.pkl,val
44629.pkl,val
12524.pkl,val
17315.pkl,val
16106.pkl,val
52192.pkl,val
7286.pkl,val
40993.pkl,val
30963.pkl,val
11213.pkl,val
44437.pkl,val
31255.pkl,val
18963.pkl,val
9781.pkl,val
6365.pkl,val
37086.pkl,val
34532.pkl,val
56647.pkl,val
3603.pkl,val
7671.pkl,val
7545.pkl,val
39268.pkl,val
46284.pkl,val
6701.pkl,val
40957.pkl,val
42491.pkl,val
23528.pkl,val
25568.pkl,val
49784.pkl,val
41168.pkl,val
2798.pkl,val
9206.pkl,val
302.pkl,val
817.pkl,val
40953.pkl,val
18832.pkl,val
37103.pkl,val
29402.pkl,val
27869.pkl,val
54492.pkl,val
48893.pkl,val
42294.pkl,val
56478.pkl,val
40629.pkl,val
33146.pkl,val
45598.pkl,val
53607.pkl,val
30224.pkl,val
3604.pkl,val
31039.pkl,val
56257.pkl,val
34876.pkl,val
50154.pkl,val
14687.pkl,val
19229.pkl,val
39901.pkl,val
42413.pkl,val
18606.pkl,val
52756.pkl,val
29975.pkl,val
39470.pkl,val
43281.pkl,val
22511.pkl,val
46492.pkl,val
30765.pkl,val
39200.pkl,val
23063.pkl,val
44158.pkl,val
29573.pkl,val
56712.pkl,val
7053.pkl,val
40398.pkl,val
49758.pkl,val
43060.pkl,val
44395.pkl,val
520.pkl,val
22089.pkl,val
28865.pkl,val
54671.pkl,val
27292.pkl,val
10672.pkl,val
50255.pkl,val
437.pkl,val
11321.pkl,val
22269.pkl,val
27362.pkl,val
5149.pkl,val
32023.pkl,val
9370.pkl,val
33401.pkl,val
23860.pkl,val
28829.pkl,val
24584.pkl,val
35653.pkl,val
27994.pkl,val
47474.pkl,val
38840.pkl,val
52305.pkl,val
22941.pkl,val
6099.pkl,val
1408.pkl,val
41961.pkl,val
52358.pkl,val
45334.pkl,val
48726.pkl,val
9551.pkl,val
43812.pkl,val
7740.pkl,val
21569.pkl,val
38390.pkl,val
48991.pkl,val
50661.pkl,val
25210.pkl,val
792.pkl,val
17711.pkl,val
47871.pkl,val
53767.pkl,val
47079.pkl,val
56710.pkl,val
41026.pkl,val
41071.pkl,val
12785.pkl,val
3921.pkl,val
2423.pkl,val
36377.pkl,val
45693.pkl,val
53990.pkl,val
44032.pkl,val
11641.pkl,val
783.pkl,val
1667.pkl,val
33898.pkl,val
46567.pkl,val
53400.pkl,val
48296.pkl,val
54652.pkl,val
7044.pkl,val
46838.pkl,val
15338.pkl,val
28317.pkl,val
36393.pkl,val
53338.pkl,val
43773.pkl,val
27798.pkl,val
563.pkl,val
46603.pkl,val
1099.pkl,val
41360.pkl,val
50704.pkl,val
36631.pkl,val
53842.pkl,val
10329.pkl,val
29034.pkl,val
56756.pkl,val
1629.pkl,val
14537.pkl,val
40846.pkl,val
5000.pkl,val
13747.pkl,val
25272.pkl,val
29752.pkl,val
29830.pkl,val
33521.pkl,val
26016.pkl,val
32990.pkl,val
13944.pkl,val
6036.pkl,val
40808.pkl,val
6229.pkl,val
43666.pkl,val
8452.pkl,val
38887.pkl,val
1778.pkl,val
36288.pkl,val
7811.pkl,val
53473.pkl,val
8632.pkl,val
20234.pkl,val
29926.pkl,val
36496.pkl,val
22412.pkl,val
10636.pkl,val
15464.pkl,val
40183.pkl,val
43284.pkl,val
55968.pkl,val
52039.pkl,val
17260.pkl,val
5589.pkl,val
53827.pkl,val
6234.pkl,val
8091.pkl,val
42449.pkl,val
21342.pkl,val
11459.pkl,val
44925.pkl,val
34379.pkl,val
42298.pkl,val
13264.pkl,val
10794.pkl,val
53639.pkl,val
42437.pkl,val
14094.pkl,val
21745.pkl,val
48469.pkl,val
34176.pkl,val
27179.pkl,val
49696.pkl,val
3064.pkl,val
44935.pkl,val
3591.pkl,val
18860.pkl,val
41396.pkl,val
22895.pkl,val
35674.pkl,val
41212.pkl,val
55566.pkl,val
12825.pkl,val
26084.pkl,val
47525.pkl,val
15989.pkl,val
18687.pkl,val
50164.pkl,val
24735.pkl,val
26317.pkl,val
14817.pkl,val
11832.pkl,val
53408.pkl,val
46353.pkl,val
14418.pkl,val
31228.pkl,val
21494.pkl,val
25656.pkl,val
31091.pkl,val
5177.pkl,val
15698.pkl,val
24618.pkl,val
14689.pkl,val
45431.pkl,val
27040.pkl,val
22814.pkl,val
7541.pkl,val
35899.pkl,val
50601.pkl,val
31641.pkl,val
14080.pkl,val
50395.pkl,val
12011.pkl,val
13291.pkl,val
41167.pkl,val
3076.pkl,val
4797.pkl,val
37416.pkl,val
53541.pkl,val
12175.pkl,val
29502.pkl,val
16222.pkl,val
27678.pkl,val
30953.pkl,val
52366.pkl,val
35284.pkl,val
40600.pkl,val
51512.pkl,val
36018.pkl,val
44422.pkl,val
32181.pkl,val
48185.pkl,val
37001.pkl,val
28912.pkl,val
2967.pkl,val
39618.pkl,val
30003.pkl,val
51790.pkl,val
24544.pkl,val
47910.pkl,val
42942.pkl,val
17369.pkl,val
25083.pkl,val
8364.pkl,val
2409.pkl,val
44063.pkl,val
44156.pkl,val
47446.pkl,val
46109.pkl,val
27995.pkl,val
29591.pkl,val
47996.pkl,val
50459.pkl,val
26662.pkl,val
42869.pkl,val
19396.pkl,val
55387.pkl,val
46619.pkl,val
6001.pkl,val
33170.pkl,val
46438.pkl,val
26245.pkl,val
34676.pkl,val
54111.pkl,val
39005.pkl,val
56576.pkl,val
56562.pkl,val
44845.pkl,val
13437.pkl,val
2792.pkl,val
53345.pkl,val
29576.pkl,val
44479.pkl,val
2952.pkl,val
20181.pkl,val
2815.pkl,val
44424.pkl,val
50881.pkl,val
42923.pkl,val
21078.pkl,val
41650.pkl,val
43632.pkl,val
25259.pkl,val
21493.pkl,val
43810.pkl,val
52448.pkl,val
53789.pkl,val
12463.pkl,val
37583.pkl,val
44900.pkl,val
580.pkl,val
5024.pkl,val
41898.pkl,val
38158.pkl,val
35142.pkl,val
7903.pkl,val
40060.pkl,val
32291.pkl,val
52752.pkl,val
6243.pkl,val
8397.pkl,val
3477.pkl,val
3305.pkl,val
42450.pkl,val
14037.pkl,val
15653.pkl,val
19052.pkl,val
14920.pkl,val
7288.pkl,val
43831.pkl,val
21587.pkl,val
12331.pkl,val
30209.pkl,val
26410.pkl,val
36080.pkl,val
49679.pkl,val
6686.pkl,val
56912.pkl,val
21737.pkl,val
20054.pkl,val
45372.pkl,val
41949.pkl,val
36950.pkl,val
30027.pkl,val
53548.pkl,val
29303.pkl,val
53299.pkl,val
7375.pkl,val
47736.pkl,val
22251.pkl,val
34024.pkl,val
1237.pkl,val
40641.pkl,val
16490.pkl,val
20796.pkl,val
36215.pkl,val
15010.pkl,val
55114.pkl,val
50318.pkl,val
5460.pkl,val
46544.pkl,val
13249.pkl,val
10951.pkl,val
14549.pkl,val
49149.pkl,val
34075.pkl,val
14831.pkl,val
56212.pkl,val
37686.pkl,val
35519.pkl,val
50627.pkl,val
33196.pkl,val
28239.pkl,val
54894.pkl,val
17688.pkl,val
25346.pkl,val
28677.pkl,val
55859.pkl,val
34060.pkl,val
50491.pkl,val
3991.pkl,val
39336.pkl,val
43448.pkl,val
25458.pkl,val
27164.pkl,val
38972.pkl,val
42239.pkl,val
7778.pkl,val
3084.pkl,val
55576.pkl,val
9371.pkl,val
17155.pkl,val
40915.pkl,val
55249.pkl,val
42206.pkl,val
56628.pkl,val
33516.pkl,val
12189.pkl,val
32836.pkl,val
23396.pkl,val
22891.pkl,val
54009.pkl,val
19442.pkl,val
54081.pkl,val
46026.pkl,val
42462.pkl,val
15224.pkl,val
43430.pkl,val
45962.pkl,val
22044.pkl,val
29833.pkl,val
30973.pkl,val
1318.pkl,val
27509.pkl,val
54197.pkl,val
49270.pkl,val
31319.pkl,val
25608.pkl,val
20530.pkl,val
27516.pkl,val
47810.pkl,val
20645.pkl,val
36061.pkl,val
5007.pkl,val
8261.pkl,val
16746.pkl,val
9413.pkl,val
876.pkl,val
56485.pkl,val
33018.pkl,val
40171.pkl,val
1356.pkl,val
35736.pkl,val
13725.pkl,val
13723.pkl,val
26120.pkl,val
53576.pkl,val
45238.pkl,val
49224.pkl,val
6702.pkl,val
39990.pkl,val
47061.pkl,val
11592.pkl,val
47601.pkl,val
560.pkl,val
8938.pkl,val
17220.pkl,val
34675.pkl,val
44251.pkl,val
50173.pkl,val
55826.pkl,val
36944.pkl,val
2618.pkl,val
5395.pkl,val
49283.pkl,val
48385.pkl,val
27426.pkl,val
25984.pkl,val
40726.pkl,val
30267.pkl,val
47002.pkl,val
53221.pkl,val
45001.pkl,val
18802.pkl,val
24668.pkl,val
32044.pkl,val
53410.pkl,val
48394.pkl,val
7630.pkl,val
39965.pkl,val
26875.pkl,val
12142.pkl,val
5192.pkl,val
45325.pkl,val
50357.pkl,val
48351.pkl,val
37927.pkl,val
13433.pkl,val
30800.pkl,val
55329.pkl,val
20829.pkl,val
44953.pkl,val
24138.pkl,val
52168.pkl,val
40135.pkl,val
25774.pkl,val
30419.pkl,val
20935.pkl,val
46808.pkl,val
50722.pkl,val
37990.pkl,val
47542.pkl,val
56016.pkl,val
9763.pkl,val
33675.pkl,val
20596.pkl,val
56469.pkl,val
26503.pkl,val
34094.pkl,val
38570.pkl,val
22008.pkl,val
49100.pkl,val
21946.pkl,val
6018.pkl,val
14660.pkl,val
28852.pkl,val
5307.pkl,val
30226.pkl,val
13718.pkl,val
7498.pkl,val
18778.pkl,val
6649.pkl,val
49475.pkl,val
41880.pkl,val
15268.pkl,val
49372.pkl,val
33630.pkl,val
4077.pkl,val
12236.pkl,val
5203.pkl,val
43481.pkl,val
37282.pkl,val
20182.pkl,val
20750.pkl,val
32976.pkl,val
33427.pkl,val
45881.pkl,val
49369.pkl,val
43467.pkl,val
2888.pkl,val
39782.pkl,val
9316.pkl,val
5932.pkl,val
10194.pkl,val
51122.pkl,val
1018.pkl,val
54399.pkl,val
44959.pkl,val
11185.pkl,val
9562.pkl,val
53773.pkl,val
31002.pkl,val
25040.pkl,val
21882.pkl,val
9588.pkl,val
39444.pkl,val
51425.pkl,val
22684.pkl,val
54508.pkl,val
9452.pkl,val
18441.pkl,val
16172.pkl,val
26318.pkl,val
3974.pkl,val
34652.pkl,val
22069.pkl,val
10201.pkl,val
48875.pkl,val
12828.pkl,val
42898.pkl,val
41388.pkl,val
4166.pkl,val
12237.pkl,val
33995.pkl,val
15568.pkl,val
32223.pkl,val
34475.pkl,val
10017.pkl,val
9204.pkl,val
7250.pkl,val
38631.pkl,val
38082.pkl,val
8926.pkl,val
21087.pkl,val
7497.pkl,val
33893.pkl,val
10865.pkl,val
9298.pkl,val
27804.pkl,val
27139.pkl,val
56759.pkl,val
29610.pkl,val
44671.pkl,val
20305.pkl,val
45872.pkl,val
35846.pkl,val
2498.pkl,val
2060.pkl,val
1420.pkl,val
44610.pkl,val
24053.pkl,val
45938.pkl,val
35500.pkl,val
35569.pkl,val
4440.pkl,val
42994.pkl,val
14713.pkl,val
17404.pkl,val
18308.pkl,val
5090.pkl,val
45296.pkl,val
12870.pkl,val
25967.pkl,val
39940.pkl,val
28559.pkl,val
7502.pkl,val
38471.pkl,val
14592.pkl,val
14378.pkl,val
50383.pkl,val
8987.pkl,val
7393.pkl,val
44345.pkl,val
46754.pkl,val
16317.pkl,val
16156.pkl,val
30223.pkl,val
41149.pkl,val
33852.pkl,val
51639.pkl,val
36565.pkl,val
6125.pkl,val
31072.pkl,val
26762.pkl,val
49639.pkl,val
10257.pkl,val
7489.pkl,val
32928.pkl,val
869.pkl,val
31804.pkl,val
21441.pkl,val
49221.pkl,val
7064.pkl,val
18597.pkl,val
33686.pkl,val
40688.pkl,val
52851.pkl,val
22483.pkl,val
16763.pkl,val
33867.pkl,val
31092.pkl,val
44895.pkl,val
41758.pkl,val
25025.pkl,val
38039.pkl,val
5956.pkl,val
17237.pkl,val
6030.pkl,val
47280.pkl,val
42675.pkl,val
44481.pkl,val
44180.pkl,val
40013.pkl,val
22729.pkl,val
1760.pkl,val
27480.pkl,val
40698.pkl,val
42460.pkl,val
4517.pkl,val
54602.pkl,val
43906.pkl,val
50882.pkl,val
56387.pkl,val
47819.pkl,val
41661.pkl,val
9710.pkl,val
49425.pkl,val
50114.pkl,val
8486.pkl,val
37152.pkl,val
39119.pkl,val
14803.pkl,val
50402.pkl,val
4309.pkl,val
16308.pkl,val
21189.pkl,val
36253.pkl,val
48517.pkl,val
30999.pkl,val
32147.pkl,val
31442.pkl,val
38734.pkl,val
5628.pkl,val
47365.pkl,val
40340.pkl,val
20165.pkl,val
12556.pkl,val
19513.pkl,val
49826.pkl,val
8145.pkl,val
8673.pkl,val
48861.pkl,val
18740.pkl,val
20271.pkl,val
48456.pkl,val
35209.pkl,val
12654.pkl,val
51998.pkl,val
56410.pkl,val
25820.pkl,val
53929.pkl,val
38541.pkl,val
23871.pkl,val
11840.pkl,val
39538.pkl,val
24064.pkl,val
21356.pkl,val
49928.pkl,val
47669.pkl,val
26867.pkl,val
41233.pkl,val
9814.pkl,val
9607.pkl,val
16168.pkl,val
37662.pkl,val
8626.pkl,val
20247.pkl,val
9914.pkl,val
55014.pkl,val
22798.pkl,val
18336.pkl,val
24197.pkl,val
49559.pkl,val
34091.pkl,val
11887.pkl,val
3596.pkl,val
7315.pkl,val
47242.pkl,val
25013.pkl,val
8508.pkl,val
40359.pkl,val
15005.pkl,val
32826.pkl,val
37431.pkl,val
27952.pkl,val
4900.pkl,val
43669.pkl,val
15822.pkl,val
31264.pkl,val
10455.pkl,val
49978.pkl,val
45716.pkl,val
26528.pkl,val
5233.pkl,val
55400.pkl,val
53457.pkl,val
17543.pkl,val
27356.pkl,val
9214.pkl,val
9086.pkl,val
3149.pkl,val
51465.pkl,val
34649.pkl,val
49526.pkl,val
33232.pkl,val
10459.pkl,val
41030.pkl,val
35585.pkl,val
42864.pkl,val
28959.pkl,val
28698.pkl,val
44577.pkl,val
55165.pkl,val
19244.pkl,val
21165.pkl,val
35589.pkl,val
49216.pkl,val
49863.pkl,val
42002.pkl,val
48650.pkl,val
49423.pkl,val
49996.pkl,val
819.pkl,val
28283.pkl,val
42496.pkl,val
19572.pkl,val
42046.pkl,val
35108.pkl,val
44515.pkl,val
6240.pkl,val
44720.pkl,val
41598.pkl,val
49394.pkl,val
5481.pkl,val
52035.pkl,val
39108.pkl,val
19254.pkl,val
49629.pkl,val
39907.pkl,val
17558.pkl,val
30697.pkl,val
51209.pkl,val
26461.pkl,val
36236.pkl,val
9737.pkl,val
3602.pkl,val
56762.pkl,val
24917.pkl,val
30907.pkl,val
19935.pkl,val
13600.pkl,val
50903.pkl,val
6694.pkl,val
2760.pkl,val
52583.pkl,val
45187.pkl,val
39543.pkl,val
42880.pkl,val
3134.pkl,val
42981.pkl,val
22499.pkl,val
2125.pkl,val
38204.pkl,val
34781.pkl,val
2902.pkl,val
20152.pkl,val
7163.pkl,val
41267.pkl,val
12971.pkl,val
7473.pkl,val
32400.pkl,val
36796.pkl,val
31430.pkl,val
1346.pkl,val
51187.pkl,val
49756.pkl,val
12094.pkl,val
31033.pkl,val
44647.pkl,val
38252.pkl,val
31769.pkl,val
45349.pkl,val
38978.pkl,val
13520.pkl,val
55919.pkl,val
14584.pkl,val
35177.pkl,val
29444.pkl,val
29731.pkl,val
46924.pkl,val
44625.pkl,val
27635.pkl,val
23257.pkl,val
21157.pkl,val
19086.pkl,val
23140.pkl,val
27313.pkl,val
30399.pkl,val
28847.pkl,val
5297.pkl,val
37546.pkl,val
18440.pkl,val
25351.pkl,val
35030.pkl,val
36735.pkl,val
9266.pkl,val
11415.pkl,val
23142.pkl,val
8401.pkl,val
49747.pkl,val
10148.pkl,val
50220.pkl,val
1828.pkl,val
56631.pkl,val
12687.pkl,val
17028.pkl,val
37866.pkl,val
34863.pkl,val
20735.pkl,val
2601.pkl,val
27450.pkl,val
46933.pkl,val
15543.pkl,val
52624.pkl,val
15762.pkl,val
35752.pkl,val
6667.pkl,val
4052.pkl,val
2964.pkl,val
30041.pkl,val
16378.pkl,val
50695.pkl,val
23008.pkl,val
28005.pkl,val
21795.pkl,val
52505.pkl,val
4504.pkl,val
56597.pkl,val
22112.pkl,val
11630.pkl,val
7123.pkl,val
2846.pkl,val
42617.pkl,val
3538.pkl,val
47307.pkl,val
42655.pkl,val
49663.pkl,val
9948.pkl,val
53225.pkl,val
49799.pkl,val
41189.pkl,val
18988.pkl,val
23935.pkl,val
18214.pkl,val
38561.pkl,val
3068.pkl,val
34669.pkl,val
30482.pkl,val
55508.pkl,val
9881.pkl,val
50089.pkl,val
49026.pkl,val
55557.pkl,val
52409.pkl,val
23607.pkl,val
14112.pkl,val
35039.pkl,val
53331.pkl,val
16958.pkl,val
47959.pkl,val
25667.pkl,val
44207.pkl,val
48810.pkl,val
48784.pkl,val
44381.pkl,val
26005.pkl,val
26392.pkl,val
30129.pkl,val
33817.pkl,val
5748.pkl,val
30971.pkl,val
45280.pkl,val
46410.pkl,val
25186.pkl,val
46150.pkl,val
56948.pkl,val
15362.pkl,val
25177.pkl,val
36023.pkl,val
46473.pkl,val
25789.pkl,val
41938.pkl,val
31808.pkl,val
7413.pkl,val
33206.pkl,val
14977.pkl,val
5313.pkl,val
27301.pkl,val
47614.pkl,val
16878.pkl,val
39274.pkl,val
46967.pkl,val
25258.pkl,val
46592.pkl,val
38151.pkl,val
42826.pkl,val
17889.pkl,val
14628.pkl,val
45818.pkl,val
28762.pkl,val
24774.pkl,val
47330.pkl,val
1617.pkl,val
42855.pkl,val
30208.pkl,val
49156.pkl,val
25693.pkl,val
55127.pkl,val
30463.pkl,val
6222.pkl,val
3035.pkl,val
47303.pkl,val
28074.pkl,val
41344.pkl,val
48998.pkl,val
8538.pkl,val
49480.pkl,val
11170.pkl,val
34841.pkl,val
24140.pkl,val
5197.pkl,val
38456.pkl,val
32844.pkl,val
41217.pkl,val
32806.pkl,val
25039.pkl,val
49920.pkl,val
7544.pkl,val
44688.pkl,val
1670.pkl,val
16861.pkl,val
17495.pkl,val
25897.pkl,val
19274.pkl,val
30666.pkl,val
15452.pkl,val
13525.pkl,val
3925.pkl,val
5440.pkl,val
3841.pkl,val
50364.pkl,val
52798.pkl,val
53316.pkl,val
48261.pkl,val
38.pkl,val
41871.pkl,val
36118.pkl,val
56331.pkl,val
20842.pkl,val
49163.pkl,val
2593.pkl,val
52649.pkl,val
22750.pkl,val
46421.pkl,val
37946.pkl,val
20176.pkl,val
35324.pkl,val
23121.pkl,val
3473.pkl,val
5069.pkl,val
20507.pkl,val
48776.pkl,val
32093.pkl,val
55125.pkl,val
2450.pkl,val
40931.pkl,val
47051.pkl,val
47632.pkl,val
44109.pkl,val
16633.pkl,val
42501.pkl,val
701.pkl,val
4433.pkl,val
1448.pkl,val
24096.pkl,val
10404.pkl,val
45239.pkl,val
40998.pkl,val
43442.pkl,val
44568.pkl,val
37290.pkl,val
7483.pkl,val
12389.pkl,val
36811.pkl,val
43774.pkl,val
34285.pkl,val
34892.pkl,val
51347.pkl,val
53222.pkl,val
18464.pkl,val
30709.pkl,val
20085.pkl,val
9059.pkl,val
42010.pkl,val
28681.pkl,val
17098.pkl,val
23265.pkl,val
54094.pkl,val
37441.pkl,val
26801.pkl,val
25214.pkl,val
49434.pkl,val
20008.pkl,val
16386.pkl,val
2451.pkl,val
715.pkl,val
1882.pkl,val
813.pkl,val
29176.pkl,val
15954.pkl,val
26363.pkl,val
46555.pkl,val
3767.pkl,val
17259.pkl,val
51037.pkl,val
13533.pkl,val
46700.pkl,val
51959.pkl,val
27066.pkl,val
9180.pkl,val
15329.pkl,val
29451.pkl,val
55307.pkl,val
1615.pkl,val
37493.pkl,val
2012.pkl,val
48056.pkl,val
8757.pkl,val
46007.pkl,val
46281.pkl,val
19992.pkl,val
20077.pkl,val
21907.pkl,val
43461.pkl,val
31552.pkl,val
27457.pkl,val
52693.pkl,val
9227.pkl,val
7714.pkl,val
55425.pkl,val
52350.pkl,val
1538.pkl,val
46031.pkl,val
52414.pkl,val
21527.pkl,val
49504.pkl,val
33747.pkl,val
20252.pkl,val
8066.pkl,val
11770.pkl,val
38067.pkl,val
49346.pkl,val
14204.pkl,val
932.pkl,val
31229.pkl,val
26014.pkl,val
53411.pkl,val
32441.pkl,val
1137.pkl,val
53586.pkl,val
7512.pkl,val
46593.pkl,val
9883.pkl,val
32289.pkl,val
46418.pkl,val
1880.pkl,val
14209.pkl,val
44747.pkl,val
46474.pkl,val
26521.pkl,val
37853.pkl,val
22576.pkl,val
13622.pkl,val
29109.pkl,val
48151.pkl,val
36498.pkl,val
54393.pkl,val
49967.pkl,val
30805.pkl,val
51097.pkl,val
42409.pkl,val
26606.pkl,val
9636.pkl,val
1671.pkl,val
8874.pkl,val
12661.pkl,val
40036.pkl,val
17285.pkl,val
25193.pkl,val
37233.pkl,val
18129.pkl,val
8116.pkl,val
13641.pkl,val
18018.pkl,val
53561.pkl,val
46423.pkl,val
15807.pkl,val
13474.pkl,val
16695.pkl,val
4180.pkl,val
31301.pkl,val
22054.pkl,val
23732.pkl,val
55466.pkl,val
10732.pkl,val
41068.pkl,val
31860.pkl,val
11442.pkl,val
44026.pkl,val
15557.pkl,val
3712.pkl,val
53675.pkl,val
51307.pkl,val
37393.pkl,val
56870.pkl,val
7268.pkl,val
46938.pkl,val
48381.pkl,val
6698.pkl,val
11946.pkl,val
12978.pkl,val
42090.pkl,val
16435.pkl,val
20411.pkl,val
50989.pkl,val
627.pkl,val
14874.pkl,val
41111.pkl,val
33748.pkl,val
31895.pkl,val
30858.pkl,val
7219.pkl,val
27961.pkl,val
11337.pkl,val
18386.pkl,val
27224.pkl,val
44775.pkl,val
562.pkl,val
55190.pkl,val
14353.pkl,val
25616.pkl,val
21025.pkl,val
30546.pkl,val
49991.pkl,val
45871.pkl,val
12688.pkl,val
3934.pkl,val
29249.pkl,val
55985.pkl,val
31327.pkl,val
45944.pkl,val
41508.pkl,val
32852.pkl,val
34577.pkl,val
25050.pkl,val
9190.pkl,val
32418.pkl,val
36225.pkl,val
54211.pkl,val
46855.pkl,val
26574.pkl,val
11845.pkl,val
47373.pkl,val
35178.pkl,val
6852.pkl,val
43865.pkl,val
10610.pkl,val
30657.pkl,val
50796.pkl,val
258.pkl,val
45602.pkl,val
24554.pkl,val
16686.pkl,val
53158.pkl,val
41354.pkl,val
44181.pkl,val
13034.pkl,val
25513.pkl,val
11585.pkl,val
52882.pkl,val
46542.pkl,val
56616.pkl,val
27369.pkl,val
5256.pkl,val
41199.pkl,val
14986.pkl,val
9974.pkl,val
32661.pkl,val
744.pkl,val
49143.pkl,val
52928.pkl,val
17057.pkl,val
33415.pkl,val
21655.pkl,val
36049.pkl,val
28367.pkl,val
10538.pkl,val
28556.pkl,val
5290.pkl,val
45906.pkl,val
22976.pkl,val
14597.pkl,val
22827.pkl,val
13912.pkl,val
37404.pkl,val
15204.pkl,val
30112.pkl,val
20646.pkl,val
34034.pkl,val
4946.pkl,val
43073.pkl,val
12608.pkl,val
20169.pkl,val
32005.pkl,val
53191.pkl,val
13648.pkl,val
13028.pkl,val
56207.pkl,val
3449.pkl,val
48512.pkl,val
51212.pkl,val
32893.pkl,val
31156.pkl,val
26576.pkl,val
36368.pkl,val
28831.pkl,val
22090.pkl,val
45473.pkl,val
44886.pkl,val
19341.pkl,val
3736.pkl,val
9837.pkl,val
55242.pkl,val
9025.pkl,val
22547.pkl,val
33826.pkl,val
31342.pkl,val
50057.pkl,val
7654.pkl,val
3001.pkl,val
10050.pkl,val
43968.pkl,val
49548.pkl,val
37709.pkl,val
27414.pkl,val
52741.pkl,val
19730.pkl,val
44572.pkl,val
18053.pkl,val
56238.pkl,val
5431.pkl,val
29432.pkl,val
18473.pkl,val
42315.pkl,val
42857.pkl,val
22047.pkl,val
38427.pkl,val
41371.pkl,val
41006.pkl,val
21542.pkl,val
11007.pkl,val
4041.pkl,val
14699.pkl,val
36986.pkl,val
25641.pkl,val
24800.pkl,val
31399.pkl,val
47858.pkl,val
49954.pkl,val
41669.pkl,val
10849.pkl,val
42407.pkl,val
56389.pkl,val
25478.pkl,val
20942.pkl,val
38319.pkl,val
19165.pkl,val
37896.pkl,val
31955.pkl,val
9480.pkl,val
16788.pkl,val
56978.pkl,val
32379.pkl,val
6219.pkl,val
18169.pkl,val
10793.pkl,val
500.pkl,val
15625.pkl,val
21590.pkl,val
1989.pkl,val
12889.pkl,val
51338.pkl,val
26505.pkl,val
37442.pkl,val
21997.pkl,val
35173.pkl,val
33459.pkl,val
22425.pkl,val
45572.pkl,val
4878.pkl,val
32194.pkl,val
47993.pkl,val
49595.pkl,val
42507.pkl,val
29254.pkl,val
29282.pkl,val
24304.pkl,val
3801.pkl,val
41958.pkl,val
32187.pkl,val
30352.pkl,val
55767.pkl,val
5883.pkl,val
8500.pkl,val
52728.pkl,val
30879.pkl,val
37586.pkl,val
32154.pkl,val
4193.pkl,val
42207.pkl,val
15208.pkl,val
47013.pkl,val
32019.pkl,val
16420.pkl,val
33856.pkl,val
10518.pkl,val
5468.pkl,val
48865.pkl,val
29280.pkl,val
1520.pkl,val
18840.pkl,val
12557.pkl,val
24484.pkl,val
11881.pkl,val
23823.pkl,val
12936.pkl,val
3181.pkl,val
27566.pkl,val
49533.pkl,val
43411.pkl,val
18726.pkl,val
20516.pkl,val
45143.pkl,val
45394.pkl,val
10044.pkl,val
47164.pkl,val
11067.pkl,val
54696.pkl,val
30677.pkl,val
4826.pkl,val
32808.pkl,val
36596.pkl,val
30033.pkl,val
5635.pkl,val
456.pkl,val
5394.pkl,val
17178.pkl,val
16886.pkl,val
27005.pkl,val
35159.pkl,val
5952.pkl,val
44169.pkl,val
18733.pkl,val
50268.pkl,val
35745.pkl,val
30669.pkl,val
22284.pkl,val
14396.pkl,val
2909.pkl,val
21584.pkl,val
41672.pkl,val
47771.pkl,val
54615.pkl,val
49545.pkl,val
53878.pkl,val
37825.pkl,val
53147.pkl,val
47293.pkl,val
37861.pkl,val
27684.pkl,val
24240.pkl,val
18661.pkl,val
31221.pkl,val
37220.pkl,val
52634.pkl,val
4550.pkl,val
33454.pkl,val
23942.pkl,val
32863.pkl,val
20208.pkl,val
46116.pkl,val
3026.pkl,val
9186.pkl,val
19007.pkl,val
6592.pkl,val
34113.pkl,val
16910.pkl,val
36939.pkl,val
44292.pkl,val
26128.pkl,val
37737.pkl,val
40835.pkl,val
27220.pkl,val
52986.pkl,val
17479.pkl,val
22765.pkl,val
55314.pkl,val
7802.pkl,val
4138.pkl,val
21226.pkl,val
54645.pkl,val
11245.pkl,val
12369.pkl,val
49793.pkl,val
14265.pkl,val
43519.pkl,val
17238.pkl,val
29122.pkl,val
48482.pkl,val
24050.pkl,val
56541.pkl,val
23018.pkl,val
134.pkl,val
14060.pkl,val
45217.pkl,val
35921.pkl,val
680.pkl,val
23276.pkl,val
30621.pkl,val
9647.pkl,val
22094.pkl,val
18117.pkl,val
54057.pkl,val
25986.pkl,val
25622.pkl,val
48086.pkl,val
7335.pkl,val
52866.pkl,val
56163.pkl,val
5846.pkl,val
41889.pkl,val
6995.pkl,val
31498.pkl,val
37171.pkl,val
29823.pkl,val
37910.pkl,val
9200.pkl,val
56086.pkl,val
23605.pkl,val
31877.pkl,val
15545.pkl,val
46191.pkl,val
35172.pkl,val
11269.pkl,val
15642.pkl,val
53907.pkl,val
56043.pkl,val
33578.pkl,val
35378.pkl,val
54576.pkl,val
1172.pkl,val
24671.pkl,val
20332.pkl,val
53067.pkl,val
32312.pkl,val
10462.pkl,val
4111.pkl,val
53663.pkl,val
5663.pkl,val
18838.pkl,val
56713.pkl,val
37736.pkl,val
40367.pkl,val
46573.pkl,val
49875.pkl,val
2699.pkl,val
24000.pkl,val
28718.pkl,val
36823.pkl,val
31771.pkl,val
17523.pkl,val
4188.pkl,val
54216.pkl,val
27067.pkl,val
11971.pkl,val
32584.pkl,val
1854.pkl,val
50640.pkl,val
35234.pkl,val
8797.pkl,val
7612.pkl,val
38267.pkl,val
27620.pkl,val
33734.pkl,val
32380.pkl,val
2205.pkl,val
47609.pkl,val
6964.pkl,val
40112.pkl,val
36349.pkl,val
32953.pkl,val
43323.pkl,val
34458.pkl,val
49743.pkl,val
10019.pkl,val
14969.pkl,val
27195.pkl,val
40955.pkl,val
50167.pkl,val
45984.pkl,val
34188.pkl,val
39428.pkl,val
48718.pkl,val
3905.pkl,val
14264.pkl,val
6023.pkl,val
10227.pkl,val
39788.pkl,val
38859.pkl,val
32359.pkl,val
3142.pkl,val
55723.pkl,val
42752.pkl,val
5888.pkl,val
23055.pkl,val
36724.pkl,val
35289.pkl,val
12158.pkl,val
49797.pkl,val
47246.pkl,val
8493.pkl,val
41675.pkl,val
49366.pkl,val
35193.pkl,val
16130.pkl,val
5134.pkl,val
30328.pkl,val
34415.pkl,val
54261.pkl,val
53107.pkl,val
2376.pkl,val
34149.pkl,val
14279.pkl,val
20433.pkl,val
8208.pkl,val
11202.pkl,val
34062.pkl,val
38590.pkl,val
3422.pkl,val
43716.pkl,val
2471.pkl,val
48538.pkl,val
44060.pkl,val
8523.pkl,val
25657.pkl,val
35268.pkl,val
29438.pkl,val
29023.pkl,val
36544.pkl,val
4976.pkl,val
12724.pkl,val
48061.pkl,val
32122.pkl,val
19566.pkl,val
25474.pkl,val
1039.pkl,val
10319.pkl,val
4892.pkl,val
33552.pkl,val
53099.pkl,val
4571.pkl,val
45842.pkl,val
20911.pkl,val
11197.pkl,val
33213.pkl,val
8737.pkl,val
26299.pkl,val
3330.pkl,val
22166.pkl,val
41063.pkl,val
13015.pkl,val
33845.pkl,val
15749.pkl,val
17763.pkl,val
56695.pkl,val
395.pkl,val
49410.pkl,val
45684.pkl,val
16564.pkl,val
28051.pkl,val
512.pkl,val
36730.pkl,val
32488.pkl,val
36373.pkl,val
55492.pkl,val
9259.pkl,val
42707.pkl,val
50358.pkl,val
20806.pkl,val
16025.pkl,val
11467.pkl,val
42235.pkl,val
54854.pkl,val
24422.pkl,val
23978.pkl,val
33371.pkl,val
28744.pkl,val
27653.pkl,val
20602.pkl,val
24391.pkl,val
3642.pkl,val
4708.pkl,val
24535.pkl,val
42278.pkl,val
36263.pkl,val
7287.pkl,val
41390.pkl,val
55244.pkl,val
55205.pkl,val
40642.pkl,val
48970.pkl,val
6285.pkl,val
34106.pkl,val
56952.pkl,val
26144.pkl,val
4070.pkl,val
37475.pkl,val
22564.pkl,val
26721.pkl,val
27059.pkl,val
7913.pkl,val
3922.pkl,val
19892.pkl,val
24117.pkl,val
44524.pkl,val
31330.pkl,val
4481.pkl,val
38387.pkl,val
41301.pkl,val
21418.pkl,val
6051.pkl,val
40689.pkl,val
18757.pkl,val
24491.pkl,val
542.pkl,val
37852.pkl,val
52832.pkl,val
36405.pkl,val
52258.pkl,val
32060.pkl,val
17370.pkl,val
20021.pkl,val
22737.pkl,val
16682.pkl,val
10059.pkl,val
53216.pkl,val
32083.pkl,val
39240.pkl,val
40119.pkl,val
26557.pkl,val
1545.pkl,val
48722.pkl,val
52911.pkl,val
30434.pkl,val
47006.pkl,val
12805.pkl,val
56508.pkl,val
22242.pkl,val
47088.pkl,val
47515.pkl,val
5364.pkl,val
51296.pkl,val
16754.pkl,val
41498.pkl,val
49582.pkl,val
44909.pkl,val
51489.pkl,val
48561.pkl,val
44680.pkl,val
47360.pkl,val
49159.pkl,val
52871.pkl,val
28565.pkl,val
4944.pkl,val
7603.pkl,val
13119.pkl,val
23544.pkl,val
34387.pkl,val
41204.pkl,val
2907.pkl,val
34691.pkl,val
41112.pkl,val
32672.pkl,val
47853.pkl,val
29939.pkl,val
33183.pkl,val
51109.pkl,val
56545.pkl,val
15598.pkl,val
25583.pkl,val
14374.pkl,val
6635.pkl,val
36826.pkl,val
41602.pkl,val
20565.pkl,val
42236.pkl,val
32163.pkl,val
29056.pkl,val
27728.pkl,val
16206.pkl,val
15325.pkl,val
49867.pkl,val
7825.pkl,val
40713.pkl,val
30017.pkl,val
17097.pkl,val
43612.pkl,val
9836.pkl,val
35595.pkl,val
42127.pkl,val
33000.pkl,val
12935.pkl,val
30501.pkl,val
48597.pkl,val
33322.pkl,val
50503.pkl,val
3293.pkl,val
21446.pkl,val
31379.pkl,val
53779.pkl,val
17114.pkl,val
54125.pkl,val
39487.pkl,val
46723.pkl,val
3412.pkl,val
7734.pkl,val
45911.pkl,val
19486.pkl,val
4071.pkl,val
33632.pkl,val
30502.pkl,val
15904.pkl,val
5577.pkl,val
40207.pkl,val
54713.pkl,val
25522.pkl,val
9986.pkl,val
26432.pkl,val
11654.pkl,val
33447.pkl,val
14169.pkl,val
13567.pkl,val
41209.pkl,val
40865.pkl,val
27281.pkl,val
35825.pkl,val
11164.pkl,val
3969.pkl,val
6778.pkl,val
32745.pkl,val
23929.pkl,val
52411.pkl,val
207.pkl,val
23753.pkl,val
22116.pkl,val
26265.pkl,val
50170.pkl,val
56460.pkl,val
51780.pkl,val
5091.pkl,val
51978.pkl,val
7122.pkl,val
35228.pkl,val
5680.pkl,val
33602.pkl,val
24548.pkl,val
31965.pkl,val
44121.pkl,val
9517.pkl,val
39957.pkl,val
52746.pkl,val
34810.pkl,val
38969.pkl,val
49128.pkl,val
24499.pkl,val
44355.pkl,val
12619.pkl,val
14806.pkl,val
44485.pkl,val
39593.pkl,val
8682.pkl,val
18696.pkl,val
11483.pkl,val
37789.pkl,val
17385.pkl,val
37537.pkl,val
30455.pkl,val
38783.pkl,val
56234.pkl,val
38860.pkl,val
11439.pkl,val
41716.pkl,val
14151.pkl,val
21366.pkl,val
27355.pkl,val
6250.pkl,val
11523.pkl,val
53080.pkl,val
4117.pkl,val
55546.pkl,val
40963.pkl,val
28896.pkl,val
39610.pkl,val
2436.pkl,val
4083.pkl,val
39510.pkl,val
6277.pkl,val
27787.pkl,val
19882.pkl,val
37236.pkl,val
8068.pkl,val
43584.pkl,val
56175.pkl,val
20742.pkl,val
21264.pkl,val
48848.pkl,val
55339.pkl,val
49065.pkl,val
6746.pkl,val
5030.pkl,val
20203.pkl,val
13746.pkl,val
34307.pkl,val
22273.pkl,val
21851.pkl,val
17095.pkl,val
9469.pkl,val
20396.pkl,val
4427.pkl,val
16774.pkl,val
53467.pkl,val
10397.pkl,val
5408.pkl,val
38874.pkl,val
2124.pkl,val
12495.pkl,val
51324.pkl,val
30566.pkl,val
15509.pkl,val
17409.pkl,val
17240.pkl,val
29775.pkl,val
40925.pkl,val
35141.pkl,val
40827.pkl,val
55717.pkl,val
43223.pkl,val
36030.pkl,val
12720.pkl,val
35416.pkl,val
37211.pkl,val
49125.pkl,val
9791.pkl,val
36011.pkl,val
13331.pkl,val
38083.pkl,val
29453.pkl,val
49732.pkl,val
10010.pkl,val
32458.pkl,val
42187.pkl,val
33378.pkl,val
37524.pkl,val
39712.pkl,val
44160.pkl,val
25317.pkl,val
49078.pkl,val
20333.pkl,val
29012.pkl,val
46974.pkl,val
26868.pkl,val
31809.pkl,val
37608.pkl,val
50713.pkl,val
2443.pkl,val
5234.pkl,val
10765.pkl,val
4693.pkl,val
53445.pkl,val
49415.pkl,val
50807.pkl,val
49222.pkl,val
43982.pkl,val
21904.pkl,val
18700.pkl,val
7162.pkl,val
55345.pkl,val
33377.pkl,val
40722.pkl,val
45647.pkl,val
9803.pkl,val
20464.pkl,val
33488.pkl,val
42514.pkl,val
34059.pkl,val
26360.pkl,val
24732.pkl,val
42217.pkl,val
2159.pkl,val
29098.pkl,val
45769.pkl,val
15184.pkl,val
37473.pkl,val
773.pkl,val
44236.pkl,val
27485.pkl,val
12424.pkl,val
45299.pkl,val
13278.pkl,val
29592.pkl,val
30392.pkl,val
30258.pkl,val
30900.pkl,val
15624.pkl,val
49766.pkl,val
16452.pkl,val
39391.pkl,val
56991.pkl,val
45966.pkl,val
21445.pkl,val
30467.pkl,val
52742.pkl,val
50139.pkl,val
38520.pkl,val
33709.pkl,val
46436.pkl,val
27621.pkl,val
33782.pkl,val
46943.pkl,val
38697.pkl,val
49950.pkl,val
54144.pkl,val
26698.pkl,val
1314.pkl,val
55603.pkl,val
39917.pkl,val
27278.pkl,val
2105.pkl,val
16816.pkl,val
26846.pkl,val
42174.pkl,val
48580.pkl,val
6657.pkl,val
21635.pkl,val
51546.pkl,val
49123.pkl,val
40570.pkl,val
48457.pkl,val
13916.pkl,val
32597.pkl,val
9455.pkl,val
24829.pkl,val
22075.pkl,val
24311.pkl,val
42408.pkl,val
4798.pkl,val
36683.pkl,val
19545.pkl,val
16876.pkl,val
2508.pkl,val
18092.pkl,val
47864.pkl,val
29902.pkl,val
44640.pkl,val
51556.pkl,val
13343.pkl,val
36677.pkl,val
27857.pkl,val
41442.pkl,val
36021.pkl,val
2772.pkl,val
14157.pkl,val
35100.pkl,val
15724.pkl,val
55117.pkl,val
20949.pkl,val
16279.pkl,val
54668.pkl,val
48049.pkl,val
39209.pkl,val
54149.pkl,val
7242.pkl,val
12005.pkl,val
41773.pkl,val
23894.pkl,val
5419.pkl,val
7533.pkl,val
6925.pkl,val
37470.pkl,val
11148.pkl,val
56906.pkl,val
51985.pkl,val
14319.pkl,val
5505.pkl,val
9239.pkl,val
36584.pkl,val
10744.pkl,val
12859.pkl,val
22562.pkl,val
21412.pkl,val
22674.pkl,val
26817.pkl,val
33485.pkl,val
23022.pkl,val
37269.pkl,val
52690.pkl,val
814.pkl,val
12590.pkl,val
46852.pkl,val
2007.pkl,val
35684.pkl,val
53938.pkl,val
33009.pkl,val
47005.pkl,val
27765.pkl,val
2321.pkl,val
3120.pkl,val
35850.pkl,val
28856.pkl,val
50264.pkl,val
3270.pkl,val
24224.pkl,val
7231.pkl,val
20675.pkl,val
5003.pkl,val
40456.pkl,val
12378.pkl,val
31059.pkl,val
33035.pkl,val
798.pkl,val
28640.pkl,val
42662.pkl,val
41803.pkl,val
1003.pkl,val
23364.pkl,val
6923.pkl,val
984.pkl,val
7893.pkl,val
32887.pkl,val
32104.pkl,val
18054.pkl,val
11586.pkl,val
37631.pkl,val
23202.pkl,val
6396.pkl,val
41148.pkl,val
15363.pkl,val
16294.pkl,val
52846.pkl,val
47843.pkl,val
56351.pkl,val
29428.pkl,val
26748.pkl,val
46178.pkl,val
12734.pkl,val
40785.pkl,val
36563.pkl,val
52703.pkl,val
30734.pkl,val
49327.pkl,val
21555.pkl,val
45509.pkl,val
49969.pkl,val
56772.pkl,val
33923.pkl,val
19674.pkl,val
21335.pkl,val
7260.pkl,val
40798.pkl,val
32123.pkl,val
9952.pkl,val
4503.pkl,val
10188.pkl,val
7422.pkl,val
41725.pkl,val
1575.pkl,val
30884.pkl,val
38325.pkl,val
43459.pkl,val
53139.pkl,val
46756.pkl,val
5361.pkl,val
32578.pkl,val
11084.pkl,val
34092.pkl,val
4842.pkl,val
48876.pkl,val
31990.pkl,val
20295.pkl,val
35790.pkl,val
39623.pkl,val
26116.pkl,val
20114.pkl,val
37741.pkl,val
2466.pkl,val
4326.pkl,val
37127.pkl,val
5386.pkl,val
99.pkl,val
10040.pkl,val
20554.pkl,val
8375.pkl,val
43731.pkl,val
2085.pkl,val
34472.pkl,val
17779.pkl,val
53207.pkl,val
37569.pkl,val
12195.pkl,val
40272.pkl,val
22658.pkl,val
50386.pkl,val
46455.pkl,val
26276.pkl,val
48584.pkl,val
10426.pkl,val
4174.pkl,val
36742.pkl,val
55653.pkl,val
6113.pkl,val
48859.pkl,val
40812.pkl,val
9125.pkl,val
48197.pkl,val
20383.pkl,val
2454.pkl,val
30610.pkl,val
5855.pkl,val
33185.pkl,val
21348.pkl,val
28561.pkl,val
14902.pkl,val
39236.pkl,val
31022.pkl,val
8707.pkl,val
44672.pkl,val
10332.pkl,val
38066.pkl,val
26994.pkl,val
48864.pkl,val
5175.pkl,val
32900.pkl,val
22336.pkl,val
37247.pkl,val
48506.pkl,val
42440.pkl,val
17924.pkl,val
45323.pkl,val
6653.pkl,val
9733.pkl,val
21761.pkl,val
47201.pkl,val
6754.pkl,val
38508.pkl,val
8018.pkl,val
27341.pkl,val
52134.pkl,val
23069.pkl,val
44211.pkl,val
8002.pkl,val
48958.pkl,val
56673.pkl,val
27236.pkl,val
15750.pkl,val
42404.pkl,val
8999.pkl,val
37186.pkl,val
35354.pkl,val
52462.pkl,val
16128.pkl,val
6483.pkl,val
16995.pkl,val
10037.pkl,val
32232.pkl,val
14609.pkl,val
19487.pkl,val
36220.pkl,val
51161.pkl,val
53660.pkl,val
19989.pkl,val
52238.pkl,val
17526.pkl,val
29555.pkl,val
5170.pkl,val
11075.pkl,val
31549.pkl,val
37571.pkl,val
33327.pkl,val
30297.pkl,val
46837.pkl,val
12095.pkl,val
9198.pkl,val
31582.pkl,val
11895.pkl,val
52276.pkl,val
21711.pkl,val
55762.pkl,val
46378.pkl,val
7985.pkl,val
52036.pkl,val
40258.pkl,val
41318.pkl,val
55323.pkl,val
1134.pkl,val
52144.pkl,val
20037.pkl,val
26354.pkl,val
21220.pkl,val
45675.pkl,val
23375.pkl,val
37075.pkl,val
21543.pkl,val
37544.pkl,val
20855.pkl,val
2794.pkl,val
18719.pkl,val
9639.pkl,val
34574.pkl,val
56411.pkl,val
24328.pkl,val
10822.pkl,val
22739.pkl,val
30184.pkl,val
26470.pkl,val
45484.pkl,val
10840.pkl,val
49213.pkl,val
17748.pkl,val
30092.pkl,val
8176.pkl,val
29892.pkl,val
32271.pkl,val
43610.pkl,val
37669.pkl,val
2917.pkl,val
22157.pkl,val
24863.pkl,val
56451.pkl,val
24471.pkl,val
31019.pkl,val
15223.pkl,val
29682.pkl,val
7552.pkl,val
44294.pkl,val
48045.pkl,val
13512.pkl,val
49711.pkl,val
3983.pkl,val
36553.pkl,val
45242.pkl,val
6126.pkl,val
48391.pkl,val
28401.pkl,val
28137.pkl,val
40971.pkl,val
55304.pkl,val
10079.pkl,val
31165.pkl,val
51689.pkl,val
33231.pkl,val
22277.pkl,val
6282.pkl,val
16803.pkl,val
6495.pkl,val
25170.pkl,val
51938.pkl,val
49593.pkl,val
15205.pkl,val
47735.pkl,val
41927.pkl,val
19082.pkl,val
38730.pkl,val
49761.pkl,val
42511.pkl,val
27545.pkl,val
40752.pkl,val
9037.pkl,val
24339.pkl,val
558.pkl,val
16844.pkl,val
9768.pkl,val
32874.pkl,val
8559.pkl,val
28908.pkl,val
39356.pkl,val
41606.pkl,val
29806.pkl,val
47207.pkl,val
56131.pkl,val
15239.pkl,val
17709.pkl,val
13360.pkl,val
12232.pkl,val
26474.pkl,val
46021.pkl,val
47404.pkl,val
16577.pkl,val
1662.pkl,val
51781.pkl,val
41283.pkl,val
33.pkl,val
47300.pkl,val
23422.pkl,val
13921.pkl,val
44059.pkl,val
17870.pkl,val
37250.pkl,val
23224.pkl,val
46578.pkl,val
4760.pkl,val
44033.pkl,val
16778.pkl,val
42623.pkl,val
35351.pkl,val
28397.pkl,val
44332.pkl,val
47920.pkl,val
14318.pkl,val
27133.pkl,val
29390.pkl,val
23646.pkl,val
52014.pkl,val
33806.pkl,val
9886.pkl,val
41723.pkl,val
51204.pkl,val
27162.pkl,val
16603.pkl,val
7446.pkl,val
39597.pkl,val
17418.pkl,val
14510.pkl,val
9246.pkl,val
44942.pkl,val
29166.pkl,val
719.pkl,val
28586.pkl,val
8456.pkl,val
19406.pkl,val
46136.pkl,val
19662.pkl,val
27683.pkl,val
18703.pkl,val
5173.pkl,val
40080.pkl,val
40250.pkl,val
2837.pkl,val
36764.pkl,val
32470.pkl,val
18865.pkl,val
9760.pkl,val
29923.pkl,val
26718.pkl,val
6410.pkl,val
38912.pkl,val
1682.pkl,val
30798.pkl,val
32095.pkl,val
30492.pkl,val
19869.pkl,val
40086.pkl,val
3350.pkl,val
17375.pkl,val
48128.pkl,val
21780.pkl,val
52033.pkl,val
52328.pkl,val
33490.pkl,val
19591.pkl,val
51234.pkl,val
20324.pkl,val
2578.pkl,val
10155.pkl,val
12375.pkl,val
54903.pkl,val
31995.pkl,val
54404.pkl,val
19065.pkl,val
56367.pkl,val
34509.pkl,val
54593.pkl,val
56645.pkl,val
44801.pkl,val
22883.pkl,val
12571.pkl,val
50133.pkl,val
48308.pkl,val
34680.pkl,val
44005.pkl,val
13932.pkl,val
29441.pkl,val
53985.pkl,val
41229.pkl,val
7291.pkl,val
19107.pkl,val
19371.pkl,val
521.pkl,val
7816.pkl,val
6540.pkl,val
36431.pkl,val
20799.pkl,val
15782.pkl,val
47102.pkl,val
21534.pkl,val
29959.pkl,val
19931.pkl,val
38183.pkl,val
40903.pkl,val
713.pkl,val
20150.pkl,val
36606.pkl,val
13726.pkl,val
46123.pkl,val
20555.pkl,val
9121.pkl,val
4075.pkl,val
50198.pkl,val
25830.pkl,val
15662.pkl,val
31042.pkl,val
32296.pkl,val
17561.pkl,val
50236.pkl,val
27158.pkl,val
44070.pkl,val
19829.pkl,val
38188.pkl,val
33834.pkl,val
53497.pkl,val
33823.pkl,val
13528.pkl,val
38336.pkl,val
17770.pkl,val
56975.pkl,val
47636.pkl,val
29599.pkl,val
32173.pkl,val
5412.pkl,val
9339.pkl,val
4244.pkl,val
3752.pkl,val
33584.pkl,val
46617.pkl,val
30405.pkl,val
38644.pkl,val
11257.pkl,val
29875.pkl,val
12962.pkl,val
13021.pkl,val
19388.pkl,val
53170.pkl,val
18279.pkl,val
46228.pkl,val
44675.pkl,val
23663.pkl,val
35831.pkl,val
2157.pkl,val
56179.pkl,val
51483.pkl,val
44896.pkl,val
39801.pkl,val
47092.pkl,val
4779.pkl,val
13383.pkl,val
35338.pkl,val
37833.pkl,val
9660.pkl,val
22828.pkl,val
12956.pkl,val
13164.pkl,val
54203.pkl,val
45340.pkl,val
16361.pkl,val
919.pkl,val
26060.pkl,val
27671.pkl,val
39323.pkl,val
35760.pkl,val
2146.pkl,val
35258.pkl,val
20576.pkl,val
49680.pkl,val
15514.pkl,val
2280.pkl,val
51797.pkl,val
29055.pkl,val
16026.pkl,val
16372.pkl,val
52701.pkl,val
13651.pkl,val
49717.pkl,val
29526.pkl,val
8872.pkl,val
53329.pkl,val
4952.pkl,val
39237.pkl,val
19772.pkl,val
40381.pkl,val
43104.pkl,val
33426.pkl,val
38425.pkl,val
37329.pkl,val
21291.pkl,val
40167.pkl,val
8553.pkl,val
25515.pkl,val
36691.pkl,val
34825.pkl,val
33991.pkl,val
15085.pkl,val
33060.pkl,val
12197.pkl,val
11809.pkl,val
30416.pkl,val
49585.pkl,val
18001.pkl,val
35170.pkl,val
51513.pkl,val
52993.pkl,val
42466.pkl,val
34402.pkl,val
2071.pkl,val
22366.pkl,val
48432.pkl,val
39996.pkl,val
1113.pkl,val
34296.pkl,val
28242.pkl,val
52672.pkl,val
31238.pkl,val
14182.pkl,val
28529.pkl,val
17896.pkl,val
38930.pkl,val
9411.pkl,val
54472.pkl,val
49251.pkl,val
37251.pkl,val
16348.pkl,val
9907.pkl,val
6676.pkl,val
23222.pkl,val
27019.pkl,val
19703.pkl,val
21284.pkl,val
33524.pkl,val
43891.pkl,val
53776.pkl,val
34883.pkl,val
3268.pkl,val
53039.pkl,val
37925.pkl,val
44125.pkl,val
15921.pkl,val
28577.pkl,val
44394.pkl,val
24563.pkl,val
37787.pkl,val
9928.pkl,val
39469.pkl,val
40325.pkl,val
34983.pkl,val
1406.pkl,val
47487.pkl,val
5950.pkl,val
13158.pkl,val
12876.pkl,val
7295.pkl,val
9909.pkl,val
38821.pkl,val
24897.pkl,val
2369.pkl,val
41221.pkl,val
52307.pkl,val
38071.pkl,val
3928.pkl,val
20223.pkl,val
22995.pkl,val
33950.pkl,val
19493.pkl,val
3910.pkl,val
1743.pkl,val
12613.pkl,val
36946.pkl,val
5875.pkl,val
22507.pkl,val
17355.pkl,val
53173.pkl,val
26326.pkl,val
5333.pkl,val
22027.pkl,val
27858.pkl,val
14529.pkl,val
47037.pkl,val
51882.pkl,val
4473.pkl,val
27827.pkl,val
18259.pkl,val
36102.pkl,val
11406.pkl,val
44958.pkl,val
25887.pkl,val
12580.pkl,val
34942.pkl,val
28513.pkl,val
42894.pkl,val
18732.pkl,val
11394.pkl,val
20789.pkl,val
25845.pkl,val
32177.pkl,val
29036.pkl,val
23166.pkl,val
11296.pkl,val
56491.pkl,val
55645.pkl,val
22517.pkl,val
34116.pkl,val
49980.pkl,val
33349.pkl,val
7614.pkl,val
34830.pkl,val
15236.pkl,val
40824.pkl,val
17729.pkl,val
14009.pkl,val
53229.pkl,val
16959.pkl,val
28903.pkl,val
24028.pkl,val
40523.pkl,val
51255.pkl,val
539.pkl,val
10979.pkl,val
48548.pkl,val
54549.pkl,val
41944.pkl,val
42468.pkl,val
3906.pkl,val
20769.pkl,val
34051.pkl,val
43985.pkl,val
41211.pkl,val
2253.pkl,val
20350.pkl,val
37574.pkl,val
17014.pkl,val
40224.pkl,val
22220.pkl,val
37227.pkl,val
55683.pkl,val
12585.pkl,val
35158.pkl,val
48022.pkl,val
9845.pkl,val
12635.pkl,val
37689.pkl,val
24918.pkl,val
41764.pkl,val
33093.pkl,val
20550.pkl,val
42076.pkl,val
26480.pkl,val
53000.pkl,val
43329.pkl,val
32955.pkl,val
31921.pkl,val
10473.pkl,val
54444.pkl,val
48216.pkl,val
15324.pkl,val
23984.pkl,val
963.pkl,val
42457.pkl,val
44183.pkl,val
37029.pkl,val
49061.pkl,val
29514.pkl,val
6822.pkl,val
15645.pkl,val
43044.pkl,val
20031.pkl,val
42337.pkl,val
33647.pkl,val
15734.pkl,val
7237.pkl,val
25524.pkl,val
4390.pkl,val
36738.pkl,val
29433.pkl,val
20999.pkl,val
15769.pkl,val
4101.pkl,val
55191.pkl,val
19175.pkl,val
48635.pkl,val
23615.pkl,val
25321.pkl,val
17768.pkl,val
24248.pkl,val
40890.pkl,val
26274.pkl,val
12217.pkl,val
7495.pkl,val
34821.pkl,val
36648.pkl,val
29671.pkl,val
29163.pkl,val
10966.pkl,val
49454.pkl,val
19553.pkl,val
11008.pkl,val
37868.pkl,val
47375.pkl,val
15519.pkl,val
5138.pkl,val
34324.pkl,val
10625.pkl,val
14308.pkl,val
8823.pkl,val
53690.pkl,val
48278.pkl,val
3271.pkl,val
6570.pkl,val
16983.pkl,val
13572.pkl,val
31280.pkl,val
23699.pkl,val
2718.pkl,val
32497.pkl,val
22892.pkl,val
43434.pkl,val
52116.pkl,val
54130.pkl,val
22317.pkl,val
43169.pkl,val
47039.pkl,val
4806.pkl,val
19353.pkl,val
31113.pkl,val
7676.pkl,val
46397.pkl,val
873.pkl,val
54371.pkl,val
54860.pkl,val
9524.pkl,val
16698.pkl,val
52847.pkl,val
33457.pkl,val
55434.pkl,val
21186.pkl,val
19041.pkl,val
4143.pkl,val
42633.pkl,val
46152.pkl,val
14914.pkl,val
34039.pkl,val
10694.pkl,val
47916.pkl,val
1646.pkl,val
21008.pkl,val
55354.pkl,val
40088.pkl,val
18197.pkl,val
49257.pkl,val
12253.pkl,val
816.pkl,val
15389.pkl,val
35905.pkl,val
24742.pkl,val
46444.pkl,val
11972.pkl,val
45207.pkl,val
18439.pkl,val
55708.pkl,val
29738.pkl,val
2091.pkl,val
42373.pkl,val
55836.pkl,val
8510.pkl,val
18087.pkl,val
21884.pkl,val
25859.pkl,val
47440.pkl,val
48010.pkl,val
417.pkl,val
16501.pkl,val
15827.pkl,val
41294.pkl,val
23215.pkl,val
55517.pkl,val
55900.pkl,val
21945.pkl,val
53919.pkl,val
2764.pkl,val
15038.pkl,val
54543.pkl,val
53859.pkl,val
27207.pkl,val
43661.pkl,val
10412.pkl,val
46772.pkl,val
23439.pkl,val
46383.pkl,val
51741.pkl,val
48184.pkl,val
53105.pkl,val
3549.pkl,val
18356.pkl,val
38673.pkl,val
14119.pkl,val
38301.pkl,val
46233.pkl,val
1816.pkl,val
55888.pkl,val
44584.pkl,val
51858.pkl,val
27715.pkl,val
56582.pkl,val
32094.pkl,val
26719.pkl,val
10600.pkl,val
15602.pkl,val
55419.pkl,val
453.pkl,val
43337.pkl,val
48187.pkl,val
5679.pkl,val
56422.pkl,val
50183.pkl,val
47154.pkl,val
45992.pkl,val
53091.pkl,val
36830.pkl,val
27334.pkl,val
30961.pkl,val
8949.pkl,val
881.pkl,val
21549.pkl,val
44760.pkl,val
37040.pkl,val
49035.pkl,val
19169.pkl,val
46186.pkl,val
15801.pkl,val
50532.pkl,val
31976.pkl,val
27384.pkl,val
56270.pkl,val
44179.pkl,val
27502.pkl,val
34877.pkl,val
43125.pkl,val
15936.pkl,val
20671.pkl,val
45050.pkl,val
23270.pkl,val
43491.pkl,val
54810.pkl,val
32610.pkl,val
39535.pkl,val
39154.pkl,val
11054.pkl,val
29728.pkl,val
8113.pkl,val
54176.pkl,val
7597.pkl,val
33145.pkl,val
12303.pkl,val
13816.pkl,val
56727.pkl,val
25707.pkl,val
30576.pkl,val
37795.pkl,val
26140.pkl,val
15082.pkl,val
51983.pkl,val
15868.pkl,val
53462.pkl,val
56145.pkl,val
37136.pkl,val
33350.pkl,val
1048.pkl,val
28729.pkl,val
45346.pkl,val
9547.pkl,val
39973.pkl,val
33234.pkl,val
2513.pkl,val
16412.pkl,val
2365.pkl,val
6358.pkl,val
10509.pkl,val
16624.pkl,val
26879.pkl,val
38968.pkl,val
11289.pkl,val
32534.pkl,val
30007.pkl,val
36704.pkl,val
30268.pkl,val
34578.pkl,val
3769.pkl,val
23775.pkl,val
41778.pkl,val
6401.pkl,val
9544.pkl,val
54681.pkl,val
48040.pkl,val
18833.pkl,val
50618.pkl,val
31648.pkl,val
50468.pkl,val
56868.pkl,val
56162.pkl,val
25016.pkl,val
18032.pkl,val
21201.pkl,val
23831.pkl,val
1105.pkl,val
51409.pkl,val
18347.pkl,val
37525.pkl,val
12541.pkl,val
404.pkl,val
46310.pkl,val
10816.pkl,val
56579.pkl,val
55747.pkl,val
39148.pkl,val
51177.pkl,val
17727.pkl,val
47389.pkl,val
28454.pkl,val
2564.pkl,val
32202.pkl,val
54132.pkl,val
42556.pkl,val
17744.pkl,val
3724.pkl,val
52609.pkl,val
55475.pkl,val
33051.pkl,val
33168.pkl,val
32275.pkl,val
32478.pkl,val
53593.pkl,val
43278.pkl,val
20580.pkl,val
27436.pkl,val
30710.pkl,val
29313.pkl,val
49968.pkl,val
45623.pkl,val
11907.pkl,val
54465.pkl,val
17637.pkl,val
43181.pkl,val
35640.pkl,val
31612.pkl,val
2997.pkl,val
9976.pkl,val
34930.pkl,val
33791.pkl,val
5141.pkl,val
23977.pkl,val
10064.pkl,val
18737.pkl,val
31789.pkl,val
36588.pkl,val
37399.pkl,val
36607.pkl,val
1363.pkl,val
10144.pkl,val
2019.pkl,val
8449.pkl,val
8123.pkl,val
47930.pkl,val
358.pkl,val
45690.pkl,val
28853.pkl,val
11323.pkl,val
35465.pkl,val
25382.pkl,val
41517.pkl,val
38716.pkl,val
9871.pkl,val
5094.pkl,val
43686.pkl,val
2403.pkl,val
33191.pkl,val
46267.pkl,val
30620.pkl,val
20628.pkl,val
21397.pkl,val
49885.pkl,val
4002.pkl,val
28857.pkl,val
22429.pkl,val
4004.pkl,val
33944.pkl,val
42666.pkl,val
3263.pkl,val
19823.pkl,val
37799.pkl,val
31432.pkl,val
50744.pkl,val
52926.pkl,val
26437.pkl,val
20849.pkl,val
21512.pkl,val
866.pkl,val
7834.pkl,val
11765.pkl,val
42486.pkl,val
48553.pkl,val
28441.pkl,val
53179.pkl,val
21176.pkl,val
43762.pkl,val
10356.pkl,val
53869.pkl,val
30706.pkl,val
10702.pkl,val
38403.pkl,val
35334.pkl,val
55633.pkl,val
22350.pkl,val
10146.pkl,val
3749.pkl,val
9116.pkl,val
51323.pkl,val
53066.pkl,val
4411.pkl,val
11705.pkl,val
16546.pkl,val
41593.pkl,val
39486.pkl,val
13154.pkl,val
37413.pkl,val
8079.pkl,val
12625.pkl,val
9668.pkl,val
43486.pkl,val
52111.pkl,val
23175.pkl,val
31518.pkl,val
6560.pkl,val
25676.pkl,val
12973.pkl,val
50706.pkl,val
55439.pkl,val
23755.pkl,val
2141.pkl,val
16320.pkl,val
35088.pkl,val
30736.pkl,val
39834.pkl,val
35990.pkl,val
32558.pkl,val
8153.pkl,val
50598.pkl,val
16253.pkl,val
5978.pkl,val
23092.pkl,val
55698.pkl,val
36185.pkl,val
4915.pkl,val
24100.pkl,val
38474.pkl,val
12035.pkl,val
27919.pkl,val
16312.pkl,val
121.pkl,val
22406.pkl,val
2004.pkl,val
13221.pkl,val
20677.pkl,val
15480.pkl,val
22244.pkl,val
46197.pkl,val
30113.pkl,val
45892.pkl,val
44.pkl,val
46625.pkl,val
2969.pkl,val
5666.pkl,val
52444.pkl,val
54557.pkl,val
19760.pkl,val
31594.pkl,val
21707.pkl,val
48756.pkl,val
41352.pkl,val
23660.pkl,val
27599.pkl,val
20732.pkl,val
15949.pkl,val
42415.pkl,val
12332.pkl,val
54039.pkl,val
32155.pkl,val
51913.pkl,val
19578.pkl,val
9595.pkl,val
37241.pkl,val
10347.pkl,val
35169.pkl,val
686.pkl,val
36081.pkl,val
21918.pkl,val
55084.pkl,val
21012.pkl,val
6181.pkl,val
55096.pkl,val
6216.pkl,val
29400.pkl,val
28186.pkl,val
7349.pkl,val
13243.pkl,val
49871.pkl,val
9596.pkl,val
29151.pkl,val
28257.pkl,val
29916.pkl,val
10454.pkl,val
35561.pkl,val
17936.pkl,val
49824.pkl,val
29485.pkl,val
9669.pkl,val
15692.pkl,val
33463.pkl,val
44407.pkl,val
54214.pkl,val
49185.pkl,val
6214.pkl,val
24940.pkl,val
39806.pkl,val
33379.pkl,val
5067.pkl,val
47335.pkl,val
20105.pkl,val
15649.pkl,val
50755.pkl,val
292.pkl,val
18459.pkl,val
575.pkl,val
6486.pkl,val
17574.pkl,val
17897.pkl,val
28054.pkl,val
39133.pkl,val
22708.pkl,val
41934.pkl,val
7192.pkl,val
45562.pkl,val
8811.pkl,val
29028.pkl,val
13199.pkl,val
51428.pkl,val
29106.pkl,val
33569.pkl,val
48250.pkl,val
34932.pkl,val
31328.pkl,val
16893.pkl,val
12254.pkl,val
6788.pkl,val
34045.pkl,val
49834.pkl,val
43070.pkl,val
55095.pkl,val
51955.pkl,val
25462.pkl,val
56061.pkl,val
44011.pkl,val
25239.pkl,val
7003.pkl,val
8988.pkl,val
2768.pkl,val
39208.pkl,val
29068.pkl,val
40643.pkl,val
55189.pkl,val
1683.pkl,val
252.pkl,val
19961.pkl,val
40068.pkl,val
56639.pkl,val
30950.pkl,val
36918.pkl,val
23064.pkl,val
33554.pkl,val
37424.pkl,val
53574.pkl,val
50619.pkl,val
43654.pkl,val
23553.pkl,val
56643.pkl,val
31709.pkl,val
7793.pkl,val
22746.pkl,val
49771.pkl,val
31164.pkl,val
56480.pkl,val
35842.pkl,val
33682.pkl,val
38835.pkl,val
19309.pkl,val
17536.pkl,val
48090.pkl,val
44035.pkl,val
4243.pkl,val
38008.pkl,val
48501.pkl,val
28922.pkl,val
29130.pkl,val
25727.pkl,val
42534.pkl,val
23765.pkl,val
49201.pkl,val
34794.pkl,val
32767.pkl,val
37843.pkl,val
35862.pkl,val
3940.pkl,val
14985.pkl,val
33868.pkl,val
42253.pkl,val
56474.pkl,val
766.pkl,val
50969.pkl,val
36354.pkl,val
47947.pkl,val
56126.pkl,val
41190.pkl,val
13323.pkl,val
3516.pkl,val
33670.pkl,val
20713.pkl,val
54010.pkl,val
26167.pkl,val
18739.pkl,val
4542.pkl,val
46169.pkl,val
28834.pkl,val
32107.pkl,val
12581.pkl,val
21061.pkl,val
50812.pkl,val
54303.pkl,val
17496.pkl,val
3279.pkl,val
30295.pkl,val
1509.pkl,val
7205.pkl,val
17549.pkl,val
34265.pkl,val
44017.pkl,val
54237.pkl,val
30653.pkl,val
39020.pkl,val
52108.pkl,val
484.pkl,val
47935.pkl,val
7019.pkl,val
38738.pkl,val
21765.pkl,val
40424.pkl,val
17630.pkl,val
2693.pkl,val
23287.pkl,val
13333.pkl,val
29663.pkl,val
1715.pkl,val
14477.pkl,val
54200.pkl,val
18921.pkl,val
55864.pkl,val
51688.pkl,val
35049.pkl,val
16679.pkl,val
35770.pkl,val
49609.pkl,val
39595.pkl,val
50273.pkl,val
55303.pkl,val
41648.pkl,val
34766.pkl,val
4314.pkl,val
39887.pkl,val
15523.pkl,val
18397.pkl,val
15834.pkl,val
3400.pkl,val
46839.pkl,val
37903.pkl,val
34006.pkl,val
25094.pkl,val
42257.pkl,val
29816.pkl,val
6838.pkl,val
31284.pkl,val
13258.pkl,val
4707.pkl,val
11500.pkl,val
30245.pkl,val
15828.pkl,val
40267.pkl,val
833.pkl,val
53378.pkl,val
43778.pkl,val
25288.pkl,val
36569.pkl,val
22587.pkl,val
3147.pkl,val
18243.pkl,val
31205.pkl,val
46265.pkl,val
39616.pkl,val
23982.pkl,val
33395.pkl,val
6293.pkl,val
49309.pkl,val
16124.pkl,val
6929.pkl,val
19365.pkl,val
206.pkl,val
34318.pkl,val
18843.pkl,val
25219.pkl,val
52317.pkl,val
9957.pkl,val
7916.pkl,val
54835.pkl,val
37453.pkl,val
15367.pkl,val
16259.pkl,val
42723.pkl,val
46899.pkl,val
9713.pkl,val
17650.pkl,val
20867.pkl,val
46000.pkl,val
17638.pkl,val
55065.pkl,val
4296.pkl,val
14648.pkl,val
52520.pkl,val
19199.pkl,val
16984.pkl,val
28115.pkl,val
43878.pkl,val
51522.pkl,val
5746.pkl,val
10957.pkl,val
18260.pkl,val
49709.pkl,val
28390.pkl,val
26163.pkl,val
18038.pkl,val
4043.pkl,val
30830.pkl,val
40349.pkl,val
51046.pkl,val
53540.pkl,val
26664.pkl,val
17920.pkl,val
52768.pkl,val
28421.pkl,val
21205.pkl,val
3710.pkl,val
26556.pkl,val
21125.pkl,val
27918.pkl,val
48755.pkl,val
38090.pkl,val
13515.pkl,val
20703.pkl,val
38026.pkl,val
38367.pkl,val
34041.pkl,val
49611.pkl,val
19948.pkl,val
35367.pkl,val
845.pkl,val
4763.pkl,val
23786.pkl,val
24347.pkl,val
52149.pkl,val
28617.pkl,val
28981.pkl,val
24395.pkl,val
2076.pkl,val
8574.pkl,val
6599.pkl,val
30742.pkl,val
23130.pkl,val
39517.pkl,val
38297.pkl,val
23924.pkl,val
39532.pkl,val
56044.pkl,val
48253.pkl,val
24720.pkl,val
52368.pkl,val
35368.pkl,val
17516.pkl,val
28759.pkl,val
41312.pkl,val
37257.pkl,val
25115.pkl,val
48851.pkl,val
5444.pkl,val
56243.pkl,val
49354.pkl,val
43477.pkl,val
30085.pkl,val
21939.pkl,val
5793.pkl,val
40461.pkl,val
12989.pkl,val
54901.pkl,val
35718.pkl,val
16702.pkl,val
31708.pkl,val
4272.pkl,val
27134.pkl,val
11929.pkl,val
5823.pkl,val
52531.pkl,val
49451.pkl,val
22709.pkl,val
15788.pkl,val
37628.pkl,val
31508.pkl,val
1331.pkl,val
31513.pkl,val
16559.pkl,val
20866.pkl,val
7556.pkl,val
36694.pkl,val
40839.pkl,val
1759.pkl,val
5574.pkl,val
41906.pkl,val
40965.pkl,val
45245.pkl,val
7179.pkl,val
50499.pkl,val
28072.pkl,val
26403.pkl,val
54096.pkl,val
2848.pkl,val
19642.pkl,val
34824.pkl,val
50622.pkl,val
30286.pkl,val
24343.pkl,val
10058.pkl,val
51562.pkl,val
21277.pkl,val
55695.pkl,val
42164.pkl,val
41132.pkl,val
21580.pkl,val
54758.pkl,val
29796.pkl,val
12452.pkl,val
8286.pkl,val
39841.pkl,val
15333.pkl,val
7788.pkl,val
55815.pkl,val
398.pkl,val
7950.pkl,val
37818.pkl,val
3692.pkl,val
22396.pkl,val
47928.pkl,val
5617.pkl,val
23969.pkl,val
13439.pkl,val
5323.pkl,val
41094.pkl,val
51490.pkl,val
5638.pkl,val
1924.pkl,val
17522.pkl,val
36536.pkl,val
51135.pkl,val
27477.pkl,val
781.pkl,val
17446.pkl,val
30068.pkl,val
52254.pkl,val
53307.pkl,val
23165.pkl,val
33174.pkl,val
19036.pkl,val
20599.pkl,val
29160.pkl,val
14600.pkl,val
53977.pkl,val
47876.pkl,val
4948.pkl,val
36371.pkl,val
50454.pkl,val
35208.pkl,val
35147.pkl,val
7319.pkl,val
35031.pkl,val
52487.pkl,val
54083.pkl,val
23190.pkl,val
34178.pkl,val
16710.pkl,val
29509.pkl,val
48303.pkl,val
50634.pkl,val
54650.pkl,val
39233.pkl,val
48369.pkl,val
55545.pkl,val
40753.pkl,val
14543.pkl,val
6395.pkl,val
8318.pkl,val
38626.pkl,val
6518.pkl,val
23094.pkl,val
43797.pkl,val
46320.pkl,val
54778.pkl,val
32174.pkl,val
38116.pkl,val
31371.pkl,val
38087.pkl,val
46957.pkl,val
13875.pkl,val
6719.pkl,val
50607.pkl,val
36298.pkl,val
14296.pkl,val
20908.pkl,val
13241.pkl,val
53955.pkl,val
40186.pkl,val
9843.pkl,val
31969.pkl,val
39986.pkl,val
39792.pkl,val
15062.pkl,val
32370.pkl,val
32862.pkl,val
22497.pkl,val
2740.pkl,val
56093.pkl,val
48947.pkl,val
5920.pkl,val
56213.pkl,val
52319.pkl,val
18300.pkl,val
43507.pkl,val
9134.pkl,val
26233.pkl,val
16578.pkl,val
4078.pkl,val
30182.pkl,val
5539.pkl,val
30776.pkl,val
7051.pkl,val
22663.pkl,val
13721.pkl,val
31925.pkl,val
12159.pkl,val
45228.pkl,val
5185.pkl,val
42853.pkl,val
53781.pkl,val
51775.pkl,val
51004.pkl,val
32086.pkl,val
56792.pkl,val
28343.pkl,val
55324.pkl,val
54881.pkl,val
38466.pkl,val
9467.pkl,val
56823.pkl,val
21241.pkl,val
2069.pkl,val
13832.pkl,val
25279.pkl,val
22194.pkl,val
22542.pkl,val
50609.pkl,val
43330.pkl,val
20810.pkl,val
7824.pkl,val
30632.pkl,val
49465.pkl,val
43063.pkl,val
46916.pkl,val
53774.pkl,val
15794.pkl,val
45736.pkl,val
54270.pkl,val
32053.pkl,val
55608.pkl,val
49370.pkl,val
7611.pkl,val
56881.pkl,val
47112.pkl,val
3408.pkl,val
35348.pkl,val
835.pkl,val
1784.pkl,val
55810.pkl,val
54943.pkl,val
54889.pkl,val
22059.pkl,val
50359.pkl,val
35061.pkl,val
38916.pkl,val
30165.pkl,val
8725.pkl,val
132.pkl,val
2701.pkl,val
2558.pkl,val
50248.pkl,val
21181.pkl,val
51354.pkl,val
42322.pkl,val
52532.pkl,val
8503.pkl,val
775.pkl,val
55106.pkl,val
43996.pkl,val
15554.pkl,val
21514.pkl,val
39787.pkl,val
38601.pkl,val
47295.pkl,val
30476.pkl,val
38228.pkl,val
45537.pkl,val
38917.pkl,val
26109.pkl,val
48685.pkl,val
39381.pkl,val
2152.pkl,val
26139.pkl,val
45786.pkl,val
47857.pkl,val
9153.pkl,val
13354.pkl,val
37566.pkl,val
42376.pkl,val
34493.pkl,val
36752.pkl,val
22179.pkl,val
28837.pkl,val
12099.pkl,val
22049.pkl,val
14625.pkl,val
50733.pkl,val
10955.pkl,val
49535.pkl,val
39053.pkl,val
1536.pkl,val
46755.pkl,val
38578.pkl,val
45425.pkl,val
54781.pkl,val
24058.pkl,val
2720.pkl,val
44054.pkl,val
1315.pkl,val
41579.pkl,val
39797.pkl,val
10121.pkl,val
24169.pkl,val
5318.pkl,val
54442.pkl,val
51229.pkl,val
40223.pkl,val
8651.pkl,val
43563.pkl,val
51516.pkl,val
5769.pkl,val
17734.pkl,val
28907.pkl,val
10755.pkl,val
35008.pkl,val
51066.pkl,val
54439.pkl,val
42392.pkl,val
18508.pkl,val
38465.pkl,val
19690.pkl,val
38802.pkl,val
7344.pkl,val
26343.pkl,val
30309.pkl,val
8706.pkl,val
14106.pkl,val
56140.pkl,val
10061.pkl,val
9400.pkl,val
42377.pkl,val
31819.pkl,val
31984.pkl,val
54305.pkl,val
41117.pkl,val
4437.pkl,val
38779.pkl,val
55896.pkl,val
39171.pkl,val
2799.pkl,val
12295.pkl,val
13244.pkl,val
23655.pkl,val
5651.pkl,val
41040.pkl,val
55297.pkl,val
36474.pkl,val
16915.pkl,val
5857.pkl,val
23369.pkl,val
42124.pkl,val
48070.pkl,val
2386.pkl,val
21977.pkl,val
7302.pkl,val
43290.pkl,val
8513.pkl,val
11232.pkl,val
10617.pkl,val
47140.pkl,val
3053.pkl,val
30480.pkl,val
36954.pkl,val
42649.pkl,val
44135.pkl,val
3255.pkl,val
11376.pkl,val
27014.pkl,val
30306.pkl,val
21933.pkl,val
15865.pkl,val
31370.pkl,val
44233.pkl,val
46611.pkl,val
6988.pkl,val
54816.pkl,val
6484.pkl,val
53775.pkl,val
42606.pkl,val
25121.pkl,val
18324.pkl,val
34432.pkl,val
2276.pkl,val
44542.pkl,val
6154.pkl,val
7072.pkl,val
8252.pkl,val
53795.pkl,val
16296.pkl,val
36832.pkl,val
14580.pkl,val
32789.pkl,val
54327.pkl,val
26030.pkl,val
6476.pkl,val
16725.pkl,val
56529.pkl,val
30874.pkl,val
1101.pkl,val
36741.pkl,val
8420.pkl,val
32920.pkl,val
50621.pkl,val
49722.pkl,val
607.pkl,val
46032.pkl,val
53686.pkl,val
56780.pkl,val
47162.pkl,val
18335.pkl,val
34693.pkl,val
12547.pkl,val
41952.pkl,val
11862.pkl,val
10272.pkl,val
42071.pkl,val
54820.pkl,val
3949.pkl,val
28158.pkl,val
29354.pkl,val
45426.pkl,val
43475.pkl,val
27078.pkl,val
18084.pkl,val
55035.pkl,val
32002.pkl,val
38719.pkl,val
17545.pkl,val
5906.pkl,val
1620.pkl,val
23957.pkl,val
44347.pkl,val
8703.pkl,val
51715.pkl,val
38653.pkl,val
44038.pkl,val
8865.pkl,val
10487.pkl,val
27216.pkl,val
11127.pkl,val
10810.pkl,val
34064.pkl,val
3283.pkl,val
3688.pkl,val
35369.pkl,val
8155.pkl,val
15600.pkl,val
16226.pkl,val
28169.pkl,val
25113.pkl,val
21184.pkl,val
41365.pkl,val
9257.pkl,val
47969.pkl,val
51686.pkl,val
23996.pkl,val
52504.pkl,val
33289.pkl,val
54922.pkl,val
14780.pkl,val
51824.pkl,val
43508.pkl,val
7059.pkl,val
49371.pkl,val
18408.pkl,val
35066.pkl,val
16953.pkl,val
23724.pkl,val
4767.pkl,val
26507.pkl,val
11088.pkl,val
10748.pkl,val
12225.pkl,val
43359.pkl,val
34554.pkl,val
41099.pkl,val
11774.pkl,val
53837.pkl,val
7012.pkl,val
47443.pkl,val
39628.pkl,val
45176.pkl,val
22573.pkl,val
7517.pkl,val
29276.pkl,val
52736.pkl,val
4567.pkl,val
41314.pkl,val
52545.pkl,val
16115.pkl,val
13049.pkl,val
40733.pkl,val
46242.pkl,val
38937.pkl,val
53535.pkl,val
30241.pkl,val
46489.pkl,val
32328.pkl,val
43209.pkl,val
23097.pkl,val
38230.pkl,val
37021.pkl,val
6721.pkl,val
15227.pkl,val
40332.pkl,val
27841.pkl,val
51193.pkl,val
26861.pkl,val
39143.pkl,val
39963.pkl,val
38287.pkl,val
31197.pkl,val
41886.pkl,val
11463.pkl,val
16911.pkl,val
41032.pkl,val
46621.pkl,val
35129.pkl,val
36571.pkl,val
33795.pkl,val
31383.pkl,val
31046.pkl,val
25469.pkl,val
22182.pkl,val
8761.pkl,val
35659.pkl,val
16799.pkl,val
40107.pkl,val
40854.pkl,val
29769.pkl,val
5847.pkl,val
13826.pkl,val
23997.pkl,val
8381.pkl,val
12843.pkl,val
54791.pkl,val
47894.pkl,val
20011.pkl,val
9775.pkl,val
29940.pkl,val
55498.pkl,val
41310.pkl,val
50075.pkl,val
47899.pkl,val
10746.pkl,val
56074.pkl,val
44018.pkl,val
23283.pkl,val
3180.pkl,val
38404.pkl,val
38717.pkl,val
53245.pkl,val
16646.pkl,val
11927.pkl,val
44557.pkl,val
37880.pkl,val
37623.pkl,val
9701.pkl,val
47367.pkl,val
43183.pkl,val
12406.pkl,val
12743.pkl,val
16369.pkl,val
24562.pkl,val
43145.pkl,val
34725.pkl,val
48995.pkl,val
51603.pkl,val
42246.pkl,val
9296.pkl,val
24094.pkl,val
38551.pkl,val
4406.pkl,val
12509.pkl,val
44657.pkl,val
42434.pkl,val
48717.pkl,val
12993.pkl,val
14638.pkl,val
2930.pkl,val
7088.pkl,val
13699.pkl,val
47957.pkl,val
14272.pkl,val
47266.pkl,val
35936.pkl,val
21994.pkl,val
50418.pkl,val
20342.pkl,val
18400.pkl,val
18424.pkl,val
29953.pkl,val
21463.pkl,val
27696.pkl,val
6328.pkl,val
24724.pkl,val
3933.pkl,val
44663.pkl,val
52269.pkl,val
47536.pkl,val
33370.pkl,val
45838.pkl,val
36448.pkl,val
29391.pkl,val
2559.pkl,val
37826.pkl,val
7772.pkl,val
55692.pkl,val
47989.pkl,val
54380.pkl,val
51299.pkl,val
14058.pkl,val
37194.pkl,val
45447.pkl,val
34441.pkl,val
38007.pkl,val
14758.pkl,val
17573.pkl,val
36490.pkl,val
30016.pkl,val
42542.pkl,val
24889.pkl,val
46277.pkl,val
2009.pkl,val
2947.pkl,val
38606.pkl,val
49966.pkl,val
21585.pkl,val
29541.pkl,val
17321.pkl,val
41674.pkl,val
30370.pkl,val
1551.pkl,val
21340.pkl,val
30977.pkl,val
23734.pkl,val
16271.pkl,val
13782.pkl,val
27899.pkl,val
23938.pkl,val
19182.pkl,val
9249.pkl,val
27836.pkl,val
56842.pkl,val
6993.pkl,val
41179.pkl,val
34035.pkl,val
36656.pkl,val
45741.pkl,val
9531.pkl,val
20757.pkl,val
21741.pkl,val
38782.pkl,val
56531.pkl,val
10151.pkl,val
38607.pkl,val
49942.pkl,val
20256.pkl,val
41683.pkl,val
12473.pkl,val
18350.pkl,val
2628.pkl,val
32017.pkl,val
26746.pkl,val
24814.pkl,val
21829.pkl,val
40721.pkl,val
17077.pkl,val
34609.pkl,val
50652.pkl,val
19269.pkl,val
43879.pkl,val
7221.pkl,val
4907.pkl,val
6882.pkl,val
50715.pkl,val
38721.pkl,val
48543.pkl,val
10259.pkl,val
9969.pkl,val
54183.pkl,val
4419.pkl,val
56219.pkl,val
12040.pkl,val
33258.pkl,val
9156.pkl,val
19024.pkl,val
6651.pkl,val
48171.pkl,val
56236.pkl,val
39151.pkl,val
16086.pkl,val
46605.pkl,val
14598.pkl,val
6607.pkl,val
2581.pkl,val
54597.pkl,val
46241.pkl,val
25964.pkl,val
18061.pkl,val
44375.pkl,val
43714.pkl,val
30275.pkl,val
26640.pkl,val
16384.pkl,val
24218.pkl,val
36244.pkl,val
51710.pkl,val
45670.pkl,val
16934.pkl,val
3169.pkl,val
31439.pkl,val
45444.pkl,val
11172.pkl,val
12769.pkl,val
5159.pkl,val
14285.pkl,val
3421.pkl,val
6832.pkl,val
40306.pkl,val
4451.pkl,val
25487.pkl,val
11918.pkl,val
21496.pkl,val
15866.pkl,val
16077.pkl,val
50280.pkl,val
7035.pkl,val
54988.pkl,val
2337.pkl,val
34904.pkl,val
20287.pkl,val
18270.pkl,val
16880.pkl,val
44408.pkl,val
8935.pkl,val
30931.pkl,val
16694.pkl,val
3080.pkl,val
9939.pkl,val
24386.pkl,val
50401.pkl,val
822.pkl,val
55221.pkl,val
48808.pkl,val
33956.pkl,val
33872.pkl,val
56543.pkl,val
44185.pkl,val
23728.pkl,val
36792.pkl,val
53325.pkl,val
4264.pkl,val
24786.pkl,val
18774.pkl,val
30195.pkl,val
45327.pkl,val
5856.pkl,val
39195.pkl,val
56660.pkl,val
49010.pkl,val
46523.pkl,val
49307.pkl,val
33656.pkl,val
47282.pkl,val
40351.pkl,val
27934.pkl,val
28905.pkl,val
11314.pkl,val
53103.pkl,val
36545.pkl,val
3009.pkl,val
24559.pkl,val
49686.pkl,val
1427.pkl,val
16066.pkl,val
40567.pkl,val
27191.pkl,val
31036.pkl,val
30513.pkl,val
55310.pkl,val
32647.pkl,val
41802.pkl,val
15835.pkl,val
51211.pkl,val
54035.pkl,val
55384.pkl,val
33296.pkl,val
9026.pkl,val
23271.pkl,val
52556.pkl,val
32686.pkl,val
27271.pkl,val
55602.pkl,val
52665.pkl,val
55955.pkl,val
31291.pkl,val
12928.pkl,val
3885.pkl,val
25733.pkl,val
18752.pkl,val
42182.pkl,val
34576.pkl,val
8649.pkl,val
18904.pkl,val
4207.pkl,val
54186.pkl,val
38349.pkl,val
45430.pkl,val
38317.pkl,val
1954.pkl,val
6646.pkl,val
38057.pkl,val
22736.pkl,val
36010.pkl,val
26384.pkl,val
17610.pkl,val
30524.pkl,val
41145.pkl,val
31716.pkl,val
32209.pkl,val
27422.pkl,val
17111.pkl,val
16141.pkl,val
45301.pkl,val
29214.pkl,val
40590.pkl,val
27551.pkl,val
11926.pkl,val
42837.pkl,val
24551.pkl,val
52286.pkl,val
13825.pkl,val
20101.pkl,val
6958.pkl,val
16814.pkl,val
43233.pkl,val
27576.pkl,val
24264.pkl,val
50977.pkl,val
37841.pkl,val
35661.pkl,val
26532.pkl,val
51897.pkl,val
19694.pkl,val
1029.pkl,val
21571.pkl,val
49380.pkl,val
53792.pkl,val
18991.pkl,val
20830.pkl,val
37276.pkl,val
25152.pkl,val
53108.pkl,val
37008.pkl,val
34279.pkl,val
37530.pkl,val
41276.pkl,val
40446.pkl,val
29369.pkl,val
53553.pkl,val
37291.pkl,val
26842.pkl,val
54413.pkl,val
51194.pkl,val
50873.pkl,val
48633.pkl,val
365.pkl,val
1858.pkl,val
7100.pkl,val
26141.pkl,val
42273.pkl,val
42879.pkl,val
10752.pkl,val
41207.pkl,val
33535.pkl,val
36005.pkl,val
12710.pkl,val
12534.pkl,val
1876.pkl,val
19741.pkl,val
22647.pkl,val
25150.pkl,val
46790.pkl,val
8829.pkl,val
52041.pkl,val
29706.pkl,val
20880.pkl,val
19392.pkl,val
53183.pkl,val
39666.pkl,val
29927.pkl,val
15372.pkl,val
47924.pkl,val
43358.pkl,val
49288.pkl,val
12733.pkl,val
36835.pkl,val
53218.pkl,val
7792.pkl,val
23609.pkl,val
42756.pkl,val
43697.pkl,val
8434.pkl,val
16728.pkl,val
11645.pkl,val
49392.pkl,val
23262.pkl,val
9823.pkl,val
46966.pkl,val
1711.pkl,val
5183.pkl,val
25027.pkl,val
53655.pkl,val
15504.pkl,val
33381.pkl,val
10943.pkl,val
27354.pkl,val
19436.pkl,val
35997.pkl,val
28395.pkl,val
17434.pkl,val
6337.pkl,val
40500.pkl,val
38004.pkl,val
16403.pkl,val
21013.pkl,val
45158.pkl,val
56674.pkl,val
8098.pkl,val
7812.pkl,val
28502.pkl,val
15673.pkl,val
8839.pkl,val
52259.pkl,val
47352.pkl,val
27592.pkl,val
24319.pkl,val
54006.pkl,val
39361.pkl,val
56000.pkl,val
13670.pkl,val
34612.pkl,val
6793.pkl,val
33385.pkl,val
47824.pkl,val
10633.pkl,val
2977.pkl,val
17039.pkl,val
5485.pkl,val
14098.pkl,val
50081.pkl,val
43011.pkl,val
21053.pkl,val
46721.pkl,val
17634.pkl,val
22490.pkl,val
27840.pkl,val
45391.pkl,val
24781.pkl,val
5918.pkl,val
40807.pkl,val
5143.pkl,val
12846.pkl,val
41601.pkl,val
54503.pkl,val
42314.pkl,val
9148.pkl,val
19068.pkl,val
29120.pkl,val
52973.pkl,val
45201.pkl,val
17437.pkl,val
48692.pkl,val
20563.pkl,val
1853.pkl,val
54249.pkl,val
51057.pkl,val
29487.pkl,val
2723.pkl,val
29187.pkl,val
31867.pkl,val
44723.pkl,val
44966.pkl,val
33924.pkl,val
21306.pkl,val
17342.pkl,val
54586.pkl,val
31254.pkl,val
3825.pkl,val
56819.pkl,val
11150.pkl,val
42579.pkl,val
50482.pkl,val
45034.pkl,val
53683.pkl,val
10640.pkl,val
9887.pkl,val
19398.pkl,val
49161.pkl,val
8329.pkl,val
49318.pkl,val
5011.pkl,val
32373.pkl,val
42009.pkl,val
53542.pkl,val
52367.pkl,val
48661.pkl,val
21146.pkl,val
14232.pkl,val
20388.pkl,val
11353.pkl,val
20862.pkl,val
54153.pkl,val
20879.pkl,val
9514.pkl,val
46417.pkl,val
54739.pkl,val
22127.pkl,val
4656.pkl,val
35450.pkl,val
19008.pkl,val
34531.pkl,val
49564.pkl,val
51616.pkl,val
38491.pkl,val
20180.pkl,val
46547.pkl,val
17590.pkl,val
40506.pkl,val
38210.pkl,val
8605.pkl,val
13152.pkl,val
4800.pkl,val
29642.pkl,val
29845.pkl,val
27403.pkl,val
6414.pkl,val
40126.pkl,val
902.pkl,val
25188.pkl,val
53689.pkl,val
27890.pkl,val
10945.pkl,val
7847.pkl,val
41401.pkl,val
9745.pkl,val
22476.pkl,val
12132.pkl,val
8898.pkl,val
45996.pkl,val
27563.pkl,val
9279.pkl,val
44281.pkl,val
50368.pkl,val
53741.pkl,val
18495.pkl,val
9034.pkl,val
45592.pkl,val
33355.pkl,val
53006.pkl,val
1396.pkl,val
37558.pkl,val
52125.pkl,val
51182.pkl,val
38274.pkl,val
29075.pkl,val
18180.pkl,val
8173.pkl,val
9730.pkl,val
16368.pkl,val
22841.pkl,val
37649.pkl,val
51145.pkl,val
2383.pkl,val
8387.pkl,val
25093.pkl,val
31723.pkl,val
41169.pkl,val
12837.pkl,val
30498.pkl,val
6482.pkl,val
9924.pkl,val
3331.pkl,val
24336.pkl,val
15826.pkl,val
15725.pkl,val
20367.pkl,val
2609.pkl,val
50420.pkl,val
32361.pkl,val
39137.pkl,val
19278.pkl,val
20753.pkl,val
31843.pkl,val
4845.pkl,val
45172.pkl,val
17450.pkl,val
4210.pkl,val
25558.pkl,val
43046.pkl,val
28950.pkl,val
36977.pkl,val
14501.pkl,val
31364.pkl,val
27812.pkl,val
50214.pkl,val
21559.pkl,val
41991.pkl,val
51922.pkl,val
44892.pkl,val
37839.pkl,val
11472.pkl,val
6377.pkl,val
19210.pkl,val
52240.pkl,val
50111.pkl,val
27325.pkl,val
5467.pkl,val
46677.pkl,val
54322.pkl,val
43106.pkl,val
6208.pkl,val
10528.pkl,val
48317.pkl,val
50062.pkl,val
51081.pkl,val
6152.pkl,val
32362.pkl,val
22055.pkl,val
42027.pkl,val
36623.pkl,val
962.pkl,val
22492.pkl,val
18188.pkl,val
26758.pkl,val
6382.pkl,val
40795.pkl,val
54851.pkl,val
31204.pkl,val
33737.pkl,val
17698.pkl,val
48175.pkl,val
12203.pkl,val
10740.pkl,val
49603.pkl,val
50914.pkl,val
32916.pkl,val
53591.pkl,val
26872.pkl,val
5544.pkl,val
46799.pkl,val
13382.pkl,val
52754.pkl,val
10576.pkl,val
52246.pkl,val
28785.pkl,val
9912.pkl,val
55703.pkl,val
30531.pkl,val
42063.pkl,val
11455.pkl,val
49267.pkl,val
42485.pkl,val
14260.pkl,val
12372.pkl,val
55678.pkl,val
52914.pkl,val
26627.pkl,val
52734.pkl,val
21191.pkl,val
1676.pkl,val
23100.pkl,val
43048.pkl,val
29244.pkl,val
25476.pkl,val
36063.pkl,val
30959.pkl,val
28861.pkl,val
14903.pkl,val
12900.pkl,val
55271.pkl,val
56.pkl,val
55578.pkl,val
45830.pkl,val
33696.pkl,val
50669.pkl,val
10142.pkl,val
53711.pkl,val
20227.pkl,val
8231.pkl,val
7983.pkl,val
6699.pkl,val
31580.pkl,val
54345.pkl,val
46793.pkl,val
17791.pkl,val
13561.pkl,val
41891.pkl,val
39030.pkl,val
26971.pkl,val
2025.pkl,val
16903.pkl,val
23418.pkl,val
23533.pkl,val
45130.pkl,val
52461.pkl,val
79.pkl,val
906.pkl,val
31069.pkl,val
5299.pkl,val
123.pkl,val
42765.pkl,val
17221.pkl,val
31374.pkl,val
44556.pkl,val
9472.pkl,val
38135.pkl,val
19834.pkl,val
9819.pkl,val
45231.pkl,val
50974.pkl,val
39693.pkl,val
1428.pkl,val
40301.pkl,val
34090.pkl,val
14174.pkl,val
23368.pkl,val
7112.pkl,val
41416.pkl,val
39374.pkl,val
38273.pkl,val
47031.pkl,val
13637.pkl,val
27442.pkl,val
2366.pkl,val
2093.pkl,val
54011.pkl,val
30082.pkl,val
53861.pkl,val
8142.pkl,val
38324.pkl,val
15636.pkl,val
30404.pkl,val
10930.pkl,val
8319.pkl,val
15244.pkl,val
33720.pkl,val
18964.pkl,val
44914.pkl,val
10116.pkl,val
23460.pkl,val
55447.pkl,val
44947.pkl,val
411.pkl,val
4799.pkl,val
12165.pkl,val
53549.pkl,val
20023.pkl,val
27931.pkl,val
37750.pkl,val
47589.pkl,val
33176.pkl,val
52991.pkl,val
51653.pkl,val
7425.pkl,val
1690.pkl,val
52139.pkl,val
5566.pkl,val
41216.pkl,val
46174.pkl,val
51092.pkl,val
52792.pkl,val
19580.pkl,val
22559.pkl,val
43076.pkl,val
18621.pkl,val
17311.pkl,val
40775.pkl,val
54478.pkl,val
18269.pkl,val
16071.pkl,val
8446.pkl,val
24526.pkl,val
53060.pkl,val
40199.pkl,val
39004.pkl,val
7746.pkl,val
10348.pkl,val
31225.pkl,val
18818.pkl,val
38754.pkl,val
13082.pkl,val
13184.pkl,val
34173.pkl,val
54062.pkl,val
52841.pkl,val
22935.pkl,val
779.pkl,val
28702.pkl,val
16335.pkl,val
13380.pkl,val
29436.pkl,val
13366.pkl,val
16709.pkl,val
26025.pkl,val
5942.pkl,val
1628.pkl,val
51876.pkl,val
49607.pkl,val
12107.pkl,val
14089.pkl,val
536.pkl,val
40245.pkl,val
38272.pkl,val
54308.pkl,val
11577.pkl,val
19521.pkl,val
47165.pkl,val
32631.pkl,val
34360.pkl,val
7837.pkl,val
6605.pkl,val
51472.pkl,val
48094.pkl,val
51504.pkl,val
24114.pkl,val
25019.pkl,val
56373.pkl,val
14300.pkl,val
9826.pkl,val
33085.pkl,val
18312.pkl,val
31020.pkl,val
41851.pkl,val
8688.pkl,val
51011.pkl,val
37225.pkl,val
3349.pkl,val
35996.pkl,val
38360.pkl,val
13763.pkl,val
22956.pkl,val
47602.pkl,val
19066.pkl,val
10223.pkl,val
56402.pkl,val
36270.pkl,val
19366.pkl,val
8870.pkl,val
37565.pkl,val
7581.pkl,val
34326.pkl,val
33728.pkl,val
10508.pkl,val
19936.pkl,val
17263.pkl,val
55866.pkl,val
51900.pkl,val
16532.pkl,val
12896.pkl,val
45227.pkl,val
31762.pkl,val
17135.pkl,val
32795.pkl,val
14259.pkl,val
50973.pkl,val
32855.pkl,val
7590.pkl,val
30623.pkl,val
3246.pkl,val
10890.pkl,val
16277.pkl,val
21724.pkl,val
4474.pkl,val
54824.pkl,val
25211.pkl,val
27633.pkl,val
20583.pkl,val
49945.pkl,val
28675.pkl,val
41873.pkl,val
34912.pkl,val
33827.pkl,val
29104.pkl,val
51932.pkl,val
39157.pkl,val
49986.pkl,val
10226.pkl,val
728.pkl,val
20494.pkl,val
50613.pkl,val
37204.pkl,val
5343.pkl,val
31118.pkl,val
16479.pkl,val
43226.pkl,val
2575.pkl,val
31759.pkl,val
12918.pkl,val
18210.pkl,val
17354.pkl,val
24253.pkl,val
13273.pkl,val
34478.pkl,val
56968.pkl,val
36096.pkl,val
28850.pkl,val
14835.pkl,val
20496.pkl,val
39649.pkl,val
47432.pkl,val
22591.pkl,val
35643.pkl,val
28139.pkl,val
53970.pkl,val
49017.pkl,val
44118.pkl,val
36586.pkl,val
52908.pkl,val
27777.pkl,val
54577.pkl,val
41732.pkl,val
56524.pkl,val
5157.pkl,val
54364.pkl,val
3785.pkl,val
52356.pkl,val
9283.pkl,val
52453.pkl,val
16693.pkl,val
27257.pkl,val
25264.pkl,val
13975.pkl,val
51606.pkl,val
55731.pkl,val
50604.pkl,val
21000.pkl,val
13169.pkl,val
56501.pkl,val
27903.pkl,val
11145.pkl,val
7457.pkl,val
6830.pkl,val
37951.pkl,val
49864.pkl,val
43216.pkl,val
8469.pkl,val
36769.pkl,val
50541.pkl,val
37062.pkl,val
26008.pkl,val
48999.pkl,val
46042.pkl,val
39582.pkl,val
56977.pkl,val
55120.pkl,val
6875.pkl,val
43715.pkl,val
1367.pkl,val
42743.pkl,val
2525.pkl,val
40947.pkl,val
15436.pkl,val
8180.pkl,val
30921.pkl,val
43072.pkl,val
23719.pkl,val
53557.pkl,val
25610.pkl,val
31556.pkl,val
26650.pkl,val
52095.pkl,val
8535.pkl,val
25879.pkl,val
21178.pkl,val
22159.pkl,val
24621.pkl,val
50552.pkl,val
51294.pkl,val
38732.pkl,val
11819.pkl,val
43520.pkl,val
5366.pkl,val
22868.pkl,val
24475.pkl,val
53146.pkl,val
50923.pkl,val
26001.pkl,val
42766.pkl,val
14965.pkl,val
45075.pkl,val
13470.pkl,val
20335.pkl,val
48709.pkl,val
48749.pkl,val
50620.pkl,val
53202.pkl,val
55709.pkl,val
23726.pkl,val
5275.pkl,val
53124.pkl,val
95.pkl,val
1306.pkl,val
33399.pkl,val
21160.pkl,val
47514.pkl,val
11570.pkl,val
29105.pkl,val
23527.pkl,val
36187.pkl,val
33629.pkl,val
51666.pkl,val
19330.pkl,val
31394.pkl,val
13682.pkl,val
1582.pkl,val
34962.pkl,val
44122.pkl,val
48247.pkl,val
30154.pkl,val
28193.pkl,val
34231.pkl,val
28321.pkl,val
4844.pkl,val
47751.pkl,val
14224.pkl,val
54959.pkl,val
46716.pkl,val
50629.pkl,val
27017.pkl,val
49304.pkl,val
16723.pkl,val
42973.pkl,val
44015.pkl,val
3584.pkl,val
865.pkl,val
36324.pkl,val
17281.pkl,val
39362.pkl,val
8218.pkl,val
33918.pkl,val
47900.pkl,val
33666.pkl,val
12776.pkl,val
8160.pkl,val
49970.pkl,val
54566.pkl,val
32055.pkl,val
15234.pkl,val
2979.pkl,val
30343.pkl,val
31927.pkl,val
37210.pkl,val
49031.pkl,val
35183.pkl,val
53384.pkl,val
46113.pkl,val
8200.pkl,val
12091.pkl,val
54742.pkl,val
47757.pkl,val
42350.pkl,val
37304.pkl,val
56585.pkl,val
38192.pkl,val
20155.pkl,val
39960.pkl,val
53787.pkl,val
21411.pkl,val
5806.pkl,val
97.pkl,val
9022.pkl,val
21034.pkl,val
14486.pkl,val
17757.pkl,val
53905.pkl,val
20278.pkl,val
44619.pkl,val
31397.pkl,val
45236.pkl,val
32548.pkl,val
31144.pkl,val
44242.pkl,val
12058.pkl,val
23281.pkl,val
43024.pkl,val
31790.pkl,val
48803.pkl,val
19903.pkl,val
54930.pkl,val
38529.pkl,val
4291.pkl,val
27906.pkl,val
53050.pkl,val
21389.pkl,val
30739.pkl,val
2339.pkl,val
6529.pkl,val
47703.pkl,val
25102.pkl,val
4234.pkl,val
40458.pkl,val
19011.pkl,val
45177.pkl,val
21316.pkl,val
42500.pkl,val
11910.pkl,val
14852.pkl,val
38999.pkl,val
40203.pkl,val
53734.pkl,val
38695.pkl,val
33402.pkl,val
39860.pkl,val
16736.pkl,val
5388.pkl,val
46004.pkl,val
30377.pkl,val
47812.pkl,val
23065.pkl,val
42763.pkl,val
9209.pkl,val
491.pkl,val
14473.pkl,val
37501.pkl,val
42176.pkl,val
30046.pkl,val
29801.pkl,val
1868.pkl,val
10751.pkl,val
23875.pkl,val
30571.pkl,val
8840.pkl,val
43956.pkl,val
51795.pkl,val
50737.pkl,val
52.pkl,val
35744.pkl,val
51990.pkl,val
10331.pkl,val
473.pkl,val
17226.pkl,val
14197.pkl,val
55978.pkl,val
50442.pkl,val
29295.pkl,val
8749.pkl,val
19351.pkl,val
6547.pkl,val
23445.pkl,val
4705.pkl,val
11297.pkl,val
13786.pkl,val
6685.pkl,val
39315.pkl,val
29357.pkl,val
29777.pkl,val
18422.pkl,val
21705.pkl,val
13202.pkl,val
34842.pkl,val
5649.pkl,val
22163.pkl,val
25787.pkl,val
25850.pkl,val
19336.pkl,val
34195.pkl,val
47679.pkl,val
2210.pkl,val
39520.pkl,val
5186.pkl,val
34967.pkl,val
50774.pkl,val
19322.pkl,val
43761.pkl,val
39577.pkl,val
32389.pkl,val
35034.pkl,val
29063.pkl,val
31336.pkl,val
32901.pkl,val
47118.pkl,val
37189.pkl,val
11346.pkl,val
19764.pkl,val
33980.pkl,val
5176.pkl,val
13040.pkl,val
10861.pkl,val
20846.pkl,val
15455.pkl,val
31004.pkl,val
5283.pkl,val
22780.pkl,val
9602.pkl,val
47450.pkl,val
40291.pkl,val
33041.pkl,val
25882.pkl,val
24041.pkl,val
42657.pkl,val
23730.pkl,val
24191.pkl,val
35918.pkl,val
3302.pkl,val
38702.pkl,val
35618.pkl,val
49660.pkl,val
38544.pkl,val
9751.pkl,val
34544.pkl,val
53371.pkl,val
50303.pkl,val
32419.pkl,val
3281.pkl,val
50890.pkl,val
15730.pkl,val
14234.pkl,val
20780.pkl,val
21150.pkl,val
17499.pkl,val
15778.pkl,val
50224.pkl,val
433.pkl,val
20979.pkl,val
16535.pkl,val
46698.pkl,val
17785.pkl,val
11395.pkl,val
29835.pkl,val
37239.pkl,val
46509.pkl,val
40132.pkl,val
1322.pkl,val
46719.pkl,val
32236.pkl,val
43693.pkl,val
5550.pkl,val
39186.pkl,val
51232.pkl,val
43254.pkl,val
11068.pkl,val
6393.pkl,val
42411.pkl,val
9203.pkl,val
55484.pkl,val
17123.pkl,val
56493.pkl,val
28713.pkl,val
12399.pkl,val
17639.pkl,val
15513.pkl,val
19689.pkl,val
56561.pkl,val
31251.pkl,val
24609.pkl,val
7453.pkl,val
46064.pkl,val
32822.pkl,val
30672.pkl,val
1783.pkl,val
1781.pkl,val
12864.pkl,val
11663.pkl,val
40052.pkl,val
52152.pkl,val
40507.pkl,val
34897.pkl,val
31271.pkl,val
27716.pkl,val
46584.pkl,val
38460.pkl,val
3541.pkl,val
55020.pkl,val
27385.pkl,val
23475.pkl,val
49057.pkl,val
44706.pkl,val
4.pkl,val
53890.pkl,val
2045.pkl,val
13253.pkl,val
48255.pkl,val
5057.pkl,val
31586.pkl,val
30898.pkl,val
56343.pkl,val
22716.pkl,val
14745.pkl,val
40980.pkl,val
34365.pkl,val
9393.pkl,val
25768.pkl,val
33650.pkl,val
23444.pkl,val
48490.pkl,val
26278.pkl,val
49890.pkl,val
36807.pkl,val
54878.pkl,val
18251.pkl,val
30009.pkl,val
55278.pkl,val
27953.pkl,val
20189.pkl,val
44465.pkl,val
16275.pkl,val
2829.pkl,val
37319.pkl,val
39009.pkl,val
16954.pkl,val
7377.pkl,val
34791.pkl,val
5612.pkl,val
22821.pkl,val
43739.pkl,val
10718.pkl,val
46913.pkl,val
36126.pkl,val
47239.pkl,val
32463.pkl,val
49514.pkl,val
9789.pkl,val
31102.pkl,val
4677.pkl,val
2298.pkl,val
25826.pkl,val
25972.pkl,val
14263.pkl,val
8548.pkl,val
42562.pkl,val
32168.pkl,val
18943.pkl,val
54430.pkl,val
37771.pkl,val
47132.pkl,val
43605.pkl,val
42185.pkl,val
27427.pkl,val
42970.pkl,val
11280.pkl,val
15935.pkl,val
14565.pkl,val
49171.pkl,val
9310.pkl,val
15465.pkl,val
46049.pkl,val
25400.pkl,val
27838.pkl,val
54533.pkl,val
1253.pkl,val
44139.pkl,val
170.pkl,val
12281.pkl,val
9892.pkl,val
2998.pkl,val
35608.pkl,val
7821.pkl,val
30837.pkl,val
7306.pkl,val
2132.pkl,val
10783.pkl,val
29293.pkl,val
48612.pkl,val
44786.pkl,val
17663.pkl,val
12409.pkl,val
21878.pkl,val
56539.pkl,val
14782.pkl,val
33570.pkl,val
8230.pkl,val
25022.pkl,val
42292.pkl,val
43348.pkl,val
17416.pkl,val
20337.pkl,val
49879.pkl,val
25391.pkl,val
9376.pkl,val
3811.pkl,val
19527.pkl,val
27670.pkl,val
46910.pkl,val
48609.pkl,val
28191.pkl,val
19750.pkl,val
37083.pkl,val
35902.pkl,val
32339.pkl,val
40605.pkl,val
8361.pkl,val
55169.pkl,val
33537.pkl,val
54075.pkl,val
45505.pkl,val
43926.pkl,val
20268.pkl,val
44934.pkl,val
49329.pkl,val
11454.pkl,val
47981.pkl,val
21020.pkl,val
38201.pkl,val
45209.pkl,val
28165.pkl,val
23133.pkl,val
2535.pkl,val
2151.pkl,val
30919.pkl,val
41487.pkl,val
48149.pkl,val
32508.pkl,val
45116.pkl,val
33418.pkl,val
2999.pkl,val
45631.pkl,val
15799.pkl,val
24323.pkl,val
36473.pkl,val
5207.pkl,val
55667.pkl,val
52013.pkl,val
28325.pkl,val
37713.pkl,val
1371.pkl,val
1068.pkl,val
32392.pkl,val
12004.pkl,val
26751.pkl,val
35035.pkl,val
7467.pkl,val
28262.pkl,val
21823.pkl,val
6430.pkl,val
42394.pkl,val
32759.pkl,val
15691.pkl,val
3034.pkl,val
8489.pkl,val
28947.pkl,val
20519.pkl,val
52653.pkl,val
52284.pkl,val
18535.pkl,val
22770.pkl,val
4089.pkl,val
38501.pkl,val
5001.pkl,val
683.pkl,val
31199.pkl,val
17972.pkl,val
30735.pkl,val
1773.pkl,val
53564.pkl,val
42307.pkl,val
53822.pkl,val
10705.pkl,val
49589.pkl,val
48085.pkl,val
15424.pkl,val
1075.pkl,val
39600.pkl,val
22740.pkl,val
15360.pkl,val
52789.pkl,val
29942.pkl,val
56728.pkl,val
55230.pkl,val
36611.pkl,val
21228.pkl,val
28349.pkl,val
15721.pkl,val
33733.pkl,val
47302.pkl,val
22994.pkl,val
12701.pkl,val
54767.pkl,val
27498.pkl,val
18723.pkl,val
32509.pkl,val
56739.pkl,val
24037.pkl,val
17858.pkl,val
26675.pkl,val
33929.pkl,val
7527.pkl,val
39447.pkl,val
56027.pkl,val
9454.pkl,val
45496.pkl,val
51448.pkl,val
11089.pkl,val
40990.pkl,val
43987.pkl,val
6435.pkl,val
49590.pkl,val
176.pkl,val
54698.pkl,val
14275.pkl,val
27829.pkl,val
48926.pkl,val
33638.pkl,val
38084.pkl,val
54030.pkl,val
47157.pkl,val
54821.pkl,val
48150.pkl,val
12878.pkl,val
52466.pkl,val
37109.pkl,val
39263.pkl,val
2674.pkl,val
3589.pkl,val
42757.pkl,val
45508.pkl,val
54235.pkl,val
15474.pkl,val
23411.pkl,val
20465.pkl,val
25265.pkl,val
18412.pkl,val
47283.pkl,val
21192.pkl,val
46962.pkl,val
24367.pkl,val
15128.pkl,val
53916.pkl,val
25680.pkl,val
42158.pkl,val
29324.pkl,val
16815.pkl,val
2571.pkl,val
12747.pkl,val
26873.pkl,val
6473.pkl,val
10984.pkl,val
27731.pkl,val
5308.pkl,val
32911.pkl,val
20938.pkl,val
48545.pkl,val
40690.pkl,val
32096.pkl,val
44795.pkl,val
27666.pkl,val
15368.pkl,val
9430.pkl,val
54044.pkl,val
35909.pkl,val
51418.pkl,val
34099.pkl,val
19952.pkl,val
47896.pkl,val
33721.pkl,val
18861.pkl,val
15983.pkl,val
40344.pkl,val
29955.pkl,val
25874.pkl,val
33080.pkl,val
33616.pkl,val
54582.pkl,val
43020.pkl,val
27778.pkl,val
51964.pkl,val
5088.pkl,val
4092.pkl,val
42872.pkl,val
48660.pkl,val
15328.pkl,val
32277.pkl,val
14127.pkl,val
3058.pkl,val
35151.pkl,val
45312.pkl,val
26900.pkl,val
2973.pkl,val
13246.pkl,val
34848.pkl,val
36307.pkl,val
23903.pkl,val
212.pkl,val
32212.pkl,val
28340.pkl,val
36570.pkl,val
51823.pkl,val
4730.pkl,val
2419.pkl,val
15528.pkl,val
30841.pkl,val
44323.pkl,val
3773.pkl,val
19785.pkl,val
200.pkl,val
7716.pkl,val
29232.pkl,val
1106.pkl,val
33921.pkl,val
43802.pkl,val
7547.pkl,val
24745.pkl,val
25669.pkl,val
9594.pkl,val
2638.pkl,val
28498.pkl,val
2688.pkl,val
15114.pkl,val
2138.pkl,val
35300.pkl,val
48599.pkl,val
654.pkl,val
50408.pkl,val
32773.pkl,val
32442.pkl,val
3377.pkl,val
28021.pkl,val
21384.pkl,val
38914.pkl,val
24770.pkl,val
23158.pkl,val
7791.pkl,val
11405.pkl,val
23256.pkl,val
44698.pkl,val
5055.pkl,val
28492.pkl,val
56910.pkl,val
24944.pkl,val
22731.pkl,val
22646.pkl,val
7199.pkl,val
50489.pkl,val
56341.pkl,val
34111.pkl,val
7040.pkl,val
4778.pkl,val
41839.pkl,val
6970.pkl,val
10256.pkl,val
10780.pkl,val
12812.pkl,val
93.pkl,val
30311.pkl,val
16931.pkl,val
32393.pkl,val
22191.pkl,val
38351.pkl,val
38239.pkl,val
37557.pkl,val
27966.pkl,val
11478.pkl,val
28658.pkl,val
2037.pkl,val
50710.pkl,val
20064.pkl,val
3372.pkl,val
33700.pkl,val
45725.pkl,val
5797.pkl,val
48101.pkl,val
7667.pkl,val
42261.pkl,val
34001.pkl,val
34571.pkl,val
19450.pkl,val
33941.pkl,val
56786.pkl,val
10963.pkl,val
53665.pkl,val
7410.pkl,val
39847.pkl,val
44097.pkl,val
9828.pkl,val
44378.pkl,val
29870.pkl,val
39642.pkl,val
53507.pkl,val
29630.pkl,val
35282.pkl,val
44184.pkl,val
34459.pkl,val
32203.pkl,val
41029.pkl,val
40897.pkl,val
23234.pkl,val
6184.pkl,val
51120.pkl,val
16161.pkl,val
26287.pkl,val
56026.pkl,val
54618.pkl,val
15110.pkl,val
43962.pkl,val
35993.pkl,val
20380.pkl,val
21630.pkl,val
55874.pkl,val
42319.pkl,val
47673.pkl,val
3714.pkl,val
26986.pkl,val
54505.pkl,val
44635.pkl,val
20377.pkl,val
3052.pkl,val
15174.pkl,val
2218.pkl,val
606.pkl,val
30998.pkl,val
8219.pkl,val
45306.pkl,val
40961.pkl,val
18677.pkl,val
16471.pkl,val
33504.pkl,val
9478.pkl,val
27738.pkl,val
4703.pkl,val
50058.pkl,val
45591.pkl,val
1223.pkl,val
31918.pkl,val
6300.pkl,val
41219.pkl,val
5298.pkl,val
46682.pkl,val
25100.pkl,val
20210.pkl,val
15335.pkl,val
24359.pkl,val
13190.pkl,val
21680.pkl,val
15538.pkl,val
29173.pkl,val
24811.pkl,val
7578.pkl,val
55876.pkl,val
50159.pkl,val
30606.pkl,val
41612.pkl,val
53824.pkl,val
39456.pkl,val
19769.pkl,val
28238.pkl,val
53415.pkl,val
43638.pkl,val
22465.pkl,val
17723.pkl,val
2331.pkl,val
55822.pkl,val
39953.pkl,val
11647.pkl,val
27227.pkl,val
54741.pkl,val
9435.pkl,val
42999.pkl,val
15777.pkl,val
32561.pkl,val
48200.pkl,val
19951.pkl,val
49295.pkl,val
25597.pkl,val
43642.pkl,val
51260.pkl,val
30912.pkl,val
49992.pkl,val
34499.pkl,val
55537.pkl,val
8023.pkl,val
7478.pkl,val
22607.pkl,val
14075.pkl,val
31180.pkl,val
42945.pkl,val
382.pkl,val
36906.pkl,val
14813.pkl,val
14105.pkl,val
12643.pkl,val
51537.pkl,val
52924.pkl,val
47007.pkl,val
52220.pkl,val
23299.pkl,val
29707.pkl,val
1204.pkl,val
21046.pkl,val
37553.pkl,val
32989.pkl,val
33665.pkl,val
21235.pkl,val
11291.pkl,val
9904.pkl,val
32579.pkl,val
33800.pkl,val
23807.pkl,val
22961.pkl,val
17020.pkl,val
27287.pkl,val
21099.pkl,val
17725.pkl,val
48917.pkl,val
26765.pkl,val
12916.pkl,val
29765.pkl,val
21518.pkl,val
56349.pkl,val
16779.pkl,val
53581.pkl,val
52677.pkl,val
13276.pkl,val
44338.pkl,val
30168.pkl,val
22407.pkl,val
9307.pkl,val
420.pkl,val
46061.pkl,val
55395.pkl,val
13350.pkl,val
45419.pkl,val
10546.pkl,val
8674.pkl,val
22992.pkl,val
20357.pkl,val
52194.pkl,val
24530.pkl,val
19819.pkl,val
57003.pkl,val
17398.pkl,val
12884.pkl,val
4079.pkl,val
36872.pkl,val
51594.pkl,val
18550.pkl,val
51740.pkl,val
15900.pkl,val
52069.pkl,val
30763.pkl,val
50204.pkl,val
25729.pkl,val
34566.pkl,val
39384.pkl,val
8389.pkl,val
38566.pkl,val
50896.pkl,val
47126.pkl,val
51535.pkl,val
53149.pkl,val
33915.pkl,val
51195.pkl,val
49887.pkl,val
36678.pkl,val
4378.pkl,val
977.pkl,val
13178.pkl,val
937.pkl,val
55454.pkl,val
20374.pkl,val
29363.pkl,val
29245.pkl,val
2260.pkl,val
2100.pkl,val
23114.pkl,val
14292.pkl,val
33886.pkl,val
56364.pkl,val
55412.pkl,val
19894.pkl,val
55465.pkl,val
53023.pkl,val
39767.pkl,val
24832.pkl,val
54807.pkl,val
21653.pkl,val
37895.pkl,val
12693.pkl,val
53385.pkl,val
53674.pkl,val
12208.pkl,val
3952.pkl,val
23974.pkl,val
1645.pkl,val
14931.pkl,val
8721.pkl,val
973.pkl,val
21565.pkl,val
15.pkl,val
14099.pkl,val
19717.pkl,val
15269.pkl,val
27148.pkl,val
28280.pkl,val
18222.pkl,val
49119.pkl,val
23988.pkl,val
36079.pkl,val
50151.pkl,val
1708.pkl,val
46645.pkl,val
55851.pkl,val
19217.pkl,val
40780.pkl,val
13288.pkl,val
53738.pkl,val
16947.pkl,val
19757.pkl,val
27416.pkl,val
44123.pkl,val
2676.pkl,val
31599.pkl,val
605.pkl,val
13334.pkl,val
24737.pkl,val
45252.pkl,val
16976.pkl,val
51499.pkl,val
41718.pkl,val
25885.pkl,val
56440.pkl,val
26047.pkl,val
22066.pkl,val
18820.pkl,val
12436.pkl,val
13523.pkl,val
13538.pkl,val
10334.pkl,val
23380.pkl,val
54569.pkl,val
6381.pkl,val
10468.pkl,val
13668.pkl,val
45516.pkl,val
26117.pkl,val
36737.pkl,val
2881.pkl,val
4178.pkl,val
6220.pkl,val
9015.pkl,val
40859.pkl,val
5909.pkl,val
45374.pkl,val
8037.pkl,val
27041.pkl,val
25207.pkl,val
30117.pkl,val
55287.pkl,val
16011.pkl,val
29783.pkl,val
51702.pkl,val
42642.pkl,val
10453.pkl,val
8914.pkl,val
48666.pkl,val
42250.pkl,val
28750.pkl,val
7060.pkl,val
8929.pkl,val
28807.pkl,val
6412.pkl,val
12154.pkl,val
14613.pkl,val
21073.pkl,val
10158.pkl,val
10620.pkl,val
50972.pkl,val
34561.pkl,val
24662.pkl,val
54568.pkl,val
15735.pkl,val
21742.pkl,val
30685.pkl,val
50152.pkl,val
24178.pkl,val
54689.pkl,val
35777.pkl,val
49349.pkl,val
20761.pkl,val
51972.pkl,val
18157.pkl,val
9030.pkl,val
53268.pkl,val
31174.pkl,val
31194.pkl,val
44200.pkl,val
43159.pkl,val
48639.pkl,val
44278.pkl,val
42455.pkl,val
50324.pkl,val
36480.pkl,val
26180.pkl,val
16793.pkl,val
1893.pkl,val
55272.pkl,val
38736.pkl,val
41450.pkl,val
38311.pkl,val
37118.pkl,val
25954.pkl,val
38809.pkl,val
19518.pkl,val
6693.pkl,val
55792.pkl,val
50778.pkl,val
42734.pkl,val
5983.pkl,val
19957.pkl,val
39785.pkl,val
1793.pkl,val
55514.pkl,val
53317.pkl,val
42222.pkl,val
36714.pkl,val
30859.pkl,val
8575.pkl,val
1442.pkl,val
19121.pkl,val
47999.pkl,val
12482.pkl,val
26465.pkl,val
15458.pkl,val
55564.pkl,val
13296.pkl,val
16196.pkl,val
25602.pkl,val
49455.pkl,val
14508.pkl,val
45006.pkl,val
48913.pkl,val
53481.pkl,val
20108.pkl,val
43212.pkl,val
47139.pkl,val
26290.pkl,val
34802.pkl,val
12069.pkl,val
48248.pkl,val
54857.pkl,val
38576.pkl,val
51453.pkl,val
34695.pkl,val
9446.pkl,val
17954.pkl,val
10477.pkl,val
53465.pkl,val
32589.pkl,val
48554.pkl,val
47593.pkl,val
29700.pkl,val
42822.pkl,val
8683.pkl,val
12809.pkl,val
3527.pkl,val
14734.pkl,val
16194.pkl,val
20664.pkl,val
33667.pkl,val
39844.pkl,val
50659.pkl,val
1479.pkl,val
30225.pkl,val
42952.pkl,val
32032.pkl,val
38816.pkl,val
48867.pkl,val
21346.pkl,val
5400.pkl,val
19942.pkl,val
55646.pkl,val
16012.pkl,val
30553.pkl,val
14107.pkl,val
17848.pkl,val
48775.pkl,val
41483.pkl,val
45609.pkl,val
44923.pkl,val
37671.pkl,val
26291.pkl,val
4937.pkl,val
18976.pkl,val
56765.pkl,val
3898.pkl,val
33510.pkl,val
56677.pkl,val
9256.pkl,val
49419.pkl,val
44771.pkl,val
19220.pkl,val
48821.pkl,val
39203.pkl,val
46414.pkl,val
46759.pkl,val
11666.pkl,val
7117.pkl,val
5898.pkl,val
4706.pkl,val
10526.pkl,val
11005.pkl,val
25635.pkl,val
29020.pkl,val
9780.pkl,val
33110.pkl,val
5123.pkl,val
30097.pkl,val
11697.pkl,val
42102.pkl,val
2318.pkl,val
7466.pkl,val
23451.pkl,val
20120.pkl,val
42458.pkl,val
41665.pkl,val
45316.pkl,val
39885.pkl,val
19891.pkl,val
17337.pkl,val
10391.pkl,val
16478.pkl,val
33022.pkl,val
24950.pkl,val
17058.pkl,val
4565.pkl,val
13349.pkl,val
28491.pkl,val
31316.pkl,val
19445.pkl,val
49667.pkl,val
15097.pkl,val
3343.pkl,val
1567.pkl,val
40316.pkl,val
36268.pkl,val
52137.pkl,val
21748.pkl,val
55819.pkl,val
41697.pkl,val
46328.pkl,val
38853.pkl,val
21439.pkl,val
17809.pkl,val
43251.pkl,val
8563.pkl,val
6119.pkl,val
27300.pkl,val
42634.pkl,val
40469.pkl,val
5654.pkl,val
26172.pkl,val
56569.pkl,val
18402.pkl,val
19482.pkl,val
12692.pkl,val
11438.pkl,val
18919.pkl,val
19417.pkl,val
31535.pkl,val
47405.pkl,val
10749.pkl,val
10548.pkl,val
54606.pkl,val
12297.pkl,val
28999.pkl,val
47886.pkl,val
37529.pkl,val
15316.pkl,val
13434.pkl,val
46315.pkl,val
55975.pkl,val
37705.pkl,val
34788.pkl,val
44003.pkl,val
52431.pkl,val
49072.pkl,val
49574.pkl,val
48502.pkl,val
43718.pkl,val
5325.pkl,val
51623.pkl,val
27241.pkl,val
43535.pkl,val
25891.pkl,val
8014.pkl,val
43259.pkl,val
23144.pkl,val
971.pkl,val
53051.pkl,val
31237.pkl,val
34390.pkl,val
29258.pkl,val
52146.pkl,val
6316.pkl,val
18811.pkl,val
8850.pkl,val
6040.pkl,val
48696.pkl,val
40758.pkl,val
13153.pkl,val
3427.pkl,val
28383.pkl,val
54774.pkl,val
12.pkl,val
46183.pkl,val
39732.pkl,val
46715.pkl,val
46400.pkl,val
55624.pkl,val
43631.pkl,val
29394.pkl,val
8195.pkl,val
32348.pkl,val
50839.pkl,val
13457.pkl,val
55379.pkl,val
9443.pkl,val
20317.pkl,val
22097.pkl,val
34256.pkl,val
19022.pkl,val
36260.pkl,val
7683.pkl,val
54990.pkl,val
53386.pkl,val
34734.pkl,val
16690.pkl,val
52563.pkl,val
46462.pkl,val
40294.pkl,val
40387.pkl,val
45438.pkl,val
8433.pkl,val
36937.pkl,val
39405.pkl,val
28138.pkl,val
20012.pkl,val
18773.pkl,val
4335.pkl,val
37919.pkl,val
51892.pkl,val
15233.pkl,val
35779.pkl,val
33505.pkl,val
3615.pkl,val
4982.pkl,val
4197.pkl,val
41801.pkl,val
24160.pkl,val
12725.pkl,val
36027.pkl,val
37138.pkl,val
36489.pkl,val
40525.pkl,val
37978.pkl,val
22617.pkl,val
12371.pkl,val
18151.pkl,val
23410.pkl,val
56946.pkl,val
46761.pkl,val
45024.pkl,val
3451.pkl,val
46531.pkl,val
6096.pkl,val
30538.pkl,val
13858.pkl,val
26956.pkl,val
20843.pkl,val
49080.pkl,val
35154.pkl,val
34063.pkl,val
33776.pkl,val
31627.pkl,val
27921.pkl,val
28082.pkl,val
46176.pkl,val
14720.pkl,val
55267.pkl,val
9980.pkl,val
39417.pkl,val
51965.pkl,val
51532.pkl,val
52239.pkl,val
49237.pkl,val
49811.pkl,val
29665.pkl,val
24564.pkl,val
10383.pkl,val
53565.pkl,val
52336.pkl,val
28661.pkl,val
24823.pkl,val
1782.pkl,val
40400.pkl,val
2599.pkl,val
53910.pkl,val
47095.pkl,val
2299.pkl,val
11512.pkl,val
20213.pkl,val
52735.pkl,val
15202.pkl,val
56158.pkl,val
22313.pkl,val
40275.pkl,val
27877.pkl,val
40271.pkl,val
14500.pkl,val
35012.pkl,val
36369.pkl,val
31975.pkl,val
3060.pkl,val
28622.pkl,val
30719.pkl,val
15803.pkl,val
1505.pkl,val
14762.pkl,val
23284.pkl,val
55273.pkl,val
36502.pkl,val
37698.pkl,val
20541.pkl,val
26417.pkl,val
19355.pkl,val
48336.pkl,val
11652.pkl,val
28607.pkl,val
34346.pkl,val
19117.pkl,val
34543.pkl,val
53817.pkl,val
38899.pkl,val
16522.pkl,val
38629.pkl,val
26478.pkl,val
15754.pkl,val
50124.pkl,val
29032.pkl,val
5531.pkl,val
47693.pkl,val
768.pkl,val
15575.pkl,val
34857.pkl,val
48845.pkl,val
53292.pkl,val
53493.pkl,val
14572.pkl,val
52758.pkl,val
3505.pkl,val
36148.pkl,val
14188.pkl,val
6872.pkl,val
48764.pkl,val
19619.pkl,val
12475.pkl,val
366.pkl,val
32659.pkl,val
53337.pkl,val
6212.pkl,val
18028.pkl,val
28714.pkl,val
42639.pkl,val
48598.pkl,val
12546.pkl,val
45514.pkl,val
56649.pkl,val
16651.pkl,val
1051.pkl,val
18343.pkl,val
27763.pkl,val
7308.pkl,val
22292.pkl,val
47784.pkl,val
9471.pkl,val
45869.pkl,val
6345.pkl,val
24327.pkl,val
15663.pkl,val
39079.pkl,val
45044.pkl,val
28126.pkl,val
33506.pkl,val
52962.pkl,val
904.pkl,val
55673.pkl,val
1713.pkl,val
15731.pkl,val
49134.pkl,val
31743.pkl,val
50329.pkl,val
51555.pkl,val
26346.pkl,val
49326.pkl,val
45380.pkl,val
19713.pkl,val
12136.pkl,val
4810.pkl,val
3872.pkl,val
48519.pkl,val
25875.pkl,val
4771.pkl,val
30456.pkl,val
249.pkl,val
9237.pkl,val
50843.pkl,val
10581.pkl,val
37634.pkl,val
2934.pkl,val
27239.pkl,val
20141.pkl,val
20424.pkl,val
38242.pkl,val
40486.pkl,val
24996.pkl,val
29177.pkl,val
9872.pkl,val
56951.pkl,val
43940.pkl,val
43583.pkl,val
2491.pkl,val
6519.pkl,val
53613.pkl,val
25621.pkl,val
400.pkl,val
2170.pkl,val
54515.pkl,val
25107.pkl,val
6782.pkl,val
25224.pkl,val
33874.pkl,val
36802.pkl,val
56892.pkl,val
13156.pkl,val
51330.pkl,val
20662.pkl,val
47702.pkl,val
35799.pkl,val
18653.pkl,val
46120.pkl,val
22402.pkl,val
38580.pkl,val
41079.pkl,val
26700.pkl,val
24087.pkl,val
31094.pkl,val
3236.pkl,val
33611.pkl,val
28602.pkl,val
6633.pkl,val
23036.pkl,val
23476.pkl,val
55232.pkl,val
47742.pkl,val
14913.pkl,val
41377.pkl,val
41289.pkl,val
51968.pkl,val
26250.pkl,val
24728.pkl,val
44218.pkl,val
45155.pkl,val
27609.pkl,val
36966.pkl,val
21394.pkl,val
1467.pkl,val
2767.pkl,val
30212.pkl,val
40144.pkl,val
13290.pkl,val
29937.pkl,val
41448.pkl,val
23874.pkl,val
25571.pkl,val
43579.pkl,val
44639.pkl,val
54063.pkl,val
40806.pkl,val
40402.pkl,val
34514.pkl,val
11063.pkl,val
34786.pkl,val
11009.pkl,val
39359.pkl,val
35890.pkl,val
53276.pkl,val
31737.pkl,val
52419.pkl,val
533.pkl,val
13379.pkl,val
31087.pkl,val
42672.pkl,val
24353.pkl,val
16107.pkl,val
12675.pkl,val
3184.pkl,val
49943.pkl,val
50429.pkl,val
12051.pkl,val
46065.pkl,val
46691.pkl,val
13978.pkl,val
445.pkl,val
40302.pkl,val
15577.pkl,val
2180.pkl,val
48207.pkl,val
41972.pkl,val
13085.pkl,val
44705.pkl,val
3325.pkl,val
39733.pkl,val
6287.pkl,val
11678.pkl,val
35168.pkl,val
39852.pkl,val
30840.pkl,val
42023.pkl,val
50275.pkl,val
140.pkl,val
42904.pkl,val
49492.pkl,val
16218.pkl,val
24203.pkl,val
16000.pkl,val
6068.pkl,val
20306.pkl,val
17895.pkl,val
24612.pkl,val
3984.pkl,val
35020.pkl,val
8274.pkl,val
22151.pkl,val
45310.pkl,val
52253.pkl,val
20400.pkl,val
26041.pkl,val
11625.pkl,val
49953.pkl,val
19128.pkl,val
5960.pkl,val
25141.pkl,val
5163.pkl,val
33966.pkl,val
8003.pkl,val
38016.pkl,val
46375.pkl,val
3544.pkl,val
49310.pkl,val
26857.pkl,val
23330.pkl,val
7245.pkl,val
29197.pkl,val
34416.pkl,val
12863.pkl,val
22333.pkl,val
17421.pkl,val
45017.pkl,val
38869.pkl,val
31820.pkl,val
48746.pkl,val
26246.pkl,val
48364.pkl,val
13362.pkl,val
28417.pkl,val
34068.pkl,val
42423.pkl,val
1140.pkl,val
10792.pkl,val
9263.pkl,val
15511.pkl,val
28351.pkl,val
16862.pkl,val
52268.pkl,val
18381.pkl,val
46632.pkl,val
1202.pkl,val
33241.pkl,val
23914.pkl,val
13201.pkl,val
36923.pkl,val
3388.pkl,val
37105.pkl,val
7564.pkl,val
9850.pkl,val
45847.pkl,val
10897.pkl,val
13322.pkl,val
6415.pkl,val
32573.pkl,val
2283.pkl,val
30072.pkl,val
21364.pkl,val
4751.pkl,val
9045.pkl,val
35872.pkl,val
27988.pkl,val
41818.pkl,val
43595.pkl,val
17466.pkl,val
27288.pkl,val
55586.pkl,val
2983.pkl,val
42532.pkl,val
31604.pkl,val
22311.pkl,val
10450.pkl,val
24874.pkl,val
56761.pkl,val
16561.pkl,val
48337.pkl,val
49367.pkl,val
40337.pkl,val
11638.pkl,val
12766.pkl,val
26498.pkl,val
35751.pkl,val
48115.pkl,val
31131.pkl,val
26696.pkl,val
5995.pkl,val
51554.pkl,val
38378.pkl,val
31390.pkl,val
48335.pkl,val
56676.pkl,val
31278.pkl,val
363.pkl,val
27990.pkl,val
24008.pkl,val
16231.pkl,val
12730.pkl,val
46235.pkl,val
21492.pkl,val
22238.pkl,val
5750.pkl,val
50281.pkl,val
5.pkl,val
17792.pkl,val
43400.pkl,val
26332.pkl,val
1556.pkl,val
21055.pkl,val
12746.pkl,val
52439.pkl,val
43300.pkl,val
50781.pkl,val
11977.pkl,val
28128.pkl,val
6523.pkl,val
54916.pkl,val
53100.pkl,val
5391.pkl,val
43288.pkl,val
49094.pkl,val
9177.pkl,val
13690.pkl,val
46471.pkl,val
48531.pkl,val
6978.pkl,val
20586.pkl,val
7243.pkl,val
52799.pkl,val
9155.pkl,val
56415.pkl,val
54643.pkl,val
20188.pkl,val
56590.pkl,val
8776.pkl,val
32103.pkl,val
13467.pkl,val
34273.pkl,val
17677.pkl,val
54090.pkl,val
9332.pkl,val
53308.pkl,val
13716.pkl,val
45681.pkl,val
46812.pkl,val
31591.pkl,val
48321.pkl,val
44293.pkl,val
47423.pkl,val
22555.pkl,val
7223.pkl,val
39193.pkl,val
28203.pkl,val
29888.pkl,val
40833.pkl,val
45139.pkl,val
15281.pkl,val
12125.pkl,val
10328.pkl,val
17004.pkl,val
54534.pkl,val
2261.pkl,val
7119.pkl,val
52032.pkl,val
51868.pkl,val
36610.pkl,val
958.pkl,val
34370.pkl,val
8166.pkl,val
29326.pkl,val
1523.pkl,val
55755.pkl,val
33124.pkl,val
48656.pkl,val
48956.pkl,val
30790.pkl,val
11430.pkl,val
56603.pkl,val
15323.pkl,val
34128.pkl,val
50251.pkl,val
22650.pkl,val
15330.pkl,val
53474.pkl,val
45302.pkl,val
45010.pkl,val
21371.pkl,val
48906.pkl,val
6004.pkl,val
54220.pkl,val
53940.pkl,val
6171.pkl,val
18195.pkl,val
25467.pkl,val
56815.pkl,val
2937.pkl,val
8249.pkl,val
36463.pkl,val
12010.pkl,val
24943.pkl,val
46935.pkl,val
38154.pkl,val
27708.pkl,val
44083.pkl,val
4087.pkl,val
30661.pkl,val
53550.pkl,val
11098.pkl,val
27582.pkl,val
17283.pkl,val
44153.pkl,val
40954.pkl,val
5032.pkl,val
42483.pkl,val
13656.pkl,val
48647.pkl,val
48658.pkl,val
3.pkl,val
3359.pkl,val
50660.pkl,val
56629.pkl,val
4695.pkl,val
47413.pkl,val
20149.pkl,val
56433.pkl,val
14453.pkl,val
55884.pkl,val
11071.pkl,val
33088.pkl,val
26555.pkl,val
20647.pkl,test
32682.pkl,test
6663.pkl,test
23651.pkl,test
56435.pkl,test
14615.pkl,test
10410.pkl,test
50958.pkl,test
38470.pkl,test
6130.pkl,test
8039.pkl,test
39574.pkl,test
47918.pkl,test
30450.pkl,test
1085.pkl,test
4692.pkl,test
35514.pkl,test
24882.pkl,test
42416.pkl,test
48458.pkl,test
22516.pkl,test
19555.pkl,test
27629.pkl,test
10104.pkl,test
34921.pkl,test
54890.pkl,test
940.pkl,test
40654.pkl,test
8859.pkl,test
55704.pkl,test
11426.pkl,test
5997.pkl,test
34703.pkl,test
7538.pkl,test
15566.pkl,test
11516.pkl,test
40154.pkl,test
38819.pkl,test
21391.pkl,test
15831.pkl,test
51962.pkl,test
11194.pkl,test
3072.pkl,test
8207.pkl,test
12262.pkl,test
19329.pkl,test
50288.pkl,test
38400.pkl,test
698.pkl,test
52843.pkl,test
32612.pkl,test
41434.pkl,test
12420.pkl,test
12445.pkl,test
7742.pkl,test
45412.pkl,test
53687.pkl,test
12907.pkl,test
27009.pkl,test
54387.pkl,test
22777.pkl,test
9100.pkl,test
20922.pkl,test
25696.pkl,test
2315.pkl,test
24026.pkl,test
18395.pkl,test
40810.pkl,test
12642.pkl,test
53430.pkl,test
24843.pkl,test
50322.pkl,test
27080.pkl,test
15250.pkl,test
45039.pkl,test
48415.pkl,test
36932.pkl,test
35448.pkl,test
32787.pkl,test
25440.pkl,test
44275.pkl,test
33481.pkl,test
24172.pkl,test
24045.pkl,test
36539.pkl,test
43587.pkl,test
29041.pkl,test
56259.pkl,test
33954.pkl,test
29210.pkl,test
48353.pkl,test
40633.pkl,test
31279.pkl,test
42697.pkl,test
640.pkl,test
25998.pkl,test
5605.pkl,test
23623.pkl,test
47422.pkl,test
2843.pkl,test
15027.pkl,test
21031.pkl,test
34584.pkl,test
41664.pkl,test
752.pkl,test
6226.pkl,test
23922.pkl,test
43360.pkl,test
45459.pkl,test
17476.pkl,test
14294.pkl,test
49555.pkl,test
43680.pkl,test
55702.pkl,test
53401.pkl,test
41248.pkl,test
13373.pkl,test
33465.pkl,test
30214.pkl,test
12788.pkl,test
11744.pkl,test
19704.pkl,test
39367.pkl,test
14414.pkl,test
15751.pkl,test
1535.pkl,test
52175.pkl,test
36671.pkl,test
15173.pkl,test
18000.pkl,test
37898.pkl,test
53715.pkl,test
20145.pkl,test
52513.pkl,test
19624.pkl,test
2805.pkl,test
33949.pkl,test
34500.pkl,test
43425.pkl,test
1343.pkl,test
13358.pkl,test
13606.pkl,test
22621.pkl,test
31011.pkl,test
26181.pkl,test
21329.pkl,test
56536.pkl,test
19660.pkl,test
26980.pkl,test
42375.pkl,test
17108.pkl,test
38123.pkl,test
12713.pkl,test
24654.pkl,test
18663.pkl,test
25969.pkl,test
37400.pkl,test
51018.pkl,test
55131.pkl,test
53746.pkl,test
1279.pkl,test
19724.pkl,test
21409.pkl,test
6114.pkl,test
47018.pkl,test
48226.pkl,test
26070.pkl,test
11035.pkl,test
49536.pkl,test
27598.pkl,test
2649.pkl,test
47321.pkl,test
39001.pkl,test
25545.pkl,test
46236.pkl,test
47975.pkl,test
50116.pkl,test
50825.pkl,test
25978.pkl,test
33341.pkl,test
22614.pkl,test
26600.pkl,test
53509.pkl,test
13593.pkl,test
48312.pkl,test
10982.pkl,test
12128.pkl,test
3495.pkl,test
14483.pkl,test
11897.pkl,test
24583.pkl,test
17207.pkl,test
49242.pkl,test
994.pkl,test
36193.pkl,test
44620.pkl,test
46809.pkl,test
48053.pkl,test
48365.pkl,test
8235.pkl,test
14859.pkl,test
15535.pkl,test
6074.pkl,test
49190.pkl,test
45002.pkl,test
48978.pkl,test
24137.pkl,test
51542.pkl,test
52956.pkl,test
52047.pkl,test
40352.pkl,test
49893.pkl,test
8406.pkl,test
52715.pkl,test
55690.pkl,test
6639.pkl,test
5957.pkl,test
14912.pkl,test
48067.pkl,test
53261.pkl,test
33271.pkl,test
11034.pkl,test
2486.pkl,test
25000.pkl,test
44702.pkl,test
34351.pkl,test
20399.pkl,test
37943.pkl,test
10416.pkl,test
52964.pkl,test
1164.pkl,test
25861.pkl,test
6551.pkl,test
9103.pkl,test
5724.pkl,test
16987.pkl,test
9389.pkl,test
49427.pkl,test
7767.pkl,test
36964.pkl,test
52205.pkl,test
48837.pkl,test
9534.pkl,test
41876.pkl,test
39267.pkl,test
17400.pkl,test
52323.pkl,test
11813.pkl,test
21237.pkl,test
5193.pkl,test
40747.pkl,test
44987.pkl,test
37625.pkl,test
38772.pkl,test
27783.pkl,test
32016.pkl,test
2241.pkl,test
37335.pkl,test
32684.pkl,test
9619.pkl,test
25077.pkl,test
36031.pkl,test
14420.pkl,test
35285.pkl,test
56599.pkl,test
41885.pkl,test
47984.pkl,test
7333.pkl,test
43468.pkl,test
43995.pkl,test
47755.pkl,test
45947.pkl,test
20359.pkl,test
24645.pkl,test
52473.pkl,test
9057.pkl,test
2405.pkl,test
31375.pkl,test
55279.pkl,test
38944.pkl,test
23408.pkl,test
15406.pkl,test
12600.pkl,test
38688.pkl,test
30733.pkl,test
45370.pkl,test
51058.pkl,test
10415.pkl,test
37428.pkl,test
55813.pkl,test
34896.pkl,test
34264.pkl,test
49505.pkl,test
22790.pkl,test
14183.pkl,test
36970.pkl,test
52173.pkl,test
28732.pkl,test
29172.pkl,test
14765.pkl,test
40042.pkl,test
9884.pkl,test
30020.pkl,test
31663.pkl,test
24164.pkl,test
16453.pkl,test
41412.pkl,test
11103.pkl,test
30836.pkl,test
30891.pkl,test
16737.pkl,test
32925.pkl,test
20679.pkl,test
50511.pkl,test
17053.pkl,test
26219.pkl,test
4508.pkl,test
33251.pkl,test
26783.pkl,test
26798.pkl,test
35310.pkl,test
9891.pkl,test
50016.pkl,test
37788.pkl,test
36214.pkl,test
3719.pkl,test
27103.pkl,test
53664.pkl,test
12117.pkl,test
42203.pkl,test
22795.pkl,test
23819.pkl,test
6532.pkl,test
15475.pkl,test
40220.pkl,test
51986.pkl,test
4904.pkl,test
46377.pkl,test
27189.pkl,test
22589.pkl,test
5560.pkl,test
14102.pkl,test
12263.pkl,test
53966.pkl,test
13115.pkl,test
15309.pkl,test
29829.pkl,test
27075.pkl,test
35601.pkl,test
25904.pkl,test
17527.pkl,test
25682.pkl,test
44939.pkl,test
10150.pkl,test
32816.pkl,test
21947.pkl,test
26131.pkl,test
45956.pkl,test
12862.pkl,test
319.pkl,test
48025.pkl,test
22434.pkl,test
56625.pkl,test
20248.pkl,test
6810.pkl,test
51078.pkl,test
47191.pkl,test
55047.pkl,test
27863.pkl,test
4367.pkl,test
4495.pkl,test
21615.pkl,test
4156.pkl,test
39541.pkl,test
56969.pkl,test
14680.pkl,test
18684.pkl,test
19227.pkl,test
31607.pkl,test
56129.pkl,test
18770.pkl,test
56575.pkl,test
30383.pkl,test
19359.pkl,test
7546.pkl,test
42698.pkl,test
23993.pkl,test
47484.pkl,test
18987.pkl,test
46522.pkl,test
33877.pkl,test
50617.pkl,test
24506.pkl,test
17579.pkl,test
18944.pkl,test
50520.pkl,test
35711.pkl,test
40921.pkl,test
37264.pkl,test
18050.pkl,test
28225.pkl,test
42264.pkl,test
20747.pkl,test
52101.pkl,test
7569.pkl,test
54420.pkl,test
39663.pkl,test
27138.pkl,test
2374.pkl,test
38959.pkl,test
7970.pkl,test
30374.pkl,test
33373.pkl,test
33625.pkl,test
29735.pkl,test
48713.pkl,test
48254.pkl,test
39413.pkl,test
457.pkl,test
42011.pkl,test
22258.pkl,test
28318.pkl,test
47003.pkl,test
43619.pkl,test
16711.pkl,test
31973.pkl,test
16925.pkl,test
45337.pkl,test
949.pkl,test
46655.pkl,test
23053.pkl,test
51733.pkl,test
3757.pkl,test
20195.pkl,test
29053.pkl,test
51277.pkl,test
20643.pkl,test
34.pkl,test
56170.pkl,test
35976.pkl,test
54675.pkl,test
39509.pkl,test
47904.pkl,test
8425.pkl,test
49063.pkl,test
16583.pkl,test
33034.pkl,test
46319.pkl,test
43034.pkl,test
9475.pkl,test
46602.pkl,test
23474.pkl,test
7434.pkl,test
37975.pkl,test
9054.pkl,test
23395.pkl,test
37484.pkl,test
16625.pkl,test
5398.pkl,test
50071.pkl,test
11779.pkl,test
12612.pkl,test
9207.pkl,test
39342.pkl,test
49212.pkl,test
45929.pkl,test
7662.pkl,test
19310.pkl,test
5425.pkl,test
53486.pkl,test
23075.pkl,test
18857.pkl,test
48698.pkl,test
15966.pkl,test
15182.pkl,test
47799.pkl,test
40322.pkl,test
8691.pkl,test
2429.pkl,test
54658.pkl,test
22282.pkl,test
7892.pkl,test
42755.pkl,test
51424.pkl,test
36251.pkl,test
13148.pkl,test
535.pkl,test
49456.pkl,test
32917.pkl,test
20398.pkl,test
23497.pkl,test
12358.pkl,test
47879.pkl,test
10759.pkl,test
24822.pkl,test
31745.pkl,test
2980.pkl,test
51482.pkl,test
36492.pkl,test
48188.pkl,test
19711.pkl,test
29565.pkl,test
35038.pkl,test
20166.pkl,test
29864.pkl,test
37724.pkl,test
17662.pkl,test
2188.pkl,test
10174.pkl,test
54842.pkl,test
13110.pkl,test
50456.pkl,test
3519.pkl,test
37460.pkl,test
179.pkl,test
35431.pkl,test
4766.pkl,test
4520.pkl,test
33160.pkl,test
32551.pkl,test
53437.pkl,test
5619.pkl,test
12729.pkl,test
55377.pkl,test
44787.pkl,test
25552.pkl,test
25286.pkl,test
42782.pkl,test
10998.pkl,test
4298.pkl,test
21341.pkl,test
47442.pkl,test
39095.pkl,test
41445.pkl,test
39463.pkl,test
4562.pkl,test
35322.pkl,test
14623.pkl,test
31422.pkl,test
1047.pkl,test
26052.pkl,test
39513.pkl,test
25516.pkl,test
31608.pkl,test
46705.pkl,test
4324.pkl,test
30544.pkl,test
30336.pkl,test
20778.pkl,test
49615.pkl,test
1460.pkl,test
7326.pkl,test
34889.pkl,test
1259.pkl,test
26201.pkl,test
41021.pkl,test
33548.pkl,test
51016.pkl,test
24153.pkl,test
30128.pkl,test
32756.pkl,test
39002.pkl,test
37311.pkl,test
13180.pkl,test
2809.pkl,test
24036.pkl,test
8125.pkl,test
18998.pkl,test
7508.pkl,test
13694.pkl,test
19607.pkl,test
4558.pkl,test
10015.pkl,test
6210.pkl,test
35072.pkl,test
17164.pkl,test
38076.pkl,test
13279.pkl,test
39460.pkl,test
39734.pkl,test
34338.pkl,test
16469.pkl,test
12773.pkl,test
22299.pkl,test
18329.pkl,test
20258.pkl,test
25841.pkl,test
39382.pkl,test
46302.pkl,test
20455.pkl,test
55250.pkl,test
50801.pkl,test
22595.pkl,test
52779.pkl,test
14437.pkl,test
51854.pkl,test
20663.pkl,test
10985.pkl,test
54386.pkl,test
28372.pkl,test
42406.pkl,test
9503.pkl,test
47433.pkl,test
46958.pkl,test
40628.pkl,test
7830.pkl,test
6916.pkl,test
37363.pkl,test
13759.pkl,test
42531.pkl,test
48936.pkl,test
23037.pkl,test
35463.pkl,test
27935.pkl,test
17489.pkl,test
6041.pkl,test
17836.pkl,test
7092.pkl,test
53343.pkl,test
48759.pkl,test
17085.pkl,test
50497.pkl,test
42029.pkl,test
53165.pkl,test
48605.pkl,test
12381.pkl,test
44695.pkl,test
44308.pkl,test
24268.pkl,test
21785.pkl,test
49202.pkl,test
49810.pkl,test
20766.pkl,test
2460.pkl,test
35437.pkl,test
20948.pkl,test
15874.pkl,test
22348.pkl,test
4651.pkl,test
27282.pkl,test
28660.pkl,test
23697.pkl,test
8770.pkl,test
22379.pkl,test
40996.pkl,test
40061.pkl,test
36819.pkl,test
16720.pkl,test
49083.pkl,test
24107.pkl,test
4457.pkl,test
25130.pkl,test
21643.pkl,test
35144.pkl,test
6617.pkl,test
17465.pkl,test
39214.pkl,test
26261.pkl,test
55984.pkl,test
45766.pkl,test
29603.pkl,test
19478.pkl,test
54324.pkl,test
9188.pkl,test
23020.pkl,test
37627.pkl,test
47650.pkl,test
15533.pkl,test
28197.pkl,test
5406.pkl,test
48291.pkl,test
37433.pkl,test
49527.pkl,test
33151.pkl,test
13536.pkl,test
16442.pkl,test
37547.pkl,test
54318.pkl,test
2753.pkl,test
1622.pkl,test
50945.pkl,test
54804.pkl,test
41141.pkl,test
52074.pkl,test
17327.pkl,test
53131.pkl,test
25123.pkl,test
35250.pkl,test
51531.pkl,test
32635.pkl,test
29714.pkl,test
4974.pkl,test
5573.pkl,test
5276.pkl,test
20833.pkl,test
42049.pkl,test
42962.pkl,test
39191.pkl,test
25200.pkl,test
20825.pkl,test
17371.pkl,test
49284.pkl,test
29837.pkl,test
28615.pkl,test
48558.pkl,test
21620.pkl,test
22297.pkl,test
55366.pkl,test
18043.pkl,test
15413.pkl,test
52128.pkl,test
41239.pkl,test
29372.pkl,test
54514.pkl,test
22178.pkl,test
153.pkl,test
12565.pkl,test
18578.pkl,test
53422.pkl,test
48594.pkl,test
54120.pkl,test
53007.pkl,test
15885.pkl,test
20553.pkl,test
22495.pkl,test
20775.pkl,test
49024.pkl,test
18552.pkl,test
18937.pkl,test
29270.pkl,test
11045.pkl,test
2640.pkl,test
41473.pkl,test
54554.pkl,test
31523.pkl,test
11234.pkl,test
26235.pkl,test
10913.pkl,test
30018.pkl,test
1861.pkl,test
56278.pkl,test
18010.pkl,test
23568.pkl,test
2669.pkl,test
16313.pkl,test
33693.pkl,test
36366.pkl,test
16461.pkl,test
908.pkl,test
14870.pkl,test
4365.pkl,test
884.pkl,test
7688.pkl,test
15183.pkl,test
21332.pkl,test
7069.pkl,test
47047.pkl,test
23708.pkl,test
54240.pkl,test
46018.pkl,test
40652.pkl,test
43346.pkl,test
28384.pkl,test
37778.pkl,test
18057.pkl,test
29650.pkl,test
934.pkl,test
27613.pkl,test
15872.pkl,test
47982.pkl,test
45674.pkl,test
37349.pkl,test
41566.pkl,test
50673.pkl,test
7881.pkl,test
29397.pkl,test
25533.pkl,test
53283.pkl,test
9397.pkl,test
43955.pkl,test
29198.pkl,test
40067.pkl,test
9945.pkl,test
11598.pkl,test
3735.pkl,test
1527.pkl,test
54944.pkl,test
22327.pkl,test
9518.pkl,test
19433.pkl,test
34262.pkl,test
7944.pkl,test
5047.pkl,test
49089.pkl,test
30548.pkl,test
14083.pkl,test
19230.pkl,test
11136.pkl,test
24173.pkl,test
5639.pkl,test
16991.pkl,test
40792.pkl,test
19470.pkl,test
45005.pkl,test
32703.pkl,test
10650.pkl,test
24793.pkl,test
32411.pkl,test
38943.pkl,test
17742.pkl,test
7566.pkl,test
8560.pkl,test
53238.pkl,test
41166.pkl,test
32222.pkl,test
29588.pkl,test
55654.pkl,test
22172.pkl,test
48473.pkl,test
18850.pkl,test
38777.pkl,test
50426.pkl,test
29799.pkl,test
55937.pkl,test
27329.pkl,test
989.pkl,test
7275.pkl,test
874.pkl,test
34996.pkl,test
530.pkl,test
31521.pkl,test
44749.pkl,test
38740.pkl,test
28360.pkl,test
17290.pkl,test
26568.pkl,test
42845.pkl,test
37032.pkl,test
15245.pkl,test
20657.pkl,test
36077.pkl,test
24536.pkl,test
3307.pkl,test
36786.pkl,test
37617.pkl,test
54917.pkl,test
38593.pkl,test
30585.pkl,test
40883.pkl,test
35912.pkl,test
42695.pkl,test
27897.pkl,test
49596.pkl,test
34888.pkl,test
40657.pkl,test
26628.pkl,test
54978.pkl,test
7965.pkl,test
41493.pkl,test
29887.pkl,test
15072.pkl,test
28920.pkl,test
13574.pkl,test
43420.pkl,test
26552.pkl,test
17341.pkl,test
53823.pkl,test
43568.pkl,test
42586.pkl,test
30378.pkl,test
36186.pkl,test
49338.pkl,test
33761.pkl,test
30629.pkl,test
12146.pkl,test
39500.pkl,test
56577.pkl,test
18372.pkl,test
24838.pkl,test
30186.pkl,test
26280.pkl,test
30398.pkl,test
33193.pkl,test
26162.pkl,test
22188.pkl,test
8896.pkl,test
9101.pkl,test
34920.pkl,test
55036.pkl,test
6942.pkl,test
45215.pkl,test
50051.pkl,test
15242.pkl,test
13566.pkl,test
37112.pkl,test
50563.pkl,test
53266.pkl,test
31621.pkl,test
36716.pkl,test
22256.pkl,test
44670.pkl,test
55224.pkl,test
27974.pkl,test
4861.pkl,test
45590.pkl,test
20432.pkl,test
6279.pkl,test
56972.pkl,test
10594.pkl,test
38756.pkl,test
43566.pkl,test
47875.pkl,test
14053.pkl,test
1272.pkl,test
6086.pkl,test
9705.pkl,test
38182.pkl,test
23255.pkl,test
12439.pkl,test
13777.pkl,test
16668.pkl,test
51069.pkl,test
16985.pkl,test
44526.pkl,test
40117.pkl,test
7485.pkl,test
40850.pkl,test
14980.pkl,test
17625.pkl,test
16745.pkl,test
43843.pkl,test
53697.pkl,test
39707.pkl,test
8719.pkl,test
32648.pkl,test
23183.pkl,test
14748.pkl,test
48310.pkl,test
15783.pkl,test
10657.pkl,test
27515.pkl,test
41447.pkl,test
41734.pkl,test
13365.pkl,test
2552.pkl,test
55627.pkl,test
51240.pkl,test
45471.pkl,test
56571.pkl,test
52219.pkl,test
34210.pkl,test
21965.pkl,test
54974.pkl,test
6726.pkl,test
36086.pkl,test
1129.pkl,test
360.pkl,test
16058.pkl,test
36144.pkl,test
6648.pkl,test
17620.pkl,test
48796.pkl,test
24883.pkl,test
53296.pkl,test
50632.pkl,test
8009.pkl,test
50809.pkl,test
29708.pkl,test
43396.pkl,test
24397.pkl,test
36072.pkl,test
1524.pkl,test
23343.pkl,test
27070.pkl,test
45648.pkl,test
54621.pkl,test
51495.pkl,test
12653.pkl,test
25148.pkl,test
23679.pkl,test
21908.pkl,test
13951.pkl,test
45731.pkl,test
27487.pkl,test
52399.pkl,test
6477.pkl,test
39980.pkl,test
37385.pkl,test
19489.pkl,test
26232.pkl,test
10531.pkl,test
41849.pkl,test
56966.pkl,test
13714.pkl,test
41945.pkl,test
18870.pkl,test
20748.pkl,test
29265.pkl,test
28554.pkl,test
50572.pkl,test
54122.pkl,test
9963.pkl,test
47386.pkl,test
43735.pkl,test
22259.pkl,test
50742.pkl,test
12312.pkl,test
1378.pkl,test
6258.pkl,test
52773.pkl,test
3123.pkl,test
50128.pkl,test
30625.pkl,test
36450.pkl,test
20987.pkl,test
50507.pkl,test
4325.pkl,test
36297.pkl,test
53143.pkl,test
50606.pkl,test
34406.pkl,test
37610.pkl,test
13324.pkl,test
49648.pkl,test
14636.pkl,test
33242.pkl,test
34446.pkl,test
4901.pkl,test
50498.pkl,test
35870.pkl,test
30414.pkl,test
25225.pkl,test
38965.pkl,test
17697.pkl,test
38070.pkl,test
34805.pkl,test
45568.pkl,test
36723.pkl,test
32668.pkl,test
11816.pkl,test
54688.pkl,test
19771.pkl,test
47840.pkl,test
44384.pkl,test
42720.pkl,test
19263.pkl,test
8880.pkl,test
12239.pkl,test
41481.pkl,test
23666.pkl,test
28315.pkl,test
54182.pkl,test
55663.pkl,test
37744.pkl,test
21998.pkl,test
30536.pkl,test
51370.pkl,test
31054.pkl,test
48038.pkl,test
7484.pkl,test
22882.pkl,test
29307.pkl,test
5328.pkl,test
47097.pkl,test
2583.pkl,test
3235.pkl,test
50608.pkl,test
37218.pkl,test
5625.pkl,test
6524.pkl,test
970.pkl,test
25387.pkl,test
47666.pkl,test
15685.pkl,test
39031.pkl,test
46246.pkl,test
43517.pkl,test
51810.pkl,test
7898.pkl,test
9965.pkl,test
3997.pkl,test
53673.pkl,test
27617.pkl,test
20240.pkl,test
16165.pkl,test
25671.pkl,test
23347.pkl,test
33026.pkl,test
8793.pkl,test
27161.pkl,test
56650.pkl,test
18590.pkl,test
56467.pkl,test
3145.pkl,test
4979.pkl,test
4168.pkl,test
40679.pkl,test
12438.pkl,test
9572.pkl,test
1949.pkl,test
56166.pkl,test
13931.pkl,test
7759.pkl,test
3073.pkl,test
31201.pkl,test
8665.pkl,test
29717.pkl,test
23580.pkl,test
17746.pkl,test
54477.pkl,test
35230.pkl,test
1317.pkl,test
5002.pkl,test
44051.pkl,test
52374.pkl,test
32412.pkl,test
44193.pkl,test
17890.pkl,test
23098.pkl,test
34286.pkl,test
13733.pkl,test
17307.pkl,test
436.pkl,test
44494.pkl,test
44748.pkl,test
21747.pkl,test
40043.pkl,test
27580.pkl,test
11739.pkl,test
2773.pkl,test
7724.pkl,test
8951.pkl,test
10004.pkl,test
45286.pkl,test
19412.pkl,test
46869.pkl,test
46294.pkl,test
25771.pkl,test
32459.pkl,test
36555.pkl,test
35321.pkl,test
51436.pkl,test
42184.pkl,test
23336.pkl,test
7794.pkl,test
51650.pkl,test
51015.pkl,test
7587.pkl,test
19256.pkl,test
54158.pkl,test
7532.pkl,test
14908.pkl,test
46002.pkl,test
11409.pkl,test
37731.pkl,test
54205.pkl,test
52332.pkl,test
48048.pkl,test
53432.pkl,test
41646.pkl,test
12183.pkl,test
19151.pkl,test
8772.pkl,test
6956.pkl,test
47787.pkl,test
4626.pkl,test
21803.pkl,test
41013.pkl,test
14548.pkl,test
47482.pkl,test
3864.pkl,test
27458.pkl,test
50862.pkl,test
55392.pkl,test
49165.pkl,test
46386.pkl,test
4275.pkl,test
16464.pkl,test
30451.pkl,test
2668.pkl,test
40938.pkl,test
26382.pkl,test
54546.pkl,test
36922.pkl,test
26843.pkl,test
3553.pkl,test
21613.pkl,test
15882.pkl,test
16164.pkl,test
17887.pkl,test
33361.pkl,test
30714.pkl,test
35783.pkl,test
22376.pkl,test
18334.pkl,test
48934.pkl,test
43224.pkl,test
632.pkl,test
33672.pkl,test
50361.pkl,test
40327.pkl,test
37163.pkl,test
20322.pkl,test
18135.pkl,test
34457.pkl,test
44365.pkl,test
35200.pkl,test
37776.pkl,test
9918.pkl,test
32329.pkl,test
31236.pkl,test
36931.pkl,test
20055.pkl,test
37982.pkl,test
48681.pkl,test
28188.pkl,test
36477.pkl,test
1673.pkl,test
5312.pkl,test
32355.pkl,test
32521.pkl,test
47326.pkl,test
38217.pkl,test
10169.pkl,test
10623.pkl,test
13607.pkl,test
11073.pkl,test
19171.pkl,test
46486.pkl,test
20119.pkl,test
33254.pkl,test
9066.pkl,test
11720.pkl,test
10866.pkl,test
32930.pkl,test
32208.pkl,test
37844.pkl,test
42539.pkl,test
48586.pkl,test
14839.pkl,test
36658.pkl,test
23766.pkl,test
42784.pkl,test
48801.pkl,test
51166.pkl,test
42039.pkl,test
17141.pkl,test
31483.pkl,test
18660.pkl,test
26858.pkl,test
6743.pkl,test
15246.pkl,test
12404.pkl,test
49556.pkl,test
39254.pkl,test
22913.pkl,test
14440.pkl,test
23768.pkl,test
31952.pkl,test
2972.pkl,test
24787.pkl,test
19301.pkl,test
11716.pkl,test
44286.pkl,test
47012.pkl,test
44230.pkl,test
27093.pkl,test
11623.pkl,test
35339.pkl,test
6073.pkl,test
28419.pkl,test
48127.pkl,test
56630.pkl,test
7186.pkl,test
27492.pkl,test
53864.pkl,test
22113.pkl,test
23735.pkl,test
4161.pkl,test
17198.pkl,test
32954.pkl,test
10680.pkl,test
7575.pkl,test
51784.pkl,test
30057.pkl,test
19778.pkl,test
47077.pkl,test
34602.pkl,test
28272.pkl,test
55543.pkl,test
24864.pkl,test
49874.pkl,test
48374.pkl,test
12395.pkl,test
45102.pkl,test
24804.pkl,test
48489.pkl,test
20768.pkl,test
49431.pkl,test
10122.pkl,test
25066.pkl,test
29789.pkl,test
27167.pkl,test
10921.pkl,test
35652.pkl,test
53906.pkl,test
31592.pkl,test
3814.pkl,test
37068.pkl,test
52464.pkl,test
42281.pkl,test
23457.pkl,test
35090.pkl,test
17965.pkl,test
28944.pkl,test
44349.pkl,test
29410.pkl,test
21873.pkl,test
3434.pkl,test
12471.pkl,test
8006.pkl,test
21796.pkl,test
15539.pkl,test
29330.pkl,test
25732.pkl,test
41161.pkl,test
9440.pkl,test
19571.pkl,test
3475.pkl,test
26473.pkl,test
26283.pkl,test
13594.pkl,test
52117.pkl,test
43509.pkl,test
13519.pkl,test
43356.pkl,test
35455.pkl,test
37467.pkl,test
42092.pkl,test
15342.pkl,test
31212.pkl,test
39360.pkl,test
19078.pkl,test
34132.pkl,test
17047.pkl,test
14755.pkl,test
28589.pkl,test
43344.pkl,test
30990.pkl,test
36160.pkl,test
17113.pkl,test
32704.pkl,test
55223.pkl,test
7732.pkl,test
25828.pkl,test
48455.pkl,test
39674.pkl,test
49550.pkl,test
24030.pkl,test
30925.pkl,test
40538.pkl,test
19657.pkl,test
35619.pkl,test
708.pkl,test
41047.pkl,test
21881.pkl,test
5787.pkl,test
1985.pkl,test
30564.pkl,test
10247.pkl,test
52600.pkl,test
14313.pkl,test
24652.pkl,test
13955.pkl,test
9714.pkl,test
56745.pkl,test
48242.pkl,test
24946.pkl,test
19164.pkl,test
47108.pkl,test
45735.pkl,test
17756.pkl,test
23989.pkl,test
3364.pkl,test
34590.pkl,test
24555.pkl,test
35080.pkl,test
4340.pkl,test
6112.pkl,test
15768.pkl,test
22815.pkl,test
49293.pkl,test
40560.pkl,test
1552.pkl,test
41894.pkl,test
48271.pkl,test
47255.pkl,test
53248.pkl,test
9167.pkl,test
15396.pkl,test
53699.pkl,test
23289.pkl,test
17648.pkl,test
25067.pkl,test
34439.pkl,test
33394.pkl,test
16600.pkl,test
12087.pkl,test
30988.pkl,test
45162.pkl,test
27352.pkl,test
56268.pkl,test
10362.pkl,test
54243.pkl,test
39975.pkl,test
42548.pkl,test
29203.pkl,test
1917.pkl,test
25332.pkl,test
45216.pkl,test
38165.pkl,test
18776.pkl,test
19637.pkl,test
38215.pkl,test
25337.pkl,test
28407.pkl,test
7492.pkl,test
17015.pkl,test
29486.pkl,test
14731.pkl,test
40238.pkl,test
18011.pkl,test
54424.pkl,test
39044.pkl,test
54700.pkl,test
51815.pkl,test
3657.pkl,test
29386.pkl,test
1434.pkl,test
7141.pkl,test
44000.pkl,test
14802.pkl,test
22758.pkl,test
17914.pkl,test
53199.pkl,test
56048.pkl,test
33917.pkl,test
39855.pkl,test
4096.pkl,test
44238.pkl,test
44086.pkl,test
44715.pkl,test
36913.pkl,test
28972.pkl,test
28824.pkl,test
39931.pkl,test
15473.pkl,test
5848.pkl,test
39483.pkl,test
51523.pkl,test
41461.pkl,test
45797.pkl,test
36971.pkl,test
30644.pkl,test
26353.pkl,test
36751.pkl,test
30978.pkl,test
44224.pkl,test
20099.pkl,test
12521.pkl,test
6197.pkl,test
14760.pkl,test
20759.pkl,test
31110.pkl,test
29424.pkl,test
16103.pkl,test
17206.pkl,test
45063.pkl,test
42213.pkl,test
30795.pkl,test
22357.pkl,test
39029.pkl,test
27310.pkl,test
10894.pkl,test
23674.pkl,test
7244.pkl,test
3494.pkl,test
22414.pkl,test
23407.pkl,test
36192.pkl,test
51883.pkl,test
10438.pkl,test
20889.pkl,test
41820.pkl,test
14736.pkl,test
50584.pkl,test
52316.pkl,test
36580.pkl,test
27705.pkl,test
45728.pkl,test
47279.pkl,test
28148.pkl,test
30093.pkl,test
51399.pkl,test
32398.pkl,test
54523.pkl,test
11392.pkl,test
7833.pkl,test
49181.pkl,test
42897.pkl,test
24231.pkl,test
2464.pkl,test
2066.pkl,test
29992.pkl,test
30688.pkl,test
54809.pkl,test
37217.pkl,test
40764.pkl,test
46937.pkl,test
22946.pkl,test
22148.pkl,test
35604.pkl,test
52818.pkl,test
31500.pkl,test
2461.pkl,test
37153.pkl,test
14336.pkl,test
40524.pkl,test
14695.pkl,test
17388.pkl,test
54487.pkl,test
51415.pkl,test
19323.pkl,test
38611.pkl,test
10275.pkl,test
31728.pkl,test
50954.pkl,test
56421.pkl,test
16303.pkl,test
38330.pkl,test
54958.pkl,test
55852.pkl,test
27510.pkl,test
39106.pkl,test
12583.pkl,test
6460.pkl,test
31468.pkl,test
1470.pkl,test
9423.pkl,test
54875.pkl,test
5903.pkl,test
32820.pkl,test
41335.pkl,test
41188.pkl,test
21807.pkl,test
38149.pkl,test
16228.pkl,test
2633.pkl,test
31428.pkl,test
55609.pkl,test
56399.pkl,test
12324.pkl,test
19364.pkl,test
17472.pkl,test
6325.pkl,test
21317.pkl,test
43292.pkl,test
33240.pkl,test
8718.pkl,test
6781.pkl,test
39475.pkl,test
16236.pkl,test
25890.pkl,test
9852.pkl,test
7619.pkl,test
19752.pkl,test
19937.pkl,test
47212.pkl,test
38559.pkl,test
8648.pkl,test
1940.pkl,test
25593.pkl,test
18501.pkl,test
13992.pkl,test
25394.pkl,test
53311.pkl,test
56374.pkl,test
28578.pkl,test
13260.pkl,test
23236.pkl,test
45865.pkl,test
19097.pkl,test
56004.pkl,test
52050.pkl,test
35933.pkl,test
33774.pkl,test
2828.pkl,test
47489.pkl,test
11114.pkl,test
44854.pkl,test
54935.pkl,test
50975.pkl,test
2273.pkl,test
15922.pkl,test
25079.pkl,test
25137.pkl,test
9309.pkl,test
49172.pkl,test
25439.pkl,test
12185.pkl,test
32833.pkl,test
22823.pkl,test
7254.pkl,test
8129.pkl,test
18881.pkl,test
7354.pkl,test
49937.pkl,test
17670.pkl,test
22536.pkl,test
30048.pkl,test
51215.pkl,test
2061.pkl,test
44807.pkl,test
44208.pkl,test
36385.pkl,test
51754.pkl,test
9317.pkl,test
42113.pkl,test
7168.pkl,test
28102.pkl,test
3097.pkl,test
31635.pkl,test
38454.pkl,test
2779.pkl,test
16608.pkl,test
44048.pkl,test
25129.pkl,test
28958.pkl,test
21783.pkl,test
19093.pkl,test
22550.pkl,test
37412.pkl,test
15527.pkl,test
24083.pkl,test
43175.pkl,test
32941.pkl,test
47502.pkl,test
10115.pkl,test
10207.pkl,test
9306.pkl,test
11784.pkl,test
39330.pkl,test
17128.pkl,test
8360.pkl,test
33680.pkl,test
44562.pkl,test
15009.pkl,test
21964.pkl,test
28270.pkl,test
54727.pkl,test
46846.pkl,test
12502.pkl,test
26484.pkl,test
21963.pkl,test
1142.pkl,test
26970.pkl,test
33713.pkl,test
49379.pkl,test
16036.pkl,test
44700.pkl,test
18516.pkl,test
15448.pkl,test
55054.pkl,test
36784.pkl,test
30989.pkl,test
35027.pkl,test
56834.pkl,test
34232.pkl,test
41414.pkl,test
18478.pkl,test
30889.pkl,test
50072.pkl,test
9382.pkl,test
14976.pkl,test
51974.pkl,test
31489.pkl,test
22769.pkl,test
1796.pkl,test
22604.pkl,test
6177.pkl,test
30023.pkl,test
225.pkl,test
36720.pkl,test
23145.pkl,test
15212.pkl,test
4158.pkl,test
6180.pkl,test
22395.pkl,test
28754.pkl,test
49499.pkl,test
25949.pkl,test
20200.pkl,test
6308.pkl,test
952.pkl,test
6833.pkl,test
3430.pkl,test
2259.pkl,test
36257.pkl,test
12327.pkl,test
38327.pkl,test
9302.pkl,test
8512.pkl,test
52302.pkl,test
50754.pkl,test
55243.pkl,test
14601.pkl,test
15741.pkl,test
43713.pkl,test
55616.pkl,test
19529.pkl,test
44419.pkl,test
8853.pkl,test
24577.pkl,test
54771.pkl,test
45381.pkl,test
37589.pkl,test
28092.pkl,test
22627.pkl,test
21752.pkl,test
38096.pkl,test
30508.pkl,test
137.pkl,test
48263.pkl,test
48030.pkl,test
55311.pkl,test
5493.pkl,test
19702.pkl,test
32998.pkl,test
55389.pkl,test
30778.pkl,test
41551.pkl,test
15303.pkl,test
33468.pkl,test
33178.pkl,test
39876.pkl,test
50313.pkl,test
5557.pkl,test
45636.pkl,test
26035.pkl,test
1597.pkl,test
29215.pkl,test
26999.pkl,test
34217.pkl,test
53532.pkl,test
42.pkl,test
31173.pkl,test
10968.pkl,test
7462.pkl,test
34952.pkl,test
32882.pkl,test
32377.pkl,test
51372.pkl,test
54573.pkl,test
12334.pkl,test
29298.pkl,test
20504.pkl,test
9342.pkl,test
30382.pkl,test
7984.pkl,test
14681.pkl,test
54850.pkl,test
33934.pkl,test
54159.pkl,test
3365.pkl,test
13632.pkl,test
40559.pkl,test
49644.pkl,test
41588.pkl,test
55639.pkl,test
15435.pkl,test
51098.pkl,test
28612.pkl,test
31162.pkl,test
48143.pkl,test
3660.pkl,test
35637.pkl,test
12483.pkl,test
41081.pkl,test
29653.pkl,test
26652.pkl,test
15960.pkl,test
30981.pkl,test
56654.pkl,test
16657.pkl,test
15369.pkl,test
3782.pkl,test
24275.pkl,test
16660.pkl,test
42505.pkl,test
46287.pkl,test
10638.pkl,test
4242.pkl,test
52996.pkl,test
56244.pkl,test
55800.pkl,test
6933.pkl,test
11839.pkl,test
1197.pkl,test
1240.pkl,test
10596.pkl,test
15915.pkl,test
1722.pkl,test
14936.pkl,test
37959.pkl,test
5688.pkl,test
16376.pkl,test
11982.pkl,test
17308.pkl,test
56510.pkl,test
9146.pkl,test
8815.pkl,test
54502.pkl,test
15120.pkl,test
1285.pkl,test
52311.pkl,test
4649.pkl,test
45272.pkl,test
54729.pkl,test
37672.pkl,test
17043.pkl,test
52875.pkl,test
20498.pkl,test
15634.pkl,test
32129.pkl,test
41093.pkl,test
27538.pkl,test
49129.pkl,test
49738.pkl,test
28161.pkl,test
48742.pkl,test
6067.pkl,test
20945.pkl,test
16092.pkl,test
7404.pkl,test
4496.pkl,test
46070.pkl,test
27185.pkl,test
17353.pkl,test
48311.pkl,test
24730.pkl,test
23539.pkl,test
37320.pkl,test
22673.pkl,test
54242.pkl,test
34019.pkl,test
38994.pkl,test
6772.pkl,test
46425.pkl,test
46.pkl,test
26237.pkl,test
28648.pkl,test
15619.pkl,test
40881.pkl,test
13592.pkl,test
28168.pkl,test
50191.pkl,test
19298.pkl,test
50968.pkl,test
40156.pkl,test
38447.pkl,test
13633.pkl,test
48707.pkl,test
14314.pkl,test
32397.pkl,test
39808.pkl,test
17059.pkl,test
32543.pkl,test
9954.pkl,test
55685.pkl,test
22393.pkl,test
36875.pkl,test
52995.pkl,test
55519.pkl,test
24507.pkl,test
14225.pkl,test
10242.pkl,test
41968.pkl,test
40014.pkl,test
47156.pkl,test
48620.pkl,test
14661.pkl,test
27250.pkl,test
26412.pkl,test
33649.pkl,test
38304.pkl,test
3770.pkl,test
15588.pkl,test
40974.pkl,test
24903.pkl,test
49013.pkl,test
6374.pkl,test
26394.pkl,test
32596.pkl,test
12633.pkl,test
39631.pkl,test
36778.pkl,test
11968.pkl,test
34251.pkl,test
19531.pkl,test
40535.pkl,test
42983.pkl,test
53346.pkl,test
13732.pkl,test
22804.pkl,test
28597.pkl,test
1902.pkl,test
16113.pkl,test
23590.pkl,test
29479.pkl,test
35099.pkl,test
19849.pkl,test
19047.pkl,test
20472.pkl,test
27285.pkl,test
11588.pkl,test
26111.pkl,test
33118.pkl,test
30676.pkl,test
31107.pkl,test
52295.pkl,test
2971.pkl,test
14892.pkl,test
35958.pkl,test
50243.pkl,test
9414.pkl,test
51859.pkl,test
46794.pkl,test
22743.pkl,test
43004.pkl,test
11183.pkl,test
46629.pkl,test
42665.pkl,test
44132.pkl,test
12229.pkl,test
23537.pkl,test
56864.pkl,test
9516.pkl,test
7091.pkl,test
41155.pkl,test
44617.pkl,test
25576.pkl,test
37020.pkl,test
29931.pkl,test
39807.pkl,test
34869.pkl,test
47103.pkl,test
35676.pkl,test
53073.pkl,test
36852.pkl,test
20059.pkl,test
38000.pkl,test
46703.pkl,test
11518.pkl,test
13704.pkl,test
11444.pkl,test
29990.pkl,test
5858.pkl,test
48907.pkl,test
44295.pkl,test
23391.pkl,test
56554.pkl,test
21640.pkl,test
45365.pkl,test
41864.pkl,test
54207.pkl,test
41813.pkl,test
39926.pkl,test
8613.pkl,test
14262.pkl,test
56658.pkl,test
51731.pkl,test
35410.pkl,test
19338.pkl,test
26409.pkl,test
52747.pkl,test
54262.pkl,test
41689.pkl,test
9556.pkl,test
2400.pkl,test
14061.pkl,test
11891.pkl,test
33576.pkl,test
56049.pkl,test
50714.pkl,test
45144.pkl,test
43851.pkl,test
55094.pkl,test
48064.pkl,test
23184.pkl,test
53190.pkl,test
33723.pkl,test
54730.pkl,test
30460.pkl,test
55458.pkl,test
43999.pkl,test
11201.pkl,test
16632.pkl,test
34941.pkl,test
28823.pkl,test
54462.pkl,test
50868.pkl,test
46679.pkl,test
47595.pkl,test
39557.pkl,test
23300.pkl,test
2119.pkl,test
52208.pkl,test
45884.pkl,test
44904.pkl,test
43529.pkl,test
8234.pkl,test
3973.pkl,test
54061.pkl,test
14384.pkl,test
3138.pkl,test
25588.pkl,test
54859.pkl,test
32907.pkl,test
1123.pkl,test
36664.pkl,test
37696.pkl,test
14581.pkl,test
47019.pkl,test
46311.pkl,test
38855.pkl,test
1264.pkl,test
9417.pkl,test
53249.pkl,test
44637.pkl,test
7747.pkl,test
51395.pkl,test
49135.pkl,test
12544.pkl,test
25176.pkl,test
14967.pkl,test
41056.pkl,test
44072.pkl,test
30116.pkl,test
41222.pkl,test
40372.pkl,test
54667.pkl,test
3411.pkl,test
20447.pkl,test
20050.pkl,test
36028.pkl,test
30368.pkl,test
38531.pkl,test
18980.pkl,test
25236.pkl,test
4082.pkl,test
1884.pkl,test
18249.pkl,test
39796.pkl,test
17179.pkl,test
10101.pkl,test
26604.pkl,test
39140.pkl,test
5788.pkl,test
46126.pkl,test
14801.pkl,test
13611.pkl,test
32331.pkl,test
55370.pkl,test
14899.pkl,test
20667.pkl,test
48773.pkl,test
30731.pkl,test
14970.pkl,test
8214.pkl,test
26416.pkl,test
46366.pkl,test
1823.pkl,test
21010.pkl,test
56314.pkl,test
11277.pkl,test
3206.pkl,test
13809.pkl,test
42448.pkl,test
8891.pkl,test
33890.pkl,test
39390.pkl,test
8504.pkl,test
14425.pkl,test
22344.pkl,test
9421.pkl,test
31649.pkl,test
2968.pkl,test
54226.pkl,test
24840.pkl,test
40548.pkl,test
1935.pkl,test
13936.pkl,test
22609.pkl,test
12264.pkl,test
51185.pkl,test
41460.pkl,test
36325.pkl,test
29199.pkl,test
42764.pkl,test
37035.pkl,test
15145.pkl,test
19988.pkl,test
44751.pkl,test
34867.pkl,test
19132.pkl,test
53094.pkl,test
1877.pkl,test
32910.pkl,test
51902.pkl,test
21319.pkl,test
46748.pkl,test
48912.pkl,test
18979.pkl,test
38072.pkl,test
14100.pkl,test
24572.pkl,test
23030.pkl,test
52017.pkl,test
17544.pkl,test
30746.pkl,test
25240.pkl,test
20104.pkl,test
32139.pkl,test
5062.pkl,test
49786.pkl,test
33438.pkl,test
47909.pkl,test
7846.pkl,test
12923.pkl,test
32445.pkl,test
26225.pkl,test
7252.pkl,test
39327.pkl,test
7686.pkl,test
23653.pkl,test
52001.pkl,test
42932.pkl,test
1791.pkl,test
6423.pkl,test
44388.pkl,test
28719.pkl,test
52110.pkl,test
18791.pkl,test
18939.pkl,test
10544.pkl,test
50703.pkl,test
38941.pkl,test
27343.pkl,test
27550.pkl,test
23365.pkl,test
2256.pkl,test
20500.pkl,test
2319.pkl,test
4142.pkl,test
26577.pkl,test
29729.pkl,test
48294.pkl,test
17252.pkl,test
50387.pkl,test
13060.pkl,test
3878.pkl,test
44449.pkl,test
54363.pkl,test
8801.pkl,test
25824.pkl,test
38494.pkl,test
26086.pkl,test
40318.pkl,test
33111.pkl,test
47705.pkl,test
1213.pkl,test
10836.pkl,test
44021.pkl,test
10769.pkl,test
29853.pkl,test
12279.pkl,test
47802.pkl,test
54412.pkl,test
26755.pkl,test
27837.pkl,test
38712.pkl,test
3920.pkl,test
56143.pkl,test
7331.pkl,test
17223.pkl,test
19628.pkl,test
14873.pkl,test
45954.pkl,test
53071.pkl,test
43534.pkl,test
28549.pkl,test
53281.pkl,test
10762.pkl,test
38729.pkl,test
43190.pkl,test
55842.pkl,test
30192.pkl,test
46694.pkl,test
22016.pkl,test
36433.pkl,test
1095.pkl,test
33738.pkl,test
13083.pkl,test
20786.pkl,test
15705.pkl,test
29206.pkl,test
26996.pkl,test
46864.pkl,test
42214.pkl,test
41457.pkl,test
39696.pkl,test
6167.pkl,test
30335.pkl,test
4179.pkl,test
41668.pkl,test
13025.pkl,test
17160.pkl,test
32896.pkl,test
46627.pkl,test
6176.pkl,test
19963.pkl,test
32785.pkl,test
13430.pkl,test
30861.pkl,test
35705.pkl,test
46532.pkl,test
56203.pkl,test
38988.pkl,test
18097.pkl,test
34208.pkl,test
41754.pkl,test
33157.pkl,test
19003.pkl,test
28616.pkl,test
51671.pkl,test
50216.pkl,test
27960.pkl,test
17319.pkl,test
25235.pkl,test
40852.pkl,test
47926.pkl,test
2573.pkl,test
4993.pkl,test
53802.pkl,test
17923.pkl,test
12396.pkl,test
795.pkl,test
50260.pkl,test
15573.pkl,test
45181.pkl,test
41320.pkl,test
15154.pkl,test
43668.pkl,test
33624.pkl,test
19709.pkl,test
44796.pkl,test
199.pkl,test
55681.pkl,test
53164.pkl,test
22222.pkl,test
24557.pkl,test
53125.pkl,test
9173.pkl,test
25091.pkl,test
49176.pkl,test
11919.pkl,test
3756.pkl,test
44655.pkl,test
44535.pkl,test
53402.pkl,test
28333.pkl,test
16665.pkl,test
11628.pkl,test
12605.pkl,test
39155.pkl,test
425.pkl,test
42167.pkl,test
32430.pkl,test
29205.pkl,test
21992.pkl,test
56506.pkl,test
39265.pkl,test
7406.pkl,test
4858.pkl,test
32496.pkl,test
17649.pkl,test
55407.pkl,test
55061.pkl,test
14039.pkl,test
3708.pkl,test
55300.pkl,test
47741.pkl,test
50836.pkl,test
30574.pkl,test
26771.pkl,test
15066.pkl,test
43909.pkl,test
35767.pkl,test
15343.pkl,test
53032.pkl,test
50415.pkl,test
54589.pkl,test
10231.pkl,test
6901.pkl,test
11730.pkl,test
29950.pkl,test
39012.pkl,test
13463.pkl,test
34527.pkl,test
14128.pkl,test
47379.pkl,test
3917.pkl,test
55431.pkl,test
55167.pkl,test
33683.pkl,test
3839.pkl,test
21312.pkl,test
20162.pkl,test
16356.pkl,test
27630.pkl,test
11208.pkl,test
45270.pkl,test
16021.pkl,test
35761.pkl,test
15517.pkl,test
15352.pkl,test
29459.pkl,test
25057.pkl,test
28741.pkl,test
8105.pkl,test
49049.pkl,test
48532.pkl,test
14706.pkl,test
43857.pkl,test
6242.pkl,test
44108.pkl,test
43030.pkl,test
13905.pkl,test
6071.pkl,test
11203.pkl,test
13646.pkl,test
22565.pkl,test
49343.pkl,test
11708.pkl,test
21545.pkl,test
19581.pkl,test
12975.pkl,test
33388.pkl,test
34412.pkl,test
54581.pkl,test
46786.pkl,test
4252.pkl,test
23896.pkl,test
8681.pkl,test
14092.pkl,test
16014.pkl,test
2866.pkl,test
9105.pkl,test
53255.pkl,test
14896.pkl,test
14897.pkl,test
30552.pkl,test
50193.pkl,test
11131.pkl,test
25888.pkl,test
11772.pkl,test
21782.pkl,test
47317.pkl,test
52640.pkl,test
18003.pkl,test
2495.pkl,test
17938.pkl,test
55474.pkl,test
9163.pkl,test
8383.pkl,test
49752.pkl,test
53083.pkl,test
34816.pkl,test
34408.pkl,test
1839.pkl,test
3455.pkl,test
1382.pkl,test
12228.pkl,test
1888.pkl,test
1458.pkl,test
19542.pkl,test
12065.pkl,test
37256.pkl,test
26483.pkl,test
24273.pkl,test
56965.pkl,test
4616.pkl,test
48952.pkl,test
21059.pkl,test
33639.pkl,test
29618.pkl,test
43123.pkl,test
19885.pkl,test
33975.pkl,test
24805.pkl,test
23473.pkl,test
589.pkl,test
54362.pkl,test
27328.pkl,test
10285.pkl,test
46947.pkl,test
10994.pkl,test
2956.pkl,test
28108.pkl,test
17811.pkl,test
26438.pkl,test
12836.pkl,test
21894.pkl,test
1415.pkl,test
8198.pkl,test
35153.pkl,test
2596.pkl,test
23340.pkl,test
32866.pkl,test
45261.pkl,test
28743.pkl,test
6334.pkl,test
20791.pkl,test
28241.pkl,test
3856.pkl,test
27286.pkl,test
49672.pkl,test
6914.pkl,test
29611.pkl,test
46965.pkl,test
29368.pkl,test
14069.pkl,test
12204.pkl,test
41639.pkl,test
26208.pkl,test
21911.pkl,test
10298.pkl,test
7113.pkl,test
44472.pkl,test
18923.pkl,test
24017.pkl,test
54732.pkl,test
17703.pkl,test
29413.pkl,test
15426.pkl,test
2441.pkl,test
30534.pkl,test
9138.pkl,test
36659.pkl,test
9600.pkl,test
26338.pkl,test
21824.pkl,test
33167.pkl,test
23863.pkl,test
2044.pkl,test
38689.pkl,test
2056.pkl,test
54802.pkl,test
18020.pkl,test
6422.pkl,test
46927.pkl,test
45774.pkl,test
55725.pkl,test
49870.pkl,test
4080.pkl,test
35962.pkl,test
28998.pkl,test
43055.pkl,test
19031.pkl,test
23134.pkl,test
10232.pkl,test
16154.pkl,test
7748.pkl,test
18915.pkl,test
573.pkl,test
46333.pkl,test
24187.pkl,test
22901.pkl,test
8708.pkl,test
18444.pkl,test
33458.pkl,test
47690.pkl,test
11829.pkl,test
21478.pkl,test
16519.pkl,test
26964.pkl,test
24802.pkl,test
11964.pkl,test
21855.pkl,test
56198.pkl,test
55787.pkl,test
53573.pkl,test
54434.pkl,test
11267.pkl,test
19332.pkl,test
5389.pkl,test
35806.pkl,test
36581.pkl,test
51290.pkl,test
36330.pkl,test
3311.pkl,test
54245.pkl,test
39311.pkl,test
16499.pkl,test
12148.pkl,test
14474.pkl,test
29071.pkl,test
30035.pkl,test
45393.pkl,test
54563.pkl,test
20532.pkl,test
8447.pkl,test
43307.pkl,test
8967.pkl,test
15063.pkl,test
5516.pkl,test
5692.pkl,test
46323.pkl,test
21044.pkl,test
52917.pkl,test
48800.pkl,test
53632.pkl,test
37128.pkl,test
54529.pkl,test
12298.pkl,test
35025.pkl,test
37609.pkl,test
18452.pkl,test
18319.pkl,test
36533.pkl,test
26855.pkl,test
49856.pkl,test
46560.pkl,test
52280.pkl,test
38383.pkl,test
53176.pkl,test
47331.pkl,test
50024.pkl,test
38796.pkl,test
51021.pkl,test
54264.pkl,test
50102.pkl,test
6910.pkl,test
43844.pkl,test
55574.pkl,test
54766.pkl,test
37712.pkl,test
15537.pkl,test
4033.pkl,test
28523.pkl,test
18384.pkl,test
20772.pkl,test
36599.pkl,test
24971.pkl,test
22070.pkl,test
33317.pkl,test
15810.pkl,test
2532.pkl,test
30780.pkl,test
14627.pkl,test
11356.pkl,test
17074.pkl,test
54423.pkl,test
20373.pkl,test
18241.pkl,test
38801.pkl,test
5351.pkl,test
36015.pkl,test
11338.pkl,test
54982.pkl,test
848.pkl,test
23153.pkl,test
56094.pkl,test
56006.pkl,test
1997.pkl,test
4890.pkl,test
43326.pkl,test
11703.pkl,test
39692.pkl,test
42103.pkl,test
38396.pkl,test
54957.pkl,test
39508.pkl,test
44098.pkl,test
26487.pkl,test
18557.pkl,test
45049.pkl,test
44651.pkl,test
9312.pkl,test
38655.pkl,test
7519.pkl,test
53284.pkl,test
47337.pkl,test
18361.pkl,test
40202.pkl,test
48012.pkl,test
52145.pkl,test
20552.pkl,test
11952.pkl,test
48134.pkl,test
7629.pkl,test
26423.pkl,test
41525.pkl,test
23208.pkl,test
33293.pkl,test
43989.pkl,test
51432.pkl,test
38642.pkl,test
41482.pkl,test
50447.pkl,test
6425.pkl,test
6357.pkl,test
9218.pkl,test
29788.pkl,test
34366.pkl,test
16883.pkl,test
18031.pkl,test
17713.pkl,test
12552.pkl,test
5263.pkl,test
41752.pkl,test
56699.pkl,test
43105.pkl,test
8114.pkl,test
10692.pkl,test
10671.pkl,test
55898.pkl,test
11122.pkl,test
31947.pkl,test
23710.pkl,test
1398.pkl,test
19084.pkl,test
25604.pkl,test
28821.pkl,test
4093.pkl,test
54022.pkl,test
30674.pkl,test
37341.pkl,test
20446.pkl,test
21035.pkl,test
55067.pkl,test
11048.pkl,test
3763.pkl,test
51720.pkl,test
56872.pkl,test
38602.pkl,test
19321.pkl,test
56949.pkl,test
40277.pkl,test
51430.pkl,test
27044.pkl,test
25432.pkl,test
27912.pkl,test
37139.pkl,test
37190.pkl,test
8591.pkl,test
56638.pkl,test
44256.pkl,test
42268.pkl,test
54329.pkl,test
42732.pkl,test
43901.pkl,test
8290.pkl,test
30807.pkl,test
27923.pkl,test
7130.pkl,test
37328.pkl,test
56316.pkl,test
45543.pkl,test
54.pkl,test
45429.pkl,test
54286.pkl,test
22411.pkl,test
21310.pkl,test
34878.pkl,test
16440.pkl,test
46880.pkl,test
37700.pkl,test
45503.pkl,test
56962.pkl,test
44357.pkl,test
8955.pkl,test
23664.pkl,test
14732.pkl,test
24998.pkl,test
33339.pkl,test
35636.pkl,test
45815.pkl,test
34617.pkl,test
3177.pkl,test
36254.pkl,test
9694.pkl,test
11894.pkl,test
46971.pkl,test
48807.pkl,test
41570.pkl,test
32875.pkl,test
1025.pkl,test
47371.pkl,test
8996.pkl,test
24109.pkl,test
49341.pkl,test
24789.pkl,test
14664.pkl,test
25429.pkl,test
23143.pkl,test
48949.pkl,test
32758.pkl,test
557.pkl,test
55601.pkl,test
1216.pkl,test
6492.pkl,test
18710.pkl,test
19627.pkl,test
3998.pkl,test
13444.pkl,test
30301.pkl,test
27484.pkl,test
44215.pkl,test
55807.pkl,test
51210.pkl,test
35906.pkl,test
4405.pkl,test
40511.pkl,test
47745.pkl,test
7155.pkl,test
41358.pkl,test
56299.pkl,test
28130.pkl,test
14700.pkl,test
53572.pkl,test
19970.pkl,test
42093.pkl,test
4428.pkl,test
49278.pkl,test
32472.pkl,test
7728.pkl,test
5322.pkl,test
17708.pkl,test
40418.pkl,test
30381.pkl,test
12269.pkl,test
33436.pkl,test
28592.pkl,test
46482.pkl,test
52990.pkl,test
20740.pkl,test
18006.pkl,test
45577.pkl,test
32259.pkl,test
4505.pkl,test
42875.pkl,test
7784.pkl,test
49432.pkl,test
46312.pkl,test
14958.pkl,test
5482.pkl,test
6060.pkl,test
29581.pkl,test
28077.pkl,test
8678.pkl,test
10023.pkl,test
10314.pkl,test
17000.pkl,test
3725.pkl,test
47042.pkl,test
3482.pkl,test
51687.pkl,test
46930.pkl,test
43378.pkl,test
19648.pkl,test
55045.pkl,test
42330.pkl,test
52008.pkl,test
39737.pkl,test
7253.pkl,test
24136.pkl,test
36508.pkl,test
31791.pkl,test
40569.pkl,test
31704.pkl,test
12535.pkl,test
26302.pkl,test
27126.pkl,test
56092.pkl,test
18103.pkl,test
9625.pkl,test
3153.pkl,test
39721.pkl,test
36169.pkl,test
33416.pkl,test
38264.pkl,test
52608.pkl,test
45338.pkl,test
55204.pkl,test
26730.pkl,test
41827.pkl,test
45344.pkl,test
13908.pkl,test
47089.pkl,test
38910.pkl,test
47610.pkl,test
1132.pkl,test
21162.pkl,test
37395.pkl,test
55549.pkl,test
25307.pkl,test
39972.pkl,test
46506.pkl,test
12912.pkl,test
53298.pkl,test
46889.pkl,test
1606.pkl,test
51652.pkl,test
21117.pkl,test
29758.pkl,test
32337.pkl,test
28722.pkl,test
9923.pkl,test
22119.pkl,test
14253.pkl,test
10073.pkl,test
25838.pkl,test
19012.pkl,test
21197.pkl,test
22169.pkl,test
53353.pkl,test
3619.pkl,test
49677.pkl,test
16946.pkl,test
30817.pkl,test
53752.pkl,test
46921.pkl,test
44649.pkl,test
43801.pkl,test
17477.pkl,test
41942.pkl,test
40551.pkl,test
13155.pkl,test
20371.pkl,test
43206.pkl,test
21809.pkl,test
38306.pkl,test
2267.pkl,test
11758.pkl,test
45800.pkl,test
23721.pkl,test
30890.pkl,test
29755.pkl,test
8711.pkl,test
56011.pkl,test
2677.pkl,test
4022.pkl,test
20471.pkl,test
51359.pkl,test
14708.pkl,test
26593.pkl,test
24439.pkl,test
45265.pkl,test
20696.pkl,test
23888.pkl,test
5515.pkl,test
5506.pkl,test
35166.pkl,test
35669.pkl,test
35240.pkl,test
21535.pkl,test
756.pkl,test
19202.pkl,test
3623.pkl,test
40544.pkl,test
10898.pkl,test
35896.pkl,test
9109.pkl,test
31504.pkl,test
51942.pkl,test
51773.pkl,test
7198.pkl,test
33038.pkl,test
13743.pkl,test
38017.pkl,test
44228.pkl,test
11836.pkl,test
14240.pkl,test
3360.pkl,test
47827.pkl,test
4980.pkl,test
488.pkl,test
44800.pkl,test
2282.pkl,test
27572.pkl,test
6296.pkl,test
32352.pkl,test
5668.pkl,test
55332.pkl,test
30134.pkl,test
50817.pkl,test
31679.pkl,test
56281.pkl,test
32835.pkl,test
47229.pkl,test
26463.pkl,test
42475.pkl,test
10029.pkl,test
53122.pkl,test
1176.pkl,test
1296.pkl,test
16214.pkl,test
31345.pkl,test
7876.pkl,test
10933.pkl,test
43576.pkl,test
25409.pkl,test
4850.pkl,test
49088.pkl,test
2050.pkl,test
6760.pkl,test
34166.pkl,test
12089.pkl,test
47380.pkl,test
42400.pkl,test
37797.pkl,test
11735.pkl,test
27290.pkl,test
41137.pkl,test
33003.pkl,test
8350.pkl,test
10665.pkl,test
17273.pkl,test
33919.pkl,test
19506.pkl,test
40039.pkl,test
13579.pkl,test
39566.pkl,test
24196.pkl,test
42311.pkl,test
43308.pkl,test
15927.pkl,test
40848.pkl,test
23966.pkl,test
6024.pkl,test
49807.pkl,test
29092.pkl,test
42629.pkl,test
13986.pkl,test
56434.pkl,test
20089.pkl,test
41863.pkl,test
39906.pkl,test
48877.pkl,test
35949.pkl,test
49256.pkl,test
36688.pkl,test
33568.pkl,test
35515.pkl,test
32240.pkl,test
8103.pkl,test
29590.pkl,test
12819.pkl,test
32859.pkl,test
6894.pkl,test
11723.pkl,test
47382.pkl,test
40710.pkl,test
41610.pkl,test
34050.pkl,test
36136.pkl,test
42036.pkl,test
6642.pkl,test
52829.pkl,test
24729.pkl,test
51035.pkl,test
6888.pkl,test
47627.pkl,test
49952.pkl,test
48057.pkl,test
40492.pkl,test
41932.pkl,test
54143.pkl,test
35700.pkl,test
40818.pkl,test
55154.pkl,test
39488.pkl,test
5114.pkl,test
37545.pkl,test
50668.pkl,test
10500.pkl,test
36679.pkl,test
7272.pkl,test
20183.pkl,test
39429.pkl,test
55917.pkl,test
21156.pkl,test
8643.pkl,test
40741.pkl,test
22365.pkl,test
41263.pkl,test
36965.pkl,test
54384.pkl,test
39178.pkl,test
54638.pkl,test
19032.pkl,test
36927.pkl,test
24907.pkl,test
6032.pkl,test
15086.pkl,test
46147.pkl,test
49075.pkl,test
22501.pkl,test
3896.pkl,test
1352.pkl,test
54168.pkl,test
2529.pkl,test
26672.pkl,test
19650.pkl,test
4281.pkl,test
44520.pkl,test
20764.pkl,test
40520.pkl,test
49141.pkl,test
41931.pkl,test
1724.pkl,test
20196.pkl,test
17423.pkl,test
38362.pkl,test
24876.pkl,test
12964.pkl,test
34671.pkl,test
54911.pkl,test
7094.pkl,test
48812.pkl,test
19540.pkl,test
50686.pkl,test
25600.pkl,test
49482.pkl,test
27561.pkl,test
17669.pkl,test
33135.pkl,test
461.pkl,test
50353.pkl,test
11166.pkl,test
2412.pkl,test
30132.pkl,test
55775.pkl,test
1537.pkl,test
22477.pkl,test
38752.pkl,test
50021.pkl,test
5015.pkl,test
15080.pkl,test
20095.pkl,test
26165.pkl,test
34186.pkl,test
6353.pkl,test
27319.pkl,test
30490.pkl,test
2172.pkl,test
35196.pkl,test
1494.pkl,test
42313.pkl,test
54463.pkl,test
41271.pkl,test
11019.pkl,test
32927.pkl,test
34202.pkl,test
2254.pkl,test
4169.pkl,test
38339.pkl,test
38934.pkl,test
48892.pkl,test
54562.pkl,test
44126.pkl,test
44554.pkl,test
20899.pkl,test
1336.pkl,test
3507.pkl,test
2204.pkl,test
8299.pkl,test
7733.pkl,test
43896.pkl,test
54042.pkl,test
42223.pkl,test
31222.pkl,test
3275.pkl,test
41842.pkl,test
49092.pkl,test
6462.pkl,test
14317.pkl,test
10381.pkl,test
29645.pkl,test
3006.pkl,test
52129.pkl,test
41171.pkl,test
35576.pkl,test
20212.pkl,test
25877.pkl,test
24005.pkl,test
50369.pkl,test
43447.pkl,test
20441.pkl,test
16354.pkl,test
49764.pkl,test
36791.pkl,test
33792.pkl,test
27618.pkl,test
52631.pkl,test
14566.pkl,test
19327.pkl,test
41383.pkl,test
4834.pkl,test
9368.pkl,test
5831.pkl,test
33697.pkl,test
5168.pkl,test
5418.pkl,test
8351.pkl,test
36708.pkl,test
54996.pkl,test
44476.pkl,test
27397.pkl,test
38139.pkl,test
20454.pkl,test
23463.pkl,test
47714.pkl,test
42454.pkl,test
38945.pkl,test
51479.pkl,test
12360.pkl,test
42017.pkl,test
14863.pkl,test
5209.pkl,test
53236.pkl,test
6048.pkl,test
24539.pkl,test
5434.pkl,test
52061.pkl,test
22973.pkl,test
50020.pkl,test
3715.pkl,test
51660.pkl,test
2064.pkl,test
19191.pkl,test
22390.pkl,test
24734.pkl,test
5162.pkl,test
37802.pkl,test
33109.pkl,test
14335.pkl,test
35988.pkl,test
45595.pkl,test
24758.pkl,test
51627.pkl,test
39851.pkl,test
24150.pkl,test
5732.pkl,test
18891.pkl,test
22201.pkl,test
41621.pkl,test
4454.pkl,test
5891.pkl,test
27249.pkl,test
25024.pkl,test
43440.pkl,test
25758.pkl,test
24266.pkl,test
6503.pkl,test
46300.pkl,test
46282.pkl,test
45796.pkl,test
40339.pkl,test
51159.pkl,test
5581.pkl,test
25064.pkl,test
10738.pkl,test
54124.pkl,test
9337.pkl,test
33617.pkl,test
47738.pkl,test
4886.pkl,test
47081.pkl,test
31711.pkl,test
36663.pkl,test
23641.pkl,test
43487.pkl,test
576.pkl,test
43561.pkl,test
14516.pkl,test
53967.pkl,test
24216.pkl,test
50508.pkl,test
37197.pkl,test
10451.pkl,test
43546.pkl,test
23261.pkl,test
18768.pkl,test
36993.pkl,test
10389.pkl,test
50992.pkl,test
31665.pkl,test
5711.pkl,test
9398.pkl,test
21240.pkl,test
37806.pkl,test
39859.pkl,test
14796.pkl,test
15757.pkl,test
36227.pkl,test
48689.pkl,test
3691.pkl,test
51025.pkl,test
51558.pkl,test
17253.pkl,test
49622.pkl,test
15457.pkl,test
48039.pkl,test
9558.pkl,test
20738.pkl,test
30090.pkl,test
38980.pkl,test
56532.pkl,test
31217.pkl,test
51961.pkl,test
28142.pkl,test
6783.pkl,test
37651.pkl,test
18246.pkl,test
4492.pkl,test
15196.pkl,test
18540.pkl,test
41241.pkl,test
23879.pkl,test
39783.pkl,test
23082.pkl,test
46778.pkl,test
16190.pkl,test
22807.pkl,test
56181.pkl,test
32287.pkl,test
13167.pkl,test
34267.pkl,test
3192.pkl,test
3690.pkl,test
22509.pkl,test
55749.pkl,test
2719.pkl,test
14321.pkl,test
43791.pkl,test
31253.pkl,test
43961.pkl,test
9919.pkl,test
38524.pkl,test
7149.pkl,test
13490.pkl,test
36574.pkl,test
49812.pkl,test
52371.pkl,test
18338.pkl,test
36919.pkl,test
51144.pkl,test
2988.pkl,test
43845.pkl,test
56964.pkl,test
48367.pkl,test
25595.pkl,test
38726.pkl,test
13514.pkl,test
16887.pkl,test
1707.pkl,test
24398.pkl,test
44141.pkl,test
1528.pkl,test
17994.pkl,test
42798.pkl,test
53038.pkl,test
51319.pkl,test
4610.pkl,test
17867.pkl,test
34476.pkl,test
21428.pkl,test
20557.pkl,test
47604.pkl,test
32553.pkl,test
9897.pkl,test
33824.pkl,test
56174.pkl,test
4549.pkl,test
49420.pkl,test
24879.pkl,test
41330.pkl,test
4395.pkl,test
1913.pkl,test
19006.pkl,test
56263.pkl,test
44654.pkl,test
18034.pkl,test
6108.pkl,test
11924.pkl,test
40416.pkl,test
13345.pkl,test
30362.pkl,test
38768.pkl,test
45283.pkl,test
8327.pkl,test
42631.pkl,test
38632.pkl,test
47778.pkl,test
15532.pkl,test
42549.pkl,test
23843.pkl,test
42667.pkl,test
53709.pkl,test
386.pkl,test
30639.pkl,test
38445.pkl,test
22217.pkl,test
25433.pkl,test
6899.pkl,test
20952.pkl,test
10556.pkl,test
23039.pkl,test
13881.pkl,test
26405.pkl,test
50078.pkl,test
50175.pkl,test
42331.pkl,test
6630.pkl,test
49308.pkl,test
54559.pkl,test
10343.pkl,test
13038.pkl,test
9830.pkl,test
10814.pkl,test
53243.pkl,test
21906.pkl,test
42360.pkl,test
2051.pkl,test
3697.pkl,test
26950.pkl,test
13751.pkl,test
21709.pkl,test
56452.pkl,test
30670.pkl,test
32790.pkl,test
3966.pkl,test
17445.pkl,test
23151.pkl,test
12048.pkl,test
53505.pkl,test
38126.pkl,test
40227.pkl,test
9894.pkl,test
47503.pkl,test
17202.pkl,test
33840.pkl,test
53104.pkl,test
6332.pkl,test
49718.pkl,test
1294.pkl,test
49276.pkl,test
48145.pkl,test
16602.pkl,test
37867.pkl,test
23041.pkl,test
9505.pkl,test
26213.pkl,test
21607.pkl,test
5782.pkl,test
15738.pkl,test
56449.pkl,test
52428.pkl,test
7801.pkl,test
14287.pkl,test
32273.pkl,test
38866.pkl,test
14930.pkl,test
31796.pkl,test
51658.pkl,test
15680.pkl,test
2096.pkl,test
54147.pkl,test
21043.pkl,test
50046.pkl,test
24179.pkl,test
12995.pkl,test
28289.pkl,test
17271.pkl,test
21751.pkl,test
786.pkl,test
48105.pkl,test
23611.pkl,test
46696.pkl,test
35803.pkl,test
35093.pkl,test
31774.pkl,test
17730.pkl,test
522.pkl,test
32193.pkl,test
35724.pkl,test
45248.pkl,test
19780.pkl,test
35794.pkl,test
13800.pkl,test
21560.pkl,test
27597.pkl,test
8585.pkl,test
14666.pkl,test
42068.pkl,test
45549.pkl,test
10820.pkl,test
13941.pkl,test
6478.pkl,test
29779.pkl,test
35983.pkl,test
27713.pkl,test
12732.pkl,test
7553.pkl,test
7938.pkl,test
51287.pkl,test
45208.pkl,test
32864.pkl,test
30299.pkl,test
9077.pkl,test
50838.pkl,test
37707.pkl,test
43829.pkl,test
36660.pkl,test
44246.pkl,test
43474.pkl,test
9119.pkl,test
3119.pkl,test
53599.pkl,test
24642.pkl,test
12326.pkl,test
32571.pkl,test
6329.pkl,test
53470.pkl,test
28601.pkl,test
5925.pkl,test
21442.pkl,test
1295.pkl,test
44100.pkl,test
13114.pkl,test
47361.pkl,test
33794.pkl,test
30749.pkl,test
49205.pkl,test
54012.pkl,test
12131.pkl,test
48060.pkl,test
52791.pkl,test
52585.pkl,test
1504.pkl,test
50029.pkl,test
31625.pkl,test
20537.pkl,test
24841.pkl,test
22358.pkl,test
54068.pkl,test
45519.pkl,test
51275.pkl,test
25957.pkl,test
14040.pkl,test
34289.pkl,test
40646.pkl,test
1579.pkl,test
55961.pkl,test
6565.pkl,test
53277.pkl,test
51220.pkl,test
18360.pkl,test
18528.pkl,test
56711.pkl,test
51569.pkl,test
30329.pkl,test
18779.pkl,test
3883.pkl,test
19533.pkl,test
1062.pkl,test
9229.pkl,test
35189.pkl,test
36519.pkl,test
9380.pkl,test
20266.pkl,test
19249.pkl,test
7049.pkl,test
32774.pkl,test
32279.pkl,test
48452.pkl,test
20941.pkl,test
12632.pkl,test
12604.pkl,test
47733.pkl,test
19122.pkl,test
46361.pkl,test
4065.pkl,test
15140.pkl,test
14238.pkl,test
12060.pkl,test
39389.pkl,test
19814.pkl,test
38241.pkl,test
54450.pkl,test
1463.pkl,test
42169.pkl,test
22156.pkl,test
2826.pkl,test
40973.pkl,test
22000.pkl,test
50011.pkl,test
22204.pkl,test
39434.pkl,test
23764.pkl,test
52809.pkl,test
50399.pkl,test
22980.pkl,test
44127.pkl,test
47510.pkl,test
53651.pkl,test
5839.pkl,test
11685.pkl,test
3803.pkl,test
56549.pkl,test
54703.pkl,test
55802.pkl,test
21900.pkl,test
51009.pkl,test
24244.pkl,test
42318.pkl,test
46404.pkl,test
31083.pkl,test
31674.pkl,test
55840.pkl,test
41349.pkl,test
15955.pkl,test
37918.pkl,test
11382.pkl,test
37366.pkl,test
47258.pkl,test
21579.pkl,test
15077.pkl,test
53913.pkl,test
45739.pkl,test
49180.pkl,test
54031.pkl,test
9716.pkl,test
44570.pkl,test
12459.pkl,test
23155.pkl,test
37600.pkl,test
7379.pkl,test
11428.pkl,test
45448.pkl,test
44685.pkl,test
43404.pkl,test
37602.pkl,test
25092.pkl,test
50540.pkl,test
55294.pkl,test
21475.pkl,test
47457.pkl,test
51337.pkl,test
45409.pkl,test
21170.pkl,test
12419.pkl,test
36068.pkl,test
41757.pkl,test
39046.pkl,test
54026.pkl,test
22775.pkl,test
49169.pkl,test
50591.pkl,test
55147.pkl,test
8295.pkl,test
29743.pkl,test
24106.pkl,test
13511.pkl,test
17676.pkl,test
47053.pkl,test
52981.pkl,test
32554.pkl,test
42709.pkl,test
20349.pkl,test
51134.pkl,test
2445.pkl,test
24470.pkl,test
3445.pkl,test
29029.pkl,test
30976.pkl,test
36904.pkl,test
24601.pkl,test
30012.pkl,test
49713.pkl,test
15350.pkl,test
24355.pkl,test
8365.pkl,test
32786.pkl,test
8344.pkl,test
37111.pkl,test
41472.pkl,test
39152.pkl,test
35784.pkl,test
296.pkl,test
12641.pkl,test
26605.pkl,test
36301.pkl,test
29757.pkl,test
24249.pkl,test
17562.pkl,test
22912.pkl,test
49406.pkl,test
29762.pkl,test
16873.pkl,test
5554.pkl,test
15169.pkl,test
36687.pkl,test
8426.pkl,test
6709.pkl,test
18108.pkl,test
49361.pkl,test
18366.pkl,test
27908.pkl,test
44788.pkl,test
2803.pkl,test
56913.pkl,test
6403.pkl,test
39099.pkl,test
53212.pkl,test
5935.pkl,test
16350.pkl,test
48699.pkl,test
6017.pkl,test
10872.pkl,test
7146.pkl,test
52555.pkl,test
36131.pkl,test
11076.pkl,test
37034.pkl,test
39462.pkl,test
42529.pkl,test
14926.pkl,test
20669.pkl,test
30481.pkl,test
29629.pkl,test
23485.pkl,test
8229.pkl,test
41787.pkl,test
24364.pkl,test
55330.pkl,test
30612.pkl,test
37563.pkl,test
55306.pkl,test
34964.pkl,test
28003.pkl,test
33286.pkl,test
31041.pkl,test
15433.pkl,test
35941.pkl,test
18244.pkl,test
9115.pkl,test
5851.pkl,test
21041.pkl,test
43634.pkl,test
33772.pkl,test
53424.pkl,test
4098.pkl,test
44993.pkl,test
54537.pkl,test
47327.pkl,test
19920.pkl,test
28327.pkl,test
30692.pkl,test
5716.pkl,test
40799.pkl,test
21770.pkl,test
30716.pkl,test
16661.pkl,test
24305.pkl,test
52830.pkl,test
3944.pkl,test
29604.pkl,test
42594.pkl,test
22885.pkl,test
7373.pkl,test
47107.pkl,test
55542.pkl,test
12123.pkl,test
23999.pkl,test
52324.pkl,test
54965.pkl,test
43862.pkl,test
54838.pkl,test
54260.pkl,test
3509.pkl,test
27513.pkl,test
20045.pkl,test
12460.pkl,test
33439.pkl,test
46362.pkl,test
19127.pkl,test
54089.pkl,test
682.pkl,test
36595.pkl,test
1490.pkl,test
8527.pkl,test
44863.pkl,test
39128.pkl,test
26078.pkl,test
49963.pkl,test
53056.pkl,test
1525.pkl,test
41676.pkl,test
56773.pkl,test
56431.pkl,test
46456.pkl,test
37454.pkl,test
42255.pkl,test
11468.pkl,test
4836.pkl,test
13005.pkl,test
39290.pkl,test
24701.pkl,test
23636.pkl,test
39690.pkl,test
16515.pkl,test
23588.pkl,test
48730.pkl,test
41835.pkl,test
45513.pkl,test
21854.pkl,test
10495.pkl,test
52620.pkl,test
10127.pkl,test
33565.pkl,test
20453.pkl,test
42162.pkl,test
50579.pkl,test
22730.pkl,test
3151.pkl,test
21993.pkl,test
21148.pkl,test
39556.pkl,test
25923.pkl,test
21026.pkl,test
30903.pkl,test
28514.pkl,test
41115.pkl,test
38112.pkl,test
19472.pkl,test
11880.pkl,test
36053.pkl,test
32747.pkl,test
28547.pkl,test
5715.pkl,test
2883.pkl,test
20090.pkl,test
38181.pkl,test
13336.pkl,test
25792.pkl,test
56401.pkl,test
37173.pkl,test
48467.pkl,test
18272.pkl,test
48451.pkl,test
30997.pkl,test
48774.pkl,test
33902.pkl,test
4859.pkl,test
24964.pkl,test
46873.pkl,test
16020.pkl,test
36316.pkl,test
25063.pkl,test
41147.pkl,test
40910.pkl,test
1757.pkl,test
19429.pkl,test
39795.pkl,test
13121.pkl,test
25161.pkl,test
51792.pkl,test
31715.pkl,test
8035.pkl,test
15059.pkl,test
30313.pkl,test
45314.pkl,test
42924.pkl,test
49681.pkl,test
25801.pkl,test
6855.pkl,test
53974.pkl,test
20617.pkl,test
23066.pkl,test
34105.pkl,test
35116.pkl,test
55534.pkl,test
31855.pkl,test
41405.pkl,test
11285.pkl,test
37506.pkl,test
5900.pkl,test
4748.pkl,test
42031.pkl,test
2215.pkl,test
825.pkl,test
19185.pkl,test
17929.pkl,test
33338.pkl,test
53359.pkl,test
21860.pkl,test
18565.pkl,test
53097.pkl,test
35402.pkl,test
25805.pkl,test
31811.pkl,test
48401.pkl,test
6905.pkl,test
32697.pkl,test
12066.pkl,test
55148.pkl,test
3368.pkl,test
19947.pkl,test
47872.pkl,test
22303.pkl,test
56521.pkl,test
19267.pkl,test
20794.pkl,test
892.pkl,test
45475.pkl,test
5119.pkl,test
9847.pkl,test
27619.pkl,test
43748.pkl,test
41594.pkl,test
30366.pkl,test
28479.pkl,test
48478.pkl,test
16739.pkl,test
2316.pkl,test
8979.pkl,test
13136.pkl,test
45594.pkl,test
1600.pkl,test
41733.pkl,test
20847.pkl,test
42463.pkl,test
195.pkl,test
7061.pkl,test
4431.pkl,test
42177.pkl,test
12242.pkl,test
56199.pkl,test
2430.pkl,test
31626.pkl,test
11032.pkl,test
31652.pkl,test
41425.pkl,test
8895.pkl,test
1873.pkl,test
22877.pkl,test
15813.pkl,test
39406.pkl,test
5990.pkl,test
11307.pkl,test
135.pkl,test
3426.pkl,test
33188.pkl,test
49726.pkl,test
52006.pkl,test
9028.pkl,test
43189.pkl,test
32663.pkl,test
7554.pkl,test
7008.pkl,test
51701.pkl,test
19294.pkl,test
17882.pkl,test
52287.pkl,test
3210.pkl,test
12771.pkl,test
15041.pkl,test
26550.pkl,test
51768.pkl,test
27335.pkl,test
8545.pkl,test
37.pkl,test
21611.pkl,test
11794.pkl,test
39404.pkl,test
1152.pkl,test
26494.pkl,test
5631.pkl,test
34206.pkl,test
56787.pkl,test
27382.pkl,test
18063.pkl,test
630.pkl,test
47634.pkl,test
1644.pkl,test
17169.pkl,test
118.pkl,test
44652.pkl,test
44560.pkl,test
15879.pkl,test
42199.pkl,test
28330.pkl,test
29360.pkl,test
24213.pkl,test
14133.pkl,test
47950.pkl,test
47094.pkl,test
31152.pkl,test
32664.pkl,test
29595.pkl,test
33553.pkl,test
52803.pkl,test
12333.pkl,test
9846.pkl,test
35904.pkl,test
11818.pkl,test
35961.pkl,test
48440.pkl,test
35644.pkl,test
7427.pkl,test
9150.pkl,test
51378.pkl,test
37962.pkl,test
32092.pkl,test
25942.pkl,test
23233.pkl,test
3233.pkl,test
4981.pkl,test
43066.pkl,test
33942.pkl,test
24366.pkl,test
40666.pkl,test
14057.pkl,test
20331.pkl,test
36177.pkl,test
48566.pkl,test
7456.pkl,test
37391.pkl,test
13798.pkl,test
17652.pkl,test
21637.pkl,test
21603.pkl,test
49389.pkl,test
24210.pkl,test
39141.pkl,test
51538.pkl,test
53610.pkl,test
46984.pkl,test
34603.pkl,test
35943.pkl,test
4918.pkl,test
27117.pkl,test
17959.pkl,test
24939.pkl,test
23529.pkl,test
11700.pkl,test
16568.pkl,test
13784.pkl,test
23971.pkl,test
11712.pkl,test
9578.pkl,test
35105.pkl,test
21040.pkl,test
56574.pkl,test
6946.pkl,test
48102.pkl,test
18805.pkl,test
17953.pkl,test
5742.pkl,test
34868.pkl,test
24340.pkl,test
13308.pkl,test
1185.pkl,test
34025.pkl,test
16223.pkl,test
10522.pkl,test
34361.pkl,test
32688.pkl,test
25426.pkl,test
55907.pkl,test
6679.pkl,test
2189.pkl,test
46912.pkl,test
25870.pkl,test
49136.pkl,test
6731.pkl,test
40432.pkl,test
26613.pkl,test
2067.pkl,test
49142.pkl,test
14893.pkl,test
48471.pkl,test
50984.pkl,test
3694.pkl,test
9183.pkl,test
18681.pkl,test
23837.pkl,test
9835.pkl,test
40508.pkl,test
17209.pkl,test
50297.pkl,test
50027.pkl,test
28724.pkl,test
52421.pkl,test
48059.pkl,test
46559.pkl,test
142.pkl,test
16782.pkl,test
40342.pkl,test
33300.pkl,test
5490.pkl,test
21314.pkl,test
49076.pkl,test
23432.pkl,test
26922.pkl,test
18782.pkl,test
12990.pkl,test
53791.pkl,test
35832.pkl,test
46541.pkl,test
9068.pkl,test
43314.pkl,test
49848.pkl,test
43101.pkl,test
34388.pkl,test
12877.pkl,test
18902.pkl,test
38652.pkl,test
27845.pkl,test
40037.pkl,test
52784.pkl,test
8598.pkl,test
17682.pkl,test
16900.pkl,test
2747.pkl,test
9120.pkl,test
8300.pkl,test
26603.pkl,test
8136.pkl,test
23503.pkl,test
38389.pkl,test
42263.pkl,test
35317.pkl,test
15090.pkl,test
28799.pkl,test
11732.pkl,test
12607.pkl,test
16269.pkl,test
16498.pkl,test
45502.pkl,test
24756.pkl,test
40519.pkl,test
14457.pkl,test
38153.pkl,test
35383.pkl,test
42147.pkl,test
22485.pkl,test
49187.pkl,test
46892.pkl,test
28904.pkl,test
14403.pkl,test
126.pkl,test
8592.pkl,test
5271.pkl,test
56279.pkl,test
50153.pkl,test
20878.pkl,test
16216.pkl,test
19368.pkl,test
7468.pkl,test
30102.pkl,test
52920.pkl,test
43515.pkl,test
14821.pkl,test
14226.pkl,test
48116.pkl,test
49702.pkl,test
49471.pkl,test
26686.pkl,test
36551.pkl,test
9248.pkl,test
45608.pkl,test
36143.pkl,test
3622.pkl,test
15544.pkl,test
28867.pkl,test
9049.pkl,test
54928.pkl,test
23595.pkl,test
3038.pkl,test
37281.pkl,test
33719.pkl,test
52503.pkl,test
12316.pkl,test
37765.pkl,test
5532.pkl,test
8491.pkl,test
1362.pkl,test
48568.pkl,test
53804.pkl,test
2355.pkl,test
27571.pkl,test
40787.pkl,test
9017.pkl,test
18496.pkl,test
46326.pkl,test
55346.pkl,test
45114.pkl,test
17686.pkl,test
28468.pkl,test
34587.pkl,test
52853.pkl,test
27552.pkl,test
34385.pkl,test
50665.pkl,test
17628.pkl,test
22481.pkl,test
2880.pkl,test
28915.pkl,test
46483.pkl,test
49025.pkl,test
22195.pkl,test
2990.pkl,test
54403.pkl,test
1530.pkl,test
25386.pkl,test
31348.pkl,test
24623.pkl,test
47216.pkl,test
2728.pkl,test
10510.pkl,test
36866.pkl,test
25413.pkl,test
1805.pkl,test
42115.pkl,test
8795.pkl,test
38735.pkl,test
53344.pkl,test
32079.pkl,test
16433.pkl,test
44313.pkl,test
52213.pkl,test
39289.pkl,test
21550.pkl,test
53034.pkl,test
49299.pkl,test
6857.pkl,test
43435.pkl,test
22924.pkl,test
53730.pkl,test
7923.pkl,test
26350.pkl,test
37973.pkl,test
50237.pkl,test
24704.pkl,test
18202.pkl,test
5821.pkl,test
38889.pkl,test
56797.pkl,test
26960.pkl,test
3071.pkl,test
54344.pkl,test
40822.pkl,test
44763.pkl,test
8478.pkl,test
4403.pkl,test
37615.pkl,test
7365.pkl,test
39271.pkl,test
14575.pkl,test
48623.pkl,test
11304.pkl,test
56023.pkl,test
34152.pkl,test
23096.pkl,test
53271.pkl,test
13031.pkl,test
49855.pkl,test
22910.pkl,test
7346.pkl,test
6564.pkl,test
23573.pkl,test
14055.pkl,test
51898.pkl,test
29264.pkl,test
44269.pkl,test
16542.pkl,test
11509.pkl,test
14343.pkl,test
32630.pkl,test
25268.pkl,test
45406.pkl,test
56098.pkl,test
20699.pkl,test
14611.pkl,test
32101.pkl,test
32281.pkl,test
35548.pkl,test
40378.pkl,test
877.pkl,test
10447.pkl,test
50494.pkl,test
26024.pkl,test
44489.pkl,test
15371.pkl,test
18282.pkl,test
49226.pkl,test
10587.pkl,test
52049.pkl,test
20422.pkl,test
7458.pkl,test
29072.pkl,test
15446.pkl,test
5656.pkl,test
28689.pkl,test
12077.pkl,test
8731.pkl,test
25220.pkl,test
33055.pkl,test
6194.pkl,test
27375.pkl,test
14090.pkl,test
39083.pkl,test
56264.pkl,test
32510.pkl,test
49097.pkl,test
46587.pkl,test
40958.pkl,test
4867.pkl,test
39602.pkl,test
29524.pkl,test
28988.pkl,test
3585.pkl,test
43723.pkl,test
43963.pkl,test
39685.pkl,test
39320.pkl,test
37607.pkl,test
9541.pkl,test
46757.pkl,test
33217.pkl,test
9812.pkl,test
32717.pkl,test
39220.pkl,test
18076.pkl,test
39629.pkl,test
1576.pkl,test
37554.pkl,test
52859.pkl,test
45620.pkl,test
16382.pkl,test
35493.pkl,test
30075.pkl,test
51344.pkl,test
32613.pkl,test
9036.pkl,test
48044.pkl,test
14641.pkl,test
15119.pkl,test
21610.pkl,test
5029.pkl,test
45637.pkl,test
18927.pkl,test
1256.pkl,test
21321.pkl,test
22071.pkl,test
19664.pkl,test
38785.pkl,test
3373.pkl,test
9777.pkl,test
6990.pkl,test
25872.pkl,test
51748.pkl,test
17142.pkl,test
24267.pkl,test
47781.pkl,test
45244.pkl,test
51060.pkl,test
43458.pkl,test
35720.pkl,test
32249.pkl,test
40884.pkl,test
33518.pkl,test
44061.pkl,test
17901.pkl,test
14690.pkl,test
44799.pkl,test
10948.pkl,test
6590.pkl,test
2516.pkl,test
54832.pkl,test
38746.pkl,test
821.pkl,test
12335.pkl,test
33368.pkl,test
16777.pkl,test
4957.pkl,test
13791.pkl,test
56378.pkl,test
29530.pkl,test
52688.pkl,test
53036.pkl,test
24163.pkl,test
49368.pkl,test
16045.pkl,test
52582.pkl,test
22399.pkl,test
50130.pkl,test
52894.pkl,test
24819.pkl,test
38420.pkl,test
21215.pkl,test
19270.pkl,test
1865.pkl,test
14130.pkl,test
37562.pkl,test
43538.pkl,test
3639.pkl,test
12664.pkl,test
53466.pkl,test
32205.pkl,test
1422.pkl,test
56103.pkl,test
47564.pkl,test
4650.pkl,test
48608.pkl,test
50823.pkl,test
14697.pkl,test
40593.pkl,test
20294.pkl,test
19504.pkl,test
19524.pkl,test
31828.pkl,test
16050.pkl,test
47568.pkl,test
24418.pkl,test
53096.pkl,test
56481.pkl,test
41144.pkl,test
1153.pkl,test
6002.pkl,test
55080.pkl,test
29715.pkl,test
49009.pkl,test
16221.pkl,test
22704.pkl,test
3468.pkl,test
29268.pkl,test
20338.pkl,test
19946.pkl,test
43247.pkl,test
39317.pkl,test
15049.pkl,test
20852.pkl,test
46868.pkl,test
34056.pkl,test
2892.pkl,test
27424.pkl,test
6759.pkl,test
7386.pkl,test
16118.pkl,test
46278.pkl,test
19186.pkl,test
52376.pkl,test
22472.pkl,test
32466.pkl,test
13698.pkl,test
47152.pkl,test
30340.pkl,test
24111.pkl,test
764.pkl,test
45763.pkl,test
13460.pkl,test
34815.pkl,test
5232.pkl,test
4903.pkl,test
2488.pkl,test
49580.pkl,test
43977.pkl,test
43928.pkl,test
21361.pkl,test
13778.pkl,test
35998.pkl,test
51779.pkl,test
51047.pkl,test
27022.pkl,test
4923.pkl,test
20370.pkl,test
43306.pkl,test
23195.pkl,test
40845.pkl,test
8453.pkl,test
43852.pkl,test
23342.pkl,test
39839.pkl,test
47278.pkl,test
21290.pkl,test
31159.pkl,test
25261.pkl,test
13179.pkl,test
1473.pkl,test
50539.pkl,test
21126.pkl,test
45967.pkl,test
12488.pkl,test
3287.pkl,test
31983.pkl,test
46355.pkl,test
33054.pkl,test
8788.pkl,test
50277.pkl,test
3493.pkl,test
34497.pkl,test
15604.pkl,test
13261.pkl,test
34541.pkl,test
47955.pkl,test
12714.pkl,test
42652.pkl,test
3695.pkl,test
31409.pkl,test
5097.pkl,test
40922.pkl,test
20508.pkl,test
42427.pkl,test
46866.pkl,test
32413.pkl,test
36013.pkl,test
46661.pkl,test
33790.pkl,test
29639.pkl,test
48003.pkl,test
43665.pkl,test
30855.pkl,test
42550.pkl,test
56646.pkl,test
4805.pkl,test
53980.pkl,test
16325.pkl,test
3593.pkl,test
27714.pkl,test
12497.pkl,test
21036.pkl,test
45432.pkl,test
39213.pkl,test
16923.pkl,test
47988.pkl,test
27336.pkl,test
36478.pkl,test
35763.pkl,test
33604.pkl,test
3999.pkl,test
5633.pkl,test
52174.pkl,test
28041.pkl,test
19180.pkl,test
53749.pkl,test
44979.pkl,test
13774.pkl,test
12857.pkl,test
32895.pkl,test
32143.pkl,test
35390.pkl,test
32099.pkl,test
42252.pkl,test
54516.pkl,test
47195.pkl,test
23325.pkl,test
22349.pkl,test
10461.pkl,test
32156.pkl,test
22363.pkl,test
52815.pkl,test
31434.pkl,test
22325.pkl,test
39506.pkl,test
17247.pkl,test
30412.pkl,test
32646.pkl,test
48026.pkl,test
26966.pkl,test
48133.pkl,test
39199.pkl,test
13929.pkl,test
11508.pkl,test
19173.pkl,test
23855.pkl,test
5885.pkl,test
49931.pkl,test
48804.pkl,test
38523.pkl,test
9285.pkl,test
572.pkl,test
13268.pkl,test
27202.pkl,test
44163.pkl,test
26054.pkl,test
9747.pkl,test
12835.pkl,test
3625.pkl,test
32975.pkl,test
23785.pkl,test
19716.pkl,test
7266.pkl,test
50902.pkl,test
9419.pkl,test
54244.pkl,test
56041.pkl,test
32284.pkl,test
22260.pkl,test
23851.pkl,test
13229.pkl,test
53972.pkl,test
54102.pkl,test
32108.pkl,test
31581.pkl,test
24086.pkl,test
22703.pkl,test
40251.pkl,test
40694.pkl,test
25806.pkl,test
33699.pkl,test
14515.pkl,test
11371.pkl,test
36961.pkl,test
49087.pkl,test
31369.pkl,test
18090.pkl,test
27699.pkl,test
49002.pkl,test
1121.pkl,test
49818.pkl,test
41836.pkl,test
27943.pkl,test
19978.pkl,test
48832.pkl,test
36774.pkl,test
6284.pkl,test
36953.pkl,test
39201.pkl,test
35536.pkl,test
52593.pkl,test
205.pkl,test
22329.pkl,test
3676.pkl,test
11410.pkl,test
13712.pkl,test
52706.pkl,test
9336.pkl,test
14045.pkl,test
24215.pkl,test
35016.pkl,test
21301.pkl,test
28811.pkl,test
38088.pkl,test
14330.pkl,test
33689.pkl,test
14639.pkl,test
19872.pkl,test
20609.pkl,test
2756.pkl,test
38710.pkl,test
54811.pkl,test
19477.pkl,test
34957.pkl,test
47615.pkl,test
33186.pkl,test
14381.pkl,test
53893.pkl,test
46373.pkl,test
3833.pkl,test
13487.pkl,test
23773.pkl,test
54709.pkl,test
9878.pkl,test
20888.pkl,test
34677.pkl,test
50889.pkl,test
1666.pkl,test
41446.pkl,test
32557.pkl,test
10140.pkl,test
22938.pkl,test
54826.pkl,test
4118.pkl,test
32336.pkl,test
46875.pkl,test
47172.pkl,test
22874.pkl,test
29477.pkl,test
10566.pkl,test
48000.pkl,test
25981.pkl,test
49701.pkl,test
27114.pkl,test
30344.pkl,test
52664.pkl,test
49254.pkl,test
32214.pkl,test
18367.pkl,test
1657.pkl,test
33797.pkl,test
49727.pkl,test
44451.pkl,test
51933.pkl,test
19221.pkl,test
41075.pkl,test
47907.pkl,test
28937.pkl,test
8283.pkl,test
48732.pkl,test
17473.pkl,test
10970.pkl,test
30122.pkl,test
31497.pkl,test
50800.pkl,test
29140.pkl,test
50176.pkl,test
3582.pkl,test
27314.pkl,test
38763.pkl,test
4128.pkl,test
43601.pkl,test
20028.pkl,test
35449.pkl,test
2347.pkl,test
19537.pkl,test
50767.pkl,test
32118.pkl,test
40997.pkl,test
40701.pkl,test
53833.pkl,test
43736.pkl,test
41608.pkl,test
33017.pkl,test
16571.pkl,test
32693.pkl,test
40862.pkl,test
3056.pkl,test
19197.pkl,test
35064.pkl,test
19994.pkl,test
46675.pkl,test
45882.pkl,test
33428.pkl,test
39347.pkl,test
29965.pkl,test
40635.pkl,test
33561.pkl,test
18612.pkl,test
47288.pkl,test
21406.pkl,test
54298.pkl,test
2150.pkl,test
54025.pkl,test
51253.pkl,test
39427.pkl,test
47186.pkl,test
47643.pkl,test
41560.pkl,test
50177.pkl,test
38706.pkl,test
4686.pkl,test
33066.pkl,test
13957.pkl,test
11546.pkl,test
41116.pkl,test
3278.pkl,test
5309.pkl,test
55682.pkl,test
4712.pkl,test
47558.pkl,test
31714.pkl,test
41634.pkl,test
25408.pkl,test
2311.pkl,test
49998.pkl,test
38774.pkl,test
30083.pkl,test
48081.pkl,test
19551.pkl,test
47566.pkl,test
6215.pkl,test
33141.pkl,test
37137.pkl,test
46546.pkl,test
20421.pkl,test
1416.pkl,test
24489.pkl,test
35924.pkl,test
15264.pkl,test
40120.pkl,test
32752.pkl,test
30470.pkl,test
15785.pkl,test
47785.pkl,test
43733.pkl,test
40768.pkl,test
53780.pkl,test
35540.pkl,test
2785.pkl,test
5314.pkl,test
34200.pkl,test
5206.pkl,test
50518.pkl,test
41776.pkl,test
56704.pkl,test
18469.pkl,test
19104.pkl,test
55862.pkl,test
19225.pkl,test
15526.pkl,test
42781.pkl,test
3677.pkl,test
37022.pkl,test
51150.pkl,test
4139.pkl,test
35286.pkl,test
28991.pkl,test
19380.pkl,test
51510.pkl,test
51963.pkl,test
29377.pkl,test
21299.pkl,test
21718.pkl,test
32065.pkl,test
27096.pkl,test
10862.pkl,test
11824.pkl,test
46344.pkl,test
35433.pkl,test
6118.pkl,test
1086.pkl,test
4211.pkl,test
39946.pkl,test
34755.pkl,test
14192.pkl,test
28914.pkl,test
9384.pkl,test
13948.pkl,test
40373.pkl,test
24850.pkl,test
10723.pkl,test
13556.pkl,test
45224.pkl,test
1445.pkl,test
19067.pkl,test
41097.pkl,test
13904.pkl,test
9225.pkl,test
40471.pkl,test
13547.pkl,test
43147.pkl,test
30062.pkl,test
38118.pkl,test
227.pkl,test
49331.pkl,test
15723.pkl,test
27234.pkl,test
18905.pkl,test
32395.pkl,test
8573.pkl,test
2452.pkl,test
26570.pkl,test
39017.pkl,test
28010.pkl,test
34891.pkl,test
47451.pkl,test
51709.pkl,test
9726.pkl,test
19683.pkl,test
10905.pkl,test
30506.pkl,test
50583.pkl,test
23892.pkl,test
3704.pkl,test
50305.pkl,test
42247.pkl,test
34551.pkl,test
2510.pkl,test
18972.pkl,test
3650.pkl,test
6021.pkl,test
28843.pkl,test
17565.pkl,test
22198.pkl,test
13431.pkl,test
47859.pkl,test
6656.pkl,test
37892.pkl,test
31942.pkl,test
26391.pkl,test
16108.pkl,test
47109.pkl,test
10145.pkl,test
42912.pkl,test
26074.pkl,test
14855.pkl,test
3248.pkl,test
27002.pkl,test
29365.pkl,test
3110.pkl,test
46832.pkl,test
46626.pkl,test
52675.pkl,test
7890.pkl,test
52834.pkl,test
40045.pkl,test
54973.pkl,test
14542.pkl,test
46103.pkl,test
45573.pkl,test
25455.pkl,test
55372.pkl,test
16485.pkl,test
53180.pkl,test
53082.pkl,test
15713.pkl,test
39894.pkl,test
45472.pkl,test
39550.pkl,test
28933.pkl,test
24922.pkl,test
18105.pkl,test
43450.pkl,test
22525.pkl,test
44461.pkl,test
37151.pkl,test
52700.pkl,test
3742.pkl,test
38940.pkl,test
10879.pkl,test
5172.pkl,test
18705.pkl,test
40312.pkl,test
38997.pkl,test
28580.pkl,test
13664.pkl,test
15219.pkl,test
29247.pkl,test
30389.pkl,test
35380.pkl,test
16781.pkl,test
43949.pkl,test
38892.pkl,test
46161.pkl,test
38189.pkl,test
36069.pkl,test
28246.pkl,test
38143.pkl,test
41261.pkl,test
17666.pkl,test
42378.pkl,test
45062.pkl,test
5240.pkl,test
20517.pkl,test
52201.pkl,test
20107.pkl,test
2457.pkl,test
47347.pkl,test
41604.pkl,test
4151.pkl,test
48284.pkl,test
25665.pkl,test
43052.pkl,test
24338.pkl,test
34782.pkl,test
20926.pkl,test
29089.pkl,test
49118.pkl,test
6206.pkl,test
5231.pkl,test
49127.pkl,test
3564.pkl,test
14255.pkl,test
18127.pkl,test
51771.pkl,test
23379.pkl,test
39223.pkl,test
42541.pkl,test
24324.pkl,test
16225.pkl,test
52552.pkl,test
36665.pkl,test
41128.pkl,test
37401.pkl,test
9673.pkl,test
45455.pkl,test
15383.pkl,test
46558.pkl,test
9131.pkl,test
28506.pkl,test
25734.pkl,test
10795.pkl,test
2360.pkl,test
1623.pkl,test
53530.pkl,test
18701.pkl,test
28735.pkl,test
2184.pkl,test
49829.pkl,test
15028.pkl,test
1996.pkl,test
35044.pkl,test
1701.pkl,test
56705.pkl,test
34046.pkl,test
48315.pkl,test
35628.pkl,test
37184.pkl,test
48887.pkl,test
20230.pkl,test
56292.pkl,test
48818.pkl,test
38171.pkl,test
34536.pkl,test
9542.pkl,test
27976.pkl,test
8025.pkl,test
54148.pkl,test
4106.pkl,test
24349.pkl,test
40813.pkl,test
10826.pkl,test
8728.pkl,test
8280.pkl,test
30045.pkl,test
23627.pkl,test
13634.pkl,test
7183.pkl,test
706.pkl,test
8032.pkl,test
3188.pkl,test
28344.pkl,test
49561.pkl,test
51054.pkl,test
25098.pkl,test
20387.pkl,test
21095.pkl,test
19934.pkl,test
13799.pkl,test
32403.pkl,test
49805.pkl,test
577.pkl,test
48941.pkl,test
34806.pkl,test
21140.pkl,test
642.pkl,test
54755.pkl,test
34455.pkl,test
14558.pkl,test
11727.pkl,test
15437.pkl,test
16133.pkl,test
38939.pkl,test
12430.pkl,test
39255.pkl,test
56552.pkl,test
12479.pkl,test
24851.pkl,test
14599.pkl,test
32641.pkl,test
7659.pkl,test
17745.pkl,test
43139.pkl,test
56247.pkl,test
27423.pkl,test
55983.pkl,test
48762.pkl,test
28930.pkl,test
2597.pkl,test
45604.pkl,test
52228.pkl,test
14605.pkl,test
18153.pkl,test
3783.pkl,test
45096.pkl,test
43900.pkl,test
29419.pkl,test
52454.pkl,test
1469.pkl,test
7487.pkl,test
49778.pkl,test
6447.pkl,test
16256.pkl,test
7309.pkl,test
55007.pkl,test
12433.pkl,test
24078.pkl,test
7895.pkl,test
54531.pkl,test
6548.pkl,test
36885.pkl,test
54751.pkl,test
3559.pkl,test
44267.pkl,test
35015.pkl,test
6965.pkl,test
19881.pkl,test
34382.pkl,test
17948.pkl,test
21676.pkl,test
6418.pkl,test
25004.pkl,test
28673.pkl,test
3836.pkl,test
7364.pkl,test
54782.pkl,test
43289.pkl,test
18784.pkl,test
2789.pkl,test
22013.pkl,test
23324.pkl,test
51351.pkl,test
53111.pkl,test
53866.pkl,test
10978.pkl,test
35106.pkl,test
23021.pkl,test
42303.pkl,test
25136.pkl,test
982.pkl,test
21018.pkl,test
54395.pkl,test
50887.pkl,test
43947.pkl,test
39548.pkl,test
20344.pkl,test
47149.pkl,test
21723.pkl,test
1046.pkl,test
18871.pkl,test
11038.pkl,test
38919.pkl,test
41557.pkl,test
45669.pkl,test
39845.pkl,test
1809.pkl,test
4838.pkl,test
32481.pkl,test
9319.pkl,test
15013.pkl,test
34979.pkl,test
15763.pkl,test
40613.pkl,test
55818.pkl,test
27259.pkl,test
44893.pkl,test
30609.pkl,test
32909.pkl,test
11978.pkl,test
21209.pkl,test
6052.pkl,test
28969.pkl,test
42474.pkl,test
40691.pkl,test
28347.pkl,test
10228.pkl,test
13542.pkl,test
39897.pkl,test
52785.pkl,test
13612.pkl,test
46381.pkl,test
6636.pkl,test
54949.pkl,test
50544.pkl,test
44140.pkl,test
11004.pkl,test
13757.pkl,test
40800.pkl,test
11102.pkl,test
54493.pkl,test
34295.pkl,test
14493.pkl,test
17514.pkl,test
11595.pkl,test
39751.pkl,test
53070.pkl,test
3515.pkl,test
28036.pkl,test
6491.pkl,test
49581.pkl,test
28442.pkl,test
53340.pkl,test
32674.pkl,test
24595.pkl,test
32011.pkl,test
11488.pkl,test
12804.pkl,test
20272.pkl,test
40478.pkl,test
52122.pkl,test
9702.pkl,test
51484.pkl,test
40788.pkl,test
11553.pkl,test
29600.pkl,test
50585.pkl,test
51850.pkl,test
27752.pkl,test
37584.pkl,test
32519.pkl,test
51996.pkl,test
551.pkl,test
3036.pkl,test
29234.pkl,test
14793.pkl,test
5261.pkl,test
33336.pkl,test
33059.pkl,test
41943.pkl,test
12920.pkl,test
21593.pkl,test
53250.pkl,test
3670.pkl,test
47059.pkl,test
39594.pkl,test
20060.pkl,test
50423.pkl,test
54900.pkl,test
30933.pkl,test
36929.pkl,test
31061.pkl,test
23390.pkl,test
23157.pkl,test
36092.pkl,test
8436.pkl,test
50007.pkl,test
19043.pkl,test
21103.pkl,test
32567.pkl,test
104.pkl,test
55027.pkl,test
54592.pkl,test
12899.pkl,test
6862.pkl,test
1372.pkl,test
13043.pkl,test
5934.pkl,test
26421.pkl,test
47055.pkl,test
25401.pkl,test
44112.pkl,test
53499.pkl,test
2974.pkl,test
8544.pkl,test
30827.pkl,test
46529.pkl,test
29213.pkl,test
18940.pkl,test
5686.pkl,test
1413.pkl,test
37528.pkl,test
10716.pkl,test
31880.pkl,test
7909.pkl,test
30465.pkl,test
52472.pkl,test
34250.pkl,test
28770.pkl,test
23912.pkl,test
37961.pkl,test
29688.pkl,test
42839.pkl,test
48300.pkl,test
56125.pkl,test
50586.pkl,test
1019.pkl,test
27177.pkl,test
17566.pkl,test
42833.pkl,test
14210.pkl,test
46259.pkl,test
38880.pkl,test
36543.pkl,test
15331.pkl,test
29863.pkl,test
27264.pkl,test
4882.pkl,test
13356.pkl,test
42225.pkl,test
13420.pkl,test
49393.pkl,test
38475.pkl,test
18652.pkl,test
53643.pkl,test
15094.pkl,test
13629.pkl,test
43771.pkl,test
8323.pkl,test
37516.pkl,test
21062.pkl,test
16039.pkl,test
54840.pkl,test
10297.pkl,test
47370.pkl,test
3653.pkl,test
44666.pkl,test
7159.pkl,test
26663.pkl,test
11155.pkl,test
23327.pkl,test
41840.pkl,test
13831.pkl,test
50883.pkl,test
1239.pkl,test
32609.pkl,test
9786.pkl,test
55797.pkl,test
19525.pkl,test
33245.pkl,test
27507.pkl,test
50811.pkl,test
21749.pkl,test
55488.pkl,test
44601.pkl,test
55699.pkl,test
1277.pkl,test
32132.pkl,test
52985.pkl,test
34084.pkl,test
19242.pkl,test
24014.pkl,test
31076.pkl,test
33628.pkl,test
24801.pkl,test
14659.pkl,test
51553.pkl,test
34246.pkl,test
47133.pkl,test
11352.pkl,test
25030.pkl,test
50434.pkl,test
17505.pkl,test
28020.pkl,test
27745.pkl,test
36171.pkl,test
9226.pkl,test
46727.pkl,test
24317.pkl,test
8976.pkl,test
14077.pkl,test
13543.pkl,test
11527.pkl,test
28605.pkl,test
34205.pkl,test
28533.pkl,test
43246.pkl,test
15403.pkl,test
9614.pkl,test
27365.pkl,test
40147.pkl,test
19901.pkl,test
8061.pkl,test
8378.pkl,test
35884.pkl,test
3497.pkl,test
48172.pkl,test
33008.pkl,test
7020.pkl,test
45904.pkl,test
1941.pkl,test
9201.pkl,test
34607.pkl,test
33994.pkl,test
19697.pkl,test
26515.pkl,test
24748.pkl,test
40192.pkl,test
4328.pkl,test
19776.pkl,test
37474.pkl,test
33953.pkl,test
27024.pkl,test
25840.pkl,test
13989.pkl,test
52434.pkl,test
5035.pkl,test
35838.pkl,test
20098.pkl,test
25075.pkl,test
39008.pkl,test
49971.pkl,test
47336.pkl,test
29371.pkl,test
10087.pkl,test
30288.pkl,test
22763.pkl,test
451.pkl,test
23507.pkl,test
2127.pkl,test
40902.pkl,test
29997.pkl,test
6755.pkl,test
17484.pkl,test
34148.pkl,test
50672.pkl,test
30838.pkl,test
13631.pkl,test
19875.pkl,test
50770.pkl,test
53188.pkl,test
20004.pkl,test
19976.pkl,test
31950.pkl,test
41805.pkl,test
49900.pkl,test
43280.pkl,test
19647.pkl,test
43074.pkl,test
56073.pkl,test
184.pkl,test
11593.pkl,test
52825.pkl,test
39076.pkl,test
10112.pkl,test
30942.pkl,test
34853.pkl,test
29716.pkl,test
49015.pkl,test
31865.pkl,test
7996.pkl,test
56751.pkl,test
51115.pkl,test
28870.pkl,test
29201.pkl,test
39388.pkl,test
25848.pkl,test
12638.pkl,test
11066.pkl,test
39173.pkl,test
1980.pkl,test
16748.pkl,test
30551.pkl,test
28233.pkl,test
30240.pkl,test
43883.pkl,test
52870.pkl,test
10815.pkl,test
8809.pkl,test
34328.pkl,test
26904.pkl,test
38243.pkl,test
36924.pkl,test
47798.pkl,test
18493.pkl,test
48007.pkl,test
15044.pkl,test
43594.pkl,test
5076.pkl,test
27938.pkl,test
5792.pkl,test
9431.pkl,test
53838.pkl,test
56471.pkl,test
38599.pkl,test
17313.pkl,test
38232.pkl,test
20038.pkl,test
52079.pkl,test
44819.pkl,test
4369.pkl,test
2664.pkl,test
45494.pkl,test
39040.pkl,test
45147.pkl,test
1992.pkl,test
2682.pkl,test
16210.pkl,test
36085.pkl,test
55085.pkl,test
35407.pkl,test
5077.pkl,test
6236.pkl,test
11265.pkl,test
39687.pkl,test
55162.pkl,test
4636.pkl,test
29129.pkl,test
17622.pkl,test
8748.pkl,test
16649.pkl,test
32850.pkl,test
24378.pkl,test
21267.pkl,test
6552.pkl,test
55644.pkl,test
7751.pkl,test
36399.pkl,test
42028.pkl,test
27203.pkl,test
19791.pkl,test
28633.pkl,test
18641.pkl,test
17834.pkl,test
35213.pkl,test
56929.pkl,test
5005.pkl,test
47856.pkl,test
55858.pkl,test
17390.pkl,test
20591.pkl,test
55548.pkl,test
12426.pkl,test
46505.pkl,test
47211.pkl,test
35427.pkl,test
48761.pkl,test
55121.pkl,test
13218.pkl,test
27682.pkl,test
51374.pkl,test
28299.pkl,test
26042.pkl,test
25580.pkl,test
14426.pkl,test
40964.pkl,test
46330.pkl,test
21606.pkl,test
40873.pkl,test
7409.pkl,test
6145.pkl,test
11292.pkl,test
16347.pkl,test
30773.pkl,test
46758.pkl,test
41717.pkl,test
7872.pkl,test
45322.pkl,test
19449.pkl,test
28439.pkl,test
7694.pkl,test
56496.pkl,test
55966.pkl,test
56293.pkl,test
25335.pkl,test
54458.pkl,test
4030.pkl,test
9931.pkl,test
19583.pkl,test
40026.pkl,test
23859.pkl,test
18931.pkl,test
28254.pkl,test
39298.pkl,test
5699.pkl,test
41982.pkl,test
43198.pkl,test
3859.pkl,test
49949.pkl,test
47822.pkl,test
45146.pkl,test
11814.pkl,test
11239.pkl,test
35801.pkl,test
6467.pkl,test
30602.pkl,test
56468.pkl,test
52974.pkl,test
23616.pkl,test
2368.pkl,test
15770.pkl,test
19782.pkl,test
19328.pkl,test
13976.pkl,test
9168.pkl,test
53523.pkl,test
22060.pkl,test
24389.pkl,test
43231.pkl,test
9436.pkl,test
45616.pkl,test
25495.pkl,test
49274.pkl,test
33796.pkl,test
30939.pkl,test
24360.pkl,test
47355.pkl,test
34226.pkl,test
49695.pkl,test
38391.pkl,test
1904.pkl,test
34386.pkl,test
16919.pkl,test
34124.pkl,test
23286.pkl,test
54007.pkl,test
29884.pkl,test
46074.pkl,test
46102.pkl,test
42974.pkl,test
51404.pkl,test
22722.pkl,test
15230.pkl,test
23212.pkl,test
19655.pkl,test
12194.pkl,test
19871.pkl,test
1766.pkl,test
4322.pkl,test
46270.pkl,test
53033.pkl,test
32556.pkl,test
54955.pkl,test
916.pkl,test
14376.pkl,test
45478.pkl,test
50841.pkl,test
43838.pkl,test
32076.pkl,test
9950.pkl,test
5435.pkl,test
51262.pkl,test
35364.pkl,test
1177.pkl,test
16636.pkl,test
19414.pkl,test
15994.pkl,test
11246.pkl,test
13981.pkl,test
2820.pkl,test
53845.pkl,test
409.pkl,test
13557.pkl,test
15192.pkl,test
10614.pkl,test
53020.pkl,test
7398.pkl,test
42544.pkl,test
1822.pkl,test
35925.pkl,test
36303.pkl,test
51056.pkl,test
33502.pkl,test
11413.pkl,test
37131.pkl,test
52748.pkl,test
16299.pkl,test
29250.pkl,test
5646.pkl,test
45767.pkl,test
35657.pkl,test
2324.pkl,test
8297.pkl,test
24643.pkl,test
43283.pkl,test
30956.pkl,test
13396.pkl,test
30251.pkl,test
12451.pkl,test
37894.pkl,test
39436.pkl,test
5509.pkl,test
30400.pkl,test
35738.pkl,test
46092.pkl,test
21239.pkl,test
8908.pkl,test
1432.pkl,test
53330.pkl,test
27007.pkl,test
30775.pkl,test
8669.pkl,test
30401.pkl,test
47977.pkl,test
52230.pkl,test
22666.pkl,test
6499.pkl,test
44867.pkl,test
15440.pkl,test
13301.pkl,test
15469.pkl,test
25614.pkl,test
8547.pkl,test
53803.pkl,test
2406.pkl,test
3467.pkl,test
34323.pkl,test
40242.pkl,test
14000.pkl,test
52278.pkl,test
30887.pkl,test
39930.pkl,test
47998.pkl,test
1487.pkl,test
6437.pkl,test
52630.pkl,test
51076.pkl,test
16895.pkl,test
41862.pkl,test
39879.pkl,test
45554.pkl,test
32447.pkl,test
49730.pkl,test
44104.pkl,test
7151.pkl,test
6976.pkl,test
38843.pkl,test
7593.pkl,test
8577.pkl,test
11023.pkl,test
4563.pkl,test
297.pkl,test
19547.pkl,test
13764.pkl,test
17455.pkl,test
33653.pkl,test
25289.pkl,test
34364.pkl,test
29998.pkl,test
50735.pkl,test
46274.pkl,test
37668.pkl,test
10805.pkl,test
24262.pkl,test
15064.pkl,test
45495.pkl,test
17945.pkl,test
11309.pkl,test
30028.pkl,test
55693.pkl,test
7436.pkl,test
5178.pkl,test
3597.pkl,test
26551.pkl,test
20546.pkl,test
855.pkl,test
51951.pkl,test
28478.pkl,test
15148.pkl,test
43931.pkl,test
10154.pkl,test
39194.pkl,test
55214.pkl,test
30359.pkl,test
15693.pkl,test
48638.pkl,test
28386.pkl,test
13890.pkl,test
43380.pkl,test
4421.pkl,test
26992.pkl,test
50871.pkl,test
6221.pkl,test
16502.pkl,test
25698.pkl,test
46165.pkl,test
5335.pkl,test
18407.pkl,test
15505.pkl,test
43177.pkl,test
1310.pkl,test
23606.pkl,test
26402.pkl,test
52420.pkl,test
52650.pkl,test
42810.pkl,test
17471.pkl,test
5795.pkl,test
45106.pkl,test
55806.pkl,test
40038.pkl,test
28842.pkl,test
20893.pkl,test
26431.pkl,test
37065.pkl,test
10802.pkl,test
38417.pkl,test
23392.pkl,test
7904.pkl,test
3624.pkl,test
6673.pkl,test
41868.pkl,test
29305.pkl,test
27753.pkl,test
42570.pkl,test
18594.pkl,test
8773.pkl,test
50995.pkl,test
21774.pkl,test
56108.pkl,test
28537.pkl,test
41631.pkl,test
9426.pkl,test
1233.pkl,test
2738.pkl,test
17572.pkl,test
5759.pkl,test
25047.pkl,test
22943.pkl,test
23532.pkl,test
39022.pkl,test
16797.pkl,test
11898.pkl,test
7608.pkl,test
21574.pkl,test
18198.pkl,test
51517.pkl,test
15228.pkl,test
36912.pkl,test
53011.pkl,test
1864.pkl,test
17635.pkl,test
12102.pkl,test
47174.pkl,test
52385.pkl,test
18320.pkl,test
35492.pkl,test
32854.pkl,test
41014.pkl,test
37857.pkl,test
17249.pkl,test
14274.pkl,test
19042.pkl,test
48140.pkl,test
56805.pkl,test
47040.pkl,test
37661.pkl,test
7251.pkl,test
13516.pkl,test
9012.pkl,test
21083.pkl,test
55172.pkl,test
31834.pkl,test
1008.pkl,test
44065.pkl,test
405.pkl,test
45293.pkl,test
34833.pkl,test
29379.pkl,test
55754.pkl,test
5266.pkl,test
48196.pkl,test
6427.pkl,test
9901.pkl,test
14961.pkl,test
7048.pkl,test
13768.pkl,test
42870.pkl,test
2264.pkl,test
35780.pkl,test
34218.pkl,test
51313.pkl,test
43270.pkl,test
56155.pkl,test
24933.pkl,test
43938.pkl,test
17336.pkl,test
47921.pkl,test
3753.pkl,test
54862.pkl,test
12505.pkl,test
39765.pkl,test
12027.pkl,test
14561.pkl,test
20205.pkl,test
33374.pkl,test
24651.pkl,test
23985.pkl,test
38009.pkl,test
23642.pkl,test
657.pkl,test
13228.pkl,test
31151.pkl,test
55631.pkl,test
4009.pkl,test
33770.pkl,test
18867.pkl,test
51713.pkl,test
29710.pkl,test
34832.pkl,test
47284.pkl,test
2013.pkl,test
22369.pkl,test
17783.pkl,test
38308.pkl,test
19708.pkl,test
53459.pkl,test
37253.pkl,test
28446.pkl,test
24496.pkl,test
18330.pkl,test
32432.pkl,test
47557.pkl,test
7120.pkl,test
13077.pkl,test
53237.pkl,test
11414.pkl,test
10492.pkl,test
31776.pkl,test
22129.pkl,test
34512.pkl,test
46666.pkl,test
50670.pkl,test
15420.pkl,test
8162.pkl,test
37854.pkl,test
17458.pkl,test
12177.pkl,test
42601.pkl,test
17334.pkl,test
47399.pkl,test
6696.pkl,test
56874.pkl,test
6902.pkl,test
525.pkl,test
25901.pkl,test
1795.pkl,test
19411.pkl,test
20319.pkl,test
16671.pkl,test
54338.pkl,test
675.pkl,test
3900.pkl,test
13587.pkl,test
51371.pkl,test
25060.pkl,test
10776.pkl,test
42520.pkl,test
27280.pkl,test
44166.pkl,test
38826.pkl,test
45890.pkl,test
40920.pkl,test
13172.pkl,test
21892.pkl,test
25989.pkl,test
32493.pkl,test
12895.pkl,test
11086.pkl,test
44232.pkl,test
18854.pkl,test
32087.pkl,test
15255.pkl,test
26200.pkl,test
19303.pkl,test
39283.pkl,test
41231.pkl,test
20605.pkl,test
19410.pkl,test
28218.pkl,test
38034.pkl,test
18446.pkl,test
43439.pkl,test
21393.pkl,test
19188.pkl,test
28499.pkl,test
5989.pkl,test
27466.pkl,test
1921.pkl,test
33314.pkl,test
33412.pkl,test
54212.pkl,test
47181.pkl,test
32770.pkl,test
35002.pkl,test
48640.pkl,test
37373.pkl,test
41846.pkl,test
26209.pkl,test
29638.pkl,test
1241.pkl,test
40181.pkl,test
1672.pkl,test
9193.pkl,test
49074.pkl,test
45737.pkl,test
51251.pkl,test
6324.pkl,test
30561.pkl,test
4331.pkl,test
41415.pkl,test
8363.pkl,test
12991.pkl,test
32513.pkl,test
21313.pkl,test
52537.pkl,test
46563.pkl,test
35236.pkl,test
40907.pkl,test
26333.pkl,test
5730.pkl,test
53724.pkl,test
11331.pkl,test
52064.pkl,test
47838.pkl,test
25393.pkl,test
17500.pkl,test
46656.pkl,test
44101.pkl,test
29407.pkl,test
20476.pkl,test
11422.pkl,test
8171.pkl,test
42812.pkl,test
42587.pkl,test
39831.pkl,test
39603.pkl,test
29568.pkl,test
45658.pkl,test
34483.pkl,test
36821.pkl,test
7314.pkl,test
52797.pkl,test
10388.pkl,test
32546.pkl,test
38567.pkl,test
5709.pkl,test
50344.pkl,test
23464.pkl,test
36668.pkl,test
13907.pkl,test
16610.pkl,test
40977.pkl,test
50162.pkl,test
23676.pkl,test
11753.pkl,test
8693.pkl,test
14007.pkl,test
49096.pkl,test
7460.pkl,test
52712.pkl,test
55015.pkl,test
51083.pkl,test
23465.pkl,test
17874.pkl,test
17659.pkl,test
50705.pkl,test
53695.pkl,test
30185.pkl,test
39819.pkl,test
37995.pkl,test
20621.pkl,test
47492.pkl,test
3448.pkl,test
55931.pkl,test
51612.pkl,test
8395.pkl,test
50655.pkl,test
10405.pkl,test
28068.pkl,test
48737.pkl,test
7323.pkl,test
34191.pkl,test
24144.pkl,test
6725.pkl,test
31215.pkl,test
9118.pkl,test
10371.pkl,test
31130.pkl,test
44296.pkl,test
20813.pkl,test
42436.pkl,test
23761.pkl,test
11572.pkl,test
18793.pkl,test
45663.pkl,test
18455.pkl,test
1706.pkl,test
22984.pkl,test
19010.pkl,test
20336.pkl,test
30232.pkl,test
745.pkl,test
27570.pkl,test
43745.pkl,test
53621.pkl,test
37556.pkl,test
3432.pkl,test
25886.pkl,test
52114.pkl,test
13882.pkl,test
27710.pkl,test
38479.pkl,test
38670.pkl,test
29919.pkl,test
52264.pkl,test
26840.pkl,test
51698.pkl,test
6463.pkl,test
36430.pkl,test
9888.pkl,test
15117.pkl,test
29290.pkl,test
6456.pkl,test
4893.pkl,test
6443.pkl,test
38024.pkl,test
39177.pkl,test
53472.pkl,test
47730.pkl,test
10036.pkl,test
16181.pkl,test
21804.pkl,test
27680.pkl,test
32842.pkl,test
36662.pkl,test
19556.pkl,test
3088.pkl,test
32448.pkl,test
35075.pkl,test
12560.pkl,test
3673.pkl,test
41955.pkl,test
16614.pkl,test
56596.pkl,test
21060.pkl,test
27634.pkl,test
29607.pkl,test
7116.pkl,test
16441.pkl,test
13348.pkl,test
47901.pkl,test
32167.pkl,test
11233.pkl,test
6252.pkl,test
14322.pkl,test
44920.pkl,test
11921.pkl,test
41740.pkl,test
4519.pkl,test
47764.pkl,test
41361.pkl,test
861.pkl,test
37511.pkl,test
19638.pkl,test
4320.pkl,test
22360.pkl,test
52969.pkl,test
29744.pkl,test
46015.pkl,test
53361.pkl,test
47309.pkl,test
44590.pkl,test
55481.pkl,test
26104.pkl,test
22840.pkl,test
51705.pkl,test
37316.pkl,test
1083.pkl,test
42589.pkl,test
55760.pkl,test
39793.pkl,test
8408.pkl,test
2112.pkl,test
11247.pkl,test
1928.pkl,test
49160.pkl,test
26910.pkl,test
27534.pkl,test
26195.pkl,test
15891.pkl,test
1651.pkl,test
55057.pkl,test
46464.pkl,test
2936.pkl,test
28118.pkl,test
44964.pkl,test
46005.pkl,test
35603.pkl,test
13671.pkl,test
50697.pkl,test
20378.pkl,test
2770.pkl,test
25460.pkl,test
26897.pkl,test
51966.pkl,test
12109.pkl,test
6137.pkl,test
41236.pkl,test
31154.pkl,test
55923.pkl,test
29116.pkl,test
32940.pkl,test
44309.pkl,test
55958.pkl,test
15054.pkl,test
18587.pkl,test
1268.pkl,test
55838.pkl,test
25296.pkl,test
45837.pkl,test
31426.pkl,test
27817.pkl,test
17891.pkl,test
8808.pkl,test
2081.pkl,test
46206.pkl,test
38543.pkl,test
55568.pkl,test
20522.pkl,test
4723.pkl,test
49229.pkl,test
2371.pkl,test
15237.pkl,test
7062.pkl,test
4587.pkl,test
27865.pkl,test
36583.pkl,test
51891.pkl,test
10829.pkl,test
46961.pkl,test
31353.pkl,test
51890.pkl,test
16089.pkl,test
38122.pkl,test
29748.pkl,test
21588.pkl,test
19622.pkl,test
52880.pkl,test
37298.pkl,test
25051.pkl,test
11865.pkl,test
43255.pkl,test
41941.pkl,test
15572.pkl,test
32586.pkl,test
34037.pkl,test
34223.pkl,test
17143.pkl,test
14020.pkl,test
29828.pkl,test
15084.pkl,test
30390.pkl,test
10469.pkl,test
36827.pkl,test
44794.pkl,test
52759.pkl,test
51023.pkl,test
36573.pkl,test
36130.pkl,test
51936.pkl,test
45709.pkl,test
56369.pkl,test
17274.pkl,test
14848.pkl,test
23266.pkl,test
15774.pkl,test
37495.pkl,test
24021.pkl,test
6107.pkl,test
25987.pkl,test
25256.pkl,test
45476.pkl,test
3186.pkl,test
9818.pkl,test
35819.pkl,test
45878.pkl,test
10186.pkl,test
16375.pkl,test
40268.pkl,test
4026.pkl,test
6509.pkl,test
31335.pkl,test
2206.pkl,test
15564.pkl,test
4866.pkl,test
8627.pkl,test
26462.pkl,test
20178.pkl,test
42702.pkl,test
17305.pkl,test
9123.pkl,test
44755.pkl,test
46303.pkl,test
25042.pkl,test
23498.pkl,test
15107.pkl,test
32892.pkl,test
41409.pkl,test
17531.pkl,test
7636.pkl,test
48654.pkl,test
43389.pkl,test
15004.pkl,test
26726.pkl,test
53562.pkl,test
23968.pkl,test
2734.pkl,test
7448.pkl,test
16527.pkl,test
21164.pkl,test
268.pkl,test
45411.pkl,test
20128.pkl,test
56608.pkl,test
4294.pkl,test
52162.pkl,test
43760.pkl,test
10909.pkl,test
10006.pkl,test
24738.pkl,test
27171.pkl,test
27099.pkl,test
4678.pkl,test
18287.pkl,test
37468.pkl,test
30379.pkl,test
19805.pkl,test
6444.pkl,test
26518.pkl,test
51486.pkl,test
46833.pkl,test
47017.pkl,test
34950.pkl,test
7896.pkl,test
16525.pkl,test
40116.pkl,test
53829.pkl,test
32475.pkl,test
20019.pkl,test
518.pkl,test
45649.pkl,test
36181.pkl,test
18289.pkl,test
40383.pkl,test
34974.pkl,test
3011.pkl,test
24534.pkl,test
52857.pkl,test
32926.pkl,test
15978.pkl,test
3514.pkl,test
31593.pkl,test
34901.pkl,test
8427.pkl,test
28084.pkl,test
27642.pkl,test
46465.pkl,test
42540.pkl,test
15616.pkl,test
34886.pkl,test
21612.pkl,test
3685.pkl,test
15510.pkl,test
55499.pkl,test
53933.pkl,test
52193.pkl,test
29841.pkl,test
20032.pkl,test
39351.pkl,test
52361.pkl,test
9466.pkl,test
35323.pkl,test
55043.pkl,test
50405.pkl,test
4933.pkl,test
3765.pkl,test
28337.pkl,test
47618.pkl,test
5161.pkl,test
4899.pkl,test
785.pkl,test
24406.pkl,test
32991.pkl,test
46951.pkl,test
13899.pkl,test
31356.pkl,test
49464.pkl,test
10080.pkl,test
14766.pkl,test
53598.pkl,test
50529.pkl,test
43049.pkl,test
34504.pkl,test
15327.pkl,test
17864.pkl,test
32190.pkl,test
14653.pkl,test
43512.pkl,test
24687.pkl,test
11617.pkl,test
37991.pkl,test
37576.pkl,test
51116.pkl,test
38125.pkl,test
10361.pkl,test
41654.pkl,test
3251.pkl,test
8536.pkl,test
56133.pkl,test
45084.pkl,test
50045.pkl,test
23246.pkl,test
53920.pkl,test
9738.pkl,test
20385.pkl,test
12238.pkl,test
13309.pkl,test
31334.pkl,test
28282.pkl,test
29988.pkl,test
22575.pkl,test
10676.pkl,test
10178.pkl,test
53258.pkl,test
53676.pkl,test
35616.pkl,test
43646.pkl,test
34711.pkl,test
37933.pkl,test
9354.pkl,test
41714.pkl,test
18866.pkl,test
5876.pkl,test
2142.pkl,test
5220.pkl,test
50997.pkl,test
35292.pkl,test
4765.pkl,test
44428.pkl,test
21296.pkl,test
3234.pkl,test
7412.pkl,test
10181.pkl,test
44911.pkl,test
43383.pkl,test
14643.pkl,test
42150.pkl,test
5598.pkl,test
13320.pkl,test
48530.pkl,test
52685.pkl,test
35530.pkl,test
8990.pkl,test
26182.pkl,test
51233.pkl,test
37646.pkl,test
32632.pkl,test
6310.pkl,test
23835.pkl,test
52127.pkl,test
23429.pkl,test
9166.pkl,test
50053.pkl,test
25775.pkl,test
41584.pkl,test
5674.pkl,test
42346.pkl,test
41193.pkl,test
52740.pkl,test
45091.pkl,test
6550.pkl,test
26677.pkl,test
7927.pkl,test
51973.pkl,test
40596.pkl,test
49445.pkl,test
42347.pkl,test
31259.pkl,test
54747.pkl,test
10430.pkl,test
40170.pkl,test
25479.pkl,test
4265.pkl,test
9528.pkl,test
49908.pkl,test
7267.pkl,test
14349.pkl,test
46699.pkl,test
56028.pkl,test
30627.pkl,test
16531.pkl,test
32256.pkl,test
46415.pkl,test
13146.pkl,test
53558.pkl,test
47684.pkl,test
24785.pkl,test
28119.pkl,test
48076.pkl,test
29491.pkl,test
19656.pkl,test
22884.pkl,test
7368.pkl,test
22506.pkl,test
29883.pkl,test
28628.pkl,test
35898.pkl,test
27604.pkl,test
31155.pkl,test
388.pkl,test
50000.pkl,test
43702.pkl,test
1380.pkl,test
18238.pkl,test
37365.pkl,test
4480.pkl,test
30694.pkl,test
22305.pkl,test
21054.pkl,test
35397.pkl,test
30255.pkl,test
37094.pkl,test
12351.pkl,test
44533.pkl,test
5098.pkl,test
20871.pkl,test
3575.pkl,test
8396.pkl,test
39175.pkl,test
45599.pkl,test
42689.pkl,test
43678.pkl,test
22122.pkl,test
17.pkl,test
53478.pkl,test
8474.pkl,test
48139.pkl,test
355.pkl,test
35104.pkl,test
1543.pkl,test
48993.pkl,test
21234.pkl,test
21058.pkl,test
56326.pkl,test
7930.pkl,test
43391.pkl,test
18394.pkl,test
4163.pkl,test
30008.pkl,test
33247.pkl,test
45120.pkl,test
4564.pkl,test
6537.pkl,test
19299.pkl,test
55145.pkl,test
15492.pkl,test
42479.pkl,test
51723.pkl,test
45259.pkl,test
23842.pkl,test
24289.pkl,test
6046.pkl,test
9476.pkl,test
50452.pkl,test
40699.pkl,test
50593.pkl,test
56938.pkl,test
33765.pkl,test
36967.pkl,test
22152.pkl,test
4060.pkl,test
5383.pkl,test
44462.pkl,test
14141.pkl,test
31634.pkl,test
21430.pkl,test
21696.pkl,test
30601.pkl,test
1910.pkl,test
43664.pkl,test
48075.pkl,test
32527.pkl,test
722.pkl,test
446.pkl,test
19209.pkl,test
22918.pkl,test
33730.pkl,test
20356.pkl,test
11348.pkl,test
55585.pkl,test
41583.pkl,test
3202.pkl,test
40712.pkl,test
43971.pkl,test
13298.pkl,test
28892.pkl,test
21896.pkl,test
56147.pkl,test
47426.pkl,test
39643.pkl,test
50060.pkl,test
47378.pkl,test
4094.pkl,test
20440.pkl,test
26689.pkl,test
8781.pkl,test
52842.pkl,test
53397.pkl,test
26614.pkl,test
33283.pkl,test
55804.pkl,test
22766.pkl,test
51690.pkl,test
45085.pkl,test
8863.pkl,test
45523.pkl,test
5257.pkl,test
41244.pkl,test
10725.pkl,test
42656.pkl,test
511.pkl,test
42580.pkl,test
45332.pkl,test
45975.pkl,test
8758.pkl,test
17982.pkl,test
39776.pkl,test
47658.pkl,test
8484.pkl,test
51839.pkl,test
17607.pkl,test
37862.pkl,test
2000.pkl,test
1053.pkl,test
12111.pkl,test
517.pkl,test
9262.pkl,test
5022.pkl,test
36626.pkl,test
29169.pkl,test
11767.pkl,test
56953.pkl,test
10114.pkl,test
8629.pkl,test
14161.pkl,test
17396.pkl,test
46683.pkl,test
24693.pkl,test
49880.pkl,test
46863.pkl,test
30066.pkl,test
27163.pkl,test
12330.pkl,test
12155.pkl,test
21763.pkl,test
56862.pkl,test
676.pkl,test
43007.pkl,test
7805.pkl,test
50023.pkl,test
51140.pkl,test
30339.pkl,test
12145.pkl,test
19855.pkl,test
6141.pkl,test
53109.pkl,test
47956.pkl,test
13335.pkl,test
56719.pkl,test
2742.pkl,test
22903.pkl,test
35041.pkl,test
2395.pkl,test
32506.pkl,test
11559.pkl,test
15500.pkl,test
42647.pkl,test
16363.pkl,test
27435.pkl,test
5018.pkl,test
10316.pkl,test
52581.pkl,test
34579.pkl,test
45192.pkl,test
28620.pkl,test
11360.pkl,test
22318.pkl,test
25257.pkl,test
20702.pkl,test
36370.pkl,test
28551.pkl,test
27229.pkl,test
40093.pkl,test
40336.pkl,test
36240.pkl,test
23038.pkl,test
49345.pkl,test
19926.pkl,test
281.pkl,test
17185.pkl,test
44798.pkl,test
6806.pkl,test
13371.pkl,test
55551.pkl,test
12772.pkl,test
49453.pkl,test
53604.pkl,test
11524.pkl,test
439.pkl,test
13647.pkl,test
44066.pkl,test
11969.pkl,test
8909.pkl,test
35053.pkl,test
856.pkl,test
5006.pkl,test
14741.pkl,test
17849.pkl,test
38992.pkl,test
4840.pkl,test
32369.pkl,test
6405.pkl,test
33440.pkl,test
13363.pkl,test
52176.pkl,test
29440.pkl,test
30238.pkl,test
27512.pkl,test
43331.pkl,test
24993.pkl,test
18094.pkl,test
39125.pkl,test
6062.pkl,test
2890.pkl,test
777.pkl,test
17317.pkl,test
49460.pkl,test
46327.pkl,test
36644.pkl,test
14932.pkl,test
56030.pkl,test
40460.pkl,test
54354.pkl,test
29613.pkl,test
674.pkl,test
41930.pkl,test
33621.pkl,test
39476.pkl,test
3671.pkl,test
25851.pkl,test
56600.pkl,test
3762.pkl,test
23169.pkl,test
1166.pkl,test
48855.pkl,test
7137.pkl,test
13267.pkl,test
5317.pkl,test
51683.pkl,test
20534.pkl,test
44574.pkl,test
25082.pkl,test
33198.pkl,test
23029.pkl,test
53137.pkl,test
4353.pkl,test
6955.pkl,test
276.pkl,test
49106.pkl,test
10436.pkl,test
8961.pkl,test
45885.pkl,test
27749.pkl,test
41237.pkl,test
29661.pkl,test
29523.pkl,test
46407.pkl,test
56844.pkl,test
23398.pkl,test
26175.pkl,test
33134.pkl,test
38342.pkl,test
18646.pkl,test
12234.pkl,test
48155.pkl,test
3662.pkl,test
13582.pkl,test
16768.pkl,test
46177.pkl,test
50756.pkl,test
11694.pkl,test
20642.pkl,test
10053.pkl,test
3204.pkl,test
22334.pkl,test
48183.pkl,test
38512.pkl,test
204.pkl,test
13645.pkl,test
52544.pkl,test
30726.pkl,test
8861.pkl,test
24255.pkl,test
54525.pkl,test
32069.pkl,test
31685.pkl,test
41581.pkl,test
18532.pkl,test
37347.pkl,test
49520.pkl,test
34994.pkl,test
23547.pkl,test
44454.pkl,test
27166.pkl,test
41809.pkl,test
13292.pkl,test
178.pkl,test
51584.pkl,test
10360.pkl,test
5718.pkl,test
53351.pkl,test
4839.pkl,test
20928.pkl,test
41817.pkl,test
34627.pkl,test
8659.pkl,test
29084.pkl,test
30530.pkl,test
14027.pkl,test
39078.pkl,test
9280.pkl,test
56925.pkl,test
46583.pkl,test
53847.pkl,test
40096.pkl,test
19943.pkl,test
47339.pkl,test
56544.pkl,test
42310.pkl,test
27092.pkl,test
16157.pkl,test
56832.pkl,test
46172.pkl,test
19668.pkl,test
33948.pkl,test
42861.pkl,test
45200.pkl,test
30537.pkl,test
26364.pkl,test
19376.pkl,test
24886.pkl,test
55905.pkl,test
10977.pkl,test
11013.pkl,test
33694.pkl,test
22742.pkl,test
34156.pkl,test
14411.pkl,test
30140.pkl,test
38206.pkl,test
1072.pkl,test
27359.pkl,test
13842.pkl,test
26567.pkl,test
2894.pkl,test
9064.pkl,test
26565.pkl,test
11780.pkl,test
4031.pkl,test
12162.pkl,test
23808.pkl,test
17847.pkl,test
41156.pkl,test
13125.pkl,test
3510.pkl,test
26743.pkl,test
7889.pkl,test
37457.pkl,test
55217.pkl,test
909.pkl,test
9582.pkl,test
50950.pkl,test
52808.pkl,test
2620.pkl,test
10817.pkl,test
2183.pkl,test
20106.pkl,test
24401.pkl,test
51001.pkl,test
12744.pkl,test
33001.pkl,test
3317.pkl,test
40568.pkl,test
12626.pkl,test
36962.pkl,test
54609.pkl,test
47208.pkl,test
7241.pkl,test
23626.pkl,test
26262.pkl,test
25618.pkl,test
10893.pkl,test
14375.pkl,test
49463.pkl,test
18404.pkl,test
49929.pkl,test
43261.pkl,test
35987.pkl,test
36122.pkl,test
55857.pkl,test
6655.pkl,test
32755.pkl,test
32712.pkl,test
939.pkl,test
46831.pkl,test
17857.pkl,test
18665.pkl,test
30860.pkl,test
49878.pkl,test
43357.pkl,test
56537.pkl,test
12887.pkl,test
5947.pkl,test
3012.pkl,test
39192.pkl,test
37357.pkl,test
47437.pkl,test
47541.pkl,test
554.pkl,test
10081.pkl,test
50936.pkl,test
23806.pkl,test
37158.pkl,test
31766.pkl,test
47356.pkl,test
32164.pkl,test
50689.pkl,test
49546.pkl,test
14470.pkl,test
25724.pkl,test
4719.pkl,test
41947.pkl,test
35473.pkl,test
29170.pkl,test
24438.pkl,test
48497.pkl,test
35359.pkl,test
20501.pkl,test
19559.pkl,test
29849.pkl,test
51707.pkl,test
53246.pkl,test
46428.pkl,test
22004.pkl,test
38074.pkl,test
19754.pkl,test
19515.pkl,test
28007.pkl,test
54518.pkl,test
33706.pkl,test
25498.pkl,test
53612.pkl,test
6351.pkl,test
18229.pkl,test
24316.pkl,test
56169.pkl,test
24673.pkl,test
36434.pkl,test
46245.pkl,test
7870.pkl,test
35901.pkl,test
37432.pkl,test
51630.pkl,test
44553.pkl,test
19314.pkl,test
44880.pkl,test
43639.pkl,test
17119.pkl,test
47747.pkl,test
6732.pkl,test
2889.pkl,test
28375.pkl,test
44972.pkl,test
48575.pkl,test
3965.pkl,test
14078.pkl,test
44189.pkl,test
19746.pkl,test
13861.pkl,test
36504.pkl,test
3853.pkl,test
416.pkl,test
7104.pkl,test
42739.pkl,test
6292.pkl,test
15902.pkl,test
53995.pkl,test
19672.pkl,test
47617.pkl,test
44757.pkl,test
33550.pkl,test
49843.pkl,test
7563.pkl,test
3300.pkl,test
12247.pkl,test
48649.pkl,test
13673.pkl,test
29879.pkl,test
56002.pkl,test
41901.pkl,test
49775.pkl,test
18559.pkl,test
17806.pkl,test
24680.pkl,test
26337.pkl,test
50626.pkl,test
51439.pkl,test
33068.pkl,test
51345.pkl,test
28123.pkl,test
21954.pkl,test
50342.pkl,test
1502.pkl,test
48098.pkl,test
7249.pkl,test
52440.pkl,test
32136.pkl,test
49628.pkl,test
2639.pkl,test
16152.pkl,test
17050.pkl,test
4538.pkl,test
13175.pkl,test
51196.pkl,test
48005.pkl,test
480.pkl,test
787.pkl,test
9686.pkl,test
12564.pkl,test
38509.pkl,test
33077.pkl,test
17415.pkl,test
34288.pkl,test
44096.pkl,test
44383.pkl,test
3069.pkl,test
43449.pkl,test
39555.pkl,test
18445.pkl,test
52657.pkl,test
55295.pkl,test
14301.pkl,test
42107.pkl,test
37682.pkl,test
36505.pkl,test
11249.pkl,test
9581.pkl,test
14325.pkl,test
41142.pkl,test
35762.pkl,test
7613.pkl,test
316.pkl,test
16423.pkl,test
20890.pkl,test
679.pkl,test
20731.pkl,test
29468.pkl,test
56550.pkl,test
17883.pkl,test
25356.pkl,test
35120.pkl,test
21519.pkl,test
24665.pkl,test
50372.pkl,test
15525.pkl,test
43305.pkl,test
55691.pkl,test
9677.pkl,test
48472.pkl,test
19960.pkl,test
11905.pkl,test
24981.pkl,test
27524.pkl,test
3907.pkl,test
7935.pkl,test
801.pkl,test
2110.pkl,test
44411.pkl,test
23754.pkl,test
19400.pkl,test
4130.pkl,test
28462.pkl,test
20869.pkl,test
53420.pkl,test
55511.pkl,test
55505.pkl,test
30902.pkl,test
12315.pkl,test
15411.pkl,test
22521.pkl,test
55116.pkl,test
91.pkl,test
42015.pkl,test
32333.pkl,test
1688.pkl,test
5008.pkl,test
25790.pkl,test
21564.pkl,test
28279.pkl,test
11266.pkl,test
47306.pkl,test
19544.pkl,test
29349.pkl,test
406.pkl,test
40602.pkl,test
43709.pkl,test
19749.pkl,test
201.pkl,test
14049.pkl,test
24277.pkl,test
31756.pkl,test
54488.pkl,test
47403.pkl,test
16913.pkl,test
17868.pkl,test
40563.pkl,test
37317.pkl,test
25772.pkl,test
15862.pkl,test
14443.pkl,test
40503.pkl,test
12892.pkl,test
36224.pkl,test
988.pkl,test
37326.pkl,test
26831.pkl,test
30277.pkl,test
56754.pkl,test
16582.pkl,test
16024.pkl,test
37916.pkl,test
4278.pkl,test
28199.pkl,test
45161.pkl,test
24931.pkl,test
13462.pkl,test
45047.pkl,test
29136.pkl,test
32252.pkl,test
165.pkl,test
41257.pkl,test
43395.pkl,test
40791.pkl,test
48744.pkl,test
13617.pkl,test
53241.pkl,test
42987.pkl,test
22417.pkl,test
45951.pkl,test
16295.pkl,test
8759.pkl,test
20339.pkl,test
32304.pkl,test
242.pkl,test
42212.pkl,test
41755.pkl,test
54769.pkl,test
43959.pkl,test
50690.pkl,test
32179.pkl,test
13377.pkl,test
55538.pkl,test
3285.pkl,test
14189.pkl,test
23003.pkl,test
1251.pkl,test
16613.pkl,test
6259.pkl,test
28777.pkl,test
31320.pkl,test
36034.pkl,test
46497.pkl,test
14147.pkl,test
8021.pkl,test
28626.pkl,test
24776.pkl,test
2.pkl,test
21871.pkl,test
53150.pkl,test
31098.pkl,test
19765.pkl,test
51543.pkl,test
23577.pkl,test
30291.pkl,test
48736.pkl,test
52628.pkl,test
30114.pkl,test
1794.pkl,test
42219.pkl,test
20425.pkl,test
34214.pkl,test
53049.pkl,test
44049.pkl,test
40184.pkl,test
35609.pkl,test
2778.pkl,test
3165.pkl,test
46834.pkl,test
56102.pkl,test
17758.pkl,test
8292.pkl,test
24031.pkl,test
35957.pkl,test
34487.pkl,test
56860.pkl,test
26809.pkl,test
8473.pkl,test
2859.pkl,test
22931.pkl,test
8754.pkl,test
19473.pkl,test
27723.pkl,test
36975.pkl,test
3936.pkl,test
32512.pkl,test
31009.pkl,test
3876.pkl,test
35596.pkl,test
14610.pkl,test
39249.pkl,test
29026.pkl,test
44178.pkl,test
33972.pkl,test
56652.pkl,test
45812.pkl,test
22522.pkl,test
31063.pkl,test
1228.pkl,test
1111.pkl,test
33158.pkl,test
56553.pkl,test
20239.pkl,test
742.pkl,test
3203.pkl,test
40579.pkl,test
39768.pkl,test
40317.pkl,test
31954.pkl,test
2411.pkl,test
17736.pkl,test
16290.pkl,test
43107.pkl,test
16462.pkl,test
14871.pkl,test
16342.pkl,test
26029.pkl,test
44667.pkl,test
56578.pkl,test
17003.pkl,test
45204.pkl,test
56139.pkl,test
29976.pkl,test
41996.pkl,test
24292.pkl,test
18953.pkl,test
28696.pkl,test
49862.pkl,test
34377.pkl,test
52722.pkl,test
27584.pkl,test
21138.pkl,test
45218.pkl,test
24634.pkl,test
19000.pkl,test
13933.pkl,test
19852.pkl,test
32821.pkl,test
49195.pkl,test
46503.pkl,test
34030.pkl,test
41136.pkl,test
1627.pkl,test
44622.pkl,test
31086.pkl,test
28129.pkl,test
4270.pkl,test
16267.pkl,test
597.pkl,test
56407.pkl,test
36621.pkl,test
1446.pkl,test
43497.pkl,test
20756.pkl,test
10394.pkl,test
42669.pkl,test
42326.pkl,test
39612.pkl,test
36363.pkl,test
41618.pkl,test
53525.pkl,test
56406.pkl,test
5562.pkl,test
12026.pkl,test
45687.pkl,test
55885.pkl,test
52514.pkl,test
40296.pkl,test
35692.pkl,test
25853.pkl,test
42041.pkl,test
27016.pkl,test
36175.pkl,test
20914.pkl,test
27893.pkl,test
12268.pkl,test
53765.pkl,test
18212.pkl,test
13352.pkl,test
10217.pkl,test
21254.pkl,test
11961.pkl,test
35212.pkl,test
27406.pkl,test
6697.pkl,test
51357.pkl,test
42834.pkl,test
14617.pkl,test
8131.pkl,test
6998.pkl,test
2966.pkl,test
5348.pkl,test
50262.pkl,test
2705.pkl,test
2523.pkl,test
15283.pkl,test
26056.pkl,test
55163.pkl,test
20687.pkl,test
40724.pkl,test
12398.pkl,test
55123.pkl,test
27309.pkl,test
9484.pkl,test
2644.pkl,test
18585.pkl,test
31993.pkl,test
6738.pkl,test
44235.pkl,test
31801.pkl,test
42033.pkl,test
34809.pkl,test
8306.pkl,test
39321.pkl,test
20251.pkl,test
45521.pkl,test
38363.pkl,test
28776.pkl,test
28025.pkl,test
39113.pkl,test
27118.pkl,test
711.pkl,test
26727.pkl,test
43625.pkl,test
18128.pkl,test
42710.pkl,test
52562.pkl,test
2928.pkl,test
52674.pkl,test
18438.pkl,test
5841.pkl,test
23095.pkl,test
54871.pkl,test
44241.pkl,test
48943.pkl,test
7341.pkl,test
20043.pkl,test
45358.pkl,test
18664.pkl,test
5579.pkl,test
13697.pkl,test
1167.pkl,test
32216.pkl,test
22235.pkl,test
34042.pkl,test
5564.pkl,test
643.pkl,test
41844.pkl,test
6809.pkl,test
8338.pkl,test
28963.pkl,test
35188.pkl,test
8753.pkl,test
1944.pkl,test
9052.pkl,test
8065.pkl,test
6272.pkl,test
41860.pkl,test
42737.pkl,test
34272.pkl,test
46019.pkl,test
12169.pkl,test
2627.pkl,test
26212.pkl,test
33668.pkl,test
2602.pkl,test
56457.pkl,test
18039.pkl,test
35615.pkl,test
8519.pkl,test
15968.pkl,test
7125.pkl,test
33896.pkl,test
55459.pkl,test
44077.pkl,test
36348.pkl,test
56801.pkl,test
24015.pkl,test
14350.pkl,test
25699.pkl,test
54827.pkl,test
46181.pkl,test
5991.pkl,test
54987.pkl,test
13262.pkl,test
30740.pkl,test
9272.pkl,test
41791.pkl,test
39145.pkl,test
55156.pkl,test
2389.pkl,test
21252.pkl,test
7474.pkl,test
51379.pkl,test
18932.pkl,test
33687.pkl,test
22052.pkl,test
55256.pkl,test
22820.pkl,test
22741.pkl,test
4757.pkl,test
42452.pkl,test
50076.pkl,test
51729.pkl,test
53161.pkl,test
12986.pkl,test
26553.pkl,test
43298.pkl,test
31031.pkl,test
48973.pkl,test
18851.pkl,test
54687.pkl,test
28105.pkl,test
55764.pkl,test
28587.pkl,test
6321.pkl,test
2057.pkl,test
17389.pkl,test
21743.pkl,test
31544.pkl,test
22552.pkl,test
10432.pkl,test
25520.pkl,test
38891.pkl,test
20652.pkl,test
4635.pkl,test
14979.pkl,test
52037.pkl,test
14365.pkl,test
53211.pkl,test
20468.pkl,test
33028.pkl,test
30317.pkl,test
35558.pkl,test
48459.pkl,test
56679.pkl,test
55496.pkl,test
51638.pkl,test
43322.pkl,test
40912.pkl,test
6682.pkl,test
56228.pkl,test
917.pkl,test
47723.pkl,test
31905.pkl,test
4337.pkl,test
53341.pkl,test
32898.pkl,test
34629.pkl,test
35122.pkl,test
47161.pkl,test
12855.pkl,test
42397.pkl,test
20770.pkl,test
53175.pkl,test
21689.pkl,test
28688.pkl,test
36669.pkl,test
10046.pkl,test
743.pkl,test
34709.pkl,test
21408.pkl,test
56215.pkl,test
54526.pkl,test
5331.pkl,test
50684.pkl,test
27036.pkl,test
20274.pkl,test
53728.pkl,test
21629.pkl,test
48013.pkl,test
6352.pkl,test
51851.pkl,test
16215.pkl,test
51570.pkl,test
50942.pkl,test
22155.pkl,test
33330.pkl,test
6749.pkl,test
44400.pkl,test
18615.pkl,test
29334.pkl,test
71.pkl,test
13108.pkl,test
13452.pkl,test
2546.pkl,test
23402.pkl,test
19444.pkl,test
13051.pkl,test
48400.pkl,test
19456.pkl,test
8578.pkl,test
48886.pkl,test
39982.pkl,test
52283.pkl,test
9264.pkl,test
44566.pkl,test
10337.pkl,test
30691.pkl,test
13069.pkl,test
6025.pkl,test
3957.pkl,test
12259.pkl,test
10734.pkl,test
25556.pkl,test
31907.pkl,test
45230.pkl,test
45051.pkl,test
31662.pkl,test
23557.pkl,test
28875.pkl,test
55689.pkl,test
36666.pkl,test
53818.pkl,test
56744.pkl,test
458.pkl,test
36235.pkl,test
39645.pkl,test
43204.pkl,test
6165.pkl,test
8555.pkl,test
23923.pkl,test
695.pkl,test
21447.pkl,test
37057.pkl,test
10107.pkl,test
29044.pkl,test
30115.pkl,test
32611.pkl,test
45933.pkl,test
54873.pkl,test
34462.pkl,test
28146.pkl,test
23858.pkl,test
25.pkl,test
6432.pkl,test
39086.pkl,test
717.pkl,test
38907.pkl,test
29608.pkl,test
24414.pkl,test
38283.pkl,test
14683.pkl,test
48703.pkl,test
52865.pkl,test
32966.pkl,test
5630.pkl,test
13576.pkl,test
36341.pkl,test
50376.pkl,test
35727.pkl,test
4960.pkl,test
33641.pkl,test
52235.pkl,test
45145.pkl,test
23776.pkl,test
21385.pkl,test
55262.pkl,test
29857.pkl,test
55652.pkl,test
30897.pkl,test
13864.pkl,test
33989.pkl,test
9243.pkl,test
49781.pkl,test
17016.pkl,test
56168.pkl,test
48366.pkl,test
3869.pkl,test
43602.pkl,test
3266.pkl,test
28079.pkl,test
17786.pkl,test
8609.pkl,test
21762.pkl,test
56302.pkl,test
53321.pkl,test
5369.pkl,test
16966.pkl,test
36243.pkl,test
45450.pkl,test
19600.pkl,test
24257.pkl,test
19381.pkl,test
32677.pkl,test
18432.pkl,test
33973.pkl,test
23777.pkl,test
31857.pkl,test
25726.pkl,test
31226.pkl,test
2165.pkl,test
41562.pkl,test
31974.pkl,test
39553.pkl,test
30725.pkl,test
21833.pkl,test
3219.pkl,test
29782.pkl,test
29320.pkl,test
19469.pkl,test
24602.pkl,test
43266.pkl,test
22031.pkl,test
32666.pkl,test
23972.pkl,test
34718.pkl,test
8866.pkl,test
56014.pkl,test
34638.pkl,test
43025.pkl,test
49433.pkl,test
4198.pkl,test
840.pkl,test
44996.pkl,test
14079.pkl,test
8617.pkl,test
54459.pkl,test
54585.pkl,test
41922.pkl,test
33982.pkl,test
7986.pkl,test
37415.pkl,test
32872.pkl,test
20973.pkl,test
16070.pkl,test
36989.pkl,test
21476.pkl,test
37645.pkl,test
39021.pkl,test
20870.pkl,test
33907.pkl,test
9929.pkl,test
12709.pkl,test
44992.pkl,test
45970.pkl,test
17718.pkl,test
32934.pkl,test
44597.pkl,test
4223.pkl,test
23695.pkl,test
53234.pkl,test
17234.pkl,test
19063.pkl,test
48971.pkl,test
33091.pkl,test
46499.pkl,test
26190.pkl,test
56820.pkl,test
42369.pkl,test
12377.pkl,test
39370.pkl,test
35220.pkl,test
42948.pkl,test
27068.pkl,test
23116.pkl,test
49140.pkl,test
4996.pkl,test
46029.pkl,test
47625.pkl,test
15746.pkl,test
28764.pkl,test
52433.pkl,test
12257.pkl,test
8078.pkl,test
49356.pkl,test
25718.pkl,test
50766.pkl,test
30637.pkl,test
11639.pkl,test
4196.pkl,test
22551.pkl,test
42493.pkl,test
22377.pkl,test
24371.pkl,test
52586.pkl,test
7096.pkl,test
26359.pkl,test
30436.pkl,test
40023.pkl,test
38402.pkl,test
5356.pkl,test
53336.pkl,test
16246.pkl,test
12394.pkl,test
26827.pkl,test
56841.pkl,test
25615.pkl,test
7339.pkl,test
8178.pkl,test
21940.pkl,test
33595.pkl,test
49054.pkl,test
11225.pkl,test
48014.pkl,test
2263.pkl,test
51544.pkl,test
24983.pkl,test
35766.pkl,test
927.pkl,test
10100.pkl,test
6903.pkl,test
30172.pkl,test
56863.pkl,test
18275.pkl,test
1510.pkl,test
37949.pkl,test
45827.pkl,test
13963.pkl,test
19465.pkl,test
22690.pkl,test
8957.pkl,test
47539.pkl,test
14997.pkl,test
1755.pkl,test
51162.pkl,test
47719.pkl,test
7342.pkl,test
54185.pkl,test
49883.pkl,test
34823.pkl,test
11913.pkl,test
13553.pkl,test
24146.pkl,test
48573.pkl,test
48766.pkl,test
6819.pkl,test
12210.pkl,test
2710.pkl,test
55928.pkl,test
35839.pkl,test
32090.pkl,test
6022.pkl,test
32964.pkl,test
16785.pkl,test
20082.pkl,test
6340.pkl,test
50643.pkl,test
39505.pkl,test
49019.pkl,test
41760.pkl,test
17940.pkl,test
9611.pkl,test
8345.pkl,test
55814.pkl,test
45564.pkl,test
43165.pkl,test
9202.pkl,test
4853.pkl,test
11327.pkl,test
20407.pkl,test
30724.pkl,test
46108.pkl,test
55987.pkl,test
52321.pkl,test
12954.pkl,test
1611.pkl,test
55210.pkl,test
25722.pkl,test
50178.pkl,test
38565.pkl,test
4701.pkl,test
26430.pkl,test
2626.pkl,test
28192.pkl,test
52538.pkl,test
13731.pkl,test
15742.pkl,test
4537.pkl,test
23743.pkl,test
3649.pkl,test
763.pkl,test
33644.pkl,test
5301.pkl,test
25690.pkl,test
9039.pkl,test
56760.pkl,test
29418.pkl,test
52351.pkl,test
6996.pkl,test
51857.pkl,test
32349.pkl,test
28112.pkl,test
6860.pkl,test
52787.pkl,test
7644.pkl,test
11609.pkl,test
13885.pkl,test
39379.pkl,test
38097.pkl,test
8869.pkl,test
447.pkl,test
49612.pkl,test
13163.pkl,test
37900.pkl,test
41005.pkl,test
42097.pkl,test
19088.pkl,test
4738.pkl,test
7207.pkl,test
14095.pkl,test
37410.pkl,test
33691.pkl,test
7606.pkl,test
5363.pkl,test
51865.pkl,test
2426.pkl,test
50430.pkl,test
42105.pkl,test
24718.pkl,test
4435.pkl,test
3716.pkl,test
12348.pkl,test
3390.pkl,test
48062.pkl,test
38441.pkl,test
43277.pkl,test
44190.pkl,test
47421.pkl,test
25089.pkl,test
55845.pkl,test
56898.pkl,test
19134.pkl,test
15516.pkl,test
22818.pkl,test
1447.pkl,test
40518.pkl,test
49832.pkl,test
21143.pkl,test
43874.pkl,test
46594.pkl,test
33113.pkl,test
29488.pkl,test
30603.pkl,test
32585.pkl,test
23649.pkl,test
10819.pkl,test
51885.pkl,test
28181.pkl,test
36760.pkl,test
23174.pkl,test
5985.pkl,test
16263.pkl,test
2763.pkl,test
23543.pkl,test
23045.pkl,test
54231.pkl,test
45656.pkl,test
31491.pkl,test
17267.pkl,test
28302.pkl,test
11370.pkl,test
18709.pkl,test
8419.pkl,test
36211.pkl,test
47946.pkl,test
2834.pkl,test
6333.pkl,test
18314.pkl,test
29686.pkl,test
10878.pkl,test
50253.pkl,test
1602.pkl,test
32813.pkl,test
46601.pkl,test
2446.pkl,test
44360.pkl,test
723.pkl,test
32330.pkl,test
22467.pkl,test
51417.pkl,test
41684.pkl,test
26965.pkl,test
25074.pkl,test
24831.pkl,test
34268.pkl,test
11870.pkl,test
50803.pkl,test
17961.pkl,test
17592.pkl,test
46442.pkl,test
7417.pkl,test
50129.pkl,test
27886.pkl,test
22279.pkl,test
35019.pkl,test
45910.pkl,test
45583.pkl,test
42165.pkl,test
4100.pkl,test
45626.pkl,test
6575.pkl,test
49748.pkl,test
33816.pkl,test
54495.pkl,test
31329.pkl,test
50410.pkl,test
18207.pkl,test
24615.pkl,test
2691.pkl,test
14389.pkl,test
40979.pkl,test
28510.pkl,test
47912.pkl,test
44605.pkl,test
28538.pkl,test
27029.pkl,test
13408.pkl,test
32680.pkl,test
26247.pkl,test
41753.pkl,test
19339.pkl,test
11078.pkl,test
40552.pkl,test
3996.pkl,test
41883.pkl,test
20535.pkl,test
4694.pkl,test
13471.pkl,test
29911.pkl,test
28917.pkl,test
56325.pkl,test
14392.pkl,test
35130.pkl,test
38617.pkl,test
12299.pkl,test
35277.pkl,test
46403.pkl,test
55341.pkl,test
56988.pkl,test
26847.pkl,test
14295.pkl,test
47680.pkl,test
37016.pkl,test
51493.pkl,test
27802.pkl,test
29292.pkl,test
48299.pkl,test
27793.pkl,test
8185.pkl,test
46199.pkl,test
45069.pkl,test
3779.pkl,test
49258.pkl,test
52526.pkl,test
22339.pkl,test
41599.pkl,test
11714.pkl,test
1214.pkl,test
28392.pkl,test
17218.pkl,test
45682.pkl,test
17331.pkl,test
55811.pkl,test
52347.pkl,test
42969.pkl,test
17441.pkl,test
42699.pkl,test
31458.pkl,test
38332.pkl,test
31293.pkl,test
50115.pkl,test
27957.pkl,test
22030.pkl,test
4832.pkl,test
39270.pkl,test
39398.pkl,test
13638.pkl,test
53912.pkl,test
28177.pkl,test
56983.pkl,test
36346.pkl,test
3143.pkl,test
9591.pkl,test
47895.pkl,test
20626.pkl,test
13030.pkl,test
55988.pkl,test
49376.pkl,test
28064.pkl,test
39999.pkl,test
231.pkl,test
19260.pkl,test
12031.pkl,test
11123.pkl,test
57002.pkl,test
52860.pkl,test
5475.pkl,test
4131.pkl,test
28936.pkl,test
19748.pkl,test
44316.pkl,test
4073.pkl,test
27047.pkl,test
5278.pkl,test
41424.pkl,test
43080.pkl,test
25349.pkl,test
19598.pkl,test
98.pkl,test
44478.pkl,test
45352.pkl,test
13966.pkl,test
52689.pkl,test
10691.pkl,test
38677.pkl,test
12996.pkl,test
9369.pkl,test
14927.pkl,test
28458.pkl,test
52704.pkl,test
8825.pkl,test
45724.pkl,test
36878.pkl,test
14809.pkl,test
50003.pkl,test
22644.pkl,test
40932.pkl,test
56818.pkl,test
10062.pkl,test
47020.pkl,test
5999.pkl,test
51761.pkl,test
29508.pkl,test
36514.pkl,test
28206.pkl,test
12834.pkl,test
41089.pkl,test
34535.pkl,test
12219.pkl,test
15870.pkl,test
44209.pkl,test
54137.pkl,test
29532.pkl,test
10202.pkl,test
16675.pkl,test
4543.pkl,test
16697.pkl,test
18172.pkl,test
1604.pkl,test
20800.pkl,test
23718.pkl,test
55111.pkl,test
43036.pkl,test
51376.pkl,test
37594.pkl,test
53148.pkl,test
6426.pkl,test
32253.pkl,test
36076.pkl,test
21540.pkl,test
55872.pkl,test
2439.pkl,test
8008.pkl,test
13990.pkl,test
54238.pkl,test
1248.pkl,test
29435.pkl,test
55234.pkl,test
53293.pkl,test
19651.pkl,test
3845.pkl,test
47535.pkl,test
39968.pkl,test
22623.pkl,test
3114.pkl,test
46488.pkl,test
7052.pkl,test
14008.pkl,test
17436.pkl,test
46350.pkl,test
53877.pkl,test
27833.pkl,test
54893.pkl,test
645.pkl,test
11282.pkl,test
31326.pkl,test
42632.pkl,test
50147.pkl,test
34723.pkl,test
47169.pkl,test
37644.pkl,test
40379.pkl,test
1738.pkl,test
39700.pkl,test
21270.pkl,test
11214.pkl,test
28425.pkl,test
52896.pkl,test
22107.pkl,test
41857.pkl,test
12897.pkl,test
56394.pkl,test
7631.pkl,test
21984.pkl,test
27656.pkl,test
20961.pkl,test
32625.pkl,test
32824.pkl,test
27871.pkl,test
2023.pkl,test
23618.pkl,test
13575.pkl,test
15070.pkl,test
29241.pkl,test
14890.pkl,test
32751.pkl,test
36149.pkl,test
7166.pkl,test
33527.pkl,test
11611.pkl,test
15715.pkl,test
50469.pkl,test
23840.pkl,test
16512.pkl,test
23198.pkl,test
4183.pkl,test
48465.pkl,test
12658.pkl,test
34687.pkl,test
15157.pkl,test
23685.pkl,test
30310.pkl,test
29209.pkl,test
38222.pkl,test
18104.pkl,test
2016.pkl,test
44029.pkl,test
32718.pkl,test
43205.pkl,test
66.pkl,test
16262.pkl,test
50044.pkl,test
11276.pkl,test
43133.pkl,test
24149.pkl,test
43626.pkl,test
23382.pkl,test
30206.pkl,test
6962.pkl,test
34454.pkl,test
12554.pkl,test
6322.pkl,test
28389.pkl,test
42095.pkl,test
2547.pkl,test
35680.pkl,test
230.pkl,test
24258.pkl,test
3082.pkl,test
10867.pkl,test
34136.pkl,test
55166.pkl,test
28925.pkl,test
44133.pkl,test
10927.pkl,test
38608.pkl,test
22167.pkl,test
9657.pkl,test
8511.pkl,test
25932.pkl,test
26456.pkl,test
36119.pkl,test
6891.pkl,test
6811.pkl,test
27622.pkl,test
53743.pkl,test
22968.pkl,test
29150.pkl,test
32629.pkl,test
23358.pkl,test
20423.pkl,test
34291.pkl,test
30357.pkl,test
31713.pkl,test
37816.pkl,test
1640.pkl,test
5862.pkl,test
4379.pkl,test
14439.pkl,test
39578.pkl,test
8117.pkl,test
24256.pkl,test
47530.pkl,test
8628.pkl,test
50876.pkl,test
274.pkl,test
5593.pkl,test
39393.pkl,test
16044.pkl,test
29271.pkl,test
8965.pkl,test
36259.pkl,test
9895.pkl,test
11541.pkl,test
49001.pkl,test
43498.pkl,test
41069.pkl,test
42379.pkl,test
47925.pkl,test
37742.pkl,test
2242.pkl,test
28335.pkl,test
24286.pkl,test
52161.pkl,test
20436.pkl,test
2329.pkl,test
45387.pkl,test
1418.pkl,test
21244.pkl,test
13771.pkl,test
19804.pkl,test
22341.pkl,test
29473.pkl,test
31829.pkl,test
30014.pkl,test
25767.pkl,test
55677.pkl,test
8133.pkl,test
15047.pkl,test
3794.pkl,test
30001.pkl,test
35853.pkl,test
1071.pkl,test
49320.pkl,test
38778.pkl,test
1027.pkl,test
52578.pkl,test
9688.pkl,test
39092.pkl,test
45368.pkl,test
6583.pkl,test
30002.pkl,test
23898.pkl,test
38380.pkl,test
55563.pkl,test
37167.pkl,test
10005.pkl,test
28982.pkl,test
26602.pkl,test
35739.pkl,test
36608.pkl,test
12902.pkl,test
37679.pkl,test
15100.pkl,test
35092.pkl,test
36252.pkl,test
12323.pkl,test
39928.pkl,test
7775.pkl,test
46055.pkl,test
19538.pkl,test
52080.pkl,test
15386.pkl,test
45732.pkl,test
40895.pkl,test
13393.pkl,test
43815.pkl,test
42342.pkl,test
28826.pkl,test
51604.pkl,test
46688.pkl,test
47983.pkl,test
16111.pkl,test
30239.pkl,test
53451.pkl,test
45746.pkl,test
15130.pkl,test
38771.pkl,test
37611.pkl,test
35302.pkl,test
56803.pkl,test
24112.pkl,test
53013.pkl,test
45950.pkl,test
40745.pkl,test
6269.pkl,test
4961.pkl,test
33563.pkl,test
23759.pkl,test
7203.pkl,test
52247.pkl,test
31296.pkl,test
15068.pkl,test
8521.pkl,test
47963.pkl,test
36382.pkl,test
37768.pkl,test
49698.pkl,test
19222.pkl,test
37487.pkl,test
23107.pkl,test
33173.pkl,test
13739.pkl,test
24761.pkl,test
45740.pkl,test
10983.pkl,test
15582.pkl,test
31850.pkl,test
10981.pkl,test
2811.pkl,test
13137.pkl,test
18236.pkl,test
55952.pkl,test
5817.pkl,test
15111.pkl,test
11863.pkl,test
19574.pkl,test
46865.pkl,test
45081.pkl,test
53917.pkl,test
8352.pkl,test
10385.pkl,test
11802.pkl,test
36846.pkl,test
2201.pkl,test
22014.pkl,test
27405.pkl,test
39102.pkl,test
46597.pkl,test
4673.pkl,test
35865.pkl,test
2427.pkl,test
9286.pkl,test
56813.pkl,test
31365.pkl,test
6960.pkl,test
11528.pkl,test
10534.pkl,test
8326.pkl,test
52686.pkl,test
26974.pkl,test
43056.pkl,test
50181.pkl,test
11140.pkl,test
17182.pkl,test
43193.pkl,test
40660.pkl,test
997.pkl,test
39551.pkl,test
40820.pkl,test
56877.pkl,test
36146.pkl,test
54427.pkl,test
32533.pkl,test
37719.pkl,test
1175.pkl,test
2380.pkl,test
45794.pkl,test
32621.pkl,test
8410.pkl,test
16387.pkl,test
50785.pkl,test
52313.pkl,test
7599.pkl,test
36135.pkl,test
50878.pkl,test
47009.pkl,test
16596.pkl,test
56124.pkl,test
33780.pkl,test
7735.pkl,test
52669.pkl,test
1637.pkl,test
37921.pkl,test
23059.pkl,test
11878.pkl,test
15314.pkl,test
35415.pkl,test
37140.pkl,test
41395.pkl,test
21802.pkl,test
23031.pkl,test
29429.pkl,test
13801.pkl,test
38208.pkl,test
31622.pkl,test
55575.pkl,test
46087.pkl,test
32054.pkl,test
46704.pkl,test
10367.pkl,test
52560.pkl,test
39908.pkl,test
25536.pkl,test
51827.pkl,test
10170.pkl,test
1559.pkl,test
43367.pkl,test
12906.pkl,test
56233.pkl,test
26103.pkl,test
16617.pkl,test
4471.pkl,test
29601.pkl,test
1947.pkl,test
40216.pkl,test
43850.pkl,test
24975.pkl,test
45188.pkl,test
24799.pkl,test
41713.pkl,test
21806.pkl,test
1819.pkl,test
21513.pkl,test
39259.pkl,test
54644.pkl,test
36285.pkl,test
4368.pkl,test
56127.pkl,test
12854.pkl,test
14404.pkl,test
21276.pkl,test
20007.pkl,test
24522.pkl,test
54746.pkl,test
38146.pkl,test
34678.pkl,test
8476.pkl,test
9391.pkl,test
38027.pkl,test
51292.pkl,test
38282.pkl,test
26136.pkl,test
10351.pkl,test
45883.pkl,test
3636.pkl,test
26678.pkl,test
30590.pkl,test
40.pkl,test
189.pkl,test
1631.pkl,test
12401.pkl,test
56358.pkl,test
51492.pkl,test
30387.pkl,test
52315.pkl,test
32724.pkl,test
18796.pkl,test
43479.pkl,test
7701.pkl,test
38111.pkl,test
21452.pkl,test
43353.pkl,test
17862.pkl,test
15087.pkl,test
39580.pkl,test
32358.pkl,test
26385.pkl,test
34811.pkl,test
2863.pkl,test
14995.pkl,test
14767.pkl,test
678.pkl,test
4446.pkl,test
40529.pkl,test
12047.pkl,test
42340.pkl,test
10974.pkl,test
7303.pkl,test
2228.pkl,test
55112.pkl,test
1586.pkl,test
23012.pkl,test
8854.pkl,test
26816.pkl,test
12716.pkl,test
13067.pkl,test
47359.pkl,test
23084.pkl,test
31987.pkl,test
9839.pkl,test
33807.pkl,test
20058.pkl,test
18647.pkl,test
53500.pkl,test
16064.pkl,test
25668.pkl,test
53835.pkl,test
53452.pkl,test
30821.pkl,test
14266.pkl,test
2514.pkl,test
3954.pkl,test
16316.pkl,test
9073.pkl,test
13642.pkl,test
36328.pkl,test
56504.pkl,test
48567.pkl,test
48565.pkl,test
33642.pkl,test
1495.pkl,test
3211.pkl,test
38536.pkl,test
22323.pkl,test
53714.pkl,test
15953.pkl,test
54497.pkl,test
7657.pkl,test
37821.pkl,test
29553.pkl,test
3517.pkl,test
43436.pkl,test
31934.pkl,test
37160.pkl,test
46313.pkl,test
42704.pkl,test
23320.pkl,test
13685.pkl,test
39063.pkl,test
12748.pkl,test
25624.pkl,test
48322.pkl,test
35404.pkl,test
3471.pkl,test
44821.pkl,test
23521.pkl,test
15075.pkl,test
54076.pkl,test
55954.pkl,test
38092.pkl,test
47794.pkl,test
55437.pkl,test
45771.pkl,test
34381.pkl,test
39257.pkl,test
37162.pkl,test
13394.pkl,test
20459.pkl,test
5158.pkl,test
43401.pkl,test
53589.pkl,test
13044.pkl,test
50892.pkl,test
3675.pkl,test
3327.pkl,test
25374.pkl,test
45855.pkl,test
8287.pkl,test
23400.pkl,test
14126.pkl,test
21836.pkl,test
23072.pkl,test
31923.pkl,test
33359.pkl,test
9311.pkl,test
56899.pkl,test
40329.pkl,test
34753.pkl,test
24722.pkl,test
54461.pkl,test
36200.pkl,test
28305.pkl,test
39644.pkl,test
21112.pkl,test
22715.pkl,test
3112.pkl,test
33931.pkl,test
42085.pkl,test
20514.pkl,test
37025.pkl,test
45565.pkl,test
29048.pkl,test
43249.pkl,test
47845.pkl,test
47749.pkl,test
56320.pkl,test
585.pkl,test
23705.pkl,test
23678.pkl,test
26414.pkl,test
53821.pkl,test
38925.pkl,test
43180.pkl,test
11936.pkl,test
31049.pkl,test
42125.pkl,test
35278.pkl,test
51176.pkl,test
12736.pkl,test
30945.pkl,test
41255.pkl,test
52666.pkl,test
24404.pkl,test
18781.pkl,test
12572.pkl,test
51614.pkl,test
29812.pkl,test
29723.pkl,test
25309.pkl,test
33103.pkl,test
46767.pkl,test
7726.pkl,test
14399.pkl,test
10260.pkl,test
47080.pkl,test
43501.pkl,test
41293.pkl,test
25795.pkl,test
17660.pkl,test
18900.pkl,test
52427.pkl,test
39840.pkl,test
6264.pkl,test
54710.pkl,test
21326.pkl,test
50448.pkl,test
51762.pkl,test
44198.pkl,test
16061.pkl,test
11828.pkl,test
30211.pkl,test
24352.pkl,test
47808.pkl,test
55716.pkl,test
27439.pkl,test
36418.pkl,test
28484.pkl,test
30316.pkl,test
