filename,split
0.pkl,val
1.pkl,train
2.pkl,val
3.pkl,val
4.pkl,train
5.pkl,val
6.pkl,val
7.pkl,train
8.pkl,val
9.pkl,train
10.pkl,train
11.pkl,val
12.pkl,val
13.pkl,val
14.pkl,train
15.pkl,train
16.pkl,val
17.pkl,val
18.pkl,val
19.pkl,train
20.pkl,val
21.pkl,train
22.pkl,val
23.pkl,val
24.pkl,train
25.pkl,train
26.pkl,val
27.pkl,val
28.pkl,train
29.pkl,train
30.pkl,val
31.pkl,val
32.pkl,val
33.pkl,train
34.pkl,val
35.pkl,val
36.pkl,val
37.pkl,val
38.pkl,train
39.pkl,val
40.pkl,val
41.pkl,train
42.pkl,val
43.pkl,train
44.pkl,val
45.pkl,train
46.pkl,train
47.pkl,val
48.pkl,val
49.pkl,val
50.pkl,train
51.pkl,train
52.pkl,train
53.pkl,train
54.pkl,train
55.pkl,val
56.pkl,val
57.pkl,train
58.pkl,train
59.pkl,train
60.pkl,train
61.pkl,train
62.pkl,val
63.pkl,train
64.pkl,val
65.pkl,val
66.pkl,train
67.pkl,val
68.pkl,train
69.pkl,val
70.pkl,train
71.pkl,val
72.pkl,train
73.pkl,train
74.pkl,train
75.pkl,val
76.pkl,train
77.pkl,train
78.pkl,val
79.pkl,val
80.pkl,train
81.pkl,val
82.pkl,val
83.pkl,val
84.pkl,train
85.pkl,train
86.pkl,val
87.pkl,train
88.pkl,train
89.pkl,val
90.pkl,train
91.pkl,val
92.pkl,train
93.pkl,val
94.pkl,train
95.pkl,val
96.pkl,train
97.pkl,train
98.pkl,train
99.pkl,train
100.pkl,train
101.pkl,train
102.pkl,val
103.pkl,val
104.pkl,val
105.pkl,train
106.pkl,train
107.pkl,train
108.pkl,val
109.pkl,train
110.pkl,val
111.pkl,train
112.pkl,train
113.pkl,val
114.pkl,train
115.pkl,train
116.pkl,train
117.pkl,val
118.pkl,train
119.pkl,train
120.pkl,train
121.pkl,train
122.pkl,train
123.pkl,train
124.pkl,val
125.pkl,train
126.pkl,val
127.pkl,val
128.pkl,val
129.pkl,train
130.pkl,train
131.pkl,train
132.pkl,train
133.pkl,train
134.pkl,val
135.pkl,train
136.pkl,val
137.pkl,val
138.pkl,val
139.pkl,train
140.pkl,train
141.pkl,val
142.pkl,val
143.pkl,val
144.pkl,val
145.pkl,train
146.pkl,val
147.pkl,val
148.pkl,train
149.pkl,train
150.pkl,train
151.pkl,val
152.pkl,train
153.pkl,val
154.pkl,train
155.pkl,train
156.pkl,train
157.pkl,train
158.pkl,val
159.pkl,train
160.pkl,val
161.pkl,train
162.pkl,val
163.pkl,train
164.pkl,train
165.pkl,train
166.pkl,train
167.pkl,train
168.pkl,val
169.pkl,train
170.pkl,train
171.pkl,train
172.pkl,train
173.pkl,train
174.pkl,val
175.pkl,val
176.pkl,val
177.pkl,train
178.pkl,train
179.pkl,val
180.pkl,train
181.pkl,train
182.pkl,val
183.pkl,val
184.pkl,val
185.pkl,val
186.pkl,val
187.pkl,val
188.pkl,train
189.pkl,val
190.pkl,train
191.pkl,train
192.pkl,train
193.pkl,train
194.pkl,train
195.pkl,train
196.pkl,val
197.pkl,val
198.pkl,val
199.pkl,train
200.pkl,val
201.pkl,val
202.pkl,val
203.pkl,val
204.pkl,train
205.pkl,val
206.pkl,val
207.pkl,val
208.pkl,train
209.pkl,val
210.pkl,train
211.pkl,val
212.pkl,val
213.pkl,train
214.pkl,val
215.pkl,train
216.pkl,val
217.pkl,train
218.pkl,val
219.pkl,train
220.pkl,val
221.pkl,train
222.pkl,train
223.pkl,val
224.pkl,val
225.pkl,train
226.pkl,train
227.pkl,val
228.pkl,val
229.pkl,val
230.pkl,train
231.pkl,val
232.pkl,val
233.pkl,val
234.pkl,train
235.pkl,val
236.pkl,train
237.pkl,val
238.pkl,train
239.pkl,val
240.pkl,val
241.pkl,train
242.pkl,val
243.pkl,val
244.pkl,train
245.pkl,train
246.pkl,train
247.pkl,train
248.pkl,train
249.pkl,train
250.pkl,val
251.pkl,val
252.pkl,train
253.pkl,train
254.pkl,train
255.pkl,train
256.pkl,train
257.pkl,val
258.pkl,train
259.pkl,val
260.pkl,train
261.pkl,train
262.pkl,val
263.pkl,train
264.pkl,val
265.pkl,train
266.pkl,train
267.pkl,train
268.pkl,train
269.pkl,val
270.pkl,val
271.pkl,val
272.pkl,val
273.pkl,val
274.pkl,train
275.pkl,val
276.pkl,val
277.pkl,train
278.pkl,train
279.pkl,train
280.pkl,val
281.pkl,val
282.pkl,val
283.pkl,val
284.pkl,val
285.pkl,train
286.pkl,train
287.pkl,train
288.pkl,train
289.pkl,val
290.pkl,train
291.pkl,val
292.pkl,train
293.pkl,train
294.pkl,train
295.pkl,val
296.pkl,train
297.pkl,train
298.pkl,train
299.pkl,val
300.pkl,train
301.pkl,val
302.pkl,train
303.pkl,train
304.pkl,val
305.pkl,val
306.pkl,train
307.pkl,train
308.pkl,val
309.pkl,train
310.pkl,val
311.pkl,train
312.pkl,train
313.pkl,train
314.pkl,train
315.pkl,val
316.pkl,val
317.pkl,train
318.pkl,val
319.pkl,train
320.pkl,train
321.pkl,val
322.pkl,train
323.pkl,val
324.pkl,val
325.pkl,val
326.pkl,val
327.pkl,train
328.pkl,val
329.pkl,val
330.pkl,train
331.pkl,val
332.pkl,val
333.pkl,val
334.pkl,val
335.pkl,val
336.pkl,train
337.pkl,val
338.pkl,val
339.pkl,val
340.pkl,val
341.pkl,val
342.pkl,train
343.pkl,val
344.pkl,val
345.pkl,train
346.pkl,val
347.pkl,train
348.pkl,val
349.pkl,train
350.pkl,train
351.pkl,val
352.pkl,train
353.pkl,val
354.pkl,train
355.pkl,train
356.pkl,train
357.pkl,train
358.pkl,val
359.pkl,train
360.pkl,train
361.pkl,train
362.pkl,train
363.pkl,val
364.pkl,train
365.pkl,val
366.pkl,train
367.pkl,val
368.pkl,val
369.pkl,val
370.pkl,train
371.pkl,val
372.pkl,val
373.pkl,val
374.pkl,train
375.pkl,val
376.pkl,val
377.pkl,val
378.pkl,train
379.pkl,train
380.pkl,val
381.pkl,train
382.pkl,train
383.pkl,val
384.pkl,val
385.pkl,train
386.pkl,val
387.pkl,train
388.pkl,train
389.pkl,val
390.pkl,val
391.pkl,train
392.pkl,train
393.pkl,val
394.pkl,val
395.pkl,train
396.pkl,val
397.pkl,train
398.pkl,train
399.pkl,train
400.pkl,val
401.pkl,val
402.pkl,train
403.pkl,val
404.pkl,train
405.pkl,train
406.pkl,train
407.pkl,train
408.pkl,val
409.pkl,val
410.pkl,val
411.pkl,train
412.pkl,train
413.pkl,val
414.pkl,train
415.pkl,train
416.pkl,val
417.pkl,val
418.pkl,val
419.pkl,train
420.pkl,val
421.pkl,train
422.pkl,val
423.pkl,train
424.pkl,train
425.pkl,val
426.pkl,val
427.pkl,val
428.pkl,train
429.pkl,train
430.pkl,val
431.pkl,val
432.pkl,val
433.pkl,val
434.pkl,val
435.pkl,train
436.pkl,val
437.pkl,train
438.pkl,train
439.pkl,train
440.pkl,val
441.pkl,train
442.pkl,train
443.pkl,val
444.pkl,val
445.pkl,train
446.pkl,train
447.pkl,val
448.pkl,train
449.pkl,train
450.pkl,train
451.pkl,val
452.pkl,val
453.pkl,train
454.pkl,train
455.pkl,val
456.pkl,val
457.pkl,val
458.pkl,val
459.pkl,train
460.pkl,train
461.pkl,train
462.pkl,train
463.pkl,train
464.pkl,val
465.pkl,train
466.pkl,val
467.pkl,val
468.pkl,val
469.pkl,train
470.pkl,train
471.pkl,val
472.pkl,train
473.pkl,val
474.pkl,train
475.pkl,val
476.pkl,val
477.pkl,val
478.pkl,train
479.pkl,train
480.pkl,val
481.pkl,val
482.pkl,val
483.pkl,train
484.pkl,train
485.pkl,train
486.pkl,val
487.pkl,val
488.pkl,train
489.pkl,val
490.pkl,train
491.pkl,train
492.pkl,val
493.pkl,train
494.pkl,train
495.pkl,train
496.pkl,val
497.pkl,train
498.pkl,val
499.pkl,val
500.pkl,train
501.pkl,train
502.pkl,train
503.pkl,val
504.pkl,val
505.pkl,train
506.pkl,val
507.pkl,train
508.pkl,train
509.pkl,train
510.pkl,val
511.pkl,train
512.pkl,val
513.pkl,train
514.pkl,train
515.pkl,val
516.pkl,val
517.pkl,val
518.pkl,train
519.pkl,val
520.pkl,val
521.pkl,val
522.pkl,val
523.pkl,train
524.pkl,train
525.pkl,val
526.pkl,val
527.pkl,val
528.pkl,val
529.pkl,val
530.pkl,val
531.pkl,val
532.pkl,val
533.pkl,train
534.pkl,train
535.pkl,val
536.pkl,train
537.pkl,val
538.pkl,train
539.pkl,train
540.pkl,train
541.pkl,train
542.pkl,train
543.pkl,train
544.pkl,train
545.pkl,val
546.pkl,val
547.pkl,train
548.pkl,train
549.pkl,val
550.pkl,train
551.pkl,val
552.pkl,val
553.pkl,train
554.pkl,val
555.pkl,val
556.pkl,val
557.pkl,val
558.pkl,train
559.pkl,val
560.pkl,val
561.pkl,train
562.pkl,train
563.pkl,val
564.pkl,train
565.pkl,train
566.pkl,val
567.pkl,train
568.pkl,val
569.pkl,train
570.pkl,val
571.pkl,train
572.pkl,val
573.pkl,val
574.pkl,val
575.pkl,train
576.pkl,val
577.pkl,train
578.pkl,train
579.pkl,train
580.pkl,val
581.pkl,val
582.pkl,train
583.pkl,val
584.pkl,train
585.pkl,val
586.pkl,val
587.pkl,train
588.pkl,train
589.pkl,val
590.pkl,train
591.pkl,train
592.pkl,val
593.pkl,train
594.pkl,train
595.pkl,val
596.pkl,train
597.pkl,val
598.pkl,val
599.pkl,val
600.pkl,val
601.pkl,train
602.pkl,val
603.pkl,train
604.pkl,val
605.pkl,train
606.pkl,val
607.pkl,val
608.pkl,val
609.pkl,val
610.pkl,val
611.pkl,train
612.pkl,train
613.pkl,val
614.pkl,val
615.pkl,val
616.pkl,train
617.pkl,train
618.pkl,val
619.pkl,val
620.pkl,train
621.pkl,train
622.pkl,val
623.pkl,val
624.pkl,train
625.pkl,train
626.pkl,train
627.pkl,val
628.pkl,val
629.pkl,val
630.pkl,train
631.pkl,val
632.pkl,val
633.pkl,val
634.pkl,val
635.pkl,train
636.pkl,train
637.pkl,val
638.pkl,val
639.pkl,val
640.pkl,train
641.pkl,train
642.pkl,train
643.pkl,val
644.pkl,val
645.pkl,val
646.pkl,val
647.pkl,train
648.pkl,val
649.pkl,train
650.pkl,val
651.pkl,val
652.pkl,val
653.pkl,train
654.pkl,val
655.pkl,train
656.pkl,train
657.pkl,train
658.pkl,val
659.pkl,train
660.pkl,train
661.pkl,train
662.pkl,train
663.pkl,train
664.pkl,val
665.pkl,val
666.pkl,train
667.pkl,train
668.pkl,val
669.pkl,train
670.pkl,val
671.pkl,train
672.pkl,train
673.pkl,val
674.pkl,val
675.pkl,val
676.pkl,val
677.pkl,val
678.pkl,train
679.pkl,train
680.pkl,train
681.pkl,val
682.pkl,val
683.pkl,val
684.pkl,val
685.pkl,train
686.pkl,val
687.pkl,train
688.pkl,train
689.pkl,train
690.pkl,train
691.pkl,val
692.pkl,val
693.pkl,val
694.pkl,val
695.pkl,val
696.pkl,train
697.pkl,val
698.pkl,train
699.pkl,val
700.pkl,val
701.pkl,val
702.pkl,train
703.pkl,val
704.pkl,train
705.pkl,val
706.pkl,val
707.pkl,val
708.pkl,val
709.pkl,train
710.pkl,train
711.pkl,val
712.pkl,val
713.pkl,train
714.pkl,val
715.pkl,val
716.pkl,train
717.pkl,train
718.pkl,train
719.pkl,val
720.pkl,train
721.pkl,train
722.pkl,val
723.pkl,val
724.pkl,val
725.pkl,train
726.pkl,train
727.pkl,train
728.pkl,train
729.pkl,train
730.pkl,val
731.pkl,train
732.pkl,train
733.pkl,val
734.pkl,val
735.pkl,train
736.pkl,val
737.pkl,train
738.pkl,train
739.pkl,train
740.pkl,val
741.pkl,val
742.pkl,val
743.pkl,val
744.pkl,train
745.pkl,train
746.pkl,val
747.pkl,train
748.pkl,train
749.pkl,val
750.pkl,train
751.pkl,train
752.pkl,val
753.pkl,train
754.pkl,train
755.pkl,val
756.pkl,val
757.pkl,train
758.pkl,val
759.pkl,val
760.pkl,val
761.pkl,val
762.pkl,train
763.pkl,val
764.pkl,train
765.pkl,train
766.pkl,val
767.pkl,val
768.pkl,train
769.pkl,train
770.pkl,train
771.pkl,val
772.pkl,val
773.pkl,train
774.pkl,val
775.pkl,train
776.pkl,val
777.pkl,val
778.pkl,train
779.pkl,val
780.pkl,train
781.pkl,train
782.pkl,train
783.pkl,val
784.pkl,train
785.pkl,val
786.pkl,val
787.pkl,train
788.pkl,train
789.pkl,val
790.pkl,val
791.pkl,train
792.pkl,train
793.pkl,val
794.pkl,train
795.pkl,train
796.pkl,train
797.pkl,val
798.pkl,val
799.pkl,val
800.pkl,val
801.pkl,val
802.pkl,train
803.pkl,val
804.pkl,train
805.pkl,val
806.pkl,train
807.pkl,train
808.pkl,val
809.pkl,train
810.pkl,val
811.pkl,train
812.pkl,train
813.pkl,val
814.pkl,val
815.pkl,train
816.pkl,train
817.pkl,val
818.pkl,train
819.pkl,train
820.pkl,train
821.pkl,train
822.pkl,train
823.pkl,val
824.pkl,val
825.pkl,train
826.pkl,val
827.pkl,train
828.pkl,val
829.pkl,val
830.pkl,val
831.pkl,train
832.pkl,val
833.pkl,train
834.pkl,val
835.pkl,val
836.pkl,val
837.pkl,val
838.pkl,train
839.pkl,train
840.pkl,train
841.pkl,val
842.pkl,train
843.pkl,train
844.pkl,train
845.pkl,val
846.pkl,train
847.pkl,val
848.pkl,train
849.pkl,val
850.pkl,train
851.pkl,val
852.pkl,train
853.pkl,train
854.pkl,val
855.pkl,val
856.pkl,train
857.pkl,val
858.pkl,train
859.pkl,val
860.pkl,val
861.pkl,train
862.pkl,train
863.pkl,train
864.pkl,train
865.pkl,val
866.pkl,val
867.pkl,train
868.pkl,train
869.pkl,val
870.pkl,train
871.pkl,val
872.pkl,train
873.pkl,val
874.pkl,train
875.pkl,train
876.pkl,train
877.pkl,train
878.pkl,val
879.pkl,train
880.pkl,train
881.pkl,val
882.pkl,train
883.pkl,train
884.pkl,val
885.pkl,train
886.pkl,val
887.pkl,val
888.pkl,val
889.pkl,train
890.pkl,train
891.pkl,train
892.pkl,val
893.pkl,val
894.pkl,val
895.pkl,val
896.pkl,val
897.pkl,train
898.pkl,train
899.pkl,train
900.pkl,val
901.pkl,val
902.pkl,val
903.pkl,val
904.pkl,train
905.pkl,val
906.pkl,train
907.pkl,train
908.pkl,train
909.pkl,val
910.pkl,val
911.pkl,train
912.pkl,val
913.pkl,val
914.pkl,val
915.pkl,train
916.pkl,val
917.pkl,train
918.pkl,val
919.pkl,train
920.pkl,train
921.pkl,train
922.pkl,val
923.pkl,val
924.pkl,train
925.pkl,val
926.pkl,train
927.pkl,val
928.pkl,val
929.pkl,val
930.pkl,val
931.pkl,val
932.pkl,val
933.pkl,train
934.pkl,train
935.pkl,train
936.pkl,train
937.pkl,train
938.pkl,val
939.pkl,train
940.pkl,val
941.pkl,val
942.pkl,train
943.pkl,train
944.pkl,train
945.pkl,train
946.pkl,train
947.pkl,train
948.pkl,train
949.pkl,train
950.pkl,val
951.pkl,train
952.pkl,train
953.pkl,train
954.pkl,val
955.pkl,train
956.pkl,train
957.pkl,train
958.pkl,train
959.pkl,train
960.pkl,val
961.pkl,train
962.pkl,val
963.pkl,val
964.pkl,train
965.pkl,val
966.pkl,val
967.pkl,val
968.pkl,train
969.pkl,val
970.pkl,val
971.pkl,train
972.pkl,val
973.pkl,val
974.pkl,train
975.pkl,train
976.pkl,val
977.pkl,val
978.pkl,val
979.pkl,val
980.pkl,train
981.pkl,train
982.pkl,val
983.pkl,val
984.pkl,train
985.pkl,val
986.pkl,train
987.pkl,val
988.pkl,train
989.pkl,val
990.pkl,train
991.pkl,train
992.pkl,val
993.pkl,train
994.pkl,train
995.pkl,val
996.pkl,train
997.pkl,train
998.pkl,val
999.pkl,val
1000.pkl,train
1001.pkl,train
1002.pkl,train
1003.pkl,train
1004.pkl,val
1005.pkl,val
1006.pkl,train
1007.pkl,val
1008.pkl,train
1009.pkl,train
1010.pkl,val
1011.pkl,train
1012.pkl,train
1013.pkl,val
1014.pkl,train
1015.pkl,train
1016.pkl,val
1017.pkl,val
1018.pkl,train
1019.pkl,train
1020.pkl,val
1021.pkl,val
1022.pkl,train
1023.pkl,val
1024.pkl,val
1025.pkl,val
1026.pkl,val
1027.pkl,train
1028.pkl,val
1029.pkl,val
1030.pkl,val
1031.pkl,val
1032.pkl,train
1033.pkl,val
1034.pkl,val
1035.pkl,train
1036.pkl,train
1037.pkl,train
1038.pkl,val
1039.pkl,train
1040.pkl,val
1041.pkl,val
1042.pkl,train
1043.pkl,val
1044.pkl,train
1045.pkl,val
1046.pkl,train
1047.pkl,train
1048.pkl,train
1049.pkl,train
1050.pkl,train
1051.pkl,val
1052.pkl,val
1053.pkl,train
1054.pkl,train
1055.pkl,train
1056.pkl,val
1057.pkl,train
1058.pkl,val
1059.pkl,val
1060.pkl,train
1061.pkl,val
1062.pkl,val
1063.pkl,train
1064.pkl,val
1065.pkl,val
1066.pkl,val
1067.pkl,val
1068.pkl,val
1069.pkl,train
1070.pkl,train
1071.pkl,val
1072.pkl,train
1073.pkl,val
1074.pkl,val
1075.pkl,val
1076.pkl,val
1077.pkl,val
1078.pkl,val
1079.pkl,train
1080.pkl,train
1081.pkl,train
1082.pkl,train
1083.pkl,train
1084.pkl,train
1085.pkl,val
1086.pkl,train
1087.pkl,val
1088.pkl,train
1089.pkl,val
1090.pkl,val
1091.pkl,train
1092.pkl,val
1093.pkl,val
1094.pkl,val
1095.pkl,val
1096.pkl,val
1097.pkl,train
1098.pkl,train
1099.pkl,train
1100.pkl,train
1101.pkl,train
1102.pkl,val
1103.pkl,val
1104.pkl,val
1105.pkl,train
1106.pkl,val
1107.pkl,val
1108.pkl,val
1109.pkl,train
1110.pkl,train
1111.pkl,val
1112.pkl,train
1113.pkl,val
1114.pkl,train
1115.pkl,train
1116.pkl,train
1117.pkl,train
1118.pkl,train
1119.pkl,val
1120.pkl,train
1121.pkl,val
1122.pkl,val
1123.pkl,val
1124.pkl,val
1125.pkl,val
1126.pkl,val
1127.pkl,train
1128.pkl,val
1129.pkl,train
1130.pkl,val
1131.pkl,val
1132.pkl,train
1133.pkl,val
1134.pkl,val
1135.pkl,train
1136.pkl,val
1137.pkl,train
1138.pkl,val
1139.pkl,val
1140.pkl,train
1141.pkl,val
1142.pkl,val
1143.pkl,train
1144.pkl,val
1145.pkl,val
1146.pkl,val
1147.pkl,train
1148.pkl,val
1149.pkl,val
1150.pkl,val
1151.pkl,val
1152.pkl,train
1153.pkl,train
1154.pkl,train
1155.pkl,train
1156.pkl,val
1157.pkl,val
1158.pkl,val
1159.pkl,train
1160.pkl,val
1161.pkl,val
1162.pkl,train
1163.pkl,train
1164.pkl,val
1165.pkl,train
1166.pkl,train
1167.pkl,train
1168.pkl,val
1169.pkl,train
1170.pkl,train
1171.pkl,train
1172.pkl,train
1173.pkl,train
1174.pkl,val
1175.pkl,train
1176.pkl,train
1177.pkl,val
1178.pkl,train
1179.pkl,train
1180.pkl,train
1181.pkl,val
1182.pkl,train
1183.pkl,val
1184.pkl,val
1185.pkl,val
1186.pkl,train
1187.pkl,train
1188.pkl,val
1189.pkl,train
1190.pkl,val
1191.pkl,train
1192.pkl,train
1193.pkl,train
1194.pkl,val
1195.pkl,train
1196.pkl,val
1197.pkl,train
1198.pkl,train
1199.pkl,train
1200.pkl,val
1201.pkl,val
1202.pkl,train
1203.pkl,train
1204.pkl,val
1205.pkl,val
1206.pkl,train
1207.pkl,train
1208.pkl,train
1209.pkl,train
1210.pkl,val
1211.pkl,train
1212.pkl,train
1213.pkl,train
1214.pkl,val
1215.pkl,train
1216.pkl,train
1217.pkl,train
1218.pkl,train
1219.pkl,val
1220.pkl,val
1221.pkl,train
1222.pkl,train
1223.pkl,val
1224.pkl,train
1225.pkl,train
1226.pkl,val
1227.pkl,val
1228.pkl,val
1229.pkl,val
1230.pkl,train
1231.pkl,train
1232.pkl,val
1233.pkl,train
1234.pkl,train
1235.pkl,val
1236.pkl,val
1237.pkl,train
1238.pkl,train
1239.pkl,train
1240.pkl,train
1241.pkl,val
1242.pkl,train
1243.pkl,val
1244.pkl,train
1245.pkl,val
1246.pkl,val
1247.pkl,train
1248.pkl,train
1249.pkl,val
1250.pkl,val
1251.pkl,val
1252.pkl,train
1253.pkl,val
1254.pkl,train
1255.pkl,train
1256.pkl,train
1257.pkl,train
1258.pkl,train
1259.pkl,val
1260.pkl,train
1261.pkl,val
1262.pkl,train
1263.pkl,train
1264.pkl,train
1265.pkl,val
1266.pkl,train
1267.pkl,train
1268.pkl,train
1269.pkl,train
1270.pkl,val
1271.pkl,val
1272.pkl,train
1273.pkl,train
1274.pkl,train
1275.pkl,val
1276.pkl,val
1277.pkl,train
1278.pkl,train
1279.pkl,val
1280.pkl,val
1281.pkl,val
1282.pkl,val
1283.pkl,train
1284.pkl,train
1285.pkl,train
1286.pkl,val
1287.pkl,val
1288.pkl,train
1289.pkl,val
1290.pkl,train
1291.pkl,val
1292.pkl,train
1293.pkl,val
1294.pkl,val
1295.pkl,train
1296.pkl,val
1297.pkl,val
1298.pkl,val
1299.pkl,val
1300.pkl,train
1301.pkl,val
1302.pkl,val
1303.pkl,train
1304.pkl,val
1305.pkl,val
1306.pkl,val
1307.pkl,val
1308.pkl,train
1309.pkl,train
1310.pkl,train
1311.pkl,train
1312.pkl,val
1313.pkl,train
1314.pkl,val
1315.pkl,val
1316.pkl,train
1317.pkl,val
1318.pkl,train
1319.pkl,train
1320.pkl,val
1321.pkl,val
1322.pkl,train
1323.pkl,train
1324.pkl,train
1325.pkl,val
1326.pkl,train
1327.pkl,train
1328.pkl,train
1329.pkl,train
1330.pkl,val
1331.pkl,val
1332.pkl,val
1333.pkl,train
1334.pkl,val
1335.pkl,val
1336.pkl,val
1337.pkl,val
1338.pkl,train
1339.pkl,train
1340.pkl,train
1341.pkl,train
1342.pkl,train
1343.pkl,val
1344.pkl,val
1345.pkl,val
1346.pkl,train
1347.pkl,train
1348.pkl,val
1349.pkl,train
1350.pkl,train
1351.pkl,val
1352.pkl,train
1353.pkl,train
1354.pkl,train
1355.pkl,val
1356.pkl,train
1357.pkl,val
1358.pkl,val
1359.pkl,val
1360.pkl,train
1361.pkl,val
1362.pkl,train
1363.pkl,val
1364.pkl,val
1365.pkl,train
1366.pkl,val
1367.pkl,train
1368.pkl,train
1369.pkl,train
1370.pkl,train
1371.pkl,train
1372.pkl,val
1373.pkl,train
1374.pkl,train
1375.pkl,val
1376.pkl,train
1377.pkl,val
1378.pkl,val
1379.pkl,val
1380.pkl,train
1381.pkl,val
1382.pkl,train
1383.pkl,val
1384.pkl,val
1385.pkl,train
1386.pkl,val
1387.pkl,train
1388.pkl,train
1389.pkl,val
1390.pkl,val
1391.pkl,train
1392.pkl,val
1393.pkl,val
1394.pkl,val
1395.pkl,val
1396.pkl,train
1397.pkl,train
1398.pkl,train
1399.pkl,val
1400.pkl,val
1401.pkl,train
1402.pkl,train
1403.pkl,train
1404.pkl,val
1405.pkl,val
1406.pkl,val
1407.pkl,val
1408.pkl,val
1409.pkl,train
1410.pkl,train
1411.pkl,train
1412.pkl,train
1413.pkl,val
1414.pkl,train
1415.pkl,train
1416.pkl,train
1417.pkl,val
1418.pkl,train
1419.pkl,val
1420.pkl,val
1421.pkl,train
1422.pkl,val
1423.pkl,val
1424.pkl,train
1425.pkl,val
1426.pkl,val
1427.pkl,train
1428.pkl,val
1429.pkl,val
1430.pkl,train
1431.pkl,train
1432.pkl,val
1433.pkl,val
1434.pkl,train
1435.pkl,train
1436.pkl,val
1437.pkl,val
1438.pkl,val
1439.pkl,val
1440.pkl,train
1441.pkl,train
1442.pkl,train
1443.pkl,train
1444.pkl,val
1445.pkl,val
1446.pkl,train
1447.pkl,train
1448.pkl,train
1449.pkl,val
1450.pkl,val
1451.pkl,train
1452.pkl,train
1453.pkl,train
1454.pkl,train
1455.pkl,train
1456.pkl,val
1457.pkl,val
1458.pkl,train
1459.pkl,val
1460.pkl,train
1461.pkl,val
1462.pkl,train
1463.pkl,train
1464.pkl,train
1465.pkl,val
1466.pkl,val
1467.pkl,val
1468.pkl,val
1469.pkl,train
1470.pkl,train
1471.pkl,val
1472.pkl,train
1473.pkl,val
1474.pkl,val
1475.pkl,train
1476.pkl,train
1477.pkl,val
1478.pkl,val
1479.pkl,train
1480.pkl,val
1481.pkl,train
1482.pkl,train
1483.pkl,train
1484.pkl,train
1485.pkl,train
1486.pkl,train
1487.pkl,val
1488.pkl,val
1489.pkl,val
1490.pkl,val
1491.pkl,train
1492.pkl,train
1493.pkl,val
1494.pkl,val
1495.pkl,train
1496.pkl,val
1497.pkl,val
1498.pkl,train
1499.pkl,train
1500.pkl,train
1501.pkl,val
1502.pkl,train
1503.pkl,val
1504.pkl,val
1505.pkl,val
1506.pkl,train
1507.pkl,val
1508.pkl,train
1509.pkl,val
1510.pkl,val
1511.pkl,train
1512.pkl,train
1513.pkl,val
1514.pkl,train
1515.pkl,val
1516.pkl,val
1517.pkl,train
1518.pkl,val
1519.pkl,train
1520.pkl,val
1521.pkl,val
1522.pkl,val
1523.pkl,val
1524.pkl,val
1525.pkl,train
1526.pkl,train
1527.pkl,train
1528.pkl,train
1529.pkl,train
1530.pkl,train
1531.pkl,val
1532.pkl,train
1533.pkl,train
1534.pkl,val
1535.pkl,val
1536.pkl,val
1537.pkl,train
1538.pkl,train
1539.pkl,val
1540.pkl,val
1541.pkl,val
1542.pkl,val
1543.pkl,train
1544.pkl,val
1545.pkl,val
1546.pkl,train
1547.pkl,train
1548.pkl,val
1549.pkl,train
1550.pkl,val
1551.pkl,val
1552.pkl,val
1553.pkl,val
1554.pkl,val
1555.pkl,train
1556.pkl,val
1557.pkl,train
1558.pkl,train
1559.pkl,val
1560.pkl,val
1561.pkl,val
1562.pkl,val
1563.pkl,train
1564.pkl,val
1565.pkl,train
1566.pkl,val
1567.pkl,train
1568.pkl,val
1569.pkl,train
1570.pkl,train
1571.pkl,val
1572.pkl,val
1573.pkl,train
1574.pkl,val
1575.pkl,train
1576.pkl,val
1577.pkl,train
1578.pkl,train
1579.pkl,train
1580.pkl,val
1581.pkl,train
1582.pkl,val
1583.pkl,train
1584.pkl,train
1585.pkl,train
1586.pkl,val
1587.pkl,val
1588.pkl,val
1589.pkl,train
1590.pkl,val
1591.pkl,train
1592.pkl,train
1593.pkl,train
1594.pkl,train
1595.pkl,train
1596.pkl,train
1597.pkl,train
1598.pkl,train
1599.pkl,val
1600.pkl,val
1601.pkl,train
1602.pkl,train
1603.pkl,train
1604.pkl,val
1605.pkl,train
1606.pkl,train
1607.pkl,train
1608.pkl,train
1609.pkl,val
1610.pkl,train
1611.pkl,val
1612.pkl,train
1613.pkl,train
1614.pkl,train
1615.pkl,val
1616.pkl,val
1617.pkl,val
1618.pkl,val
1619.pkl,val
1620.pkl,train
1621.pkl,val
1622.pkl,train
1623.pkl,val
1624.pkl,val
1625.pkl,val
1626.pkl,train
1627.pkl,train
1628.pkl,train
1629.pkl,train
1630.pkl,train
1631.pkl,val
1632.pkl,val
1633.pkl,val
1634.pkl,val
1635.pkl,train
1636.pkl,train
1637.pkl,train
1638.pkl,val
1639.pkl,val
1640.pkl,val
1641.pkl,train
1642.pkl,train
1643.pkl,train
1644.pkl,train
1645.pkl,train
1646.pkl,val
1647.pkl,train
1648.pkl,train
1649.pkl,val
1650.pkl,train
1651.pkl,train
1652.pkl,train
1653.pkl,train
1654.pkl,train
1655.pkl,train
1656.pkl,val
1657.pkl,val
1658.pkl,val
1659.pkl,val
1660.pkl,val
1661.pkl,train
1662.pkl,val
1663.pkl,train
1664.pkl,val
1665.pkl,val
1666.pkl,val
1667.pkl,train
1668.pkl,val
1669.pkl,val
1670.pkl,val
1671.pkl,train
1672.pkl,train
1673.pkl,val
1674.pkl,train
1675.pkl,train
1676.pkl,train
1677.pkl,train
1678.pkl,train
1679.pkl,val
1680.pkl,val
1681.pkl,val
1682.pkl,val
1683.pkl,val
1684.pkl,train
1685.pkl,train
1686.pkl,val
1687.pkl,train
1688.pkl,train
1689.pkl,val
1690.pkl,train
1691.pkl,val
1692.pkl,val
1693.pkl,val
1694.pkl,train
1695.pkl,val
1696.pkl,val
1697.pkl,train
1698.pkl,val
1699.pkl,train
1700.pkl,val
1701.pkl,val
1702.pkl,val
1703.pkl,val
1704.pkl,train
1705.pkl,train
1706.pkl,train
1707.pkl,val
1708.pkl,val
1709.pkl,val
1710.pkl,train
1711.pkl,val
1712.pkl,train
1713.pkl,val
1714.pkl,train
1715.pkl,train
1716.pkl,val
1717.pkl,train
1718.pkl,val
1719.pkl,train
1720.pkl,val
1721.pkl,val
1722.pkl,val
1723.pkl,train
1724.pkl,val
1725.pkl,val
1726.pkl,val
1727.pkl,val
1728.pkl,val
1729.pkl,train
1730.pkl,train
1731.pkl,val
1732.pkl,val
1733.pkl,train
1734.pkl,val
1735.pkl,train
1736.pkl,train
1737.pkl,train
1738.pkl,train
1739.pkl,val
1740.pkl,train
1741.pkl,val
1742.pkl,train
1743.pkl,train
1744.pkl,train
1745.pkl,train
1746.pkl,val
1747.pkl,val
1748.pkl,train
1749.pkl,train
1750.pkl,val
1751.pkl,train
1752.pkl,train
1753.pkl,val
1754.pkl,train
1755.pkl,val
1756.pkl,train
1757.pkl,val
1758.pkl,val
1759.pkl,train
1760.pkl,train
1761.pkl,train
1762.pkl,val
1763.pkl,val
1764.pkl,train
1765.pkl,train
1766.pkl,train
1767.pkl,val
1768.pkl,train
1769.pkl,train
1770.pkl,train
1771.pkl,train
1772.pkl,val
1773.pkl,train
1774.pkl,train
1775.pkl,train
1776.pkl,val
1777.pkl,train
1778.pkl,train
1779.pkl,train
1780.pkl,val
1781.pkl,train
1782.pkl,train
1783.pkl,train
1784.pkl,train
1785.pkl,train
1786.pkl,train
1787.pkl,val
1788.pkl,val
1789.pkl,val
1790.pkl,val
1791.pkl,train
1792.pkl,val
1793.pkl,val
1794.pkl,val
1795.pkl,train
1796.pkl,train
1797.pkl,val
1798.pkl,val
1799.pkl,val
1800.pkl,train
1801.pkl,train
1802.pkl,train
1803.pkl,train
1804.pkl,train
1805.pkl,val
1806.pkl,train
1807.pkl,val
1808.pkl,val
1809.pkl,train
1810.pkl,train
1811.pkl,train
1812.pkl,val
1813.pkl,val
1814.pkl,val
1815.pkl,val
1816.pkl,train
1817.pkl,train
1818.pkl,val
1819.pkl,train
1820.pkl,train
1821.pkl,train
1822.pkl,train
1823.pkl,val
1824.pkl,train
1825.pkl,train
1826.pkl,val
1827.pkl,val
1828.pkl,train
1829.pkl,train
1830.pkl,train
1831.pkl,val
1832.pkl,val
1833.pkl,val
1834.pkl,val
1835.pkl,val
1836.pkl,val
1837.pkl,val
1838.pkl,val
1839.pkl,train
1840.pkl,val
1841.pkl,train
1842.pkl,val
1843.pkl,train
1844.pkl,val
1845.pkl,train
1846.pkl,val
1847.pkl,val
1848.pkl,val
1849.pkl,val
1850.pkl,val
1851.pkl,val
1852.pkl,train
1853.pkl,train
1854.pkl,val
1855.pkl,val
1856.pkl,train
1857.pkl,train
1858.pkl,train
1859.pkl,val
1860.pkl,train
1861.pkl,train
1862.pkl,train
1863.pkl,train
1864.pkl,val
1865.pkl,train
1866.pkl,val
1867.pkl,val
1868.pkl,val
1869.pkl,train
1870.pkl,train
1871.pkl,val
1872.pkl,val
1873.pkl,val
1874.pkl,val
1875.pkl,train
1876.pkl,train
1877.pkl,train
1878.pkl,val
1879.pkl,train
1880.pkl,val
1881.pkl,train
1882.pkl,train
1883.pkl,train
1884.pkl,val
1885.pkl,val
1886.pkl,train
1887.pkl,train
1888.pkl,val
1889.pkl,val
1890.pkl,train
1891.pkl,val
1892.pkl,val
1893.pkl,val
1894.pkl,val
1895.pkl,train
1896.pkl,train
1897.pkl,val
1898.pkl,val
1899.pkl,train
1900.pkl,val
1901.pkl,train
1902.pkl,val
1903.pkl,val
1904.pkl,val
1905.pkl,train
1906.pkl,train
1907.pkl,train
1908.pkl,val
1909.pkl,val
1910.pkl,val
1911.pkl,val
1912.pkl,val
1913.pkl,val
1914.pkl,train
1915.pkl,val
1916.pkl,val
1917.pkl,val
1918.pkl,val
1919.pkl,val
1920.pkl,val
1921.pkl,train
1922.pkl,train
1923.pkl,val
1924.pkl,train
1925.pkl,train
1926.pkl,val
1927.pkl,train
1928.pkl,train
1929.pkl,train
1930.pkl,val
1931.pkl,val
1932.pkl,val
1933.pkl,val
1934.pkl,val
1935.pkl,val
1936.pkl,val
1937.pkl,val
1938.pkl,train
1939.pkl,train
1940.pkl,train
1941.pkl,val
1942.pkl,train
1943.pkl,train
1944.pkl,val
1945.pkl,val
1946.pkl,train
1947.pkl,val
1948.pkl,train
1949.pkl,val
1950.pkl,val
1951.pkl,train
1952.pkl,val
1953.pkl,val
1954.pkl,val
1955.pkl,train
1956.pkl,train
1957.pkl,train
1958.pkl,train
1959.pkl,val
1960.pkl,train
1961.pkl,train
1962.pkl,val
1963.pkl,val
1964.pkl,val
1965.pkl,val
1966.pkl,train
1967.pkl,val
1968.pkl,train
1969.pkl,val
1970.pkl,train
1971.pkl,val
1972.pkl,val
1973.pkl,train
1974.pkl,train
1975.pkl,train
1976.pkl,train
1977.pkl,val
1978.pkl,val
1979.pkl,train
1980.pkl,train
1981.pkl,train
1982.pkl,train
1983.pkl,val
1984.pkl,val
1985.pkl,train
1986.pkl,train
1987.pkl,train
1988.pkl,val
1989.pkl,train
1990.pkl,val
1991.pkl,train
1992.pkl,train
1993.pkl,val
1994.pkl,val
1995.pkl,train
1996.pkl,train
1997.pkl,val
1998.pkl,val
1999.pkl,train
2000.pkl,val
2001.pkl,val
2002.pkl,val
2003.pkl,val
2004.pkl,train
2005.pkl,val
2006.pkl,train
2007.pkl,val
2008.pkl,train
2009.pkl,val
2010.pkl,train
2011.pkl,train
2012.pkl,val
2013.pkl,train
2014.pkl,train
2015.pkl,train
2016.pkl,train
2017.pkl,train
2018.pkl,train
2019.pkl,val
2020.pkl,train
2021.pkl,train
2022.pkl,val
2023.pkl,val
2024.pkl,val
2025.pkl,val
2026.pkl,train
2027.pkl,train
2028.pkl,val
2029.pkl,train
2030.pkl,train
2031.pkl,val
2032.pkl,train
2033.pkl,val
2034.pkl,val
2035.pkl,train
2036.pkl,val
2037.pkl,train
2038.pkl,val
2039.pkl,train
2040.pkl,val
2041.pkl,val
2042.pkl,val
2043.pkl,val
2044.pkl,val
2045.pkl,train
2046.pkl,val
2047.pkl,val
2048.pkl,train
2049.pkl,val
2050.pkl,train
2051.pkl,val
2052.pkl,val
2053.pkl,train
2054.pkl,train
2055.pkl,train
2056.pkl,val
2057.pkl,val
2058.pkl,val
2059.pkl,val
2060.pkl,val
2061.pkl,val
2062.pkl,val
2063.pkl,val
2064.pkl,train
2065.pkl,val
2066.pkl,train
2067.pkl,train
2068.pkl,val
2069.pkl,val
2070.pkl,val
2071.pkl,val
2072.pkl,val
2073.pkl,train
2074.pkl,val
2075.pkl,train
2076.pkl,val
2077.pkl,train
2078.pkl,train
2079.pkl,val
2080.pkl,val
2081.pkl,train
2082.pkl,val
2083.pkl,train
2084.pkl,train
2085.pkl,val
2086.pkl,train
2087.pkl,train
2088.pkl,train
2089.pkl,train
2090.pkl,train
2091.pkl,val
2092.pkl,train
2093.pkl,val
2094.pkl,train
2095.pkl,val
2096.pkl,val
2097.pkl,train
2098.pkl,train
2099.pkl,val
2100.pkl,val
2101.pkl,val
2102.pkl,val
2103.pkl,val
2104.pkl,val
2105.pkl,train
2106.pkl,val
2107.pkl,train
2108.pkl,train
2109.pkl,train
2110.pkl,val
2111.pkl,val
2112.pkl,val
2113.pkl,train
2114.pkl,val
2115.pkl,val
2116.pkl,train
2117.pkl,val
2118.pkl,val
2119.pkl,train
2120.pkl,train
2121.pkl,val
2122.pkl,val
2123.pkl,train
2124.pkl,train
2125.pkl,val
2126.pkl,train
2127.pkl,train
2128.pkl,val
2129.pkl,train
2130.pkl,val
2131.pkl,train
2132.pkl,train
2133.pkl,train
2134.pkl,val
2135.pkl,train
2136.pkl,val
2137.pkl,train
2138.pkl,val
2139.pkl,val
2140.pkl,train
2141.pkl,val
2142.pkl,val
2143.pkl,val
2144.pkl,val
2145.pkl,train
2146.pkl,train
2147.pkl,train
2148.pkl,val
2149.pkl,val
2150.pkl,train
2151.pkl,val
2152.pkl,val
2153.pkl,val
2154.pkl,train
2155.pkl,train
2156.pkl,val
2157.pkl,train
2158.pkl,train
2159.pkl,train
2160.pkl,val
2161.pkl,val
2162.pkl,train
2163.pkl,train
2164.pkl,val
2165.pkl,train
2166.pkl,train
2167.pkl,val
2168.pkl,val
2169.pkl,val
2170.pkl,train
2171.pkl,train
2172.pkl,val
2173.pkl,train
2174.pkl,train
2175.pkl,val
2176.pkl,train
2177.pkl,train
2178.pkl,val
2179.pkl,val
2180.pkl,train
2181.pkl,val
2182.pkl,train
2183.pkl,train
2184.pkl,train
2185.pkl,val
2186.pkl,val
2187.pkl,val
2188.pkl,train
2189.pkl,val
2190.pkl,train
2191.pkl,train
2192.pkl,val
2193.pkl,train
2194.pkl,val
2195.pkl,train
2196.pkl,val
2197.pkl,val
2198.pkl,train
2199.pkl,train
2200.pkl,val
2201.pkl,train
2202.pkl,val
2203.pkl,val
2204.pkl,train
2205.pkl,train
2206.pkl,train
2207.pkl,train
2208.pkl,train
2209.pkl,train
2210.pkl,train
2211.pkl,train
2212.pkl,val
2213.pkl,val
2214.pkl,val
2215.pkl,val
2216.pkl,val
2217.pkl,val
2218.pkl,val
2219.pkl,train
2220.pkl,val
2221.pkl,train
2222.pkl,val
2223.pkl,train
2224.pkl,train
2225.pkl,train
2226.pkl,train
2227.pkl,val
2228.pkl,train
2229.pkl,val
2230.pkl,val
2231.pkl,train
2232.pkl,train
2233.pkl,val
2234.pkl,train
2235.pkl,val
2236.pkl,train
2237.pkl,train
2238.pkl,val
2239.pkl,train
2240.pkl,train
2241.pkl,val
2242.pkl,val
2243.pkl,train
2244.pkl,train
2245.pkl,train
2246.pkl,train
2247.pkl,train
2248.pkl,train
2249.pkl,val
2250.pkl,val
2251.pkl,train
2252.pkl,train
2253.pkl,train
2254.pkl,train
2255.pkl,train
2256.pkl,train
2257.pkl,val
2258.pkl,train
2259.pkl,train
2260.pkl,train
2261.pkl,val
2262.pkl,train
2263.pkl,val
2264.pkl,train
2265.pkl,train
2266.pkl,train
2267.pkl,train
2268.pkl,train
2269.pkl,train
2270.pkl,val
2271.pkl,val
2272.pkl,train
2273.pkl,val
2274.pkl,train
2275.pkl,val
2276.pkl,val
2277.pkl,val
2278.pkl,train
2279.pkl,train
2280.pkl,val
2281.pkl,val
2282.pkl,val
2283.pkl,val
2284.pkl,val
2285.pkl,val
2286.pkl,train
2287.pkl,train
2288.pkl,train
2289.pkl,train
2290.pkl,train
2291.pkl,train
2292.pkl,train
2293.pkl,val
2294.pkl,val
2295.pkl,train
2296.pkl,val
2297.pkl,train
2298.pkl,train
2299.pkl,val
2300.pkl,train
2301.pkl,train
2302.pkl,val
2303.pkl,val
2304.pkl,train
2305.pkl,train
2306.pkl,val
2307.pkl,train
2308.pkl,train
2309.pkl,train
2310.pkl,train
2311.pkl,train
2312.pkl,train
2313.pkl,val
2314.pkl,val
2315.pkl,val
2316.pkl,train
2317.pkl,val
2318.pkl,train
2319.pkl,train
2320.pkl,train
2321.pkl,val
2322.pkl,train
2323.pkl,train
2324.pkl,train
2325.pkl,train
2326.pkl,train
2327.pkl,val
2328.pkl,train
2329.pkl,train
2330.pkl,val
2331.pkl,train
2332.pkl,train
2333.pkl,val
2334.pkl,val
2335.pkl,val
2336.pkl,train
2337.pkl,val
2338.pkl,val
2339.pkl,val
2340.pkl,train
2341.pkl,val
2342.pkl,val
2343.pkl,val
2344.pkl,train
2345.pkl,train
2346.pkl,val
2347.pkl,train
2348.pkl,val
2349.pkl,train
2350.pkl,val
2351.pkl,train
2352.pkl,val
2353.pkl,train
2354.pkl,train
2355.pkl,train
2356.pkl,train
2357.pkl,train
2358.pkl,val
2359.pkl,val
2360.pkl,train
2361.pkl,val
2362.pkl,train
2363.pkl,val
2364.pkl,val
2365.pkl,train
2366.pkl,val
2367.pkl,train
2368.pkl,train
2369.pkl,val
2370.pkl,val
2371.pkl,train
2372.pkl,train
2373.pkl,train
2374.pkl,train
2375.pkl,train
2376.pkl,train
2377.pkl,train
2378.pkl,val
2379.pkl,train
2380.pkl,train
2381.pkl,val
2382.pkl,val
2383.pkl,val
2384.pkl,val
2385.pkl,train
2386.pkl,val
2387.pkl,val
2388.pkl,val
2389.pkl,train
2390.pkl,val
2391.pkl,val
2392.pkl,val
2393.pkl,train
2394.pkl,train
2395.pkl,val
2396.pkl,train
2397.pkl,train
2398.pkl,val
2399.pkl,val
2400.pkl,train
2401.pkl,train
2402.pkl,val
2403.pkl,train
2404.pkl,val
2405.pkl,train
2406.pkl,val
2407.pkl,val
2408.pkl,train
2409.pkl,val
2410.pkl,train
2411.pkl,val
2412.pkl,train
2413.pkl,train
2414.pkl,train
2415.pkl,train
2416.pkl,val
2417.pkl,train
2418.pkl,train
2419.pkl,train
2420.pkl,train
2421.pkl,train
2422.pkl,val
2423.pkl,val
2424.pkl,val
2425.pkl,val
2426.pkl,val
2427.pkl,val
2428.pkl,train
2429.pkl,train
2430.pkl,val
2431.pkl,train
2432.pkl,train
2433.pkl,train
2434.pkl,train
2435.pkl,val
2436.pkl,train
2437.pkl,val
2438.pkl,val
2439.pkl,train
2440.pkl,train
2441.pkl,train
2442.pkl,val
2443.pkl,val
2444.pkl,val
2445.pkl,train
2446.pkl,train
2447.pkl,val
2448.pkl,val
2449.pkl,val
2450.pkl,val
2451.pkl,val
2452.pkl,val
2453.pkl,train
2454.pkl,train
2455.pkl,val
2456.pkl,train
2457.pkl,val
2458.pkl,train
2459.pkl,val
2460.pkl,val
2461.pkl,train
2462.pkl,train
2463.pkl,train
2464.pkl,val
2465.pkl,val
2466.pkl,val
2467.pkl,val
2468.pkl,train
2469.pkl,train
2470.pkl,val
2471.pkl,train
2472.pkl,val
2473.pkl,val
2474.pkl,val
2475.pkl,val
2476.pkl,val
2477.pkl,train
2478.pkl,train
2479.pkl,val
2480.pkl,train
2481.pkl,val
2482.pkl,val
2483.pkl,val
2484.pkl,val
2485.pkl,train
2486.pkl,train
2487.pkl,val
2488.pkl,train
2489.pkl,train
2490.pkl,val
2491.pkl,train
2492.pkl,val
2493.pkl,train
2494.pkl,train
2495.pkl,train
2496.pkl,train
2497.pkl,train
2498.pkl,train
2499.pkl,val
2500.pkl,val
2501.pkl,train
2502.pkl,val
2503.pkl,val
2504.pkl,train
2505.pkl,train
2506.pkl,train
2507.pkl,val
2508.pkl,val
2509.pkl,val
2510.pkl,val
2511.pkl,val
2512.pkl,train
2513.pkl,val
2514.pkl,val
2515.pkl,train
2516.pkl,train
2517.pkl,train
2518.pkl,val
2519.pkl,val
2520.pkl,train
2521.pkl,train
2522.pkl,val
2523.pkl,val
2524.pkl,val
2525.pkl,train
2526.pkl,train
2527.pkl,train
2528.pkl,val
2529.pkl,train
2530.pkl,val
2531.pkl,train
2532.pkl,train
2533.pkl,train
2534.pkl,val
2535.pkl,train
2536.pkl,val
2537.pkl,val
2538.pkl,val
2539.pkl,train
2540.pkl,train
2541.pkl,val
2542.pkl,train
2543.pkl,val
2544.pkl,val
2545.pkl,train
2546.pkl,train
2547.pkl,val
2548.pkl,train
2549.pkl,train
2550.pkl,val
2551.pkl,val
2552.pkl,val
2553.pkl,train
2554.pkl,train
2555.pkl,val
2556.pkl,train
2557.pkl,train
2558.pkl,val
2559.pkl,val
2560.pkl,val
2561.pkl,val
2562.pkl,train
2563.pkl,val
2564.pkl,train
2565.pkl,val
2566.pkl,train
2567.pkl,train
2568.pkl,val
2569.pkl,val
2570.pkl,train
2571.pkl,train
2572.pkl,val
2573.pkl,train
2574.pkl,val
2575.pkl,train
2576.pkl,train
2577.pkl,val
2578.pkl,train
2579.pkl,train
2580.pkl,val
2581.pkl,train
2582.pkl,val
2583.pkl,val
2584.pkl,val
2585.pkl,val
2586.pkl,train
2587.pkl,val
2588.pkl,train
2589.pkl,val
2590.pkl,train
2591.pkl,val
2592.pkl,train
2593.pkl,train
2594.pkl,val
2595.pkl,val
2596.pkl,train
2597.pkl,train
2598.pkl,train
2599.pkl,train
2600.pkl,train
2601.pkl,train
2602.pkl,train
2603.pkl,train
2604.pkl,val
2605.pkl,val
2606.pkl,train
2607.pkl,train
2608.pkl,train
2609.pkl,val
2610.pkl,val
2611.pkl,val
2612.pkl,val
2613.pkl,val
2614.pkl,val
2615.pkl,val
2616.pkl,train
2617.pkl,val
2618.pkl,val
2619.pkl,train
2620.pkl,train
2621.pkl,train
2622.pkl,val
2623.pkl,train
2624.pkl,train
2625.pkl,val
2626.pkl,val
2627.pkl,val
2628.pkl,train
2629.pkl,val
2630.pkl,train
2631.pkl,val
2632.pkl,train
2633.pkl,train
2634.pkl,val
2635.pkl,train
2636.pkl,val
2637.pkl,train
2638.pkl,val
2639.pkl,val
2640.pkl,train
2641.pkl,train
2642.pkl,train
2643.pkl,val
2644.pkl,train
2645.pkl,train
2646.pkl,val
2647.pkl,train
2648.pkl,val
2649.pkl,val
2650.pkl,val
2651.pkl,val
2652.pkl,train
2653.pkl,train
2654.pkl,train
2655.pkl,val
2656.pkl,train
2657.pkl,val
2658.pkl,val
2659.pkl,val
2660.pkl,train
2661.pkl,val
2662.pkl,train
2663.pkl,val
2664.pkl,val
2665.pkl,train
2666.pkl,train
2667.pkl,val
2668.pkl,train
2669.pkl,val
2670.pkl,train
2671.pkl,train
2672.pkl,val
2673.pkl,val
2674.pkl,train
2675.pkl,train
2676.pkl,train
2677.pkl,train
2678.pkl,val
2679.pkl,val
2680.pkl,train
2681.pkl,val
2682.pkl,train
2683.pkl,val
2684.pkl,val
2685.pkl,val
2686.pkl,train
2687.pkl,train
2688.pkl,val
2689.pkl,val
2690.pkl,val
2691.pkl,val
2692.pkl,val
2693.pkl,val
2694.pkl,train
2695.pkl,val
2696.pkl,val
2697.pkl,train
2698.pkl,val
2699.pkl,val
2700.pkl,train
2701.pkl,train
2702.pkl,val
2703.pkl,train
2704.pkl,train
2705.pkl,train
2706.pkl,train
2707.pkl,train
2708.pkl,train
2709.pkl,train
2710.pkl,train
2711.pkl,train
2712.pkl,train
2713.pkl,train
2714.pkl,train
2715.pkl,val
2716.pkl,train
2717.pkl,train
2718.pkl,train
2719.pkl,val
2720.pkl,train
2721.pkl,train
2722.pkl,val
2723.pkl,train
2724.pkl,val
2725.pkl,val
2726.pkl,val
2727.pkl,train
2728.pkl,val
2729.pkl,val
2730.pkl,val
2731.pkl,train
2732.pkl,train
2733.pkl,val
2734.pkl,train
2735.pkl,val
2736.pkl,train
2737.pkl,val
2738.pkl,val
2739.pkl,val
2740.pkl,train
2741.pkl,val
2742.pkl,val
2743.pkl,val
2744.pkl,val
2745.pkl,val
2746.pkl,val
2747.pkl,train
2748.pkl,val
2749.pkl,val
2750.pkl,val
2751.pkl,val
2752.pkl,val
2753.pkl,val
2754.pkl,val
2755.pkl,train
2756.pkl,val
2757.pkl,train
2758.pkl,train
2759.pkl,val
2760.pkl,train
2761.pkl,train
2762.pkl,val
2763.pkl,train
2764.pkl,val
2765.pkl,val
2766.pkl,train
2767.pkl,val
2768.pkl,train
2769.pkl,val
2770.pkl,val
2771.pkl,val
2772.pkl,val
2773.pkl,val
2774.pkl,train
2775.pkl,val
2776.pkl,train
2777.pkl,train
2778.pkl,val
2779.pkl,val
2780.pkl,train
2781.pkl,train
2782.pkl,val
2783.pkl,train
2784.pkl,val
2785.pkl,val
2786.pkl,val
2787.pkl,train
2788.pkl,val
2789.pkl,train
2790.pkl,val
2791.pkl,train
2792.pkl,train
2793.pkl,val
2794.pkl,train
2795.pkl,train
2796.pkl,val
2797.pkl,train
2798.pkl,val
2799.pkl,train
2800.pkl,train
2801.pkl,train
2802.pkl,val
2803.pkl,train
2804.pkl,train
2805.pkl,val
2806.pkl,train
2807.pkl,train
2808.pkl,val
2809.pkl,val
2810.pkl,train
2811.pkl,train
2812.pkl,val
2813.pkl,train
2814.pkl,train
2815.pkl,train
2816.pkl,val
2817.pkl,train
2818.pkl,val
2819.pkl,train
2820.pkl,train
2821.pkl,train
2822.pkl,train
2823.pkl,val
2824.pkl,train
2825.pkl,val
2826.pkl,val
2827.pkl,val
2828.pkl,train
2829.pkl,train
2830.pkl,train
2831.pkl,train
2832.pkl,train
2833.pkl,train
2834.pkl,train
2835.pkl,train
2836.pkl,val
2837.pkl,train
2838.pkl,val
2839.pkl,val
2840.pkl,val
2841.pkl,val
2842.pkl,train
2843.pkl,train
2844.pkl,train
2845.pkl,train
2846.pkl,val
2847.pkl,val
2848.pkl,val
2849.pkl,val
2850.pkl,train
2851.pkl,val
2852.pkl,train
2853.pkl,val
2854.pkl,train
2855.pkl,train
2856.pkl,train
2857.pkl,val
2858.pkl,val
2859.pkl,train
2860.pkl,val
2861.pkl,val
2862.pkl,train
2863.pkl,val
2864.pkl,train
2865.pkl,val
2866.pkl,val
2867.pkl,val
2868.pkl,val
2869.pkl,val
2870.pkl,val
2871.pkl,val
2872.pkl,val
2873.pkl,val
2874.pkl,train
2875.pkl,val
2876.pkl,train
2877.pkl,val
2878.pkl,val
2879.pkl,val
2880.pkl,train
2881.pkl,val
2882.pkl,train
2883.pkl,train
2884.pkl,val
2885.pkl,val
2886.pkl,val
2887.pkl,val
2888.pkl,val
2889.pkl,val
2890.pkl,train
2891.pkl,val
2892.pkl,train
2893.pkl,val
2894.pkl,val
2895.pkl,train
2896.pkl,train
2897.pkl,train
2898.pkl,val
2899.pkl,val
2900.pkl,train
2901.pkl,train
2902.pkl,val
2903.pkl,val
2904.pkl,train
2905.pkl,val
2906.pkl,train
2907.pkl,train
2908.pkl,val
2909.pkl,train
2910.pkl,val
2911.pkl,train
2912.pkl,train
2913.pkl,val
2914.pkl,val
2915.pkl,val
2916.pkl,val
2917.pkl,val
2918.pkl,val
2919.pkl,train
2920.pkl,train
2921.pkl,train
2922.pkl,train
2923.pkl,val
2924.pkl,val
2925.pkl,val
2926.pkl,train
2927.pkl,train
2928.pkl,val
2929.pkl,train
2930.pkl,val
2931.pkl,val
2932.pkl,train
2933.pkl,val
2934.pkl,val
2935.pkl,val
2936.pkl,train
2937.pkl,train
2938.pkl,train
2939.pkl,train
2940.pkl,val
2941.pkl,val
2942.pkl,train
2943.pkl,train
2944.pkl,val
2945.pkl,train
2946.pkl,train
2947.pkl,train
2948.pkl,val
2949.pkl,train
2950.pkl,val
2951.pkl,val
2952.pkl,train
2953.pkl,train
2954.pkl,train
2955.pkl,val
2956.pkl,val
2957.pkl,train
2958.pkl,train
2959.pkl,train
2960.pkl,val
2961.pkl,train
2962.pkl,val
2963.pkl,train
2964.pkl,val
2965.pkl,val
2966.pkl,val
2967.pkl,train
2968.pkl,val
2969.pkl,val
2970.pkl,val
2971.pkl,val
2972.pkl,val
2973.pkl,val
2974.pkl,train
2975.pkl,val
2976.pkl,val
2977.pkl,train
2978.pkl,val
2979.pkl,val
2980.pkl,val
2981.pkl,val
2982.pkl,val
2983.pkl,train
2984.pkl,train
2985.pkl,val
2986.pkl,train
2987.pkl,val
2988.pkl,val
2989.pkl,val
2990.pkl,val
2991.pkl,train
2992.pkl,train
2993.pkl,val
2994.pkl,train
2995.pkl,val
2996.pkl,val
2997.pkl,val
2998.pkl,val
2999.pkl,train
3000.pkl,val
3001.pkl,val
3002.pkl,val
3003.pkl,val
3004.pkl,train
3005.pkl,train
3006.pkl,train
3007.pkl,val
3008.pkl,train
3009.pkl,val
3010.pkl,val
3011.pkl,train
3012.pkl,val
3013.pkl,val
3014.pkl,val
3015.pkl,train
3016.pkl,train
3017.pkl,train
3018.pkl,train
3019.pkl,val
3020.pkl,train
3021.pkl,train
3022.pkl,val
3023.pkl,val
3024.pkl,train
3025.pkl,val
3026.pkl,train
3027.pkl,val
3028.pkl,val
3029.pkl,val
3030.pkl,train
3031.pkl,train
3032.pkl,train
3033.pkl,train
3034.pkl,train
3035.pkl,train
3036.pkl,train
3037.pkl,train
3038.pkl,val
3039.pkl,val
3040.pkl,val
3041.pkl,train
3042.pkl,val
3043.pkl,val
3044.pkl,val
3045.pkl,train
3046.pkl,train
3047.pkl,val
3048.pkl,train
3049.pkl,train
3050.pkl,train
3051.pkl,val
3052.pkl,train
3053.pkl,train
3054.pkl,train
3055.pkl,train
3056.pkl,val
3057.pkl,train
3058.pkl,val
3059.pkl,train
3060.pkl,train
3061.pkl,val
3062.pkl,val
3063.pkl,train
3064.pkl,val
3065.pkl,train
3066.pkl,val
3067.pkl,train
3068.pkl,val
3069.pkl,train
3070.pkl,train
3071.pkl,train
3072.pkl,val
3073.pkl,train
3074.pkl,train
3075.pkl,val
3076.pkl,train
3077.pkl,val
3078.pkl,val
3079.pkl,val
3080.pkl,train
3081.pkl,train
3082.pkl,val
3083.pkl,val
3084.pkl,val
3085.pkl,train
3086.pkl,val
3087.pkl,val
3088.pkl,train
3089.pkl,val
3090.pkl,train
3091.pkl,train
3092.pkl,val
3093.pkl,val
3094.pkl,train
3095.pkl,train
3096.pkl,train
3097.pkl,train
3098.pkl,train
3099.pkl,val
3100.pkl,train
3101.pkl,val
3102.pkl,train
3103.pkl,val
3104.pkl,val
3105.pkl,train
3106.pkl,train
3107.pkl,train
3108.pkl,val
3109.pkl,train
3110.pkl,train
3111.pkl,train
3112.pkl,val
3113.pkl,train
3114.pkl,train
3115.pkl,val
3116.pkl,val
3117.pkl,train
3118.pkl,train
3119.pkl,val
3120.pkl,train
3121.pkl,val
3122.pkl,train
3123.pkl,train
3124.pkl,train
3125.pkl,val
3126.pkl,val
3127.pkl,val
3128.pkl,val
3129.pkl,val
3130.pkl,val
3131.pkl,val
3132.pkl,val
3133.pkl,train
3134.pkl,val
3135.pkl,train
3136.pkl,train
3137.pkl,train
3138.pkl,val
3139.pkl,train
3140.pkl,val
3141.pkl,train
3142.pkl,val
3143.pkl,val
3144.pkl,val
3145.pkl,val
3146.pkl,val
3147.pkl,val
3148.pkl,val
3149.pkl,val
3150.pkl,train
3151.pkl,val
3152.pkl,train
3153.pkl,train
3154.pkl,train
3155.pkl,val
3156.pkl,train
3157.pkl,val
3158.pkl,val
3159.pkl,train
3160.pkl,train
3161.pkl,val
3162.pkl,train
3163.pkl,val
3164.pkl,val
3165.pkl,train
3166.pkl,train
3167.pkl,val
3168.pkl,val
3169.pkl,train
3170.pkl,train
3171.pkl,val
3172.pkl,val
3173.pkl,val
3174.pkl,train
3175.pkl,train
3176.pkl,train
3177.pkl,train
3178.pkl,train
3179.pkl,val
3180.pkl,train
3181.pkl,val
3182.pkl,train
3183.pkl,val
3184.pkl,val
3185.pkl,val
3186.pkl,train
3187.pkl,train
3188.pkl,val
3189.pkl,val
3190.pkl,val
3191.pkl,train
3192.pkl,val
3193.pkl,train
3194.pkl,train
3195.pkl,train
3196.pkl,train
3197.pkl,train
3198.pkl,train
3199.pkl,train
3200.pkl,val
3201.pkl,val
3202.pkl,train
3203.pkl,train
3204.pkl,val
3205.pkl,val
3206.pkl,val
3207.pkl,train
3208.pkl,val
3209.pkl,train
3210.pkl,train
3211.pkl,val
3212.pkl,train
3213.pkl,val
3214.pkl,val
3215.pkl,train
3216.pkl,val
3217.pkl,train
3218.pkl,val
3219.pkl,train
3220.pkl,val
3221.pkl,val
3222.pkl,val
3223.pkl,val
3224.pkl,train
3225.pkl,val
3226.pkl,val
3227.pkl,val
3228.pkl,val
3229.pkl,train
3230.pkl,val
3231.pkl,val
3232.pkl,train
3233.pkl,train
3234.pkl,train
3235.pkl,val
3236.pkl,train
3237.pkl,val
3238.pkl,train
3239.pkl,train
3240.pkl,val
3241.pkl,train
3242.pkl,train
3243.pkl,train
3244.pkl,train
3245.pkl,val
3246.pkl,train
3247.pkl,val
3248.pkl,val
3249.pkl,val
3250.pkl,train
3251.pkl,val
3252.pkl,val
3253.pkl,val
3254.pkl,val
3255.pkl,train
3256.pkl,train
3257.pkl,train
3258.pkl,train
3259.pkl,train
3260.pkl,train
3261.pkl,val
3262.pkl,val
3263.pkl,train
3264.pkl,train
3265.pkl,train
3266.pkl,val
3267.pkl,val
3268.pkl,val
3269.pkl,train
3270.pkl,val
3271.pkl,train
3272.pkl,val
3273.pkl,train
3274.pkl,val
3275.pkl,train
3276.pkl,val
3277.pkl,train
3278.pkl,val
3279.pkl,val
3280.pkl,train
3281.pkl,val
3282.pkl,val
3283.pkl,train
3284.pkl,val
3285.pkl,train
3286.pkl,val
3287.pkl,train
3288.pkl,val
3289.pkl,train
3290.pkl,train
3291.pkl,val
3292.pkl,val
3293.pkl,train
3294.pkl,train
3295.pkl,val
3296.pkl,val
3297.pkl,train
3298.pkl,train
3299.pkl,val
3300.pkl,train
3301.pkl,val
3302.pkl,train
3303.pkl,train
3304.pkl,val
3305.pkl,train
3306.pkl,val
3307.pkl,val
3308.pkl,train
3309.pkl,train
3310.pkl,val
3311.pkl,val
3312.pkl,val
3313.pkl,val
3314.pkl,val
3315.pkl,val
3316.pkl,val
3317.pkl,train
3318.pkl,val
3319.pkl,train
3320.pkl,train
3321.pkl,train
3322.pkl,val
3323.pkl,val
3324.pkl,val
3325.pkl,train
3326.pkl,val
3327.pkl,val
3328.pkl,train
3329.pkl,val
3330.pkl,val
3331.pkl,train
3332.pkl,val
3333.pkl,train
3334.pkl,val
3335.pkl,train
3336.pkl,val
3337.pkl,val
3338.pkl,train
3339.pkl,val
3340.pkl,train
3341.pkl,val
3342.pkl,train
3343.pkl,val
3344.pkl,train
3345.pkl,train
3346.pkl,train
3347.pkl,val
3348.pkl,train
3349.pkl,train
3350.pkl,train
3351.pkl,train
3352.pkl,val
3353.pkl,train
3354.pkl,train
3355.pkl,val
3356.pkl,train
3357.pkl,val
3358.pkl,train
3359.pkl,train
3360.pkl,train
3361.pkl,val
3362.pkl,val
3363.pkl,train
3364.pkl,train
3365.pkl,val
3366.pkl,train
3367.pkl,val
3368.pkl,train
3369.pkl,train
3370.pkl,val
3371.pkl,val
3372.pkl,train
3373.pkl,val
3374.pkl,train
3375.pkl,train
3376.pkl,val
3377.pkl,val
3378.pkl,train
3379.pkl,val
3380.pkl,val
3381.pkl,train
3382.pkl,val
3383.pkl,train
3384.pkl,val
3385.pkl,val
3386.pkl,train
3387.pkl,train
3388.pkl,train
3389.pkl,train
3390.pkl,train
3391.pkl,val
3392.pkl,train
3393.pkl,val
3394.pkl,train
3395.pkl,train
3396.pkl,train
3397.pkl,train
3398.pkl,val
3399.pkl,val
3400.pkl,train
3401.pkl,train
3402.pkl,train
3403.pkl,train
3404.pkl,train
3405.pkl,train
3406.pkl,train
3407.pkl,val
3408.pkl,val
3409.pkl,train
3410.pkl,val
3411.pkl,val
3412.pkl,train
3413.pkl,val
3414.pkl,val
3415.pkl,val
3416.pkl,val
3417.pkl,val
3418.pkl,train
3419.pkl,val
3420.pkl,val
3421.pkl,val
3422.pkl,train
3423.pkl,train
3424.pkl,val
3425.pkl,train
3426.pkl,train
3427.pkl,train
3428.pkl,train
3429.pkl,train
3430.pkl,train
3431.pkl,val
3432.pkl,val
3433.pkl,train
3434.pkl,val
3435.pkl,val
3436.pkl,val
3437.pkl,val
3438.pkl,val
3439.pkl,val
3440.pkl,val
3441.pkl,val
3442.pkl,val
3443.pkl,train
3444.pkl,val
3445.pkl,train
3446.pkl,train
3447.pkl,val
3448.pkl,train
3449.pkl,val
3450.pkl,train
3451.pkl,val
3452.pkl,val
3453.pkl,train
3454.pkl,train
3455.pkl,train
3456.pkl,train
3457.pkl,val
3458.pkl,val
3459.pkl,train
3460.pkl,train
3461.pkl,train
3462.pkl,val
3463.pkl,val
3464.pkl,val
3465.pkl,val
3466.pkl,val
3467.pkl,train
3468.pkl,train
3469.pkl,val
3470.pkl,train
3471.pkl,val
3472.pkl,val
3473.pkl,train
3474.pkl,val
3475.pkl,val
3476.pkl,train
3477.pkl,val
3478.pkl,val
3479.pkl,val
3480.pkl,train
3481.pkl,val
3482.pkl,val
3483.pkl,val
3484.pkl,train
3485.pkl,train
3486.pkl,val
3487.pkl,val
3488.pkl,train
3489.pkl,val
3490.pkl,val
3491.pkl,train
3492.pkl,train
3493.pkl,val
3494.pkl,train
3495.pkl,val
3496.pkl,train
3497.pkl,train
3498.pkl,train
3499.pkl,val
3500.pkl,val
3501.pkl,train
3502.pkl,train
3503.pkl,train
3504.pkl,val
3505.pkl,val
3506.pkl,val
3507.pkl,train
3508.pkl,val
3509.pkl,val
3510.pkl,val
3511.pkl,train
3512.pkl,val
3513.pkl,val
3514.pkl,train
3515.pkl,train
3516.pkl,train
3517.pkl,val
3518.pkl,val
3519.pkl,val
3520.pkl,train
3521.pkl,train
3522.pkl,val
3523.pkl,train
3524.pkl,train
3525.pkl,val
3526.pkl,val
3527.pkl,val
3528.pkl,train
3529.pkl,train
3530.pkl,train
3531.pkl,val
3532.pkl,train
3533.pkl,train
3534.pkl,train
3535.pkl,val
3536.pkl,train
3537.pkl,val
3538.pkl,val
3539.pkl,train
3540.pkl,val
3541.pkl,train
3542.pkl,train
3543.pkl,val
3544.pkl,val
3545.pkl,train
3546.pkl,train
3547.pkl,val
3548.pkl,val
3549.pkl,train
3550.pkl,val
3551.pkl,val
3552.pkl,val
3553.pkl,train
3554.pkl,train
3555.pkl,train
3556.pkl,val
3557.pkl,val
3558.pkl,train
3559.pkl,train
3560.pkl,val
3561.pkl,val
3562.pkl,val
3563.pkl,val
3564.pkl,val
3565.pkl,train
3566.pkl,val
3567.pkl,val
3568.pkl,train
3569.pkl,val
3570.pkl,train
3571.pkl,val
3572.pkl,val
3573.pkl,val
3574.pkl,val
3575.pkl,train
3576.pkl,val
3577.pkl,train
3578.pkl,val
3579.pkl,train
3580.pkl,val
3581.pkl,train
3582.pkl,val
3583.pkl,val
3584.pkl,val
3585.pkl,train
3586.pkl,val
3587.pkl,train
3588.pkl,train
3589.pkl,val
3590.pkl,val
3591.pkl,train
3592.pkl,val
3593.pkl,train
3594.pkl,train
3595.pkl,val
3596.pkl,train
3597.pkl,train
3598.pkl,val
3599.pkl,val
3600.pkl,train
3601.pkl,train
3602.pkl,train
3603.pkl,train
3604.pkl,train
3605.pkl,train
3606.pkl,val
3607.pkl,train
3608.pkl,val
3609.pkl,train
3610.pkl,train
3611.pkl,train
3612.pkl,val
3613.pkl,train
3614.pkl,val
3615.pkl,train
3616.pkl,train
3617.pkl,val
3618.pkl,val
3619.pkl,val
3620.pkl,train
3621.pkl,train
3622.pkl,train
3623.pkl,train
3624.pkl,val
3625.pkl,val
3626.pkl,val
3627.pkl,val
3628.pkl,train
3629.pkl,val
3630.pkl,train
3631.pkl,val
3632.pkl,val
3633.pkl,val
3634.pkl,train
3635.pkl,val
3636.pkl,train
3637.pkl,train
3638.pkl,train
3639.pkl,val
3640.pkl,train
3641.pkl,train
3642.pkl,val
3643.pkl,train
3644.pkl,val
3645.pkl,train
3646.pkl,val
3647.pkl,val
3648.pkl,train
3649.pkl,train
3650.pkl,train
3651.pkl,train
3652.pkl,val
3653.pkl,train
3654.pkl,train
3655.pkl,train
3656.pkl,val
3657.pkl,val
3658.pkl,train
3659.pkl,val
3660.pkl,val
3661.pkl,val
3662.pkl,train
3663.pkl,val
3664.pkl,val
3665.pkl,val
3666.pkl,val
3667.pkl,val
3668.pkl,val
3669.pkl,val
3670.pkl,train
3671.pkl,val
3672.pkl,val
3673.pkl,val
3674.pkl,val
3675.pkl,val
3676.pkl,train
3677.pkl,val
3678.pkl,train
3679.pkl,train
3680.pkl,val
3681.pkl,val
3682.pkl,train
3683.pkl,val
3684.pkl,train
3685.pkl,train
3686.pkl,val
3687.pkl,val
3688.pkl,train
3689.pkl,train
3690.pkl,train
3691.pkl,val
3692.pkl,train
3693.pkl,val
3694.pkl,train
3695.pkl,val
3696.pkl,train
3697.pkl,train
3698.pkl,val
3699.pkl,val
3700.pkl,train
3701.pkl,train
3702.pkl,val
3703.pkl,val
3704.pkl,train
3705.pkl,train
3706.pkl,train
3707.pkl,val
3708.pkl,train
3709.pkl,val
3710.pkl,train
3711.pkl,train
3712.pkl,val
3713.pkl,val
3714.pkl,train
3715.pkl,val
3716.pkl,val
3717.pkl,train
3718.pkl,train
3719.pkl,val
3720.pkl,val
3721.pkl,train
3722.pkl,train
3723.pkl,train
3724.pkl,train
3725.pkl,val
3726.pkl,train
3727.pkl,val
3728.pkl,val
3729.pkl,val
3730.pkl,train
3731.pkl,train
3732.pkl,train
3733.pkl,train
3734.pkl,train
3735.pkl,train
3736.pkl,val
3737.pkl,val
3738.pkl,val
3739.pkl,val
3740.pkl,train
3741.pkl,train
3742.pkl,train
3743.pkl,val
3744.pkl,train
3745.pkl,train
3746.pkl,val
3747.pkl,train
3748.pkl,train
3749.pkl,val
3750.pkl,val
3751.pkl,val
3752.pkl,val
3753.pkl,train
3754.pkl,train
3755.pkl,train
3756.pkl,val
3757.pkl,val
3758.pkl,train
3759.pkl,val
3760.pkl,train
3761.pkl,train
3762.pkl,val
3763.pkl,train
3764.pkl,val
3765.pkl,val
3766.pkl,train
3767.pkl,train
3768.pkl,val
3769.pkl,val
3770.pkl,train
3771.pkl,val
3772.pkl,train
3773.pkl,val
3774.pkl,train
3775.pkl,val
3776.pkl,val
3777.pkl,train
3778.pkl,train
3779.pkl,train
3780.pkl,train
3781.pkl,val
3782.pkl,val
3783.pkl,val
3784.pkl,train
3785.pkl,train
3786.pkl,train
3787.pkl,train
3788.pkl,val
3789.pkl,val
3790.pkl,val
3791.pkl,train
3792.pkl,train
3793.pkl,train
3794.pkl,val
3795.pkl,train
3796.pkl,val
3797.pkl,val
3798.pkl,train
3799.pkl,train
3800.pkl,train
3801.pkl,val
3802.pkl,train
3803.pkl,val
3804.pkl,train
3805.pkl,train
3806.pkl,train
3807.pkl,val
3808.pkl,train
3809.pkl,train
3810.pkl,train
3811.pkl,train
3812.pkl,train
3813.pkl,val
3814.pkl,train
3815.pkl,train
3816.pkl,train
3817.pkl,train
3818.pkl,train
3819.pkl,train
3820.pkl,val
3821.pkl,train
3822.pkl,train
3823.pkl,train
3824.pkl,train
3825.pkl,val
3826.pkl,val
3827.pkl,train
3828.pkl,val
3829.pkl,train
3830.pkl,val
3831.pkl,train
3832.pkl,val
3833.pkl,val
3834.pkl,val
3835.pkl,train
3836.pkl,train
3837.pkl,train
3838.pkl,train
3839.pkl,val
3840.pkl,train
3841.pkl,val
3842.pkl,val
3843.pkl,val
3844.pkl,train
3845.pkl,train
3846.pkl,train
3847.pkl,train
3848.pkl,train
3849.pkl,val
3850.pkl,val
3851.pkl,train
3852.pkl,val
3853.pkl,train
3854.pkl,val
3855.pkl,train
3856.pkl,train
3857.pkl,train
3858.pkl,val
3859.pkl,train
3860.pkl,val
3861.pkl,val
3862.pkl,val
3863.pkl,val
3864.pkl,train
3865.pkl,val
3866.pkl,val
3867.pkl,train
3868.pkl,val
3869.pkl,train
3870.pkl,train
3871.pkl,train
3872.pkl,train
3873.pkl,train
3874.pkl,train
3875.pkl,val
3876.pkl,val
3877.pkl,val
3878.pkl,train
3879.pkl,val
3880.pkl,train
3881.pkl,val
3882.pkl,val
3883.pkl,train
3884.pkl,val
3885.pkl,val
3886.pkl,train
3887.pkl,val
3888.pkl,train
3889.pkl,train
3890.pkl,val
3891.pkl,val
3892.pkl,val
3893.pkl,train
3894.pkl,train
3895.pkl,train
3896.pkl,train
3897.pkl,train
3898.pkl,train
3899.pkl,train
3900.pkl,val
3901.pkl,train
3902.pkl,val
3903.pkl,val
3904.pkl,val
3905.pkl,val
3906.pkl,val
3907.pkl,train
3908.pkl,val
3909.pkl,val
3910.pkl,val
3911.pkl,val
3912.pkl,train
3913.pkl,val
3914.pkl,train
3915.pkl,train
3916.pkl,val
3917.pkl,val
3918.pkl,val
3919.pkl,train
3920.pkl,train
3921.pkl,train
3922.pkl,train
3923.pkl,train
3924.pkl,val
3925.pkl,val
3926.pkl,val
3927.pkl,val
3928.pkl,val
3929.pkl,train
3930.pkl,val
3931.pkl,val
3932.pkl,val
3933.pkl,train
3934.pkl,val
3935.pkl,val
3936.pkl,val
3937.pkl,train
3938.pkl,train
3939.pkl,val
3940.pkl,train
3941.pkl,val
3942.pkl,train
3943.pkl,val
3944.pkl,train
3945.pkl,val
3946.pkl,train
3947.pkl,val
3948.pkl,val
3949.pkl,val
3950.pkl,val
3951.pkl,train
3952.pkl,val
3953.pkl,train
3954.pkl,val
3955.pkl,train
3956.pkl,train
3957.pkl,train
3958.pkl,val
3959.pkl,train
3960.pkl,train
3961.pkl,val
3962.pkl,val
3963.pkl,val
3964.pkl,val
3965.pkl,train
3966.pkl,train
3967.pkl,train
3968.pkl,val
3969.pkl,val
3970.pkl,train
3971.pkl,train
3972.pkl,val
3973.pkl,val
3974.pkl,train
3975.pkl,val
3976.pkl,train
3977.pkl,val
3978.pkl,val
3979.pkl,train
3980.pkl,train
3981.pkl,train
3982.pkl,val
3983.pkl,val
3984.pkl,val
3985.pkl,val
3986.pkl,val
3987.pkl,train
3988.pkl,val
3989.pkl,val
3990.pkl,train
3991.pkl,val
3992.pkl,val
3993.pkl,val
3994.pkl,val
3995.pkl,train
3996.pkl,val
3997.pkl,train
3998.pkl,train
3999.pkl,train
4000.pkl,train
4001.pkl,val
4002.pkl,train
4003.pkl,val
4004.pkl,val
4005.pkl,val
4006.pkl,val
4007.pkl,val
4008.pkl,train
4009.pkl,val
4010.pkl,train
4011.pkl,val
4012.pkl,val
4013.pkl,train
4014.pkl,val
4015.pkl,val
4016.pkl,train
4017.pkl,train
4018.pkl,train
4019.pkl,train
4020.pkl,val
4021.pkl,train
4022.pkl,train
4023.pkl,train
4024.pkl,val
4025.pkl,val
4026.pkl,val
4027.pkl,train
4028.pkl,val
4029.pkl,val
4030.pkl,train
4031.pkl,val
4032.pkl,val
4033.pkl,train
4034.pkl,train
4035.pkl,train
4036.pkl,train
4037.pkl,train
4038.pkl,val
4039.pkl,val
4040.pkl,train
4041.pkl,val
4042.pkl,train
4043.pkl,train
4044.pkl,val
4045.pkl,train
4046.pkl,train
4047.pkl,val
4048.pkl,train
4049.pkl,train
4050.pkl,train
4051.pkl,train
4052.pkl,train
4053.pkl,train
4054.pkl,val
4055.pkl,val
4056.pkl,train
4057.pkl,train
4058.pkl,val
4059.pkl,val
4060.pkl,train
4061.pkl,train
4062.pkl,train
4063.pkl,val
4064.pkl,train
4065.pkl,val
4066.pkl,train
4067.pkl,train
4068.pkl,train
4069.pkl,train
4070.pkl,train
4071.pkl,val
4072.pkl,train
4073.pkl,val
4074.pkl,train
4075.pkl,val
4076.pkl,train
4077.pkl,val
4078.pkl,train
4079.pkl,train
4080.pkl,val
4081.pkl,val
4082.pkl,train
4083.pkl,train
4084.pkl,val
4085.pkl,train
4086.pkl,train
4087.pkl,train
4088.pkl,val
4089.pkl,val
4090.pkl,val
4091.pkl,train
4092.pkl,val
4093.pkl,train
4094.pkl,train
4095.pkl,train
4096.pkl,train
4097.pkl,train
4098.pkl,train
4099.pkl,val
4100.pkl,val
4101.pkl,train
4102.pkl,val
4103.pkl,train
4104.pkl,train
4105.pkl,train
4106.pkl,val
4107.pkl,train
4108.pkl,val
4109.pkl,train
4110.pkl,val
4111.pkl,train
4112.pkl,train
4113.pkl,val
4114.pkl,val
4115.pkl,val
4116.pkl,val
4117.pkl,val
4118.pkl,val
4119.pkl,val
4120.pkl,train
4121.pkl,val
4122.pkl,train
4123.pkl,val
4124.pkl,val
4125.pkl,val
4126.pkl,val
4127.pkl,train
4128.pkl,val
4129.pkl,val
4130.pkl,val
4131.pkl,train
4132.pkl,train
4133.pkl,train
4134.pkl,train
4135.pkl,val
4136.pkl,val
4137.pkl,train
4138.pkl,train
4139.pkl,val
4140.pkl,val
4141.pkl,train
4142.pkl,val
4143.pkl,val
4144.pkl,val
4145.pkl,val
4146.pkl,val
4147.pkl,val
4148.pkl,train
4149.pkl,val
4150.pkl,val
4151.pkl,val
4152.pkl,val
4153.pkl,train
4154.pkl,train
4155.pkl,val
4156.pkl,val
4157.pkl,val
4158.pkl,val
4159.pkl,val
4160.pkl,val
4161.pkl,val
4162.pkl,val
4163.pkl,val
4164.pkl,train
4165.pkl,val
4166.pkl,val
4167.pkl,train
4168.pkl,val
4169.pkl,val
4170.pkl,train
4171.pkl,val
4172.pkl,val
4173.pkl,train
4174.pkl,train
4175.pkl,val
4176.pkl,val
4177.pkl,train
4178.pkl,val
4179.pkl,val
4180.pkl,val
4181.pkl,train
4182.pkl,train
4183.pkl,val
4184.pkl,train
4185.pkl,val
4186.pkl,val
4187.pkl,val
4188.pkl,train
4189.pkl,val
4190.pkl,train
4191.pkl,val
4192.pkl,val
4193.pkl,train
4194.pkl,train
4195.pkl,train
4196.pkl,val
4197.pkl,val
4198.pkl,train
4199.pkl,val
4200.pkl,val
4201.pkl,train
4202.pkl,train
4203.pkl,train
4204.pkl,train
4205.pkl,val
4206.pkl,train
4207.pkl,train
4208.pkl,train
4209.pkl,val
4210.pkl,train
4211.pkl,val
4212.pkl,train
4213.pkl,train
4214.pkl,train
4215.pkl,train
4216.pkl,train
4217.pkl,train
4218.pkl,val
4219.pkl,train
4220.pkl,train
4221.pkl,val
4222.pkl,val
4223.pkl,train
4224.pkl,train
4225.pkl,val
4226.pkl,train
4227.pkl,train
4228.pkl,val
4229.pkl,train
4230.pkl,train
4231.pkl,train
4232.pkl,train
4233.pkl,train
4234.pkl,val
4235.pkl,train
4236.pkl,val
4237.pkl,val
4238.pkl,val
4239.pkl,val
4240.pkl,val
4241.pkl,train
4242.pkl,train
4243.pkl,val
4244.pkl,val
4245.pkl,train
4246.pkl,train
4247.pkl,val
4248.pkl,train
4249.pkl,val
4250.pkl,train
4251.pkl,val
4252.pkl,val
4253.pkl,train
4254.pkl,val
4255.pkl,val
4256.pkl,val
4257.pkl,val
4258.pkl,train
4259.pkl,val
4260.pkl,val
4261.pkl,val
4262.pkl,train
4263.pkl,val
4264.pkl,train
4265.pkl,train
4266.pkl,train
4267.pkl,val
4268.pkl,val
4269.pkl,train
4270.pkl,val
4271.pkl,val
4272.pkl,train
4273.pkl,train
4274.pkl,train
4275.pkl,train
4276.pkl,train
4277.pkl,val
4278.pkl,val
4279.pkl,val
4280.pkl,val
4281.pkl,val
4282.pkl,val
4283.pkl,val
4284.pkl,val
4285.pkl,train
4286.pkl,val
4287.pkl,train
4288.pkl,train
4289.pkl,val
4290.pkl,val
4291.pkl,train
4292.pkl,val
4293.pkl,train
4294.pkl,val
4295.pkl,train
4296.pkl,val
4297.pkl,train
4298.pkl,train
4299.pkl,train
4300.pkl,val
4301.pkl,train
4302.pkl,val
4303.pkl,train
4304.pkl,val
4305.pkl,train
4306.pkl,val
4307.pkl,train
4308.pkl,val
4309.pkl,val
4310.pkl,val
4311.pkl,val
4312.pkl,train
4313.pkl,train
4314.pkl,train
4315.pkl,val
4316.pkl,train
4317.pkl,val
4318.pkl,train
4319.pkl,val
4320.pkl,train
4321.pkl,train
4322.pkl,val
4323.pkl,train
4324.pkl,val
4325.pkl,train
4326.pkl,val
4327.pkl,val
4328.pkl,train
4329.pkl,val
4330.pkl,train
4331.pkl,val
4332.pkl,val
4333.pkl,val
4334.pkl,val
4335.pkl,train
4336.pkl,train
4337.pkl,val
4338.pkl,train
4339.pkl,val
4340.pkl,val
4341.pkl,val
4342.pkl,train
4343.pkl,train
4344.pkl,train
4345.pkl,train
4346.pkl,val
4347.pkl,val
4348.pkl,train
4349.pkl,val
4350.pkl,train
4351.pkl,train
4352.pkl,val
4353.pkl,train
4354.pkl,train
4355.pkl,train
4356.pkl,train
4357.pkl,train
4358.pkl,val
4359.pkl,train
4360.pkl,train
4361.pkl,val
4362.pkl,train
4363.pkl,train
4364.pkl,val
4365.pkl,train
4366.pkl,val
4367.pkl,train
4368.pkl,train
4369.pkl,val
4370.pkl,train
4371.pkl,train
4372.pkl,val
4373.pkl,train
4374.pkl,val
4375.pkl,val
4376.pkl,val
4377.pkl,val
4378.pkl,val
4379.pkl,val
4380.pkl,train
4381.pkl,train
4382.pkl,train
4383.pkl,val
4384.pkl,val
4385.pkl,val
4386.pkl,val
4387.pkl,val
4388.pkl,val
4389.pkl,val
4390.pkl,val
4391.pkl,val
4392.pkl,val
4393.pkl,train
4394.pkl,val
4395.pkl,val
4396.pkl,train
4397.pkl,train
4398.pkl,val
4399.pkl,val
4400.pkl,val
4401.pkl,val
4402.pkl,val
4403.pkl,val
4404.pkl,val
4405.pkl,train
4406.pkl,val
4407.pkl,train
4408.pkl,val
4409.pkl,val
4410.pkl,val
4411.pkl,val
4412.pkl,val
4413.pkl,train
4414.pkl,val
4415.pkl,val
4416.pkl,train
4417.pkl,val
4418.pkl,train
4419.pkl,train
4420.pkl,train
4421.pkl,train
4422.pkl,val
4423.pkl,train
4424.pkl,val
4425.pkl,val
4426.pkl,val
4427.pkl,val
4428.pkl,val
4429.pkl,train
4430.pkl,train
4431.pkl,train
4432.pkl,train
4433.pkl,train
4434.pkl,val
4435.pkl,val
4436.pkl,train
4437.pkl,val
4438.pkl,val
4439.pkl,train
4440.pkl,val
4441.pkl,val
4442.pkl,val
4443.pkl,train
4444.pkl,val
4445.pkl,val
4446.pkl,train
4447.pkl,train
4448.pkl,train
4449.pkl,val
4450.pkl,train
4451.pkl,train
4452.pkl,val
4453.pkl,val
4454.pkl,val
4455.pkl,train
4456.pkl,val
4457.pkl,train
4458.pkl,train
4459.pkl,val
4460.pkl,train
4461.pkl,train
4462.pkl,train
4463.pkl,val
4464.pkl,train
4465.pkl,train
4466.pkl,val
4467.pkl,val
4468.pkl,val
4469.pkl,train
4470.pkl,val
4471.pkl,val
4472.pkl,val
4473.pkl,train
4474.pkl,val
4475.pkl,val
4476.pkl,train
4477.pkl,train
4478.pkl,val
4479.pkl,train
4480.pkl,train
4481.pkl,train
4482.pkl,val
4483.pkl,val
4484.pkl,val
4485.pkl,train
4486.pkl,val
4487.pkl,val
4488.pkl,train
4489.pkl,train
4490.pkl,val
4491.pkl,train
4492.pkl,train
4493.pkl,train
4494.pkl,train
4495.pkl,val
4496.pkl,val
4497.pkl,train
4498.pkl,val
4499.pkl,train
4500.pkl,train
4501.pkl,train
4502.pkl,train
4503.pkl,val
4504.pkl,train
4505.pkl,val
4506.pkl,val
4507.pkl,val
4508.pkl,val
4509.pkl,train
4510.pkl,val
4511.pkl,val
4512.pkl,train
4513.pkl,val
4514.pkl,val
4515.pkl,train
4516.pkl,train
4517.pkl,val
4518.pkl,train
4519.pkl,val
4520.pkl,val
4521.pkl,train
4522.pkl,train
4523.pkl,val
4524.pkl,train
4525.pkl,train
4526.pkl,train
4527.pkl,train
4528.pkl,val
4529.pkl,train
4530.pkl,val
4531.pkl,train
4532.pkl,val
4533.pkl,val
4534.pkl,train
4535.pkl,val
4536.pkl,train
4537.pkl,val
4538.pkl,val
4539.pkl,val
4540.pkl,train
4541.pkl,train
4542.pkl,train
4543.pkl,train
4544.pkl,train
4545.pkl,train
4546.pkl,train
4547.pkl,val
4548.pkl,val
4549.pkl,val
4550.pkl,val
4551.pkl,val
4552.pkl,train
4553.pkl,train
4554.pkl,val
4555.pkl,train
4556.pkl,train
4557.pkl,train
4558.pkl,val
4559.pkl,val
4560.pkl,val
4561.pkl,val
4562.pkl,train
4563.pkl,val
4564.pkl,train
4565.pkl,train
4566.pkl,train
4567.pkl,train
4568.pkl,train
4569.pkl,train
4570.pkl,val
4571.pkl,train
4572.pkl,val
4573.pkl,val
4574.pkl,val
4575.pkl,val
4576.pkl,val
4577.pkl,val
4578.pkl,train
4579.pkl,val
4580.pkl,train
4581.pkl,train
4582.pkl,val
4583.pkl,val
4584.pkl,train
4585.pkl,val
4586.pkl,val
4587.pkl,train
4588.pkl,train
4589.pkl,train
4590.pkl,train
4591.pkl,train
4592.pkl,train
4593.pkl,train
4594.pkl,val
4595.pkl,train
4596.pkl,train
4597.pkl,train
4598.pkl,train
4599.pkl,train
4600.pkl,train
4601.pkl,train
4602.pkl,train
4603.pkl,train
4604.pkl,train
4605.pkl,val
4606.pkl,train
4607.pkl,train
4608.pkl,train
4609.pkl,train
4610.pkl,train
4611.pkl,val
4612.pkl,val
4613.pkl,val
4614.pkl,val
4615.pkl,train
4616.pkl,val
4617.pkl,val
4618.pkl,train
4619.pkl,train
4620.pkl,train
4621.pkl,val
4622.pkl,val
4623.pkl,train
4624.pkl,val
4625.pkl,val
4626.pkl,train
4627.pkl,val
4628.pkl,train
4629.pkl,train
4630.pkl,val
4631.pkl,val
4632.pkl,train
4633.pkl,val
4634.pkl,val
4635.pkl,train
4636.pkl,train
4637.pkl,val
4638.pkl,train
4639.pkl,train
4640.pkl,train
4641.pkl,val
4642.pkl,train
4643.pkl,val
4644.pkl,val
4645.pkl,val
4646.pkl,train
4647.pkl,val
4648.pkl,val
4649.pkl,train
4650.pkl,val
4651.pkl,train
4652.pkl,val
4653.pkl,val
4654.pkl,val
4655.pkl,val
4656.pkl,val
4657.pkl,train
4658.pkl,train
4659.pkl,train
4660.pkl,val
4661.pkl,val
4662.pkl,val
4663.pkl,train
4664.pkl,val
4665.pkl,train
4666.pkl,train
4667.pkl,val
4668.pkl,val
4669.pkl,train
4670.pkl,val
4671.pkl,train
4672.pkl,train
4673.pkl,train
4674.pkl,val
4675.pkl,val
4676.pkl,val
4677.pkl,train
4678.pkl,val
4679.pkl,val
4680.pkl,train
4681.pkl,val
4682.pkl,train
4683.pkl,train
4684.pkl,train
4685.pkl,train
4686.pkl,train
4687.pkl,train
4688.pkl,train
4689.pkl,train
4690.pkl,train
4691.pkl,val
4692.pkl,train
4693.pkl,train
4694.pkl,train
4695.pkl,val
4696.pkl,val
4697.pkl,val
4698.pkl,train
4699.pkl,train
4700.pkl,val
4701.pkl,val
4702.pkl,train
4703.pkl,train
4704.pkl,train
4705.pkl,train
4706.pkl,train
4707.pkl,val
4708.pkl,train
4709.pkl,train
4710.pkl,train
4711.pkl,train
4712.pkl,val
4713.pkl,train
4714.pkl,val
4715.pkl,train
4716.pkl,val
4717.pkl,train
4718.pkl,train
4719.pkl,val
4720.pkl,val
4721.pkl,val
4722.pkl,train
4723.pkl,val
4724.pkl,train
4725.pkl,val
4726.pkl,val
4727.pkl,train
4728.pkl,train
4729.pkl,val
4730.pkl,train
4731.pkl,val
4732.pkl,val
4733.pkl,val
4734.pkl,train
4735.pkl,train
4736.pkl,train
4737.pkl,train
4738.pkl,train
4739.pkl,train
4740.pkl,train
4741.pkl,val
4742.pkl,train
4743.pkl,val
4744.pkl,val
4745.pkl,val
4746.pkl,train
4747.pkl,train
4748.pkl,train
4749.pkl,val
4750.pkl,val
4751.pkl,train
4752.pkl,train
4753.pkl,val
4754.pkl,val
4755.pkl,train
4756.pkl,train
4757.pkl,val
4758.pkl,val
4759.pkl,train
4760.pkl,val
4761.pkl,val
4762.pkl,train
4763.pkl,val
4764.pkl,train
4765.pkl,val
4766.pkl,train
4767.pkl,val
4768.pkl,train
4769.pkl,val
4770.pkl,val
4771.pkl,val
4772.pkl,val
4773.pkl,val
4774.pkl,train
4775.pkl,val
4776.pkl,val
4777.pkl,train
4778.pkl,val
4779.pkl,train
4780.pkl,train
4781.pkl,val
4782.pkl,val
4783.pkl,val
4784.pkl,train
4785.pkl,val
4786.pkl,val
4787.pkl,val
4788.pkl,train
4789.pkl,val
4790.pkl,train
4791.pkl,train
4792.pkl,train
4793.pkl,val
4794.pkl,val
4795.pkl,train
4796.pkl,val
4797.pkl,train
4798.pkl,val
4799.pkl,train
4800.pkl,val
4801.pkl,val
4802.pkl,train
4803.pkl,val
4804.pkl,train
4805.pkl,train
4806.pkl,train
4807.pkl,train
4808.pkl,val
4809.pkl,train
4810.pkl,train
4811.pkl,val
4812.pkl,train
4813.pkl,val
4814.pkl,train
4815.pkl,train
4816.pkl,val
4817.pkl,val
4818.pkl,val
4819.pkl,train
4820.pkl,train
4821.pkl,val
4822.pkl,val
4823.pkl,train
4824.pkl,val
4825.pkl,train
4826.pkl,train
4827.pkl,train
4828.pkl,val
4829.pkl,val
4830.pkl,val
4831.pkl,val
4832.pkl,val
4833.pkl,val
4834.pkl,val
4835.pkl,train
4836.pkl,train
4837.pkl,train
4838.pkl,val
4839.pkl,train
4840.pkl,val
4841.pkl,train
4842.pkl,val
4843.pkl,val
4844.pkl,val
4845.pkl,train
4846.pkl,train
4847.pkl,val
4848.pkl,val
4849.pkl,val
4850.pkl,val
4851.pkl,val
4852.pkl,train
4853.pkl,val
4854.pkl,val
4855.pkl,val
4856.pkl,train
4857.pkl,train
4858.pkl,val
4859.pkl,train
4860.pkl,val
4861.pkl,train
4862.pkl,val
4863.pkl,train
4864.pkl,train
4865.pkl,train
4866.pkl,train
4867.pkl,train
4868.pkl,train
4869.pkl,train
4870.pkl,train
4871.pkl,val
4872.pkl,val
4873.pkl,val
4874.pkl,train
4875.pkl,val
4876.pkl,val
4877.pkl,val
4878.pkl,val
4879.pkl,val
4880.pkl,val
4881.pkl,train
4882.pkl,train
4883.pkl,val
4884.pkl,val
4885.pkl,train
4886.pkl,train
4887.pkl,train
4888.pkl,train
4889.pkl,train
4890.pkl,val
4891.pkl,val
4892.pkl,val
4893.pkl,train
4894.pkl,val
4895.pkl,train
4896.pkl,train
4897.pkl,train
4898.pkl,train
4899.pkl,train
4900.pkl,val
4901.pkl,train
4902.pkl,train
4903.pkl,val
4904.pkl,val
4905.pkl,train
4906.pkl,val
4907.pkl,val
4908.pkl,train
4909.pkl,train
4910.pkl,train
4911.pkl,val
4912.pkl,train
4913.pkl,train
4914.pkl,val
4915.pkl,val
4916.pkl,train
4917.pkl,val
4918.pkl,val
4919.pkl,val
4920.pkl,train
4921.pkl,train
4922.pkl,val
4923.pkl,val
4924.pkl,val
4925.pkl,train
4926.pkl,val
4927.pkl,train
4928.pkl,train
4929.pkl,train
4930.pkl,train
4931.pkl,val
4932.pkl,train
4933.pkl,train
4934.pkl,val
4935.pkl,train
4936.pkl,val
4937.pkl,val
4938.pkl,val
4939.pkl,train
4940.pkl,val
4941.pkl,val
4942.pkl,val
4943.pkl,train
4944.pkl,val
4945.pkl,train
4946.pkl,train
4947.pkl,train
4948.pkl,val
4949.pkl,val
4950.pkl,train
4951.pkl,val
4952.pkl,val
4953.pkl,train
4954.pkl,train
4955.pkl,train
4956.pkl,train
4957.pkl,train
4958.pkl,train
4959.pkl,train
4960.pkl,train
4961.pkl,train
4962.pkl,val
4963.pkl,train
4964.pkl,train
4965.pkl,train
4966.pkl,val
4967.pkl,train
4968.pkl,val
4969.pkl,train
4970.pkl,train
4971.pkl,train
4972.pkl,train
4973.pkl,val
4974.pkl,train
4975.pkl,val
4976.pkl,val
4977.pkl,train
4978.pkl,train
4979.pkl,train
4980.pkl,val
4981.pkl,val
4982.pkl,val
4983.pkl,train
4984.pkl,train
4985.pkl,train
4986.pkl,train
4987.pkl,val
4988.pkl,train
4989.pkl,val
4990.pkl,train
4991.pkl,train
4992.pkl,val
4993.pkl,train
4994.pkl,train
4995.pkl,val
4996.pkl,train
4997.pkl,val
4998.pkl,val
4999.pkl,val
5000.pkl,train
5001.pkl,val
5002.pkl,train
5003.pkl,train
5004.pkl,val
5005.pkl,val
5006.pkl,val
5007.pkl,train
5008.pkl,train
5009.pkl,val
5010.pkl,train
5011.pkl,val
5012.pkl,train
5013.pkl,train
5014.pkl,val
5015.pkl,val
5016.pkl,train
5017.pkl,train
5018.pkl,train
5019.pkl,train
5020.pkl,val
5021.pkl,train
5022.pkl,train
5023.pkl,train
5024.pkl,val
5025.pkl,train
5026.pkl,val
5027.pkl,val
5028.pkl,val
5029.pkl,val
5030.pkl,val
5031.pkl,train
5032.pkl,train
5033.pkl,val
5034.pkl,val
5035.pkl,val
5036.pkl,train
5037.pkl,val
5038.pkl,val
5039.pkl,train
5040.pkl,train
5041.pkl,val
5042.pkl,val
5043.pkl,train
5044.pkl,val
5045.pkl,val
5046.pkl,train
5047.pkl,train
5048.pkl,val
5049.pkl,val
5050.pkl,val
5051.pkl,val
5052.pkl,val
5053.pkl,train
5054.pkl,train
5055.pkl,train
5056.pkl,train
5057.pkl,val
5058.pkl,train
5059.pkl,val
5060.pkl,train
5061.pkl,train
5062.pkl,train
5063.pkl,val
5064.pkl,train
5065.pkl,train
5066.pkl,val
5067.pkl,train
5068.pkl,train
5069.pkl,val
5070.pkl,train
5071.pkl,val
5072.pkl,train
5073.pkl,train
5074.pkl,train
5075.pkl,val
5076.pkl,train
5077.pkl,val
5078.pkl,val
5079.pkl,val
5080.pkl,val
5081.pkl,val
5082.pkl,val
5083.pkl,train
5084.pkl,val
5085.pkl,train
5086.pkl,train
5087.pkl,train
5088.pkl,train
5089.pkl,train
5090.pkl,val
5091.pkl,train
5092.pkl,train
5093.pkl,train
5094.pkl,val
5095.pkl,train
5096.pkl,train
5097.pkl,val
5098.pkl,val
5099.pkl,val
5100.pkl,train
5101.pkl,val
5102.pkl,val
5103.pkl,train
5104.pkl,val
5105.pkl,train
5106.pkl,train
5107.pkl,val
5108.pkl,train
5109.pkl,train
5110.pkl,train
5111.pkl,val
5112.pkl,val
5113.pkl,train
5114.pkl,train
5115.pkl,train
5116.pkl,val
5117.pkl,val
5118.pkl,val
5119.pkl,val
5120.pkl,val
5121.pkl,val
5122.pkl,val
5123.pkl,train
5124.pkl,val
5125.pkl,train
5126.pkl,val
5127.pkl,val
5128.pkl,train
5129.pkl,val
5130.pkl,train
5131.pkl,train
5132.pkl,train
5133.pkl,train
5134.pkl,train
5135.pkl,val
5136.pkl,train
5137.pkl,train
5138.pkl,val
5139.pkl,val
5140.pkl,val
5141.pkl,val
5142.pkl,train
5143.pkl,val
5144.pkl,train
5145.pkl,val
5146.pkl,val
5147.pkl,val
5148.pkl,train
5149.pkl,train
5150.pkl,val
5151.pkl,val
5152.pkl,train
5153.pkl,train
5154.pkl,val
5155.pkl,val
5156.pkl,val
5157.pkl,train
5158.pkl,val
5159.pkl,train
5160.pkl,train
5161.pkl,val
5162.pkl,val
5163.pkl,train
5164.pkl,val
5165.pkl,train
5166.pkl,val
5167.pkl,train
5168.pkl,val
5169.pkl,val
5170.pkl,train
5171.pkl,train
5172.pkl,val
5173.pkl,val
5174.pkl,val
5175.pkl,val
5176.pkl,val
5177.pkl,val
5178.pkl,val
5179.pkl,val
5180.pkl,train
5181.pkl,val
5182.pkl,val
5183.pkl,train
5184.pkl,val
5185.pkl,train
5186.pkl,val
5187.pkl,val
5188.pkl,val
5189.pkl,val
5190.pkl,val
5191.pkl,val
5192.pkl,val
5193.pkl,train
5194.pkl,val
5195.pkl,val
5196.pkl,train
5197.pkl,train
5198.pkl,train
5199.pkl,train
5200.pkl,train
5201.pkl,train
5202.pkl,val
5203.pkl,val
5204.pkl,val
5205.pkl,train
5206.pkl,val
5207.pkl,val
5208.pkl,val
5209.pkl,train
5210.pkl,val
5211.pkl,train
5212.pkl,train
5213.pkl,val
5214.pkl,train
5215.pkl,train
5216.pkl,train
5217.pkl,val
5218.pkl,train
5219.pkl,train
5220.pkl,val
5221.pkl,val
5222.pkl,val
5223.pkl,val
5224.pkl,train
5225.pkl,val
5226.pkl,train
5227.pkl,val
5228.pkl,val
5229.pkl,val
5230.pkl,val
5231.pkl,val
5232.pkl,train
5233.pkl,train
5234.pkl,train
5235.pkl,val
5236.pkl,val
5237.pkl,train
5238.pkl,val
5239.pkl,val
5240.pkl,val
5241.pkl,val
5242.pkl,train
5243.pkl,val
5244.pkl,val
5245.pkl,val
5246.pkl,val
5247.pkl,val
5248.pkl,train
5249.pkl,val
5250.pkl,val
5251.pkl,train
5252.pkl,train
5253.pkl,val
5254.pkl,val
5255.pkl,train
5256.pkl,train
5257.pkl,val
5258.pkl,val
5259.pkl,val
5260.pkl,train
5261.pkl,train
5262.pkl,train
5263.pkl,val
5264.pkl,train
5265.pkl,val
5266.pkl,train
5267.pkl,val
5268.pkl,val
5269.pkl,train
5270.pkl,train
5271.pkl,val
5272.pkl,val
5273.pkl,train
5274.pkl,train
5275.pkl,val
5276.pkl,val
5277.pkl,train
5278.pkl,train
5279.pkl,train
5280.pkl,val
5281.pkl,val
5282.pkl,train
5283.pkl,val
5284.pkl,train
5285.pkl,val
5286.pkl,train
5287.pkl,train
5288.pkl,train
5289.pkl,val
5290.pkl,val
5291.pkl,train
5292.pkl,train
5293.pkl,train
5294.pkl,val
5295.pkl,train
5296.pkl,val
5297.pkl,train
5298.pkl,val
5299.pkl,val
5300.pkl,train
5301.pkl,train
5302.pkl,train
5303.pkl,val
5304.pkl,train
5305.pkl,val
5306.pkl,train
5307.pkl,train
5308.pkl,val
5309.pkl,train
5310.pkl,train
5311.pkl,train
5312.pkl,val
5313.pkl,train
5314.pkl,train
5315.pkl,val
5316.pkl,val
5317.pkl,val
5318.pkl,val
5319.pkl,train
5320.pkl,val
5321.pkl,train
5322.pkl,val
5323.pkl,val
5324.pkl,train
5325.pkl,val
5326.pkl,val
5327.pkl,val
5328.pkl,val
5329.pkl,train
5330.pkl,train
5331.pkl,train
5332.pkl,val
5333.pkl,train
5334.pkl,train
5335.pkl,val
5336.pkl,val
5337.pkl,train
5338.pkl,train
5339.pkl,train
5340.pkl,train
5341.pkl,val
5342.pkl,train
5343.pkl,train
5344.pkl,val
5345.pkl,val
5346.pkl,val
5347.pkl,val
5348.pkl,val
5349.pkl,train
5350.pkl,train
5351.pkl,train
5352.pkl,train
5353.pkl,train
5354.pkl,val
5355.pkl,train
5356.pkl,train
5357.pkl,val
5358.pkl,val
5359.pkl,val
5360.pkl,train
5361.pkl,val
5362.pkl,train
5363.pkl,train
5364.pkl,val
5365.pkl,val
5366.pkl,train
5367.pkl,val
5368.pkl,train
5369.pkl,val
5370.pkl,val
5371.pkl,train
5372.pkl,val
5373.pkl,val
5374.pkl,val
5375.pkl,train
5376.pkl,val
5377.pkl,train
5378.pkl,train
5379.pkl,train
5380.pkl,val
5381.pkl,train
5382.pkl,train
5383.pkl,train
5384.pkl,val
5385.pkl,train
5386.pkl,val
5387.pkl,val
5388.pkl,train
5389.pkl,val
5390.pkl,val
5391.pkl,train
5392.pkl,train
5393.pkl,train
5394.pkl,val
5395.pkl,train
5396.pkl,val
5397.pkl,train
5398.pkl,train
5399.pkl,val
5400.pkl,train
5401.pkl,val
5402.pkl,train
5403.pkl,train
5404.pkl,train
5405.pkl,train
5406.pkl,train
5407.pkl,val
5408.pkl,train
5409.pkl,val
5410.pkl,train
5411.pkl,train
5412.pkl,train
5413.pkl,train
5414.pkl,val
5415.pkl,val
5416.pkl,val
5417.pkl,val
5418.pkl,val
5419.pkl,val
5420.pkl,train
5421.pkl,train
5422.pkl,train
5423.pkl,train
5424.pkl,train
5425.pkl,train
5426.pkl,val
5427.pkl,val
5428.pkl,train
5429.pkl,train
5430.pkl,train
5431.pkl,val
5432.pkl,train
5433.pkl,train
5434.pkl,train
5435.pkl,train
5436.pkl,val
5437.pkl,val
5438.pkl,val
5439.pkl,train
5440.pkl,train
5441.pkl,train
5442.pkl,train
5443.pkl,train
5444.pkl,val
5445.pkl,val
5446.pkl,val
5447.pkl,train
5448.pkl,train
5449.pkl,val
5450.pkl,train
5451.pkl,train
5452.pkl,train
5453.pkl,train
5454.pkl,val
5455.pkl,val
5456.pkl,val
5457.pkl,val
5458.pkl,val
5459.pkl,val
5460.pkl,train
5461.pkl,val
5462.pkl,train
5463.pkl,train
5464.pkl,val
5465.pkl,train
5466.pkl,train
5467.pkl,val
5468.pkl,val
5469.pkl,val
5470.pkl,train
5471.pkl,val
5472.pkl,val
5473.pkl,val
5474.pkl,train
5475.pkl,train
5476.pkl,val
5477.pkl,train
5478.pkl,val
5479.pkl,val
5480.pkl,train
5481.pkl,val
5482.pkl,train
5483.pkl,train
5484.pkl,val
5485.pkl,train
5486.pkl,train
5487.pkl,train
5488.pkl,train
5489.pkl,train
5490.pkl,train
5491.pkl,val
5492.pkl,train
5493.pkl,val
5494.pkl,train
5495.pkl,train
5496.pkl,val
5497.pkl,val
5498.pkl,train
5499.pkl,val
5500.pkl,val
5501.pkl,val
5502.pkl,val
5503.pkl,val
5504.pkl,train
5505.pkl,val
5506.pkl,val
5507.pkl,val
5508.pkl,val
5509.pkl,val
5510.pkl,val
5511.pkl,train
5512.pkl,val
5513.pkl,train
5514.pkl,val
5515.pkl,train
5516.pkl,train
5517.pkl,train
5518.pkl,train
5519.pkl,train
5520.pkl,train
5521.pkl,val
5522.pkl,train
5523.pkl,val
5524.pkl,train
5525.pkl,val
5526.pkl,val
5527.pkl,train
5528.pkl,val
5529.pkl,train
5530.pkl,val
5531.pkl,val
5532.pkl,train
5533.pkl,val
5534.pkl,val
5535.pkl,train
5536.pkl,train
5537.pkl,val
5538.pkl,train
5539.pkl,train
5540.pkl,val
5541.pkl,train
5542.pkl,train
5543.pkl,val
5544.pkl,val
5545.pkl,val
5546.pkl,val
5547.pkl,val
5548.pkl,val
5549.pkl,train
5550.pkl,val
5551.pkl,train
5552.pkl,val
5553.pkl,val
5554.pkl,val
5555.pkl,val
5556.pkl,val
5557.pkl,val
5558.pkl,val
5559.pkl,val
5560.pkl,val
5561.pkl,val
5562.pkl,train
5563.pkl,train
5564.pkl,val
5565.pkl,val
5566.pkl,val
5567.pkl,val
5568.pkl,val
5569.pkl,val
5570.pkl,val
5571.pkl,val
5572.pkl,train
5573.pkl,val
5574.pkl,train
5575.pkl,val
5576.pkl,train
5577.pkl,val
5578.pkl,val
5579.pkl,train
5580.pkl,val
5581.pkl,train
5582.pkl,val
5583.pkl,val
5584.pkl,train
5585.pkl,val
5586.pkl,val
5587.pkl,train
5588.pkl,train
5589.pkl,train
5590.pkl,val
5591.pkl,train
5592.pkl,train
5593.pkl,val
5594.pkl,val
5595.pkl,val
5596.pkl,train
5597.pkl,val
5598.pkl,train
5599.pkl,train
5600.pkl,val
5601.pkl,train
5602.pkl,val
5603.pkl,train
5604.pkl,train
5605.pkl,val
5606.pkl,train
5607.pkl,train
5608.pkl,train
5609.pkl,val
5610.pkl,val
5611.pkl,train
5612.pkl,train
5613.pkl,val
5614.pkl,train
5615.pkl,train
5616.pkl,val
5617.pkl,train
5618.pkl,val
5619.pkl,val
5620.pkl,train
5621.pkl,train
5622.pkl,train
5623.pkl,val
5624.pkl,val
5625.pkl,val
5626.pkl,val
5627.pkl,val
5628.pkl,val
5629.pkl,val
5630.pkl,train
5631.pkl,train
5632.pkl,val
5633.pkl,train
5634.pkl,train
5635.pkl,train
5636.pkl,val
5637.pkl,val
5638.pkl,val
5639.pkl,val
5640.pkl,train
5641.pkl,val
5642.pkl,val
5643.pkl,val
5644.pkl,train
5645.pkl,train
5646.pkl,train
5647.pkl,val
5648.pkl,val
5649.pkl,train
5650.pkl,val
5651.pkl,train
5652.pkl,train
5653.pkl,train
5654.pkl,train
5655.pkl,train
5656.pkl,val
5657.pkl,val
5658.pkl,train
5659.pkl,train
5660.pkl,val
5661.pkl,val
5662.pkl,train
5663.pkl,val
5664.pkl,train
5665.pkl,val
5666.pkl,train
5667.pkl,val
5668.pkl,train
5669.pkl,val
5670.pkl,train
5671.pkl,val
5672.pkl,train
5673.pkl,val
5674.pkl,train
5675.pkl,train
5676.pkl,val
5677.pkl,train
5678.pkl,train
5679.pkl,val
5680.pkl,val
5681.pkl,val
5682.pkl,train
5683.pkl,train
5684.pkl,val
5685.pkl,train
5686.pkl,train
5687.pkl,train
5688.pkl,val
5689.pkl,train
5690.pkl,val
5691.pkl,val
5692.pkl,val
5693.pkl,train
5694.pkl,train
5695.pkl,train
5696.pkl,train
5697.pkl,val
5698.pkl,train
5699.pkl,train
5700.pkl,val
5701.pkl,train
5702.pkl,train
5703.pkl,val
5704.pkl,val
5705.pkl,train
5706.pkl,val
5707.pkl,val
5708.pkl,val
5709.pkl,train
5710.pkl,val
5711.pkl,train
5712.pkl,val
5713.pkl,train
5714.pkl,train
5715.pkl,train
5716.pkl,val
5717.pkl,val
5718.pkl,val
5719.pkl,train
5720.pkl,train
5721.pkl,val
5722.pkl,train
5723.pkl,train
5724.pkl,train
5725.pkl,train
5726.pkl,val
5727.pkl,train
5728.pkl,train
5729.pkl,train
5730.pkl,train
5731.pkl,train
5732.pkl,train
5733.pkl,train
5734.pkl,val
5735.pkl,val
5736.pkl,val
5737.pkl,val
5738.pkl,train
5739.pkl,train
5740.pkl,val
5741.pkl,train
5742.pkl,val
5743.pkl,val
5744.pkl,train
5745.pkl,val
5746.pkl,val
5747.pkl,val
5748.pkl,val
5749.pkl,val
5750.pkl,val
5751.pkl,train
5752.pkl,train
5753.pkl,val
5754.pkl,train
5755.pkl,val
5756.pkl,train
5757.pkl,train
5758.pkl,val
5759.pkl,val
5760.pkl,train
5761.pkl,train
5762.pkl,train
5763.pkl,train
5764.pkl,train
5765.pkl,train
5766.pkl,train
5767.pkl,val
5768.pkl,val
5769.pkl,val
5770.pkl,train
5771.pkl,val
5772.pkl,val
5773.pkl,val
5774.pkl,train
5775.pkl,val
5776.pkl,val
5777.pkl,val
5778.pkl,train
5779.pkl,val
5780.pkl,val
5781.pkl,train
5782.pkl,val
5783.pkl,train
5784.pkl,train
5785.pkl,train
5786.pkl,train
5787.pkl,train
5788.pkl,train
5789.pkl,val
5790.pkl,train
5791.pkl,train
5792.pkl,val
5793.pkl,train
5794.pkl,val
5795.pkl,val
5796.pkl,val
5797.pkl,val
5798.pkl,train
5799.pkl,train
5800.pkl,train
5801.pkl,val
5802.pkl,val
5803.pkl,train
5804.pkl,val
5805.pkl,train
5806.pkl,train
5807.pkl,train
5808.pkl,train
5809.pkl,train
5810.pkl,val
5811.pkl,val
5812.pkl,val
5813.pkl,val
5814.pkl,val
5815.pkl,train
5816.pkl,train
5817.pkl,train
5818.pkl,train
5819.pkl,train
5820.pkl,train
5821.pkl,val
5822.pkl,train
5823.pkl,val
5824.pkl,val
5825.pkl,train
5826.pkl,train
5827.pkl,train
5828.pkl,train
5829.pkl,train
5830.pkl,val
5831.pkl,val
5832.pkl,val
5833.pkl,train
5834.pkl,val
5835.pkl,train
5836.pkl,val
5837.pkl,train
5838.pkl,train
5839.pkl,val
5840.pkl,train
5841.pkl,val
5842.pkl,train
5843.pkl,train
5844.pkl,val
5845.pkl,val
5846.pkl,train
5847.pkl,val
5848.pkl,val
5849.pkl,train
5850.pkl,val
5851.pkl,val
5852.pkl,val
5853.pkl,val
5854.pkl,val
5855.pkl,train
5856.pkl,train
5857.pkl,val
5858.pkl,train
5859.pkl,train
5860.pkl,train
5861.pkl,val
5862.pkl,val
5863.pkl,val
5864.pkl,val
5865.pkl,train
5866.pkl,val
5867.pkl,train
5868.pkl,val
5869.pkl,val
5870.pkl,val
5871.pkl,val
5872.pkl,val
5873.pkl,val
5874.pkl,val
5875.pkl,val
5876.pkl,val
5877.pkl,train
5878.pkl,train
5879.pkl,val
5880.pkl,val
5881.pkl,train
5882.pkl,train
5883.pkl,train
5884.pkl,train
5885.pkl,val
5886.pkl,train
5887.pkl,train
5888.pkl,val
5889.pkl,train
5890.pkl,train
5891.pkl,train
5892.pkl,train
5893.pkl,train
5894.pkl,val
5895.pkl,train
5896.pkl,val
5897.pkl,train
5898.pkl,train
5899.pkl,train
5900.pkl,train
5901.pkl,val
5902.pkl,val
5903.pkl,val
5904.pkl,val
5905.pkl,train
5906.pkl,val
5907.pkl,val
5908.pkl,train
5909.pkl,val
5910.pkl,val
5911.pkl,val
5912.pkl,val
5913.pkl,val
5914.pkl,val
5915.pkl,val
5916.pkl,train
5917.pkl,val
5918.pkl,val
5919.pkl,train
5920.pkl,train
5921.pkl,train
5922.pkl,train
5923.pkl,val
5924.pkl,val
5925.pkl,val
5926.pkl,val
5927.pkl,val
5928.pkl,val
5929.pkl,val
5930.pkl,train
5931.pkl,train
5932.pkl,train
5933.pkl,val
5934.pkl,val
5935.pkl,val
5936.pkl,train
5937.pkl,train
5938.pkl,train
5939.pkl,train
5940.pkl,train
5941.pkl,val
5942.pkl,train
5943.pkl,train
5944.pkl,train
5945.pkl,train
5946.pkl,val
5947.pkl,val
5948.pkl,val
5949.pkl,val
5950.pkl,val
5951.pkl,train
5952.pkl,val
5953.pkl,train
5954.pkl,val
5955.pkl,val
5956.pkl,val
5957.pkl,val
5958.pkl,train
5959.pkl,val
5960.pkl,val
5961.pkl,val
5962.pkl,val
5963.pkl,train
5964.pkl,train
5965.pkl,val
5966.pkl,train
5967.pkl,train
5968.pkl,train
5969.pkl,val
5970.pkl,val
5971.pkl,val
5972.pkl,val
5973.pkl,train
5974.pkl,train
5975.pkl,val
5976.pkl,val
5977.pkl,val
5978.pkl,val
5979.pkl,val
5980.pkl,train
5981.pkl,train
5982.pkl,train
5983.pkl,train
5984.pkl,val
5985.pkl,val
5986.pkl,train
5987.pkl,val
5988.pkl,train
5989.pkl,val
5990.pkl,val
5991.pkl,val
5992.pkl,train
5993.pkl,train
5994.pkl,val
5995.pkl,train
5996.pkl,val
5997.pkl,val
5998.pkl,train
5999.pkl,train
6000.pkl,train
6001.pkl,train
6002.pkl,val
6003.pkl,train
6004.pkl,train
6005.pkl,val
6006.pkl,train
6007.pkl,val
6008.pkl,val
6009.pkl,val
6010.pkl,val
6011.pkl,train
6012.pkl,train
6013.pkl,val
6014.pkl,val
6015.pkl,val
6016.pkl,val
6017.pkl,train
6018.pkl,val
6019.pkl,train
6020.pkl,val
6021.pkl,train
6022.pkl,val
6023.pkl,val
6024.pkl,train
6025.pkl,val
6026.pkl,val
6027.pkl,val
6028.pkl,val
6029.pkl,train
6030.pkl,train
6031.pkl,val
6032.pkl,val
6033.pkl,val
6034.pkl,train
6035.pkl,train
6036.pkl,train
6037.pkl,val
6038.pkl,val
6039.pkl,train
6040.pkl,train
6041.pkl,val
6042.pkl,train
6043.pkl,train
6044.pkl,val
6045.pkl,val
6046.pkl,val
6047.pkl,val
6048.pkl,val
6049.pkl,val
6050.pkl,train
6051.pkl,train
6052.pkl,train
6053.pkl,val
6054.pkl,val
6055.pkl,train
6056.pkl,val
6057.pkl,train
6058.pkl,val
6059.pkl,val
6060.pkl,val
6061.pkl,val
6062.pkl,train
6063.pkl,train
6064.pkl,train
6065.pkl,val
6066.pkl,train
6067.pkl,train
6068.pkl,val
6069.pkl,train
6070.pkl,train
6071.pkl,train
6072.pkl,train
6073.pkl,train
6074.pkl,train
6075.pkl,train
6076.pkl,train
6077.pkl,train
6078.pkl,val
6079.pkl,val
6080.pkl,val
6081.pkl,train
6082.pkl,val
6083.pkl,val
6084.pkl,train
6085.pkl,val
6086.pkl,train
6087.pkl,train
6088.pkl,train
6089.pkl,val
6090.pkl,val
6091.pkl,val
6092.pkl,val
6093.pkl,train
6094.pkl,train
6095.pkl,val
6096.pkl,val
6097.pkl,train
6098.pkl,val
6099.pkl,val
6100.pkl,val
6101.pkl,val
6102.pkl,val
6103.pkl,val
6104.pkl,val
6105.pkl,train
6106.pkl,train
6107.pkl,val
6108.pkl,val
6109.pkl,val
6110.pkl,val
6111.pkl,val
6112.pkl,val
6113.pkl,val
6114.pkl,train
6115.pkl,train
6116.pkl,train
6117.pkl,val
6118.pkl,val
6119.pkl,train
6120.pkl,val
6121.pkl,train
6122.pkl,val
6123.pkl,train
6124.pkl,val
6125.pkl,train
6126.pkl,val
6127.pkl,val
6128.pkl,val
6129.pkl,train
6130.pkl,val
6131.pkl,train
6132.pkl,val
6133.pkl,val
6134.pkl,train
6135.pkl,train
6136.pkl,val
6137.pkl,train
6138.pkl,train
6139.pkl,train
6140.pkl,val
6141.pkl,train
6142.pkl,train
6143.pkl,val
6144.pkl,train
6145.pkl,val
6146.pkl,val
6147.pkl,train
6148.pkl,val
6149.pkl,train
6150.pkl,val
6151.pkl,train
6152.pkl,train
6153.pkl,train
6154.pkl,val
6155.pkl,train
6156.pkl,train
6157.pkl,val
6158.pkl,train
6159.pkl,train
6160.pkl,val
6161.pkl,train
6162.pkl,val
6163.pkl,train
6164.pkl,train
6165.pkl,train
6166.pkl,train
6167.pkl,val
6168.pkl,train
6169.pkl,train
6170.pkl,val
6171.pkl,train
6172.pkl,train
6173.pkl,val
6174.pkl,train
6175.pkl,train
6176.pkl,val
6177.pkl,train
6178.pkl,val
6179.pkl,val
6180.pkl,val
6181.pkl,val
6182.pkl,train
6183.pkl,val
6184.pkl,train
6185.pkl,train
6186.pkl,val
6187.pkl,train
6188.pkl,train
6189.pkl,train
6190.pkl,val
6191.pkl,train
6192.pkl,val
6193.pkl,val
6194.pkl,val
6195.pkl,train
6196.pkl,val
6197.pkl,val
6198.pkl,val
6199.pkl,train
6200.pkl,train
6201.pkl,train
6202.pkl,train
6203.pkl,train
6204.pkl,train
6205.pkl,train
6206.pkl,train
6207.pkl,val
6208.pkl,val
6209.pkl,val
6210.pkl,train
6211.pkl,train
6212.pkl,val
6213.pkl,train
6214.pkl,train
6215.pkl,val
6216.pkl,train
6217.pkl,train
6218.pkl,train
6219.pkl,train
6220.pkl,val
6221.pkl,val
6222.pkl,val
6223.pkl,train
6224.pkl,val
6225.pkl,val
6226.pkl,train
6227.pkl,train
6228.pkl,train
6229.pkl,train
6230.pkl,train
6231.pkl,val
6232.pkl,train
6233.pkl,val
6234.pkl,train
6235.pkl,train
6236.pkl,val
6237.pkl,val
6238.pkl,train
6239.pkl,train
6240.pkl,val
6241.pkl,val
6242.pkl,val
6243.pkl,train
6244.pkl,val
6245.pkl,train
6246.pkl,val
6247.pkl,train
6248.pkl,train
6249.pkl,val
6250.pkl,train
6251.pkl,val
6252.pkl,train
6253.pkl,train
6254.pkl,train
6255.pkl,train
6256.pkl,train
6257.pkl,train
6258.pkl,val
6259.pkl,train
6260.pkl,val
6261.pkl,val
6262.pkl,val
6263.pkl,val
6264.pkl,val
6265.pkl,train
6266.pkl,train
6267.pkl,train
6268.pkl,train
6269.pkl,val
6270.pkl,val
6271.pkl,train
6272.pkl,train
6273.pkl,train
6274.pkl,train
6275.pkl,train
6276.pkl,train
6277.pkl,val
6278.pkl,train
6279.pkl,val
6280.pkl,val
6281.pkl,train
6282.pkl,val
6283.pkl,train
6284.pkl,val
6285.pkl,val
6286.pkl,val
6287.pkl,train
6288.pkl,val
6289.pkl,val
6290.pkl,val
6291.pkl,train
6292.pkl,train
6293.pkl,train
6294.pkl,val
6295.pkl,train
6296.pkl,train
6297.pkl,val
6298.pkl,val
6299.pkl,val
6300.pkl,train
6301.pkl,train
6302.pkl,train
6303.pkl,val
6304.pkl,val
6305.pkl,val
6306.pkl,train
6307.pkl,train
6308.pkl,val
6309.pkl,train
6310.pkl,train
6311.pkl,val
6312.pkl,val
6313.pkl,val
6314.pkl,train
6315.pkl,val
6316.pkl,train
6317.pkl,val
6318.pkl,train
6319.pkl,train
6320.pkl,train
6321.pkl,train
6322.pkl,train
6323.pkl,train
6324.pkl,val
6325.pkl,train
6326.pkl,val
6327.pkl,train
6328.pkl,val
6329.pkl,val
6330.pkl,val
6331.pkl,train
6332.pkl,val
6333.pkl,train
6334.pkl,val
6335.pkl,train
6336.pkl,val
6337.pkl,val
6338.pkl,val
6339.pkl,val
6340.pkl,train
6341.pkl,val
6342.pkl,train
6343.pkl,train
6344.pkl,val
6345.pkl,val
6346.pkl,val
6347.pkl,val
6348.pkl,val
6349.pkl,val
6350.pkl,val
6351.pkl,train
6352.pkl,val
6353.pkl,train
6354.pkl,val
6355.pkl,val
6356.pkl,val
6357.pkl,val
6358.pkl,train
6359.pkl,train
6360.pkl,train
6361.pkl,val
6362.pkl,val
6363.pkl,val
6364.pkl,val
6365.pkl,val
6366.pkl,val
6367.pkl,val
6368.pkl,val
6369.pkl,val
6370.pkl,train
6371.pkl,train
6372.pkl,val
6373.pkl,train
6374.pkl,val
6375.pkl,train
6376.pkl,val
6377.pkl,val
6378.pkl,train
6379.pkl,val
6380.pkl,val
6381.pkl,val
6382.pkl,train
6383.pkl,val
6384.pkl,train
6385.pkl,val
6386.pkl,val
6387.pkl,train
6388.pkl,val
6389.pkl,train
6390.pkl,val
6391.pkl,train
6392.pkl,train
6393.pkl,train
6394.pkl,val
6395.pkl,train
6396.pkl,val
6397.pkl,val
6398.pkl,train
6399.pkl,val
6400.pkl,val
6401.pkl,val
6402.pkl,val
6403.pkl,val
6404.pkl,val
6405.pkl,train
6406.pkl,val
6407.pkl,train
6408.pkl,val
6409.pkl,train
6410.pkl,val
6411.pkl,train
6412.pkl,train
6413.pkl,train
6414.pkl,train
6415.pkl,train
6416.pkl,val
6417.pkl,train
6418.pkl,train
6419.pkl,val
6420.pkl,train
6421.pkl,val
6422.pkl,val
6423.pkl,train
6424.pkl,val
6425.pkl,train
6426.pkl,val
6427.pkl,train
6428.pkl,val
6429.pkl,train
6430.pkl,train
6431.pkl,val
6432.pkl,val
6433.pkl,train
6434.pkl,train
6435.pkl,val
6436.pkl,val
6437.pkl,train
6438.pkl,train
6439.pkl,val
6440.pkl,val
6441.pkl,val
6442.pkl,train
6443.pkl,val
6444.pkl,train
6445.pkl,val
6446.pkl,train
6447.pkl,train
6448.pkl,train
6449.pkl,val
6450.pkl,train
6451.pkl,val
6452.pkl,train
6453.pkl,train
6454.pkl,train
6455.pkl,train
6456.pkl,train
6457.pkl,train
6458.pkl,val
6459.pkl,train
6460.pkl,val
6461.pkl,val
6462.pkl,val
6463.pkl,train
6464.pkl,val
6465.pkl,val
6466.pkl,val
6467.pkl,val
6468.pkl,train
6469.pkl,train
6470.pkl,train
6471.pkl,val
6472.pkl,train
6473.pkl,val
6474.pkl,train
6475.pkl,val
6476.pkl,train
6477.pkl,val
6478.pkl,train
6479.pkl,train
6480.pkl,train
6481.pkl,train
6482.pkl,train
6483.pkl,train
6484.pkl,train
6485.pkl,train
6486.pkl,val
6487.pkl,train
6488.pkl,val
6489.pkl,val
6490.pkl,val
6491.pkl,val
6492.pkl,val
6493.pkl,val
6494.pkl,val
6495.pkl,train
6496.pkl,train
6497.pkl,val
6498.pkl,train
6499.pkl,val
6500.pkl,train
6501.pkl,train
6502.pkl,val
6503.pkl,val
6504.pkl,train
6505.pkl,train
6506.pkl,train
6507.pkl,val
6508.pkl,train
6509.pkl,val
6510.pkl,train
6511.pkl,val
6512.pkl,train
6513.pkl,train
6514.pkl,train
6515.pkl,train
6516.pkl,val
6517.pkl,train
6518.pkl,val
6519.pkl,train
6520.pkl,train
6521.pkl,train
6522.pkl,train
6523.pkl,train
6524.pkl,train
6525.pkl,val
6526.pkl,val
6527.pkl,val
6528.pkl,train
6529.pkl,train
6530.pkl,val
6531.pkl,train
6532.pkl,val
6533.pkl,train
6534.pkl,val
6535.pkl,val
6536.pkl,train
6537.pkl,val
6538.pkl,val
6539.pkl,train
6540.pkl,train
6541.pkl,val
6542.pkl,train
6543.pkl,train
6544.pkl,train
6545.pkl,val
6546.pkl,val
6547.pkl,val
6548.pkl,val
6549.pkl,train
6550.pkl,val
6551.pkl,val
6552.pkl,val
6553.pkl,val
6554.pkl,val
6555.pkl,train
6556.pkl,val
6557.pkl,val
6558.pkl,train
6559.pkl,val
6560.pkl,train
6561.pkl,val
6562.pkl,val
6563.pkl,train
6564.pkl,val
6565.pkl,val
6566.pkl,val
6567.pkl,val
6568.pkl,val
6569.pkl,train
6570.pkl,val
6571.pkl,val
6572.pkl,train
6573.pkl,train
6574.pkl,train
6575.pkl,train
6576.pkl,train
6577.pkl,val
6578.pkl,val
6579.pkl,val
6580.pkl,train
6581.pkl,train
6582.pkl,val
6583.pkl,val
6584.pkl,val
6585.pkl,train
6586.pkl,val
6587.pkl,val
6588.pkl,val
6589.pkl,val
6590.pkl,val
6591.pkl,val
6592.pkl,train
6593.pkl,train
6594.pkl,train
6595.pkl,train
6596.pkl,val
6597.pkl,val
6598.pkl,train
6599.pkl,train
6600.pkl,train
6601.pkl,train
6602.pkl,val
6603.pkl,val
6604.pkl,val
6605.pkl,train
6606.pkl,val
6607.pkl,val
6608.pkl,train
6609.pkl,train
6610.pkl,train
6611.pkl,train
6612.pkl,val
6613.pkl,val
6614.pkl,train
6615.pkl,train
6616.pkl,train
6617.pkl,val
6618.pkl,val
6619.pkl,val
6620.pkl,train
6621.pkl,val
6622.pkl,train
6623.pkl,train
6624.pkl,train
6625.pkl,train
6626.pkl,train
6627.pkl,val
6628.pkl,val
6629.pkl,train
6630.pkl,val
6631.pkl,val
6632.pkl,train
6633.pkl,val
6634.pkl,train
6635.pkl,train
6636.pkl,val
6637.pkl,val
6638.pkl,val
6639.pkl,val
6640.pkl,train
6641.pkl,val
6642.pkl,train
6643.pkl,train
6644.pkl,train
6645.pkl,val
6646.pkl,val
6647.pkl,val
6648.pkl,train
6649.pkl,train
6650.pkl,train
6651.pkl,val
6652.pkl,val
6653.pkl,train
6654.pkl,val
6655.pkl,val
6656.pkl,val
6657.pkl,val
6658.pkl,train
6659.pkl,val
6660.pkl,train
6661.pkl,val
6662.pkl,val
6663.pkl,train
6664.pkl,train
6665.pkl,train
6666.pkl,val
6667.pkl,val
6668.pkl,val
6669.pkl,train
6670.pkl,val
6671.pkl,train
6672.pkl,val
6673.pkl,val
6674.pkl,train
6675.pkl,train
6676.pkl,val
6677.pkl,train
6678.pkl,val
6679.pkl,val
6680.pkl,train
6681.pkl,val
6682.pkl,train
6683.pkl,train
6684.pkl,train
6685.pkl,train
6686.pkl,val
6687.pkl,train
6688.pkl,val
6689.pkl,val
6690.pkl,train
6691.pkl,val
6692.pkl,train
6693.pkl,train
6694.pkl,train
6695.pkl,train
6696.pkl,val
6697.pkl,train
6698.pkl,val
6699.pkl,val
6700.pkl,train
6701.pkl,val
6702.pkl,val
6703.pkl,train
6704.pkl,train
6705.pkl,val
6706.pkl,val
6707.pkl,val
6708.pkl,val
6709.pkl,val
6710.pkl,train
6711.pkl,val
6712.pkl,val
6713.pkl,train
6714.pkl,train
6715.pkl,val
6716.pkl,val
6717.pkl,val
6718.pkl,val
6719.pkl,train
6720.pkl,train
6721.pkl,val
6722.pkl,train
6723.pkl,val
6724.pkl,val
6725.pkl,train
6726.pkl,val
6727.pkl,train
6728.pkl,val
6729.pkl,val
6730.pkl,val
6731.pkl,val
6732.pkl,train
6733.pkl,val
6734.pkl,train
6735.pkl,val
6736.pkl,val
6737.pkl,val
6738.pkl,val
6739.pkl,train
6740.pkl,train
6741.pkl,train
6742.pkl,train
6743.pkl,val
6744.pkl,val
6745.pkl,val
6746.pkl,val
6747.pkl,train
6748.pkl,val
6749.pkl,train
6750.pkl,val
6751.pkl,val
6752.pkl,train
6753.pkl,val
6754.pkl,val
6755.pkl,train
6756.pkl,val
6757.pkl,train
6758.pkl,val
6759.pkl,val
6760.pkl,train
6761.pkl,train
6762.pkl,val
6763.pkl,val
6764.pkl,val
6765.pkl,val
6766.pkl,train
6767.pkl,val
6768.pkl,train
6769.pkl,val
6770.pkl,train
6771.pkl,train
6772.pkl,train
6773.pkl,train
6774.pkl,train
6775.pkl,train
6776.pkl,val
6777.pkl,val
6778.pkl,val
6779.pkl,train
6780.pkl,train
6781.pkl,train
6782.pkl,train
6783.pkl,val
6784.pkl,train
6785.pkl,train
6786.pkl,val
6787.pkl,val
6788.pkl,val
6789.pkl,val
6790.pkl,val
6791.pkl,val
6792.pkl,train
6793.pkl,val
6794.pkl,val
6795.pkl,train
6796.pkl,val
6797.pkl,train
6798.pkl,train
6799.pkl,train
6800.pkl,train
6801.pkl,train
6802.pkl,val
6803.pkl,val
6804.pkl,train
6805.pkl,val
6806.pkl,val
6807.pkl,val
6808.pkl,val
6809.pkl,val
6810.pkl,val
6811.pkl,val
6812.pkl,val
6813.pkl,val
6814.pkl,train
6815.pkl,train
6816.pkl,train
6817.pkl,train
6818.pkl,train
6819.pkl,val
6820.pkl,val
6821.pkl,val
6822.pkl,val
6823.pkl,val
6824.pkl,val
6825.pkl,val
6826.pkl,train
6827.pkl,train
6828.pkl,train
6829.pkl,train
6830.pkl,train
6831.pkl,train
6832.pkl,val
6833.pkl,val
6834.pkl,train
6835.pkl,train
6836.pkl,val
6837.pkl,val
6838.pkl,train
6839.pkl,train
6840.pkl,val
6841.pkl,val
6842.pkl,train
6843.pkl,val
6844.pkl,train
6845.pkl,train
6846.pkl,train
6847.pkl,val
6848.pkl,val
6849.pkl,train
6850.pkl,val
6851.pkl,val
6852.pkl,train
6853.pkl,train
6854.pkl,val
6855.pkl,val
6856.pkl,train
6857.pkl,train
6858.pkl,val
6859.pkl,train
6860.pkl,train
6861.pkl,train
6862.pkl,train
6863.pkl,val
6864.pkl,val
6865.pkl,train
6866.pkl,train
6867.pkl,train
6868.pkl,val
6869.pkl,train
6870.pkl,train
6871.pkl,val
6872.pkl,train
6873.pkl,train
6874.pkl,val
6875.pkl,val
6876.pkl,val
6877.pkl,val
6878.pkl,val
6879.pkl,train
6880.pkl,train
6881.pkl,val
6882.pkl,train
6883.pkl,val
6884.pkl,val
6885.pkl,train
6886.pkl,train
6887.pkl,train
6888.pkl,train
6889.pkl,train
6890.pkl,val
6891.pkl,train
6892.pkl,val
6893.pkl,val
6894.pkl,train
6895.pkl,val
6896.pkl,val
6897.pkl,train
6898.pkl,train
6899.pkl,train
6900.pkl,val
6901.pkl,train
6902.pkl,train
6903.pkl,train
6904.pkl,train
6905.pkl,train
6906.pkl,train
6907.pkl,train
6908.pkl,val
6909.pkl,val
6910.pkl,train
6911.pkl,train
6912.pkl,val
6913.pkl,train
6914.pkl,val
6915.pkl,train
6916.pkl,val
6917.pkl,train
6918.pkl,train
6919.pkl,train
6920.pkl,train
6921.pkl,train
6922.pkl,val
6923.pkl,val
6924.pkl,val
6925.pkl,train
6926.pkl,val
6927.pkl,val
6928.pkl,train
6929.pkl,train
6930.pkl,train
6931.pkl,val
6932.pkl,train
6933.pkl,train
6934.pkl,train
6935.pkl,val
6936.pkl,train
6937.pkl,val
6938.pkl,val
6939.pkl,val
6940.pkl,train
6941.pkl,train
6942.pkl,val
6943.pkl,val
6944.pkl,train
6945.pkl,train
6946.pkl,train
6947.pkl,val
6948.pkl,train
6949.pkl,train
6950.pkl,train
6951.pkl,val
6952.pkl,val
6953.pkl,train
6954.pkl,val
6955.pkl,val
6956.pkl,train
6957.pkl,train
6958.pkl,val
6959.pkl,train
6960.pkl,val
6961.pkl,val
6962.pkl,val
6963.pkl,val
6964.pkl,val
6965.pkl,train
6966.pkl,train
6967.pkl,val
6968.pkl,val
6969.pkl,val
6970.pkl,val
6971.pkl,train
6972.pkl,train
6973.pkl,val
6974.pkl,val
6975.pkl,val
6976.pkl,train
6977.pkl,val
6978.pkl,train
6979.pkl,val
6980.pkl,train
6981.pkl,train
6982.pkl,val
6983.pkl,train
6984.pkl,val
6985.pkl,val
6986.pkl,train
6987.pkl,train
6988.pkl,val
6989.pkl,val
6990.pkl,train
6991.pkl,val
6992.pkl,train
6993.pkl,train
6994.pkl,val
6995.pkl,val
6996.pkl,train
6997.pkl,val
6998.pkl,train
6999.pkl,train
7000.pkl,val
7001.pkl,val
7002.pkl,train
7003.pkl,train
7004.pkl,train
7005.pkl,val
7006.pkl,train
7007.pkl,train
7008.pkl,val
7009.pkl,val
7010.pkl,val
7011.pkl,val
7012.pkl,val
7013.pkl,val
7014.pkl,val
7015.pkl,val
7016.pkl,train
7017.pkl,val
7018.pkl,train
7019.pkl,train
7020.pkl,val
7021.pkl,val
7022.pkl,val
7023.pkl,val
7024.pkl,train
7025.pkl,train
7026.pkl,val
7027.pkl,val
7028.pkl,val
7029.pkl,val
7030.pkl,train
7031.pkl,train
7032.pkl,val
7033.pkl,val
7034.pkl,val
7035.pkl,train
7036.pkl,train
7037.pkl,val
7038.pkl,val
7039.pkl,val
7040.pkl,train
7041.pkl,train
7042.pkl,val
7043.pkl,train
7044.pkl,val
7045.pkl,train
7046.pkl,val
7047.pkl,val
7048.pkl,val
7049.pkl,train
7050.pkl,train
7051.pkl,train
7052.pkl,train
7053.pkl,val
7054.pkl,train
7055.pkl,val
7056.pkl,val
7057.pkl,val
7058.pkl,train
7059.pkl,train
7060.pkl,val
7061.pkl,val
7062.pkl,val
7063.pkl,val
7064.pkl,val
7065.pkl,val
7066.pkl,train
7067.pkl,val
7068.pkl,val
7069.pkl,val
7070.pkl,val
7071.pkl,train
7072.pkl,train
7073.pkl,val
7074.pkl,train
7075.pkl,val
7076.pkl,train
7077.pkl,train
7078.pkl,val
7079.pkl,val
7080.pkl,val
7081.pkl,train
7082.pkl,train
7083.pkl,val
7084.pkl,val
7085.pkl,val
7086.pkl,train
7087.pkl,train
7088.pkl,train
7089.pkl,val
7090.pkl,train
7091.pkl,train
7092.pkl,val
7093.pkl,train
7094.pkl,val
7095.pkl,train
7096.pkl,val
7097.pkl,val
7098.pkl,train
7099.pkl,train
7100.pkl,val
7101.pkl,val
7102.pkl,train
7103.pkl,train
7104.pkl,val
7105.pkl,train
7106.pkl,val
7107.pkl,train
7108.pkl,val
7109.pkl,val
7110.pkl,val
7111.pkl,val
7112.pkl,val
7113.pkl,train
7114.pkl,train
7115.pkl,val
7116.pkl,train
7117.pkl,train
7118.pkl,train
7119.pkl,val
7120.pkl,val
7121.pkl,train
7122.pkl,train
7123.pkl,val
7124.pkl,val
7125.pkl,train
7126.pkl,val
7127.pkl,train
7128.pkl,val
7129.pkl,val
7130.pkl,train
7131.pkl,val
7132.pkl,val
7133.pkl,val
7134.pkl,train
7135.pkl,val
7136.pkl,val
7137.pkl,val
7138.pkl,train
7139.pkl,val
7140.pkl,val
7141.pkl,val
7142.pkl,train
7143.pkl,train
7144.pkl,train
7145.pkl,train
7146.pkl,val
7147.pkl,train
7148.pkl,val
7149.pkl,train
7150.pkl,val
7151.pkl,val
7152.pkl,train
7153.pkl,train
7154.pkl,val
7155.pkl,val
7156.pkl,val
7157.pkl,val
7158.pkl,val
7159.pkl,train
7160.pkl,train
7161.pkl,val
7162.pkl,train
7163.pkl,val
7164.pkl,val
7165.pkl,val
7166.pkl,train
7167.pkl,val
7168.pkl,val
7169.pkl,val
7170.pkl,train
7171.pkl,train
7172.pkl,train
7173.pkl,train
7174.pkl,val
7175.pkl,val
7176.pkl,train
7177.pkl,train
7178.pkl,val
7179.pkl,train
7180.pkl,val
7181.pkl,train
7182.pkl,train
7183.pkl,val
7184.pkl,train
7185.pkl,val
7186.pkl,train
7187.pkl,val
7188.pkl,train
7189.pkl,val
7190.pkl,train
7191.pkl,val
7192.pkl,train
7193.pkl,train
7194.pkl,train
7195.pkl,train
7196.pkl,train
7197.pkl,val
7198.pkl,train
7199.pkl,train
7200.pkl,val
7201.pkl,train
7202.pkl,val
7203.pkl,val
7204.pkl,val
7205.pkl,train
7206.pkl,train
7207.pkl,train
7208.pkl,val
7209.pkl,train
7210.pkl,train
7211.pkl,val
7212.pkl,val
7213.pkl,train
7214.pkl,train
7215.pkl,train
7216.pkl,val
7217.pkl,val
7218.pkl,train
7219.pkl,val
7220.pkl,train
7221.pkl,val
7222.pkl,val
7223.pkl,train
7224.pkl,val
7225.pkl,train
7226.pkl,train
7227.pkl,train
7228.pkl,train
7229.pkl,val
7230.pkl,val
7231.pkl,train
7232.pkl,val
7233.pkl,train
7234.pkl,train
7235.pkl,train
7236.pkl,val
7237.pkl,val
7238.pkl,train
7239.pkl,val
7240.pkl,train
7241.pkl,train
7242.pkl,val
7243.pkl,train
7244.pkl,train
7245.pkl,val
7246.pkl,train
7247.pkl,train
7248.pkl,train
7249.pkl,train
7250.pkl,val
7251.pkl,val
7252.pkl,val
7253.pkl,train
7254.pkl,train
7255.pkl,train
7256.pkl,val
7257.pkl,val
7258.pkl,train
7259.pkl,val
7260.pkl,train
7261.pkl,val
7262.pkl,train
7263.pkl,val
7264.pkl,val
7265.pkl,val
7266.pkl,val
7267.pkl,val
7268.pkl,val
7269.pkl,val
7270.pkl,val
7271.pkl,train
7272.pkl,val
7273.pkl,train
7274.pkl,val
7275.pkl,train
7276.pkl,val
7277.pkl,train
7278.pkl,val
7279.pkl,val
7280.pkl,train
7281.pkl,val
7282.pkl,val
7283.pkl,val
7284.pkl,val
7285.pkl,train
7286.pkl,val
7287.pkl,train
7288.pkl,train
7289.pkl,val
7290.pkl,val
7291.pkl,val
7292.pkl,val
7293.pkl,train
7294.pkl,train
7295.pkl,train
7296.pkl,val
7297.pkl,train
7298.pkl,val
7299.pkl,val
7300.pkl,val
7301.pkl,val
7302.pkl,val
7303.pkl,train
7304.pkl,train
7305.pkl,val
7306.pkl,train
7307.pkl,train
7308.pkl,val
7309.pkl,val
7310.pkl,val
7311.pkl,train
7312.pkl,train
7313.pkl,train
7314.pkl,train
7315.pkl,train
7316.pkl,train
7317.pkl,train
7318.pkl,val
7319.pkl,val
7320.pkl,train
7321.pkl,val
7322.pkl,val
7323.pkl,train
7324.pkl,val
7325.pkl,val
7326.pkl,train
7327.pkl,train
7328.pkl,train
7329.pkl,train
7330.pkl,train
7331.pkl,val
7332.pkl,val
7333.pkl,val
7334.pkl,val
7335.pkl,val
7336.pkl,train
7337.pkl,val
7338.pkl,train
7339.pkl,val
7340.pkl,val
7341.pkl,val
7342.pkl,train
7343.pkl,train
7344.pkl,val
7345.pkl,train
7346.pkl,train
7347.pkl,train
7348.pkl,train
7349.pkl,train
7350.pkl,train
7351.pkl,train
7352.pkl,val
7353.pkl,val
7354.pkl,val
7355.pkl,val
7356.pkl,train
7357.pkl,train
7358.pkl,train
7359.pkl,train
7360.pkl,val
7361.pkl,val
7362.pkl,train
7363.pkl,train
7364.pkl,val
7365.pkl,train
7366.pkl,val
7367.pkl,train
7368.pkl,val
7369.pkl,train
7370.pkl,train
7371.pkl,train
7372.pkl,val
7373.pkl,val
7374.pkl,val
7375.pkl,train
7376.pkl,train
7377.pkl,train
7378.pkl,val
7379.pkl,train
7380.pkl,val
7381.pkl,train
7382.pkl,val
7383.pkl,train
7384.pkl,val
7385.pkl,val
7386.pkl,val
7387.pkl,val
7388.pkl,val
7389.pkl,val
7390.pkl,val
7391.pkl,val
7392.pkl,val
7393.pkl,train
7394.pkl,val
7395.pkl,val
7396.pkl,train
7397.pkl,train
7398.pkl,val
7399.pkl,train
7400.pkl,val
7401.pkl,val
7402.pkl,val
7403.pkl,val
7404.pkl,train
7405.pkl,train
7406.pkl,val
7407.pkl,train
7408.pkl,train
7409.pkl,val
7410.pkl,train
7411.pkl,train
7412.pkl,train
7413.pkl,val
7414.pkl,train
7415.pkl,train
7416.pkl,val
7417.pkl,val
7418.pkl,val
7419.pkl,val
7420.pkl,val
7421.pkl,train
7422.pkl,train
7423.pkl,train
7424.pkl,train
7425.pkl,train
7426.pkl,train
7427.pkl,val
7428.pkl,val
7429.pkl,val
7430.pkl,val
7431.pkl,val
7432.pkl,train
7433.pkl,train
7434.pkl,val
7435.pkl,val
7436.pkl,train
7437.pkl,train
7438.pkl,train
7439.pkl,val
7440.pkl,val
7441.pkl,val
7442.pkl,val
7443.pkl,train
7444.pkl,train
7445.pkl,val
7446.pkl,train
7447.pkl,train
7448.pkl,val
7449.pkl,val
7450.pkl,train
7451.pkl,val
7452.pkl,train
7453.pkl,train
7454.pkl,train
7455.pkl,train
7456.pkl,train
7457.pkl,train
7458.pkl,train
7459.pkl,val
7460.pkl,val
7461.pkl,train
7462.pkl,train
7463.pkl,val
7464.pkl,train
7465.pkl,train
7466.pkl,val
7467.pkl,val
7468.pkl,val
7469.pkl,val
7470.pkl,train
7471.pkl,val
7472.pkl,val
7473.pkl,train
7474.pkl,train
7475.pkl,train
7476.pkl,val
7477.pkl,train
7478.pkl,train
7479.pkl,val
7480.pkl,train
7481.pkl,val
7482.pkl,val
7483.pkl,train
7484.pkl,val
7485.pkl,train
7486.pkl,val
7487.pkl,train
7488.pkl,train
7489.pkl,val
7490.pkl,train
7491.pkl,val
7492.pkl,val
7493.pkl,train
7494.pkl,train
7495.pkl,train
7496.pkl,val
7497.pkl,train
7498.pkl,val
7499.pkl,train
7500.pkl,val
7501.pkl,val
7502.pkl,val
7503.pkl,val
7504.pkl,train
7505.pkl,train
7506.pkl,val
7507.pkl,val
7508.pkl,train
7509.pkl,train
7510.pkl,train
7511.pkl,val
7512.pkl,train
7513.pkl,val
7514.pkl,train
7515.pkl,val
7516.pkl,train
7517.pkl,val
7518.pkl,val
7519.pkl,val
7520.pkl,train
7521.pkl,val
7522.pkl,val
7523.pkl,val
7524.pkl,train
7525.pkl,train
7526.pkl,train
7527.pkl,train
7528.pkl,train
7529.pkl,val
7530.pkl,train
7531.pkl,train
7532.pkl,val
7533.pkl,val
7534.pkl,train
7535.pkl,val
7536.pkl,train
7537.pkl,val
7538.pkl,train
7539.pkl,train
7540.pkl,train
7541.pkl,val
7542.pkl,val
7543.pkl,train
7544.pkl,train
7545.pkl,val
7546.pkl,val
7547.pkl,val
7548.pkl,val
7549.pkl,val
7550.pkl,train
7551.pkl,val
7552.pkl,val
7553.pkl,train
7554.pkl,val
7555.pkl,val
7556.pkl,val
7557.pkl,train
7558.pkl,val
7559.pkl,val
7560.pkl,val
7561.pkl,train
7562.pkl,train
7563.pkl,val
7564.pkl,val
7565.pkl,train
7566.pkl,val
7567.pkl,train
7568.pkl,train
7569.pkl,val
7570.pkl,train
7571.pkl,val
7572.pkl,val
7573.pkl,val
7574.pkl,val
7575.pkl,train
7576.pkl,train
7577.pkl,train
7578.pkl,val
7579.pkl,train
7580.pkl,train
7581.pkl,val
7582.pkl,train
7583.pkl,val
7584.pkl,val
7585.pkl,train
7586.pkl,train
7587.pkl,train
7588.pkl,val
7589.pkl,train
7590.pkl,val
7591.pkl,val
7592.pkl,val
7593.pkl,val
7594.pkl,val
7595.pkl,val
7596.pkl,train
7597.pkl,val
7598.pkl,train
7599.pkl,val
7600.pkl,train
7601.pkl,val
7602.pkl,train
7603.pkl,val
7604.pkl,train
7605.pkl,train
7606.pkl,val
7607.pkl,train
7608.pkl,val
7609.pkl,val
7610.pkl,val
7611.pkl,train
7612.pkl,train
7613.pkl,val
7614.pkl,val
7615.pkl,train
7616.pkl,train
7617.pkl,val
7618.pkl,train
7619.pkl,val
7620.pkl,val
7621.pkl,val
7622.pkl,train
7623.pkl,val
7624.pkl,val
7625.pkl,train
7626.pkl,train
7627.pkl,val
7628.pkl,val
7629.pkl,train
7630.pkl,val
7631.pkl,train
7632.pkl,val
7633.pkl,val
7634.pkl,val
7635.pkl,val
7636.pkl,train
7637.pkl,train
7638.pkl,train
7639.pkl,val
7640.pkl,val
7641.pkl,train
7642.pkl,train
7643.pkl,val
7644.pkl,val
7645.pkl,train
7646.pkl,val
7647.pkl,train
7648.pkl,train
7649.pkl,train
7650.pkl,val
7651.pkl,val
7652.pkl,train
7653.pkl,val
7654.pkl,train
7655.pkl,train
7656.pkl,train
7657.pkl,val
7658.pkl,train
7659.pkl,val
7660.pkl,train
7661.pkl,train
7662.pkl,val
7663.pkl,val
7664.pkl,val
7665.pkl,val
7666.pkl,val
7667.pkl,train
7668.pkl,val
7669.pkl,train
7670.pkl,train
7671.pkl,train
7672.pkl,train
7673.pkl,train
7674.pkl,val
7675.pkl,train
7676.pkl,train
7677.pkl,train
7678.pkl,train
7679.pkl,train
7680.pkl,train
7681.pkl,val
7682.pkl,train
7683.pkl,val
7684.pkl,train
7685.pkl,train
7686.pkl,val
7687.pkl,val
7688.pkl,val
7689.pkl,val
7690.pkl,val
7691.pkl,train
7692.pkl,train
7693.pkl,val
7694.pkl,val
7695.pkl,val
7696.pkl,val
7697.pkl,train
7698.pkl,val
7699.pkl,train
7700.pkl,val
7701.pkl,val
7702.pkl,train
7703.pkl,val
7704.pkl,val
7705.pkl,val
7706.pkl,train
7707.pkl,train
7708.pkl,train
7709.pkl,train
7710.pkl,val
7711.pkl,val
7712.pkl,train
7713.pkl,train
7714.pkl,val
7715.pkl,val
7716.pkl,val
7717.pkl,val
7718.pkl,val
7719.pkl,train
7720.pkl,val
7721.pkl,val
7722.pkl,val
7723.pkl,val
7724.pkl,val
7725.pkl,val
7726.pkl,train
7727.pkl,val
7728.pkl,val
7729.pkl,train
7730.pkl,val
7731.pkl,train
7732.pkl,val
7733.pkl,train
7734.pkl,train
7735.pkl,train
7736.pkl,val
7737.pkl,val
7738.pkl,val
7739.pkl,train
7740.pkl,train
7741.pkl,val
7742.pkl,train
7743.pkl,train
7744.pkl,train
7745.pkl,val
7746.pkl,val
7747.pkl,val
7748.pkl,val
7749.pkl,train
7750.pkl,train
7751.pkl,val
7752.pkl,val
7753.pkl,val
7754.pkl,val
7755.pkl,train
7756.pkl,val
7757.pkl,val
7758.pkl,val
7759.pkl,train
7760.pkl,val
7761.pkl,train
7762.pkl,val
7763.pkl,train
7764.pkl,val
7765.pkl,val
7766.pkl,val
7767.pkl,val
7768.pkl,train
7769.pkl,val
7770.pkl,val
7771.pkl,val
7772.pkl,val
7773.pkl,train
7774.pkl,val
7775.pkl,val
7776.pkl,val
7777.pkl,train
7778.pkl,train
7779.pkl,val
7780.pkl,train
7781.pkl,train
7782.pkl,train
7783.pkl,val
7784.pkl,val
7785.pkl,val
7786.pkl,val
7787.pkl,train
7788.pkl,train
7789.pkl,train
7790.pkl,train
7791.pkl,val
7792.pkl,train
7793.pkl,val
7794.pkl,train
7795.pkl,val
7796.pkl,train
7797.pkl,train
7798.pkl,val
7799.pkl,train
7800.pkl,val
7801.pkl,train
7802.pkl,train
7803.pkl,train
7804.pkl,val
7805.pkl,val
7806.pkl,train
7807.pkl,val
7808.pkl,train
7809.pkl,val
7810.pkl,train
7811.pkl,val
7812.pkl,train
7813.pkl,val
7814.pkl,train
7815.pkl,val
7816.pkl,train
7817.pkl,train
7818.pkl,train
7819.pkl,train
7820.pkl,val
7821.pkl,val
7822.pkl,val
7823.pkl,train
7824.pkl,train
7825.pkl,val
7826.pkl,val
7827.pkl,val
7828.pkl,train
7829.pkl,train
7830.pkl,train
7831.pkl,val
7832.pkl,train
7833.pkl,train
7834.pkl,train
7835.pkl,val
7836.pkl,train
7837.pkl,val
7838.pkl,train
7839.pkl,train
7840.pkl,val
7841.pkl,val
7842.pkl,train
7843.pkl,val
7844.pkl,val
7845.pkl,train
7846.pkl,train
7847.pkl,train
7848.pkl,val
7849.pkl,train
7850.pkl,train
7851.pkl,train
7852.pkl,val
7853.pkl,train
7854.pkl,train
7855.pkl,val
7856.pkl,val
7857.pkl,val
7858.pkl,val
7859.pkl,train
7860.pkl,val
7861.pkl,train
7862.pkl,val
7863.pkl,val
7864.pkl,val
7865.pkl,train
7866.pkl,train
7867.pkl,train
7868.pkl,train
7869.pkl,val
7870.pkl,val
7871.pkl,train
7872.pkl,val
7873.pkl,train
7874.pkl,train
7875.pkl,train
7876.pkl,val
7877.pkl,train
7878.pkl,train
7879.pkl,train
7880.pkl,val
7881.pkl,train
7882.pkl,val
7883.pkl,train
7884.pkl,train
7885.pkl,val
7886.pkl,train
7887.pkl,val
7888.pkl,val
7889.pkl,train
7890.pkl,train
7891.pkl,train
7892.pkl,train
7893.pkl,train
7894.pkl,val
7895.pkl,train
7896.pkl,val
7897.pkl,train
7898.pkl,train
7899.pkl,val
7900.pkl,train
7901.pkl,val
7902.pkl,train
7903.pkl,val
7904.pkl,val
7905.pkl,train
7906.pkl,val
7907.pkl,val
7908.pkl,train
7909.pkl,val
7910.pkl,train
7911.pkl,train
7912.pkl,val
7913.pkl,val
7914.pkl,train
7915.pkl,train
7916.pkl,val
7917.pkl,val
7918.pkl,val
7919.pkl,train
7920.pkl,train
7921.pkl,val
7922.pkl,train
7923.pkl,train
7924.pkl,train
7925.pkl,val
7926.pkl,train
7927.pkl,val
7928.pkl,val
7929.pkl,val
7930.pkl,val
7931.pkl,train
7932.pkl,val
7933.pkl,val
7934.pkl,val
7935.pkl,train
7936.pkl,train
7937.pkl,train
7938.pkl,val
7939.pkl,val
7940.pkl,train
7941.pkl,train
7942.pkl,train
7943.pkl,val
7944.pkl,val
7945.pkl,val
7946.pkl,train
7947.pkl,val
7948.pkl,train
7949.pkl,train
7950.pkl,val
7951.pkl,train
7952.pkl,train
7953.pkl,val
7954.pkl,train
7955.pkl,train
7956.pkl,val
7957.pkl,val
7958.pkl,val
7959.pkl,val
7960.pkl,train
7961.pkl,val
7962.pkl,train
7963.pkl,train
7964.pkl,train
7965.pkl,val
7966.pkl,train
7967.pkl,train
7968.pkl,val
7969.pkl,train
7970.pkl,val
7971.pkl,train
7972.pkl,train
7973.pkl,train
7974.pkl,val
7975.pkl,val
7976.pkl,val
7977.pkl,train
7978.pkl,train
7979.pkl,train
7980.pkl,train
7981.pkl,val
7982.pkl,train
7983.pkl,val
7984.pkl,train
7985.pkl,val
7986.pkl,train
7987.pkl,val
7988.pkl,train
7989.pkl,train
7990.pkl,train
7991.pkl,train
7992.pkl,val
7993.pkl,val
7994.pkl,val
7995.pkl,train
7996.pkl,val
7997.pkl,val
7998.pkl,val
7999.pkl,train
8000.pkl,train
8001.pkl,val
8002.pkl,train
8003.pkl,train
8004.pkl,val
8005.pkl,val
8006.pkl,train
8007.pkl,val
8008.pkl,train
8009.pkl,train
8010.pkl,val
8011.pkl,train
8012.pkl,train
8013.pkl,val
8014.pkl,train
8015.pkl,val
8016.pkl,val
8017.pkl,val
8018.pkl,train
8019.pkl,val
8020.pkl,val
8021.pkl,train
8022.pkl,val
8023.pkl,train
8024.pkl,val
8025.pkl,train
8026.pkl,val
8027.pkl,train
8028.pkl,train
8029.pkl,val
8030.pkl,val
8031.pkl,train
8032.pkl,train
8033.pkl,train
8034.pkl,train
8035.pkl,val
8036.pkl,train
8037.pkl,val
8038.pkl,train
8039.pkl,val
8040.pkl,val
8041.pkl,val
8042.pkl,train
8043.pkl,train
8044.pkl,val
8045.pkl,val
8046.pkl,train
8047.pkl,val
8048.pkl,train
8049.pkl,train
8050.pkl,val
8051.pkl,val
8052.pkl,train
8053.pkl,val
8054.pkl,val
8055.pkl,val
8056.pkl,train
8057.pkl,val
8058.pkl,val
8059.pkl,val
8060.pkl,train
8061.pkl,train
8062.pkl,train
8063.pkl,val
8064.pkl,val
8065.pkl,val
8066.pkl,train
8067.pkl,val
8068.pkl,val
8069.pkl,train
8070.pkl,val
8071.pkl,val
8072.pkl,val
8073.pkl,val
8074.pkl,train
8075.pkl,val
8076.pkl,val
8077.pkl,train
8078.pkl,train
8079.pkl,train
8080.pkl,val
8081.pkl,train
8082.pkl,val
8083.pkl,train
8084.pkl,train
8085.pkl,train
8086.pkl,val
8087.pkl,val
8088.pkl,val
8089.pkl,val
8090.pkl,train
8091.pkl,val
8092.pkl,val
8093.pkl,val
8094.pkl,train
8095.pkl,train
8096.pkl,val
8097.pkl,train
8098.pkl,val
8099.pkl,val
8100.pkl,train
8101.pkl,val
8102.pkl,val
8103.pkl,val
8104.pkl,train
8105.pkl,val
8106.pkl,val
8107.pkl,train
8108.pkl,val
8109.pkl,train
8110.pkl,train
8111.pkl,val
8112.pkl,val
8113.pkl,train
8114.pkl,val
8115.pkl,train
8116.pkl,val
8117.pkl,train
8118.pkl,val
8119.pkl,train
8120.pkl,val
8121.pkl,train
8122.pkl,train
8123.pkl,train
8124.pkl,val
8125.pkl,train
8126.pkl,train
8127.pkl,val
8128.pkl,train
8129.pkl,train
8130.pkl,val
8131.pkl,train
8132.pkl,val
8133.pkl,train
8134.pkl,val
8135.pkl,val
8136.pkl,val
8137.pkl,val
8138.pkl,val
8139.pkl,train
8140.pkl,train
8141.pkl,train
8142.pkl,val
8143.pkl,val
8144.pkl,train
8145.pkl,train
8146.pkl,val
8147.pkl,val
8148.pkl,val
8149.pkl,val
8150.pkl,train
8151.pkl,train
8152.pkl,train
8153.pkl,train
8154.pkl,val
8155.pkl,val
8156.pkl,train
8157.pkl,val
8158.pkl,val
8159.pkl,train
8160.pkl,val
8161.pkl,val
8162.pkl,val
8163.pkl,val
8164.pkl,train
8165.pkl,train
8166.pkl,train
8167.pkl,val
8168.pkl,val
8169.pkl,val
8170.pkl,val
8171.pkl,val
8172.pkl,train
8173.pkl,val
8174.pkl,train
8175.pkl,val
8176.pkl,val
8177.pkl,train
8178.pkl,train
8179.pkl,train
8180.pkl,val
8181.pkl,train
8182.pkl,train
8183.pkl,val
8184.pkl,val
8185.pkl,train
8186.pkl,train
8187.pkl,train
8188.pkl,train
8189.pkl,train
8190.pkl,train
8191.pkl,train
8192.pkl,train
8193.pkl,val
8194.pkl,val
8195.pkl,val
8196.pkl,train
8197.pkl,val
8198.pkl,train
8199.pkl,train
8200.pkl,val
8201.pkl,train
8202.pkl,train
8203.pkl,val
8204.pkl,val
8205.pkl,train
8206.pkl,train
8207.pkl,val
8208.pkl,train
8209.pkl,train
8210.pkl,val
8211.pkl,train
8212.pkl,val
8213.pkl,val
8214.pkl,val
8215.pkl,train
8216.pkl,train
8217.pkl,train
8218.pkl,train
8219.pkl,train
8220.pkl,train
8221.pkl,train
8222.pkl,train
8223.pkl,train
8224.pkl,train
8225.pkl,train
8226.pkl,train
8227.pkl,val
8228.pkl,val
8229.pkl,val
8230.pkl,train
8231.pkl,train
8232.pkl,train
8233.pkl,train
8234.pkl,train
8235.pkl,val
8236.pkl,train
8237.pkl,train
8238.pkl,train
8239.pkl,val
8240.pkl,train
8241.pkl,val
8242.pkl,val
8243.pkl,train
8244.pkl,train
8245.pkl,train
8246.pkl,val
8247.pkl,train
8248.pkl,train
8249.pkl,train
8250.pkl,train
8251.pkl,val
8252.pkl,val
8253.pkl,val
8254.pkl,train
8255.pkl,val
8256.pkl,val
8257.pkl,val
8258.pkl,train
8259.pkl,val
8260.pkl,train
8261.pkl,val
8262.pkl,val
8263.pkl,train
8264.pkl,val
8265.pkl,val
8266.pkl,train
8267.pkl,train
8268.pkl,train
8269.pkl,val
8270.pkl,val
8271.pkl,train
8272.pkl,val
8273.pkl,val
8274.pkl,train
8275.pkl,val
8276.pkl,val
8277.pkl,val
8278.pkl,train
8279.pkl,val
8280.pkl,train
8281.pkl,val
8282.pkl,train
8283.pkl,val
8284.pkl,val
8285.pkl,val
8286.pkl,train
8287.pkl,val
8288.pkl,val
8289.pkl,val
8290.pkl,val
8291.pkl,train
8292.pkl,val
8293.pkl,train
8294.pkl,train
8295.pkl,val
8296.pkl,train
8297.pkl,train
8298.pkl,train
8299.pkl,train
8300.pkl,val
8301.pkl,train
8302.pkl,train
8303.pkl,val
8304.pkl,val
8305.pkl,train
8306.pkl,train
8307.pkl,val
8308.pkl,val
8309.pkl,train
8310.pkl,train
8311.pkl,val
8312.pkl,train
8313.pkl,train
8314.pkl,val
8315.pkl,val
8316.pkl,val
8317.pkl,train
8318.pkl,val
8319.pkl,val
8320.pkl,val
8321.pkl,train
8322.pkl,train
8323.pkl,train
8324.pkl,train
8325.pkl,train
8326.pkl,val
8327.pkl,train
8328.pkl,train
8329.pkl,train
8330.pkl,val
8331.pkl,val
8332.pkl,train
8333.pkl,train
8334.pkl,train
8335.pkl,val
8336.pkl,val
8337.pkl,val
8338.pkl,train
8339.pkl,train
8340.pkl,val
8341.pkl,val
8342.pkl,train
8343.pkl,train
8344.pkl,val
8345.pkl,val
8346.pkl,val
8347.pkl,train
8348.pkl,val
8349.pkl,train
8350.pkl,val
8351.pkl,val
8352.pkl,val
8353.pkl,val
8354.pkl,train
8355.pkl,train
8356.pkl,train
8357.pkl,train
8358.pkl,val
8359.pkl,val
8360.pkl,val
8361.pkl,val
8362.pkl,train
8363.pkl,train
8364.pkl,val
8365.pkl,val
8366.pkl,train
8367.pkl,val
8368.pkl,train
8369.pkl,train
8370.pkl,train
8371.pkl,train
8372.pkl,train
8373.pkl,train
8374.pkl,val
8375.pkl,val
8376.pkl,val
8377.pkl,val
8378.pkl,val
8379.pkl,val
8380.pkl,val
8381.pkl,val
8382.pkl,val
8383.pkl,val
8384.pkl,val
8385.pkl,val
8386.pkl,train
8387.pkl,train
8388.pkl,train
8389.pkl,train
8390.pkl,val
8391.pkl,train
8392.pkl,val
8393.pkl,train
8394.pkl,train
8395.pkl,train
8396.pkl,train
8397.pkl,val
8398.pkl,train
8399.pkl,train
8400.pkl,train
8401.pkl,val
8402.pkl,val
8403.pkl,train
8404.pkl,val
8405.pkl,train
8406.pkl,train
8407.pkl,train
8408.pkl,val
8409.pkl,train
8410.pkl,val
8411.pkl,val
8412.pkl,train
8413.pkl,val
8414.pkl,val
8415.pkl,val
8416.pkl,train
8417.pkl,val
8418.pkl,train
8419.pkl,val
8420.pkl,val
8421.pkl,val
8422.pkl,train
8423.pkl,val
8424.pkl,val
8425.pkl,train
8426.pkl,train
8427.pkl,train
8428.pkl,train
8429.pkl,train
8430.pkl,train
8431.pkl,train
8432.pkl,val
8433.pkl,val
8434.pkl,train
8435.pkl,val
8436.pkl,train
8437.pkl,val
8438.pkl,val
8439.pkl,train
8440.pkl,val
8441.pkl,val
8442.pkl,val
8443.pkl,train
8444.pkl,train
8445.pkl,val
8446.pkl,val
8447.pkl,val
8448.pkl,train
8449.pkl,val
8450.pkl,val
8451.pkl,train
8452.pkl,train
8453.pkl,val
8454.pkl,val
8455.pkl,val
8456.pkl,val
8457.pkl,train
8458.pkl,train
8459.pkl,val
8460.pkl,val
8461.pkl,train
8462.pkl,train
8463.pkl,val
8464.pkl,val
8465.pkl,train
8466.pkl,val
8467.pkl,val
8468.pkl,val
8469.pkl,train
8470.pkl,train
8471.pkl,train
8472.pkl,val
8473.pkl,train
8474.pkl,val
8475.pkl,val
8476.pkl,train
8477.pkl,train
8478.pkl,train
8479.pkl,val
8480.pkl,val
8481.pkl,val
8482.pkl,val
8483.pkl,train
8484.pkl,val
8485.pkl,val
8486.pkl,val
8487.pkl,val
8488.pkl,val
8489.pkl,train
8490.pkl,train
8491.pkl,val
8492.pkl,val
8493.pkl,val
8494.pkl,train
8495.pkl,train
8496.pkl,train
8497.pkl,train
8498.pkl,train
8499.pkl,train
8500.pkl,val
8501.pkl,val
8502.pkl,val
8503.pkl,train
8504.pkl,val
8505.pkl,val
8506.pkl,val
8507.pkl,val
8508.pkl,val
8509.pkl,train
8510.pkl,val
8511.pkl,val
8512.pkl,val
8513.pkl,val
8514.pkl,train
8515.pkl,val
8516.pkl,train
8517.pkl,train
8518.pkl,val
8519.pkl,val
8520.pkl,val
8521.pkl,val
8522.pkl,train
8523.pkl,val
8524.pkl,val
8525.pkl,val
8526.pkl,train
8527.pkl,val
8528.pkl,train
8529.pkl,train
8530.pkl,train
8531.pkl,train
8532.pkl,val
8533.pkl,val
8534.pkl,train
8535.pkl,train
8536.pkl,train
8537.pkl,train
8538.pkl,train
8539.pkl,val
8540.pkl,train
8541.pkl,val
8542.pkl,train
8543.pkl,train
8544.pkl,val
8545.pkl,train
8546.pkl,val
8547.pkl,train
8548.pkl,train
8549.pkl,train
8550.pkl,val
8551.pkl,val
8552.pkl,train
8553.pkl,val
8554.pkl,val
8555.pkl,val
8556.pkl,val
8557.pkl,val
8558.pkl,val
8559.pkl,train
8560.pkl,train
8561.pkl,val
8562.pkl,val
8563.pkl,val
8564.pkl,train
8565.pkl,train
8566.pkl,val
8567.pkl,train
8568.pkl,train
8569.pkl,val
8570.pkl,train
8571.pkl,val
8572.pkl,val
8573.pkl,val
8574.pkl,train
8575.pkl,val
8576.pkl,train
8577.pkl,val
8578.pkl,val
8579.pkl,train
8580.pkl,train
8581.pkl,train
8582.pkl,val
8583.pkl,train
8584.pkl,val
8585.pkl,train
8586.pkl,val
8587.pkl,val
8588.pkl,val
8589.pkl,val
8590.pkl,train
8591.pkl,train
8592.pkl,train
8593.pkl,val
8594.pkl,val
8595.pkl,val
8596.pkl,train
8597.pkl,val
8598.pkl,val
8599.pkl,train
8600.pkl,val
8601.pkl,train
8602.pkl,train
8603.pkl,val
8604.pkl,val
8605.pkl,train
8606.pkl,train
8607.pkl,val
8608.pkl,train
8609.pkl,train
8610.pkl,train
8611.pkl,train
8612.pkl,val
8613.pkl,train
8614.pkl,train
8615.pkl,train
8616.pkl,train
8617.pkl,train
8618.pkl,val
8619.pkl,train
8620.pkl,val
8621.pkl,train
8622.pkl,val
8623.pkl,train
8624.pkl,train
8625.pkl,train
8626.pkl,val
8627.pkl,val
8628.pkl,train
8629.pkl,val
8630.pkl,val
8631.pkl,val
8632.pkl,train
8633.pkl,train
8634.pkl,train
8635.pkl,val
8636.pkl,val
8637.pkl,val
8638.pkl,val
8639.pkl,train
8640.pkl,train
8641.pkl,val
8642.pkl,val
8643.pkl,val
8644.pkl,val
8645.pkl,val
8646.pkl,train
8647.pkl,val
8648.pkl,train
8649.pkl,val
8650.pkl,val
8651.pkl,train
8652.pkl,val
8653.pkl,train
8654.pkl,val
8655.pkl,train
8656.pkl,train
8657.pkl,train
8658.pkl,train
8659.pkl,train
8660.pkl,train
8661.pkl,val
8662.pkl,val
8663.pkl,val
8664.pkl,val
8665.pkl,train
8666.pkl,val
8667.pkl,val
8668.pkl,train
8669.pkl,val
8670.pkl,val
8671.pkl,val
8672.pkl,train
8673.pkl,val
8674.pkl,val
8675.pkl,val
8676.pkl,val
8677.pkl,val
8678.pkl,train
8679.pkl,train
8680.pkl,val
8681.pkl,train
8682.pkl,train
8683.pkl,val
8684.pkl,val
8685.pkl,train
8686.pkl,val
8687.pkl,train
8688.pkl,train
8689.pkl,train
8690.pkl,val
8691.pkl,val
8692.pkl,train
8693.pkl,val
8694.pkl,val
8695.pkl,train
8696.pkl,val
8697.pkl,val
8698.pkl,val
8699.pkl,train
8700.pkl,train
8701.pkl,train
8702.pkl,train
8703.pkl,val
8704.pkl,train
8705.pkl,train
8706.pkl,val
8707.pkl,train
8708.pkl,train
8709.pkl,val
8710.pkl,train
8711.pkl,val
8712.pkl,val
8713.pkl,val
8714.pkl,val
8715.pkl,val
8716.pkl,train
8717.pkl,train
8718.pkl,val
8719.pkl,train
8720.pkl,val
8721.pkl,train
8722.pkl,val
8723.pkl,val
8724.pkl,train
8725.pkl,val
8726.pkl,train
8727.pkl,train
8728.pkl,train
8729.pkl,val
8730.pkl,val
8731.pkl,train
8732.pkl,train
8733.pkl,train
8734.pkl,train
8735.pkl,train
8736.pkl,train
8737.pkl,val
8738.pkl,val
8739.pkl,val
8740.pkl,val
8741.pkl,train
8742.pkl,train
8743.pkl,val
8744.pkl,train
8745.pkl,train
8746.pkl,train
8747.pkl,val
8748.pkl,val
8749.pkl,val
8750.pkl,val
8751.pkl,train
8752.pkl,train
8753.pkl,val
8754.pkl,train
8755.pkl,val
8756.pkl,val
8757.pkl,train
8758.pkl,train
8759.pkl,train
8760.pkl,val
8761.pkl,train
8762.pkl,train
8763.pkl,val
8764.pkl,train
8765.pkl,train
8766.pkl,train
8767.pkl,train
8768.pkl,val
8769.pkl,train
8770.pkl,train
8771.pkl,train
8772.pkl,train
8773.pkl,train
8774.pkl,val
8775.pkl,train
8776.pkl,val
8777.pkl,val
8778.pkl,val
8779.pkl,train
8780.pkl,val
8781.pkl,train
8782.pkl,val
8783.pkl,train
8784.pkl,train
8785.pkl,val
8786.pkl,train
8787.pkl,val
8788.pkl,val
8789.pkl,train
8790.pkl,train
8791.pkl,train
8792.pkl,train
8793.pkl,train
8794.pkl,val
8795.pkl,val
8796.pkl,train
8797.pkl,train
8798.pkl,val
8799.pkl,val
8800.pkl,val
8801.pkl,val
8802.pkl,val
8803.pkl,val
8804.pkl,train
8805.pkl,train
8806.pkl,train
8807.pkl,val
8808.pkl,val
8809.pkl,train
8810.pkl,val
8811.pkl,train
8812.pkl,val
8813.pkl,val
8814.pkl,val
8815.pkl,val
8816.pkl,train
8817.pkl,val
8818.pkl,train
8819.pkl,train
8820.pkl,train
8821.pkl,val
8822.pkl,val
8823.pkl,val
8824.pkl,train
8825.pkl,train
8826.pkl,train
8827.pkl,val
8828.pkl,val
8829.pkl,val
8830.pkl,train
8831.pkl,train
8832.pkl,val
8833.pkl,val
8834.pkl,val
8835.pkl,train
8836.pkl,train
8837.pkl,val
8838.pkl,val
8839.pkl,train
8840.pkl,train
8841.pkl,val
8842.pkl,train
8843.pkl,val
8844.pkl,val
8845.pkl,train
8846.pkl,train
8847.pkl,train
8848.pkl,train
8849.pkl,train
8850.pkl,train
8851.pkl,train
8852.pkl,val
8853.pkl,train
8854.pkl,val
8855.pkl,train
8856.pkl,train
8857.pkl,train
8858.pkl,val
8859.pkl,train
8860.pkl,train
8861.pkl,val
8862.pkl,val
8863.pkl,val
8864.pkl,train
8865.pkl,val
8866.pkl,val
8867.pkl,val
8868.pkl,train
8869.pkl,val
8870.pkl,val
8871.pkl,val
8872.pkl,train
8873.pkl,train
8874.pkl,train
8875.pkl,val
8876.pkl,train
8877.pkl,val
8878.pkl,val
8879.pkl,val
8880.pkl,train
8881.pkl,train
8882.pkl,train
8883.pkl,train
8884.pkl,train
8885.pkl,val
8886.pkl,val
8887.pkl,train
8888.pkl,train
8889.pkl,val
8890.pkl,val
8891.pkl,val
8892.pkl,val
8893.pkl,val
8894.pkl,val
8895.pkl,val
8896.pkl,val
8897.pkl,val
8898.pkl,val
8899.pkl,val
8900.pkl,train
8901.pkl,train
8902.pkl,train
8903.pkl,train
8904.pkl,train
8905.pkl,val
8906.pkl,val
8907.pkl,val
8908.pkl,val
8909.pkl,val
8910.pkl,train
8911.pkl,train
8912.pkl,val
8913.pkl,val
8914.pkl,train
8915.pkl,train
8916.pkl,val
8917.pkl,train
8918.pkl,val
8919.pkl,train
8920.pkl,val
8921.pkl,val
8922.pkl,train
8923.pkl,val
8924.pkl,val
8925.pkl,train
8926.pkl,val
8927.pkl,train
8928.pkl,train
8929.pkl,val
8930.pkl,train
8931.pkl,train
8932.pkl,val
8933.pkl,train
8934.pkl,train
8935.pkl,train
8936.pkl,val
8937.pkl,val
8938.pkl,train
8939.pkl,val
8940.pkl,val
8941.pkl,val
8942.pkl,val
8943.pkl,train
8944.pkl,val
8945.pkl,val
8946.pkl,val
8947.pkl,val
8948.pkl,train
8949.pkl,train
8950.pkl,train
8951.pkl,train
8952.pkl,train
8953.pkl,val
8954.pkl,train
8955.pkl,val
8956.pkl,val
8957.pkl,train
8958.pkl,train
8959.pkl,val
8960.pkl,train
8961.pkl,train
8962.pkl,val
8963.pkl,val
8964.pkl,train
8965.pkl,train
8966.pkl,val
8967.pkl,train
8968.pkl,val
8969.pkl,val
8970.pkl,val
8971.pkl,val
8972.pkl,train
8973.pkl,val
8974.pkl,train
8975.pkl,val
8976.pkl,val
8977.pkl,train
8978.pkl,val
8979.pkl,train
8980.pkl,val
8981.pkl,train
8982.pkl,val
8983.pkl,train
8984.pkl,val
8985.pkl,train
8986.pkl,val
8987.pkl,val
8988.pkl,val
8989.pkl,val
8990.pkl,train
8991.pkl,val
8992.pkl,val
8993.pkl,val
8994.pkl,val
8995.pkl,val
8996.pkl,val
8997.pkl,val
8998.pkl,val
8999.pkl,train
9000.pkl,val
9001.pkl,val
9002.pkl,val
9003.pkl,train
9004.pkl,train
9005.pkl,train
9006.pkl,val
9007.pkl,val
9008.pkl,val
9009.pkl,val
9010.pkl,val
9011.pkl,train
9012.pkl,val
9013.pkl,val
9014.pkl,val
9015.pkl,val
9016.pkl,train
9017.pkl,val
9018.pkl,train
9019.pkl,train
9020.pkl,val
9021.pkl,train
9022.pkl,val
9023.pkl,val
9024.pkl,train
9025.pkl,val
9026.pkl,train
9027.pkl,train
9028.pkl,val
9029.pkl,val
9030.pkl,val
9031.pkl,train
9032.pkl,train
9033.pkl,train
9034.pkl,train
9035.pkl,val
9036.pkl,train
9037.pkl,val
9038.pkl,train
9039.pkl,train
9040.pkl,train
9041.pkl,val
9042.pkl,train
9043.pkl,val
9044.pkl,val
9045.pkl,val
9046.pkl,train
9047.pkl,train
9048.pkl,val
9049.pkl,val
9050.pkl,val
9051.pkl,val
9052.pkl,train
9053.pkl,val
9054.pkl,train
9055.pkl,val
9056.pkl,train
9057.pkl,val
9058.pkl,val
9059.pkl,val
9060.pkl,val
9061.pkl,train
9062.pkl,val
9063.pkl,train
9064.pkl,train
9065.pkl,val
9066.pkl,train
9067.pkl,train
9068.pkl,val
9069.pkl,val
9070.pkl,val
9071.pkl,train
9072.pkl,train
9073.pkl,train
9074.pkl,val
9075.pkl,train
9076.pkl,train
9077.pkl,val
9078.pkl,val
9079.pkl,train
9080.pkl,val
9081.pkl,val
9082.pkl,train
9083.pkl,val
9084.pkl,val
9085.pkl,train
9086.pkl,train
9087.pkl,val
9088.pkl,train
9089.pkl,train
9090.pkl,val
9091.pkl,train
9092.pkl,val
9093.pkl,train
9094.pkl,train
9095.pkl,val
9096.pkl,train
9097.pkl,train
9098.pkl,train
9099.pkl,val
9100.pkl,val
9101.pkl,val
9102.pkl,train
9103.pkl,train
9104.pkl,val
9105.pkl,train
9106.pkl,val
9107.pkl,val
9108.pkl,train
9109.pkl,train
9110.pkl,val
9111.pkl,train
9112.pkl,train
9113.pkl,train
9114.pkl,val
9115.pkl,train
9116.pkl,val
9117.pkl,train
9118.pkl,val
9119.pkl,train
9120.pkl,train
9121.pkl,val
9122.pkl,val
9123.pkl,train
9124.pkl,val
9125.pkl,train
9126.pkl,train
9127.pkl,val
9128.pkl,val
9129.pkl,val
9130.pkl,val
9131.pkl,train
9132.pkl,val
9133.pkl,train
9134.pkl,train
9135.pkl,train
9136.pkl,train
9137.pkl,val
9138.pkl,train
9139.pkl,train
9140.pkl,train
9141.pkl,val
9142.pkl,train
9143.pkl,val
9144.pkl,val
9145.pkl,val
9146.pkl,val
9147.pkl,train
9148.pkl,train
9149.pkl,val
9150.pkl,val
9151.pkl,val
9152.pkl,val
9153.pkl,val
9154.pkl,train
9155.pkl,train
9156.pkl,val
9157.pkl,val
9158.pkl,val
9159.pkl,train
9160.pkl,val
9161.pkl,val
9162.pkl,val
9163.pkl,val
9164.pkl,val
9165.pkl,val
9166.pkl,val
9167.pkl,train
9168.pkl,train
9169.pkl,val
9170.pkl,val
9171.pkl,val
9172.pkl,val
9173.pkl,val
9174.pkl,train
9175.pkl,val
9176.pkl,val
9177.pkl,val
9178.pkl,train
9179.pkl,train
9180.pkl,train
9181.pkl,val
9182.pkl,val
9183.pkl,val
9184.pkl,train
9185.pkl,train
9186.pkl,val
9187.pkl,train
9188.pkl,train
9189.pkl,val
9190.pkl,train
9191.pkl,val
9192.pkl,val
9193.pkl,val
9194.pkl,val
9195.pkl,train
9196.pkl,train
9197.pkl,val
9198.pkl,val
9199.pkl,val
9200.pkl,train
9201.pkl,train
9202.pkl,val
9203.pkl,val
9204.pkl,val
9205.pkl,val
9206.pkl,train
9207.pkl,train
9208.pkl,train
9209.pkl,train
9210.pkl,train
9211.pkl,val
9212.pkl,train
9213.pkl,val
9214.pkl,train
9215.pkl,val
9216.pkl,train
9217.pkl,val
9218.pkl,train
9219.pkl,train
9220.pkl,val
9221.pkl,val
9222.pkl,train
9223.pkl,val
9224.pkl,val
9225.pkl,train
9226.pkl,train
9227.pkl,train
9228.pkl,train
9229.pkl,val
9230.pkl,val
9231.pkl,val
9232.pkl,val
9233.pkl,val
9234.pkl,val
9235.pkl,train
9236.pkl,train
9237.pkl,train
9238.pkl,train
9239.pkl,train
9240.pkl,val
9241.pkl,train
9242.pkl,val
9243.pkl,train
9244.pkl,train
9245.pkl,train
9246.pkl,train
9247.pkl,train
9248.pkl,train
9249.pkl,train
9250.pkl,train
9251.pkl,train
9252.pkl,train
9253.pkl,train
9254.pkl,train
9255.pkl,train
9256.pkl,val
9257.pkl,val
9258.pkl,val
9259.pkl,val
9260.pkl,train
9261.pkl,train
9262.pkl,val
9263.pkl,val
9264.pkl,val
9265.pkl,val
9266.pkl,train
9267.pkl,val
9268.pkl,val
9269.pkl,val
9270.pkl,val
9271.pkl,val
9272.pkl,train
9273.pkl,val
9274.pkl,val
9275.pkl,val
9276.pkl,train
9277.pkl,val
9278.pkl,train
9279.pkl,val
9280.pkl,train
9281.pkl,train
9282.pkl,val
9283.pkl,val
9284.pkl,val
9285.pkl,val
9286.pkl,val
9287.pkl,val
9288.pkl,val
9289.pkl,val
9290.pkl,train
9291.pkl,val
9292.pkl,val
9293.pkl,train
9294.pkl,train
9295.pkl,val
9296.pkl,train
9297.pkl,val
9298.pkl,val
9299.pkl,train
9300.pkl,train
9301.pkl,train
9302.pkl,val
9303.pkl,val
9304.pkl,val
9305.pkl,val
9306.pkl,train
9307.pkl,train
9308.pkl,train
9309.pkl,train
9310.pkl,train
9311.pkl,val
9312.pkl,val
9313.pkl,val
9314.pkl,train
9315.pkl,val
9316.pkl,val
9317.pkl,val
9318.pkl,train
9319.pkl,val
9320.pkl,train
9321.pkl,val
9322.pkl,train
9323.pkl,train
9324.pkl,train
9325.pkl,train
9326.pkl,val
9327.pkl,val
9328.pkl,val
9329.pkl,val
9330.pkl,val
9331.pkl,train
9332.pkl,val
9333.pkl,val
9334.pkl,train
9335.pkl,val
9336.pkl,val
9337.pkl,train
9338.pkl,train
9339.pkl,train
9340.pkl,val
9341.pkl,train
9342.pkl,train
9343.pkl,train
9344.pkl,train
9345.pkl,val
9346.pkl,val
9347.pkl,val
9348.pkl,val
9349.pkl,train
9350.pkl,val
9351.pkl,val
9352.pkl,val
9353.pkl,train
9354.pkl,train
9355.pkl,val
9356.pkl,val
9357.pkl,val
9358.pkl,train
9359.pkl,train
9360.pkl,train
9361.pkl,train
9362.pkl,val
9363.pkl,val
9364.pkl,val
9365.pkl,train
9366.pkl,val
9367.pkl,train
9368.pkl,val
9369.pkl,train
9370.pkl,train
9371.pkl,train
9372.pkl,train
9373.pkl,train
9374.pkl,train
9375.pkl,train
9376.pkl,val
9377.pkl,val
9378.pkl,train
9379.pkl,val
9380.pkl,train
9381.pkl,train
9382.pkl,val
9383.pkl,train
9384.pkl,val
9385.pkl,val
9386.pkl,val
9387.pkl,val
9388.pkl,val
9389.pkl,train
9390.pkl,val
9391.pkl,train
9392.pkl,train
9393.pkl,val
9394.pkl,train
9395.pkl,val
9396.pkl,train
9397.pkl,val
9398.pkl,train
9399.pkl,val
9400.pkl,train
9401.pkl,train
9402.pkl,train
9403.pkl,val
9404.pkl,train
9405.pkl,val
9406.pkl,train
9407.pkl,train
9408.pkl,train
9409.pkl,val
9410.pkl,train
9411.pkl,train
9412.pkl,val
9413.pkl,val
9414.pkl,val
9415.pkl,val
9416.pkl,train
9417.pkl,train
9418.pkl,val
9419.pkl,val
9420.pkl,val
9421.pkl,train
9422.pkl,val
9423.pkl,val
9424.pkl,train
9425.pkl,train
9426.pkl,train
9427.pkl,val
9428.pkl,val
9429.pkl,train
9430.pkl,val
9431.pkl,train
9432.pkl,train
9433.pkl,train
9434.pkl,val
9435.pkl,train
9436.pkl,val
9437.pkl,train
9438.pkl,train
9439.pkl,val
9440.pkl,train
9441.pkl,val
9442.pkl,val
9443.pkl,train
9444.pkl,train
9445.pkl,train
9446.pkl,val
9447.pkl,val
9448.pkl,train
9449.pkl,val
9450.pkl,train
9451.pkl,train
9452.pkl,val
9453.pkl,train
9454.pkl,val
9455.pkl,val
9456.pkl,train
9457.pkl,train
9458.pkl,train
9459.pkl,val
9460.pkl,val
9461.pkl,train
9462.pkl,val
9463.pkl,val
9464.pkl,train
9465.pkl,val
9466.pkl,train
9467.pkl,train
9468.pkl,val
9469.pkl,val
9470.pkl,val
9471.pkl,train
9472.pkl,train
9473.pkl,train
9474.pkl,train
9475.pkl,train
9476.pkl,val
9477.pkl,val
9478.pkl,val
9479.pkl,val
9480.pkl,val
9481.pkl,train
9482.pkl,val
9483.pkl,val
9484.pkl,train
9485.pkl,val
9486.pkl,train
9487.pkl,train
9488.pkl,train
9489.pkl,train
9490.pkl,val
9491.pkl,val
9492.pkl,val
9493.pkl,train
9494.pkl,train
9495.pkl,train
9496.pkl,val
9497.pkl,val
9498.pkl,val
9499.pkl,val
9500.pkl,train
9501.pkl,val
9502.pkl,train
9503.pkl,val
9504.pkl,train
9505.pkl,val
9506.pkl,val
9507.pkl,val
9508.pkl,val
9509.pkl,train
9510.pkl,train
9511.pkl,train
9512.pkl,val
9513.pkl,train
9514.pkl,val
9515.pkl,train
9516.pkl,train
9517.pkl,val
9518.pkl,train
9519.pkl,val
9520.pkl,train
9521.pkl,train
9522.pkl,train
9523.pkl,train
9524.pkl,val
9525.pkl,train
9526.pkl,train
9527.pkl,val
9528.pkl,val
9529.pkl,val
9530.pkl,train
9531.pkl,train
9532.pkl,val
9533.pkl,train
9534.pkl,train
9535.pkl,train
9536.pkl,val
9537.pkl,val
9538.pkl,train
9539.pkl,val
9540.pkl,val
9541.pkl,val
9542.pkl,val
9543.pkl,val
9544.pkl,val
9545.pkl,train
9546.pkl,val
9547.pkl,train
9548.pkl,val
9549.pkl,val
9550.pkl,train
9551.pkl,train
9552.pkl,val
9553.pkl,train
9554.pkl,val
9555.pkl,val
9556.pkl,val
9557.pkl,train
9558.pkl,val
9559.pkl,val
9560.pkl,train
9561.pkl,train
9562.pkl,val
9563.pkl,val
9564.pkl,val
9565.pkl,train
9566.pkl,train
9567.pkl,val
9568.pkl,train
9569.pkl,train
9570.pkl,train
9571.pkl,val
9572.pkl,train
9573.pkl,train
9574.pkl,val
9575.pkl,val
9576.pkl,val
9577.pkl,val
9578.pkl,train
9579.pkl,train
9580.pkl,train
9581.pkl,val
9582.pkl,train
9583.pkl,train
9584.pkl,val
9585.pkl,val
9586.pkl,train
9587.pkl,train
9588.pkl,train
9589.pkl,val
9590.pkl,val
9591.pkl,val
9592.pkl,train
9593.pkl,val
9594.pkl,train
9595.pkl,val
9596.pkl,val
9597.pkl,val
9598.pkl,train
9599.pkl,val
9600.pkl,val
9601.pkl,val
9602.pkl,val
9603.pkl,val
9604.pkl,val
9605.pkl,val
9606.pkl,val
9607.pkl,val
9608.pkl,val
9609.pkl,train
9610.pkl,val
9611.pkl,train
9612.pkl,train
9613.pkl,train
9614.pkl,train
9615.pkl,val
9616.pkl,train
9617.pkl,val
9618.pkl,train
9619.pkl,train
9620.pkl,train
9621.pkl,train
9622.pkl,train
9623.pkl,train
9624.pkl,val
9625.pkl,train
9626.pkl,val
9627.pkl,val
9628.pkl,train
9629.pkl,val
9630.pkl,train
9631.pkl,train
9632.pkl,val
9633.pkl,train
9634.pkl,train
9635.pkl,train
9636.pkl,train
9637.pkl,train
9638.pkl,train
9639.pkl,val
9640.pkl,val
9641.pkl,train
9642.pkl,val
9643.pkl,train
9644.pkl,val
9645.pkl,train
9646.pkl,train
9647.pkl,val
9648.pkl,train
9649.pkl,val
9650.pkl,train
9651.pkl,val
9652.pkl,val
9653.pkl,train
9654.pkl,train
9655.pkl,val
9656.pkl,val
9657.pkl,val
9658.pkl,val
9659.pkl,val
9660.pkl,val
9661.pkl,val
9662.pkl,train
9663.pkl,val
9664.pkl,train
9665.pkl,val
9666.pkl,val
9667.pkl,val
9668.pkl,train
9669.pkl,train
9670.pkl,val
9671.pkl,val
9672.pkl,val
9673.pkl,val
9674.pkl,val
9675.pkl,val
9676.pkl,train
9677.pkl,train
9678.pkl,val
9679.pkl,val
9680.pkl,val
9681.pkl,train
9682.pkl,val
9683.pkl,train
9684.pkl,val
9685.pkl,train
9686.pkl,val
9687.pkl,val
9688.pkl,train
9689.pkl,train
9690.pkl,train
9691.pkl,val
9692.pkl,val
9693.pkl,train
9694.pkl,train
9695.pkl,val
9696.pkl,val
9697.pkl,val
9698.pkl,train
9699.pkl,val
9700.pkl,val
9701.pkl,val
9702.pkl,val
9703.pkl,train
9704.pkl,train
9705.pkl,val
9706.pkl,train
9707.pkl,val
9708.pkl,val
9709.pkl,train
9710.pkl,val
9711.pkl,train
9712.pkl,val
9713.pkl,train
9714.pkl,train
9715.pkl,val
9716.pkl,val
9717.pkl,val
9718.pkl,train
9719.pkl,train
9720.pkl,val
9721.pkl,val
9722.pkl,val
9723.pkl,val
9724.pkl,val
9725.pkl,val
9726.pkl,train
9727.pkl,train
9728.pkl,val
9729.pkl,train
9730.pkl,train
9731.pkl,val
9732.pkl,train
9733.pkl,train
9734.pkl,train
9735.pkl,train
9736.pkl,val
9737.pkl,train
9738.pkl,val
9739.pkl,val
9740.pkl,val
9741.pkl,val
9742.pkl,val
9743.pkl,train
9744.pkl,train
9745.pkl,train
9746.pkl,val
9747.pkl,train
9748.pkl,train
9749.pkl,val
9750.pkl,val
9751.pkl,train
9752.pkl,train
9753.pkl,train
9754.pkl,train
9755.pkl,val
9756.pkl,train
9757.pkl,train
9758.pkl,val
9759.pkl,val
9760.pkl,val
9761.pkl,val
9762.pkl,val
9763.pkl,val
9764.pkl,val
9765.pkl,train
9766.pkl,val
9767.pkl,train
9768.pkl,val
9769.pkl,train
9770.pkl,train
9771.pkl,val
9772.pkl,train
9773.pkl,train
9774.pkl,val
9775.pkl,train
9776.pkl,train
9777.pkl,val
9778.pkl,val
9779.pkl,val
9780.pkl,val
9781.pkl,val
9782.pkl,val
9783.pkl,val
9784.pkl,val
9785.pkl,val
9786.pkl,val
9787.pkl,train
9788.pkl,train
9789.pkl,train
9790.pkl,val
9791.pkl,train
9792.pkl,train
9793.pkl,train
9794.pkl,val
9795.pkl,train
9796.pkl,val
9797.pkl,train
9798.pkl,val
9799.pkl,train
9800.pkl,val
9801.pkl,val
9802.pkl,val
9803.pkl,train
9804.pkl,train
9805.pkl,val
9806.pkl,val
9807.pkl,val
9808.pkl,val
9809.pkl,val
9810.pkl,train
9811.pkl,val
9812.pkl,train
9813.pkl,train
9814.pkl,val
9815.pkl,val
9816.pkl,train
9817.pkl,val
9818.pkl,train
9819.pkl,train
9820.pkl,val
9821.pkl,train
9822.pkl,train
9823.pkl,val
9824.pkl,val
9825.pkl,val
9826.pkl,val
9827.pkl,val
9828.pkl,train
9829.pkl,train
9830.pkl,train
9831.pkl,train
9832.pkl,train
9833.pkl,val
9834.pkl,val
9835.pkl,val
9836.pkl,val
9837.pkl,val
9838.pkl,val
9839.pkl,val
9840.pkl,train
9841.pkl,train
9842.pkl,val
9843.pkl,train
9844.pkl,val
9845.pkl,val
9846.pkl,val
9847.pkl,train
9848.pkl,train
9849.pkl,train
9850.pkl,train
9851.pkl,train
9852.pkl,val
9853.pkl,val
9854.pkl,val
9855.pkl,val
9856.pkl,train
9857.pkl,val
9858.pkl,train
9859.pkl,val
9860.pkl,train
9861.pkl,val
9862.pkl,val
9863.pkl,val
9864.pkl,train
9865.pkl,train
9866.pkl,train
9867.pkl,val
9868.pkl,val
9869.pkl,val
9870.pkl,val
9871.pkl,val
9872.pkl,train
9873.pkl,train
9874.pkl,val
9875.pkl,val
9876.pkl,train
9877.pkl,val
9878.pkl,train
9879.pkl,val
9880.pkl,val
9881.pkl,val
9882.pkl,train
9883.pkl,train
9884.pkl,val
9885.pkl,val
9886.pkl,val
9887.pkl,train
9888.pkl,train
9889.pkl,train
9890.pkl,train
9891.pkl,val
9892.pkl,val
9893.pkl,val
9894.pkl,train
9895.pkl,train
9896.pkl,train
9897.pkl,val
9898.pkl,val
9899.pkl,train
9900.pkl,train
9901.pkl,train
9902.pkl,val
9903.pkl,train
9904.pkl,val
9905.pkl,train
9906.pkl,train
9907.pkl,val
9908.pkl,train
9909.pkl,train
9910.pkl,train
9911.pkl,train
9912.pkl,val
9913.pkl,val
9914.pkl,train
9915.pkl,val
9916.pkl,train
9917.pkl,train
9918.pkl,val
9919.pkl,train
9920.pkl,val
9921.pkl,val
9922.pkl,val
9923.pkl,train
9924.pkl,val
9925.pkl,train
9926.pkl,val
9927.pkl,train
9928.pkl,train
9929.pkl,val
9930.pkl,train
9931.pkl,val
9932.pkl,train
9933.pkl,val
9934.pkl,train
9935.pkl,val
9936.pkl,train
9937.pkl,train
9938.pkl,val
9939.pkl,val
9940.pkl,train
9941.pkl,val
9942.pkl,val
9943.pkl,val
9944.pkl,train
9945.pkl,train
9946.pkl,val
9947.pkl,val
9948.pkl,train
9949.pkl,train
9950.pkl,train
9951.pkl,val
9952.pkl,val
9953.pkl,train
9954.pkl,val
9955.pkl,train
9956.pkl,train
9957.pkl,train
9958.pkl,val
9959.pkl,train
9960.pkl,val
9961.pkl,train
9962.pkl,val
9963.pkl,train
9964.pkl,val
9965.pkl,train
9966.pkl,train
9967.pkl,train
9968.pkl,val
9969.pkl,train
9970.pkl,train
9971.pkl,val
9972.pkl,train
9973.pkl,train
9974.pkl,val
9975.pkl,train
9976.pkl,train
9977.pkl,train
9978.pkl,val
9979.pkl,train
9980.pkl,train
9981.pkl,train
9982.pkl,train
9983.pkl,train
9984.pkl,val
9985.pkl,val
9986.pkl,val
9987.pkl,val
9988.pkl,val
9989.pkl,val
9990.pkl,train
9991.pkl,train
9992.pkl,train
9993.pkl,val
9994.pkl,val
9995.pkl,train
9996.pkl,val
9997.pkl,val
9998.pkl,val
9999.pkl,train
10000.pkl,train
10001.pkl,val
10002.pkl,val
10003.pkl,val
10004.pkl,train
10005.pkl,train
10006.pkl,val
10007.pkl,val
10008.pkl,val
10009.pkl,val
10010.pkl,val
10011.pkl,val
10012.pkl,train
10013.pkl,val
10014.pkl,val
10015.pkl,val
10016.pkl,val
10017.pkl,train
10018.pkl,val
10019.pkl,train
10020.pkl,train
10021.pkl,train
10022.pkl,train
10023.pkl,val
10024.pkl,train
10025.pkl,val
10026.pkl,val
10027.pkl,train
10028.pkl,val
10029.pkl,val
10030.pkl,val
10031.pkl,train
10032.pkl,train
10033.pkl,val
10034.pkl,train
10035.pkl,val
10036.pkl,val
10037.pkl,train
10038.pkl,train
10039.pkl,val
10040.pkl,train
10041.pkl,train
10042.pkl,train
10043.pkl,val
10044.pkl,train
10045.pkl,train
10046.pkl,val
10047.pkl,val
10048.pkl,val
10049.pkl,train
10050.pkl,val
10051.pkl,val
10052.pkl,train
10053.pkl,train
10054.pkl,train
10055.pkl,val
10056.pkl,val
10057.pkl,train
10058.pkl,val
10059.pkl,val
10060.pkl,train
10061.pkl,train
10062.pkl,train
10063.pkl,train
10064.pkl,train
10065.pkl,val
10066.pkl,train
10067.pkl,val
10068.pkl,val
10069.pkl,val
10070.pkl,train
10071.pkl,val
10072.pkl,val
10073.pkl,val
10074.pkl,val
10075.pkl,val
10076.pkl,val
10077.pkl,val
10078.pkl,train
10079.pkl,val
10080.pkl,train
10081.pkl,train
10082.pkl,train
10083.pkl,train
10084.pkl,train
10085.pkl,train
10086.pkl,val
10087.pkl,val
10088.pkl,train
10089.pkl,train
10090.pkl,val
10091.pkl,train
10092.pkl,val
10093.pkl,train
10094.pkl,val
10095.pkl,val
10096.pkl,train
10097.pkl,val
10098.pkl,val
10099.pkl,train
10100.pkl,train
10101.pkl,val
10102.pkl,val
10103.pkl,val
10104.pkl,train
10105.pkl,val
10106.pkl,train
10107.pkl,val
10108.pkl,train
10109.pkl,val
10110.pkl,val
10111.pkl,val
10112.pkl,train
10113.pkl,train
10114.pkl,train
10115.pkl,train
10116.pkl,val
10117.pkl,train
10118.pkl,train
10119.pkl,train
10120.pkl,train
10121.pkl,val
10122.pkl,train
10123.pkl,train
10124.pkl,val
10125.pkl,train
10126.pkl,val
10127.pkl,train
10128.pkl,val
10129.pkl,val
10130.pkl,val
10131.pkl,val
10132.pkl,train
10133.pkl,train
10134.pkl,train
10135.pkl,val
10136.pkl,val
10137.pkl,train
10138.pkl,train
10139.pkl,val
10140.pkl,val
10141.pkl,train
10142.pkl,val
10143.pkl,val
10144.pkl,val
10145.pkl,val
10146.pkl,train
10147.pkl,train
10148.pkl,val
10149.pkl,train
10150.pkl,train
10151.pkl,train
10152.pkl,train
10153.pkl,val
10154.pkl,val
10155.pkl,train
10156.pkl,train
10157.pkl,val
10158.pkl,val
10159.pkl,val
10160.pkl,val
10161.pkl,train
10162.pkl,val
10163.pkl,train
10164.pkl,train
10165.pkl,train
10166.pkl,val
10167.pkl,train
10168.pkl,val
10169.pkl,train
10170.pkl,val
10171.pkl,train
10172.pkl,val
10173.pkl,train
10174.pkl,val
10175.pkl,train
10176.pkl,val
10177.pkl,train
10178.pkl,train
10179.pkl,train
10180.pkl,train
10181.pkl,train
10182.pkl,val
10183.pkl,val
10184.pkl,val
10185.pkl,train
10186.pkl,train
10187.pkl,val
10188.pkl,train
10189.pkl,val
10190.pkl,val
10191.pkl,train
10192.pkl,train
10193.pkl,val
10194.pkl,train
10195.pkl,val
10196.pkl,val
10197.pkl,val
10198.pkl,train
10199.pkl,val
10200.pkl,val
10201.pkl,train
10202.pkl,train
10203.pkl,train
10204.pkl,val
10205.pkl,val
10206.pkl,val
10207.pkl,val
10208.pkl,train
10209.pkl,val
10210.pkl,train
10211.pkl,train
10212.pkl,train
10213.pkl,train
10214.pkl,val
10215.pkl,val
10216.pkl,val
10217.pkl,val
10218.pkl,val
10219.pkl,val
10220.pkl,train
10221.pkl,val
10222.pkl,val
10223.pkl,val
10224.pkl,train
10225.pkl,val
10226.pkl,train
10227.pkl,val
10228.pkl,train
10229.pkl,train
10230.pkl,val
10231.pkl,train
10232.pkl,train
10233.pkl,train
10234.pkl,val
10235.pkl,train
10236.pkl,train
10237.pkl,train
10238.pkl,train
10239.pkl,val
10240.pkl,train
10241.pkl,val
10242.pkl,train
10243.pkl,val
10244.pkl,val
10245.pkl,train
10246.pkl,train
10247.pkl,train
10248.pkl,train
10249.pkl,val
10250.pkl,train
10251.pkl,val
10252.pkl,train
10253.pkl,val
10254.pkl,train
10255.pkl,train
10256.pkl,val
10257.pkl,train
10258.pkl,val
10259.pkl,val
10260.pkl,train
10261.pkl,val
10262.pkl,train
10263.pkl,val
10264.pkl,train
10265.pkl,train
10266.pkl,train
10267.pkl,val
10268.pkl,train
10269.pkl,train
10270.pkl,val
10271.pkl,val
10272.pkl,train
10273.pkl,train
10274.pkl,train
10275.pkl,val
10276.pkl,val
10277.pkl,train
10278.pkl,val
10279.pkl,train
10280.pkl,train
10281.pkl,train
10282.pkl,train
10283.pkl,train
10284.pkl,val
10285.pkl,val
10286.pkl,val
10287.pkl,val
10288.pkl,val
10289.pkl,val
10290.pkl,train
10291.pkl,val
10292.pkl,val
10293.pkl,train
10294.pkl,train
10295.pkl,val
10296.pkl,val
10297.pkl,val
10298.pkl,val
10299.pkl,train
10300.pkl,val
10301.pkl,train
10302.pkl,val
10303.pkl,train
10304.pkl,train
10305.pkl,train
10306.pkl,train
10307.pkl,val
10308.pkl,train
10309.pkl,val
10310.pkl,train
10311.pkl,train
10312.pkl,val
10313.pkl,train
10314.pkl,val
10315.pkl,val
10316.pkl,val
10317.pkl,val
10318.pkl,val
10319.pkl,train
10320.pkl,val
10321.pkl,val
10322.pkl,val
10323.pkl,train
10324.pkl,val
10325.pkl,train
10326.pkl,val
10327.pkl,train
10328.pkl,train
10329.pkl,val
10330.pkl,train
10331.pkl,train
10332.pkl,train
10333.pkl,val
10334.pkl,val
10335.pkl,val
10336.pkl,train
10337.pkl,train
10338.pkl,val
10339.pkl,train
10340.pkl,train
10341.pkl,train
10342.pkl,val
10343.pkl,val
10344.pkl,train
10345.pkl,val
10346.pkl,train
10347.pkl,train
10348.pkl,val
10349.pkl,train
10350.pkl,val
10351.pkl,train
10352.pkl,train
10353.pkl,val
10354.pkl,train
10355.pkl,val
10356.pkl,train
10357.pkl,val
10358.pkl,train
10359.pkl,val
10360.pkl,train
10361.pkl,val
10362.pkl,train
10363.pkl,train
10364.pkl,train
10365.pkl,val
10366.pkl,val
10367.pkl,val
10368.pkl,val
10369.pkl,val
10370.pkl,train
10371.pkl,train
10372.pkl,val
10373.pkl,val
10374.pkl,val
10375.pkl,val
10376.pkl,val
10377.pkl,train
10378.pkl,val
10379.pkl,val
10380.pkl,val
10381.pkl,train
10382.pkl,train
10383.pkl,val
10384.pkl,train
10385.pkl,train
10386.pkl,train
10387.pkl,val
10388.pkl,train
10389.pkl,train
10390.pkl,val
10391.pkl,train
10392.pkl,train
10393.pkl,val
10394.pkl,val
10395.pkl,train
10396.pkl,train
10397.pkl,train
10398.pkl,train
10399.pkl,train
10400.pkl,train
10401.pkl,train
10402.pkl,train
10403.pkl,val
10404.pkl,val
10405.pkl,val
10406.pkl,train
10407.pkl,val
10408.pkl,train
10409.pkl,train
10410.pkl,train
10411.pkl,val
10412.pkl,train
10413.pkl,val
10414.pkl,train
10415.pkl,val
10416.pkl,train
10417.pkl,train
10418.pkl,val
10419.pkl,train
10420.pkl,train
10421.pkl,val
10422.pkl,train
10423.pkl,val
10424.pkl,val
10425.pkl,train
10426.pkl,train
10427.pkl,val
10428.pkl,val
10429.pkl,train
10430.pkl,val
10431.pkl,val
10432.pkl,val
10433.pkl,val
10434.pkl,val
10435.pkl,train
10436.pkl,val
10437.pkl,val
10438.pkl,val
10439.pkl,train
10440.pkl,val
10441.pkl,val
10442.pkl,val
10443.pkl,val
10444.pkl,val
10445.pkl,train
10446.pkl,val
10447.pkl,train
10448.pkl,val
10449.pkl,val
10450.pkl,val
10451.pkl,val
10452.pkl,val
10453.pkl,train
10454.pkl,train
10455.pkl,train
10456.pkl,train
10457.pkl,train
10458.pkl,train
10459.pkl,train
10460.pkl,train
10461.pkl,val
10462.pkl,train
10463.pkl,val
10464.pkl,train
10465.pkl,train
10466.pkl,val
10467.pkl,val
10468.pkl,train
10469.pkl,train
10470.pkl,val
10471.pkl,train
10472.pkl,train
10473.pkl,val
10474.pkl,val
10475.pkl,train
10476.pkl,val
10477.pkl,train
10478.pkl,train
10479.pkl,val
10480.pkl,train
10481.pkl,train
10482.pkl,val
10483.pkl,train
10484.pkl,val
10485.pkl,val
10486.pkl,train
10487.pkl,val
10488.pkl,train
10489.pkl,train
10490.pkl,train
10491.pkl,train
10492.pkl,train
10493.pkl,train
10494.pkl,val
10495.pkl,val
10496.pkl,train
10497.pkl,train
10498.pkl,train
10499.pkl,train
10500.pkl,val
10501.pkl,val
10502.pkl,val
10503.pkl,val
10504.pkl,train
10505.pkl,train
10506.pkl,val
10507.pkl,train
10508.pkl,val
10509.pkl,train
10510.pkl,val
10511.pkl,val
10512.pkl,train
10513.pkl,val
10514.pkl,train
10515.pkl,val
10516.pkl,val
10517.pkl,train
10518.pkl,val
10519.pkl,train
10520.pkl,train
10521.pkl,train
10522.pkl,val
10523.pkl,train
10524.pkl,val
10525.pkl,train
10526.pkl,val
10527.pkl,train
10528.pkl,train
10529.pkl,val
10530.pkl,val
10531.pkl,train
10532.pkl,val
10533.pkl,train
10534.pkl,val
10535.pkl,train
10536.pkl,train
10537.pkl,val
10538.pkl,train
10539.pkl,val
10540.pkl,val
10541.pkl,train
10542.pkl,train
10543.pkl,val
10544.pkl,train
10545.pkl,val
10546.pkl,val
10547.pkl,val
10548.pkl,val
10549.pkl,val
10550.pkl,train
10551.pkl,train
10552.pkl,train
10553.pkl,train
10554.pkl,val
10555.pkl,train
10556.pkl,train
10557.pkl,val
10558.pkl,val
10559.pkl,val
10560.pkl,train
10561.pkl,train
10562.pkl,train
10563.pkl,train
10564.pkl,val
10565.pkl,val
10566.pkl,train
10567.pkl,val
10568.pkl,val
10569.pkl,train
10570.pkl,val
10571.pkl,train
10572.pkl,train
10573.pkl,val
10574.pkl,train
10575.pkl,val
10576.pkl,val
10577.pkl,val
10578.pkl,val
10579.pkl,val
10580.pkl,train
10581.pkl,train
10582.pkl,val
10583.pkl,train
10584.pkl,val
10585.pkl,train
10586.pkl,train
10587.pkl,val
10588.pkl,val
10589.pkl,val
10590.pkl,train
10591.pkl,train
10592.pkl,train
10593.pkl,train
10594.pkl,val
10595.pkl,train
10596.pkl,train
10597.pkl,train
10598.pkl,train
10599.pkl,train
10600.pkl,train
10601.pkl,train
10602.pkl,train
10603.pkl,val
10604.pkl,train
10605.pkl,val
10606.pkl,val
10607.pkl,val
10608.pkl,val
10609.pkl,val
10610.pkl,val
10611.pkl,train
10612.pkl,train
10613.pkl,val
10614.pkl,val
10615.pkl,val
10616.pkl,val
10617.pkl,train
10618.pkl,val
10619.pkl,train
10620.pkl,val
10621.pkl,train
10622.pkl,val
10623.pkl,val
10624.pkl,val
10625.pkl,train
10626.pkl,train
10627.pkl,val
10628.pkl,train
10629.pkl,train
10630.pkl,val
10631.pkl,train
10632.pkl,train
10633.pkl,val
10634.pkl,train
10635.pkl,val
10636.pkl,train
10637.pkl,val
10638.pkl,train
10639.pkl,train
10640.pkl,val
10641.pkl,val
10642.pkl,train
10643.pkl,train
10644.pkl,val
10645.pkl,train
10646.pkl,val
10647.pkl,train
10648.pkl,train
10649.pkl,val
10650.pkl,val
10651.pkl,val
10652.pkl,val
10653.pkl,train
10654.pkl,train
10655.pkl,val
10656.pkl,val
10657.pkl,train
10658.pkl,train
10659.pkl,val
10660.pkl,train
10661.pkl,val
10662.pkl,train
10663.pkl,val
10664.pkl,val
10665.pkl,val
10666.pkl,val
10667.pkl,train
10668.pkl,val
10669.pkl,val
10670.pkl,train
10671.pkl,val
10672.pkl,val
10673.pkl,train
10674.pkl,val
10675.pkl,val
10676.pkl,val
10677.pkl,val
10678.pkl,val
10679.pkl,val
10680.pkl,train
10681.pkl,train
10682.pkl,val
10683.pkl,val
10684.pkl,val
10685.pkl,val
10686.pkl,train
10687.pkl,val
10688.pkl,train
10689.pkl,train
10690.pkl,val
10691.pkl,val
10692.pkl,train
10693.pkl,train
10694.pkl,train
10695.pkl,train
10696.pkl,train
10697.pkl,train
10698.pkl,val
10699.pkl,val
10700.pkl,val
10701.pkl,val
10702.pkl,val
10703.pkl,val
10704.pkl,val
10705.pkl,val
10706.pkl,val
10707.pkl,val
10708.pkl,val
10709.pkl,val
10710.pkl,train
10711.pkl,train
10712.pkl,train
10713.pkl,train
10714.pkl,train
10715.pkl,train
10716.pkl,val
10717.pkl,val
10718.pkl,val
10719.pkl,train
10720.pkl,train
10721.pkl,val
10722.pkl,train
10723.pkl,train
10724.pkl,val
10725.pkl,train
10726.pkl,train
10727.pkl,val
10728.pkl,train
10729.pkl,val
10730.pkl,train
10731.pkl,train
10732.pkl,val
10733.pkl,val
10734.pkl,val
10735.pkl,train
10736.pkl,val
10737.pkl,val
10738.pkl,train
10739.pkl,val
10740.pkl,train
10741.pkl,val
10742.pkl,train
10743.pkl,train
10744.pkl,train
10745.pkl,train
10746.pkl,train
10747.pkl,val
10748.pkl,train
10749.pkl,val
10750.pkl,val
10751.pkl,train
10752.pkl,train
10753.pkl,val
10754.pkl,train
10755.pkl,val
10756.pkl,train
10757.pkl,val
10758.pkl,val
10759.pkl,val
10760.pkl,val
10761.pkl,train
10762.pkl,train
10763.pkl,val
10764.pkl,train
10765.pkl,val
10766.pkl,val
10767.pkl,val
10768.pkl,train
10769.pkl,val
10770.pkl,train
10771.pkl,val
10772.pkl,val
10773.pkl,train
10774.pkl,train
10775.pkl,val
10776.pkl,val
10777.pkl,train
10778.pkl,train
10779.pkl,val
10780.pkl,train
10781.pkl,train
10782.pkl,val
10783.pkl,val
10784.pkl,train
10785.pkl,train
10786.pkl,train
10787.pkl,train
10788.pkl,val
10789.pkl,val
10790.pkl,val
10791.pkl,train
10792.pkl,train
10793.pkl,val
10794.pkl,train
10795.pkl,val
10796.pkl,train
10797.pkl,val
10798.pkl,val
10799.pkl,train
10800.pkl,train
10801.pkl,val
10802.pkl,val
10803.pkl,train
10804.pkl,val
10805.pkl,val
10806.pkl,val
10807.pkl,train
10808.pkl,val
10809.pkl,val
10810.pkl,train
10811.pkl,val
10812.pkl,val
10813.pkl,val
10814.pkl,train
10815.pkl,train
10816.pkl,val
10817.pkl,val
10818.pkl,train
10819.pkl,train
10820.pkl,val
10821.pkl,val
10822.pkl,val
10823.pkl,train
10824.pkl,train
10825.pkl,train
10826.pkl,train
10827.pkl,val
10828.pkl,train
10829.pkl,train
10830.pkl,val
10831.pkl,train
10832.pkl,val
10833.pkl,train
10834.pkl,train
10835.pkl,val
10836.pkl,val
10837.pkl,train
10838.pkl,train
10839.pkl,val
10840.pkl,train
10841.pkl,train
10842.pkl,train
10843.pkl,train
10844.pkl,train
10845.pkl,train
10846.pkl,train
10847.pkl,val
10848.pkl,val
10849.pkl,train
10850.pkl,val
10851.pkl,val
10852.pkl,val
10853.pkl,val
10854.pkl,train
10855.pkl,val
10856.pkl,val
10857.pkl,train
10858.pkl,val
10859.pkl,train
10860.pkl,train
10861.pkl,train
10862.pkl,train
10863.pkl,train
10864.pkl,train
10865.pkl,train
10866.pkl,train
10867.pkl,val
10868.pkl,val
10869.pkl,train
10870.pkl,train
10871.pkl,val
10872.pkl,train
10873.pkl,val
10874.pkl,val
10875.pkl,val
10876.pkl,val
10877.pkl,val
10878.pkl,train
10879.pkl,val
10880.pkl,train
10881.pkl,train
10882.pkl,train
10883.pkl,train
10884.pkl,train
10885.pkl,val
10886.pkl,val
10887.pkl,val
10888.pkl,train
10889.pkl,val
10890.pkl,train
10891.pkl,val
10892.pkl,train
10893.pkl,train
10894.pkl,train
10895.pkl,train
10896.pkl,train
10897.pkl,train
10898.pkl,train
10899.pkl,val
10900.pkl,train
10901.pkl,val
10902.pkl,val
10903.pkl,train
10904.pkl,val
10905.pkl,train
10906.pkl,train
10907.pkl,train
10908.pkl,val
10909.pkl,val
10910.pkl,val
10911.pkl,train
10912.pkl,val
10913.pkl,train
10914.pkl,val
10915.pkl,val
10916.pkl,train
10917.pkl,train
10918.pkl,train
10919.pkl,train
10920.pkl,val
10921.pkl,val
10922.pkl,val
10923.pkl,val
10924.pkl,train
10925.pkl,train
10926.pkl,train
10927.pkl,val
10928.pkl,val
10929.pkl,val
10930.pkl,val
10931.pkl,train
10932.pkl,val
10933.pkl,train
10934.pkl,train
10935.pkl,val
10936.pkl,val
10937.pkl,val
10938.pkl,val
10939.pkl,train
10940.pkl,val
10941.pkl,train
10942.pkl,val
10943.pkl,train
10944.pkl,val
10945.pkl,val
10946.pkl,val
10947.pkl,val
10948.pkl,train
10949.pkl,train
10950.pkl,train
10951.pkl,train
10952.pkl,train
10953.pkl,val
10954.pkl,val
10955.pkl,val
10956.pkl,train
10957.pkl,train
10958.pkl,val
10959.pkl,train
10960.pkl,val
10961.pkl,val
10962.pkl,val
10963.pkl,val
10964.pkl,val
10965.pkl,val
10966.pkl,train
10967.pkl,train
10968.pkl,val
10969.pkl,val
10970.pkl,val
10971.pkl,train
10972.pkl,val
10973.pkl,train
10974.pkl,train
10975.pkl,val
10976.pkl,val
10977.pkl,val
10978.pkl,val
10979.pkl,train
10980.pkl,train
10981.pkl,train
10982.pkl,val
10983.pkl,val
10984.pkl,val
10985.pkl,train
10986.pkl,train
10987.pkl,train
10988.pkl,train
10989.pkl,val
10990.pkl,val
10991.pkl,val
10992.pkl,train
10993.pkl,train
10994.pkl,val
10995.pkl,val
10996.pkl,val
10997.pkl,train
10998.pkl,train
10999.pkl,train
11000.pkl,train
11001.pkl,train
11002.pkl,val
11003.pkl,train
11004.pkl,val
11005.pkl,val
11006.pkl,train
11007.pkl,train
11008.pkl,train
11009.pkl,val
11010.pkl,train
11011.pkl,train
11012.pkl,train
11013.pkl,val
11014.pkl,train
11015.pkl,train
11016.pkl,val
11017.pkl,val
11018.pkl,val
11019.pkl,val
11020.pkl,val
11021.pkl,train
11022.pkl,val
11023.pkl,val
11024.pkl,val
11025.pkl,val
11026.pkl,val
11027.pkl,train
11028.pkl,val
11029.pkl,val
11030.pkl,train
11031.pkl,val
11032.pkl,train
11033.pkl,train
11034.pkl,val
11035.pkl,val
11036.pkl,val
11037.pkl,val
11038.pkl,train
11039.pkl,val
11040.pkl,train
11041.pkl,val
11042.pkl,train
11043.pkl,val
11044.pkl,val
11045.pkl,val
11046.pkl,train
11047.pkl,train
11048.pkl,train
11049.pkl,val
11050.pkl,train
11051.pkl,val
11052.pkl,train
11053.pkl,train
11054.pkl,val
11055.pkl,val
11056.pkl,train
11057.pkl,val
11058.pkl,train
11059.pkl,val
11060.pkl,train
11061.pkl,train
11062.pkl,val
11063.pkl,val
11064.pkl,train
11065.pkl,val
11066.pkl,train
11067.pkl,train
11068.pkl,train
11069.pkl,train
11070.pkl,train
11071.pkl,val
11072.pkl,val
11073.pkl,train
11074.pkl,val
11075.pkl,train
11076.pkl,train
11077.pkl,val
11078.pkl,train
11079.pkl,val
11080.pkl,val
11081.pkl,train
11082.pkl,train
11083.pkl,val
11084.pkl,val
11085.pkl,train
11086.pkl,train
11087.pkl,train
11088.pkl,val
11089.pkl,val
11090.pkl,train
11091.pkl,train
11092.pkl,val
11093.pkl,train
11094.pkl,train
11095.pkl,train
11096.pkl,val
11097.pkl,val
11098.pkl,train
11099.pkl,val
11100.pkl,train
11101.pkl,train
11102.pkl,train
11103.pkl,val
11104.pkl,train
11105.pkl,train
11106.pkl,train
11107.pkl,val
11108.pkl,val
11109.pkl,train
11110.pkl,train
11111.pkl,train
11112.pkl,val
11113.pkl,val
11114.pkl,train
11115.pkl,train
11116.pkl,train
11117.pkl,train
11118.pkl,train
11119.pkl,train
11120.pkl,val
11121.pkl,train
11122.pkl,val
11123.pkl,train
11124.pkl,val
11125.pkl,train
11126.pkl,val
11127.pkl,train
11128.pkl,train
11129.pkl,val
11130.pkl,train
11131.pkl,train
11132.pkl,val
11133.pkl,train
11134.pkl,train
11135.pkl,val
11136.pkl,val
11137.pkl,train
11138.pkl,train
11139.pkl,train
11140.pkl,val
11141.pkl,val
11142.pkl,train
11143.pkl,train
11144.pkl,train
11145.pkl,train
11146.pkl,train
11147.pkl,train
11148.pkl,val
11149.pkl,val
11150.pkl,val
11151.pkl,train
11152.pkl,train
11153.pkl,val
11154.pkl,train
11155.pkl,train
11156.pkl,val
11157.pkl,train
11158.pkl,train
11159.pkl,train
11160.pkl,train
11161.pkl,val
11162.pkl,val
11163.pkl,val
11164.pkl,val
11165.pkl,train
11166.pkl,train
11167.pkl,val
11168.pkl,val
11169.pkl,val
11170.pkl,train
11171.pkl,val
11172.pkl,val
11173.pkl,train
11174.pkl,val
11175.pkl,train
11176.pkl,train
11177.pkl,val
11178.pkl,val
11179.pkl,val
11180.pkl,val
11181.pkl,train
11182.pkl,val
11183.pkl,train
11184.pkl,train
11185.pkl,val
11186.pkl,val
11187.pkl,train
11188.pkl,val
11189.pkl,train
11190.pkl,val
11191.pkl,val
11192.pkl,train
11193.pkl,val
11194.pkl,train
11195.pkl,val
11196.pkl,train
11197.pkl,val
11198.pkl,val
11199.pkl,val
11200.pkl,train
11201.pkl,val
11202.pkl,val
11203.pkl,val
11204.pkl,train
11205.pkl,train
11206.pkl,val
11207.pkl,train
11208.pkl,val
11209.pkl,train
11210.pkl,train
11211.pkl,train
11212.pkl,train
11213.pkl,val
11214.pkl,train
11215.pkl,val
11216.pkl,train
11217.pkl,val
11218.pkl,train
11219.pkl,val
11220.pkl,val
11221.pkl,train
11222.pkl,val
11223.pkl,val
11224.pkl,val
11225.pkl,train
11226.pkl,train
11227.pkl,train
11228.pkl,val
11229.pkl,val
11230.pkl,val
11231.pkl,val
11232.pkl,train
11233.pkl,train
11234.pkl,val
11235.pkl,train
11236.pkl,val
11237.pkl,val
11238.pkl,train
11239.pkl,train
11240.pkl,train
11241.pkl,val
11242.pkl,train
11243.pkl,val
11244.pkl,train
11245.pkl,train
11246.pkl,val
11247.pkl,val
11248.pkl,train
11249.pkl,train
11250.pkl,train
11251.pkl,val
11252.pkl,train
11253.pkl,val
11254.pkl,val
11255.pkl,train
11256.pkl,train
11257.pkl,val
11258.pkl,val
11259.pkl,train
11260.pkl,val
11261.pkl,val
11262.pkl,val
11263.pkl,val
11264.pkl,train
11265.pkl,train
11266.pkl,train
11267.pkl,train
11268.pkl,train
11269.pkl,train
11270.pkl,train
11271.pkl,train
11272.pkl,train
11273.pkl,val
11274.pkl,train
11275.pkl,val
11276.pkl,val
11277.pkl,train
11278.pkl,val
11279.pkl,train
11280.pkl,val
11281.pkl,val
11282.pkl,train
11283.pkl,train
11284.pkl,train
11285.pkl,val
11286.pkl,val
11287.pkl,train
11288.pkl,val
11289.pkl,val
11290.pkl,train
11291.pkl,train
11292.pkl,train
11293.pkl,train
11294.pkl,val
11295.pkl,train
11296.pkl,val
11297.pkl,val
11298.pkl,val
11299.pkl,val
11300.pkl,train
11301.pkl,train
11302.pkl,val
11303.pkl,val
11304.pkl,val
11305.pkl,train
11306.pkl,val
11307.pkl,val
11308.pkl,val
11309.pkl,val
11310.pkl,val
11311.pkl,train
11312.pkl,train
11313.pkl,train
11314.pkl,train
11315.pkl,val
11316.pkl,train
11317.pkl,train
11318.pkl,train
11319.pkl,train
11320.pkl,train
11321.pkl,train
11322.pkl,val
11323.pkl,val
11324.pkl,train
11325.pkl,val
11326.pkl,train
11327.pkl,train
11328.pkl,train
11329.pkl,val
11330.pkl,val
11331.pkl,val
11332.pkl,train
11333.pkl,train
11334.pkl,train
11335.pkl,val
11336.pkl,val
11337.pkl,train
11338.pkl,train
11339.pkl,train
11340.pkl,val
11341.pkl,train
11342.pkl,train
11343.pkl,val
11344.pkl,train
11345.pkl,train
11346.pkl,val
11347.pkl,train
11348.pkl,train
11349.pkl,val
11350.pkl,val
11351.pkl,train
11352.pkl,train
11353.pkl,val
11354.pkl,val
11355.pkl,val
11356.pkl,val
11357.pkl,val
11358.pkl,train
11359.pkl,val
11360.pkl,train
11361.pkl,val
11362.pkl,train
11363.pkl,train
11364.pkl,val
11365.pkl,val
11366.pkl,train
11367.pkl,val
11368.pkl,train
11369.pkl,val
11370.pkl,val
11371.pkl,val
11372.pkl,val
11373.pkl,val
11374.pkl,val
11375.pkl,val
11376.pkl,train
11377.pkl,train
11378.pkl,val
11379.pkl,train
11380.pkl,val
11381.pkl,train
11382.pkl,val
11383.pkl,train
11384.pkl,val
11385.pkl,train
11386.pkl,val
11387.pkl,train
11388.pkl,val
11389.pkl,val
11390.pkl,train
11391.pkl,val
11392.pkl,train
11393.pkl,val
11394.pkl,val
11395.pkl,train
11396.pkl,train
11397.pkl,val
11398.pkl,train
11399.pkl,train
11400.pkl,val
11401.pkl,train
11402.pkl,train
11403.pkl,val
11404.pkl,train
11405.pkl,val
11406.pkl,train
11407.pkl,val
11408.pkl,train
11409.pkl,val
11410.pkl,train
11411.pkl,train
11412.pkl,val
11413.pkl,train
11414.pkl,train
11415.pkl,train
11416.pkl,val
11417.pkl,val
11418.pkl,train
11419.pkl,val
11420.pkl,val
11421.pkl,val
11422.pkl,train
11423.pkl,val
11424.pkl,val
11425.pkl,val
11426.pkl,val
11427.pkl,train
11428.pkl,train
11429.pkl,train
11430.pkl,train
11431.pkl,train
11432.pkl,val
11433.pkl,train
11434.pkl,train
11435.pkl,val
11436.pkl,train
11437.pkl,val
11438.pkl,val
11439.pkl,val
11440.pkl,train
11441.pkl,val
11442.pkl,train
11443.pkl,val
11444.pkl,train
11445.pkl,val
11446.pkl,val
11447.pkl,val
11448.pkl,train
11449.pkl,val
11450.pkl,val
11451.pkl,train
11452.pkl,train
11453.pkl,train
11454.pkl,val
11455.pkl,val
11456.pkl,val
11457.pkl,val
11458.pkl,train
11459.pkl,val
11460.pkl,train
11461.pkl,val
11462.pkl,val
11463.pkl,train
11464.pkl,train
11465.pkl,val
11466.pkl,val
11467.pkl,val
11468.pkl,train
11469.pkl,val
11470.pkl,val
11471.pkl,val
11472.pkl,train
11473.pkl,val
11474.pkl,val
11475.pkl,val
11476.pkl,val
11477.pkl,val
11478.pkl,val
11479.pkl,train
11480.pkl,val
11481.pkl,val
11482.pkl,val
11483.pkl,val
11484.pkl,val
11485.pkl,train
11486.pkl,val
11487.pkl,train
11488.pkl,val
11489.pkl,train
11490.pkl,val
11491.pkl,val
11492.pkl,val
11493.pkl,val
11494.pkl,val
11495.pkl,train
11496.pkl,val
11497.pkl,train
11498.pkl,train
11499.pkl,train
11500.pkl,train
11501.pkl,val
11502.pkl,val
11503.pkl,val
11504.pkl,val
11505.pkl,val
11506.pkl,train
11507.pkl,train
11508.pkl,train
11509.pkl,train
11510.pkl,val
11511.pkl,val
11512.pkl,train
11513.pkl,train
11514.pkl,val
11515.pkl,train
11516.pkl,val
11517.pkl,train
11518.pkl,train
11519.pkl,val
11520.pkl,val
11521.pkl,train
11522.pkl,val
11523.pkl,train
11524.pkl,val
11525.pkl,train
11526.pkl,val
11527.pkl,train
11528.pkl,val
11529.pkl,train
11530.pkl,val
11531.pkl,train
11532.pkl,val
11533.pkl,val
11534.pkl,train
11535.pkl,val
11536.pkl,train
11537.pkl,train
11538.pkl,train
11539.pkl,val
11540.pkl,val
11541.pkl,val
11542.pkl,train
11543.pkl,val
11544.pkl,train
11545.pkl,val
11546.pkl,train
11547.pkl,val
11548.pkl,val
11549.pkl,train
11550.pkl,train
11551.pkl,val
11552.pkl,train
11553.pkl,train
11554.pkl,val
11555.pkl,val
11556.pkl,val
11557.pkl,train
11558.pkl,train
11559.pkl,train
11560.pkl,val
11561.pkl,train
11562.pkl,val
11563.pkl,train
11564.pkl,train
11565.pkl,train
11566.pkl,train
11567.pkl,train
11568.pkl,train
11569.pkl,val
11570.pkl,train
11571.pkl,val
11572.pkl,train
11573.pkl,train
11574.pkl,val
11575.pkl,val
11576.pkl,val
11577.pkl,train
11578.pkl,train
11579.pkl,train
11580.pkl,train
11581.pkl,val
11582.pkl,val
11583.pkl,train
11584.pkl,train
11585.pkl,train
11586.pkl,train
11587.pkl,train
11588.pkl,val
11589.pkl,train
11590.pkl,train
11591.pkl,val
11592.pkl,train
11593.pkl,val
11594.pkl,val
11595.pkl,val
11596.pkl,val
11597.pkl,train
11598.pkl,train
11599.pkl,train
11600.pkl,train
11601.pkl,val
11602.pkl,val
11603.pkl,val
11604.pkl,val
11605.pkl,val
11606.pkl,val
11607.pkl,val
11608.pkl,val
11609.pkl,val
11610.pkl,train
11611.pkl,train
11612.pkl,val
11613.pkl,val
11614.pkl,val
11615.pkl,val
11616.pkl,train
11617.pkl,train
11618.pkl,train
11619.pkl,train
11620.pkl,val
11621.pkl,val
11622.pkl,train
11623.pkl,val
11624.pkl,train
11625.pkl,val
11626.pkl,val
11627.pkl,val
11628.pkl,val
11629.pkl,val
11630.pkl,val
11631.pkl,val
11632.pkl,val
11633.pkl,val
11634.pkl,train
11635.pkl,train
11636.pkl,train
11637.pkl,val
11638.pkl,val
11639.pkl,train
11640.pkl,val
11641.pkl,val
11642.pkl,train
11643.pkl,train
11644.pkl,train
11645.pkl,train
11646.pkl,val
11647.pkl,val
11648.pkl,train
11649.pkl,train
11650.pkl,val
11651.pkl,train
11652.pkl,train
11653.pkl,val
11654.pkl,train
11655.pkl,train
11656.pkl,train
11657.pkl,train
11658.pkl,val
11659.pkl,val
11660.pkl,val
11661.pkl,val
11662.pkl,val
11663.pkl,train
11664.pkl,val
11665.pkl,val
11666.pkl,val
11667.pkl,train
11668.pkl,val
11669.pkl,val
11670.pkl,train
11671.pkl,train
11672.pkl,val
11673.pkl,val
11674.pkl,val
11675.pkl,val
11676.pkl,train
11677.pkl,val
11678.pkl,val
11679.pkl,train
11680.pkl,train
11681.pkl,val
11682.pkl,val
11683.pkl,train
11684.pkl,val
11685.pkl,val
11686.pkl,val
11687.pkl,train
11688.pkl,train
11689.pkl,train
11690.pkl,train
11691.pkl,train
11692.pkl,val
11693.pkl,train
11694.pkl,val
11695.pkl,val
11696.pkl,val
11697.pkl,val
11698.pkl,train
11699.pkl,train
11700.pkl,val
11701.pkl,train
11702.pkl,val
11703.pkl,train
11704.pkl,train
11705.pkl,train
11706.pkl,val
11707.pkl,val
11708.pkl,val
11709.pkl,val
11710.pkl,train
11711.pkl,train
11712.pkl,val
11713.pkl,val
11714.pkl,train
11715.pkl,val
11716.pkl,val
11717.pkl,val
11718.pkl,val
11719.pkl,train
11720.pkl,val
11721.pkl,train
11722.pkl,val
11723.pkl,train
11724.pkl,val
11725.pkl,val
11726.pkl,val
11727.pkl,train
11728.pkl,val
11729.pkl,val
11730.pkl,val
11731.pkl,val
11732.pkl,val
11733.pkl,val
11734.pkl,val
11735.pkl,val
11736.pkl,train
11737.pkl,val
11738.pkl,train
11739.pkl,train
11740.pkl,val
11741.pkl,train
11742.pkl,val
11743.pkl,val
11744.pkl,train
11745.pkl,val
11746.pkl,train
11747.pkl,val
11748.pkl,val
11749.pkl,val
11750.pkl,val
11751.pkl,train
11752.pkl,train
11753.pkl,val
11754.pkl,val
11755.pkl,val
11756.pkl,val
11757.pkl,train
11758.pkl,val
11759.pkl,val
11760.pkl,train
11761.pkl,train
11762.pkl,train
11763.pkl,train
11764.pkl,val
11765.pkl,train
11766.pkl,val
11767.pkl,val
11768.pkl,val
11769.pkl,train
11770.pkl,train
11771.pkl,train
11772.pkl,val
11773.pkl,train
11774.pkl,train
11775.pkl,train
11776.pkl,train
11777.pkl,train
11778.pkl,train
11779.pkl,val
11780.pkl,train
11781.pkl,val
11782.pkl,val
11783.pkl,val
11784.pkl,val
11785.pkl,val
11786.pkl,train
11787.pkl,train
11788.pkl,val
11789.pkl,val
11790.pkl,val
11791.pkl,val
11792.pkl,val
11793.pkl,train
11794.pkl,train
11795.pkl,val
11796.pkl,val
11797.pkl,train
11798.pkl,val
11799.pkl,train
11800.pkl,val
11801.pkl,train
11802.pkl,train
11803.pkl,train
11804.pkl,train
11805.pkl,train
11806.pkl,train
11807.pkl,train
11808.pkl,train
11809.pkl,val
11810.pkl,train
11811.pkl,train
11812.pkl,train
11813.pkl,val
11814.pkl,val
11815.pkl,train
11816.pkl,train
11817.pkl,val
11818.pkl,train
11819.pkl,val
11820.pkl,val
11821.pkl,val
11822.pkl,val
11823.pkl,val
11824.pkl,train
11825.pkl,val
11826.pkl,val
11827.pkl,train
11828.pkl,train
11829.pkl,val
11830.pkl,val
11831.pkl,train
11832.pkl,train
11833.pkl,val
11834.pkl,val
11835.pkl,val
11836.pkl,val
11837.pkl,val
11838.pkl,train
11839.pkl,val
11840.pkl,val
11841.pkl,train
11842.pkl,val
11843.pkl,train
11844.pkl,val
11845.pkl,train
11846.pkl,train
11847.pkl,train
11848.pkl,train
11849.pkl,val
11850.pkl,val
11851.pkl,val
11852.pkl,val
11853.pkl,train
11854.pkl,train
11855.pkl,train
11856.pkl,val
11857.pkl,val
11858.pkl,train
11859.pkl,train
11860.pkl,train
11861.pkl,train
11862.pkl,train
11863.pkl,train
11864.pkl,val
11865.pkl,train
11866.pkl,train
11867.pkl,train
11868.pkl,val
11869.pkl,train
11870.pkl,val
11871.pkl,val
11872.pkl,train
11873.pkl,val
11874.pkl,val
11875.pkl,val
11876.pkl,train
11877.pkl,val
11878.pkl,train
11879.pkl,val
11880.pkl,train
11881.pkl,train
11882.pkl,train
11883.pkl,train
11884.pkl,train
11885.pkl,val
11886.pkl,train
11887.pkl,train
11888.pkl,val
11889.pkl,train
11890.pkl,train
11891.pkl,train
11892.pkl,val
11893.pkl,train
11894.pkl,val
11895.pkl,val
11896.pkl,train
11897.pkl,train
11898.pkl,train
11899.pkl,train
11900.pkl,val
11901.pkl,val
11902.pkl,val
11903.pkl,val
11904.pkl,val
11905.pkl,train
11906.pkl,val
11907.pkl,val
11908.pkl,train
11909.pkl,val
11910.pkl,train
11911.pkl,val
11912.pkl,train
11913.pkl,val
11914.pkl,train
11915.pkl,train
11916.pkl,val
11917.pkl,val
11918.pkl,train
11919.pkl,val
11920.pkl,val
11921.pkl,train
11922.pkl,train
11923.pkl,train
11924.pkl,train
11925.pkl,val
11926.pkl,val
11927.pkl,train
11928.pkl,train
11929.pkl,train
11930.pkl,train
11931.pkl,train
11932.pkl,val
11933.pkl,train
11934.pkl,train
11935.pkl,train
11936.pkl,train
11937.pkl,val
11938.pkl,val
11939.pkl,val
11940.pkl,train
11941.pkl,val
11942.pkl,train
11943.pkl,val
11944.pkl,train
11945.pkl,val
11946.pkl,train
11947.pkl,train
11948.pkl,train
11949.pkl,val
11950.pkl,train
11951.pkl,val
11952.pkl,val
11953.pkl,val
11954.pkl,val
11955.pkl,val
11956.pkl,train
11957.pkl,train
11958.pkl,train
11959.pkl,train
11960.pkl,val
11961.pkl,train
11962.pkl,train
11963.pkl,val
11964.pkl,train
11965.pkl,train
11966.pkl,train
11967.pkl,val
11968.pkl,val
11969.pkl,train
11970.pkl,val
11971.pkl,val
11972.pkl,val
11973.pkl,train
11974.pkl,train
11975.pkl,val
11976.pkl,train
11977.pkl,val
11978.pkl,val
11979.pkl,train
11980.pkl,train
11981.pkl,train
11982.pkl,train
11983.pkl,train
11984.pkl,val
11985.pkl,val
11986.pkl,train
11987.pkl,train
11988.pkl,train
11989.pkl,val
11990.pkl,train
11991.pkl,val
11992.pkl,val
11993.pkl,train
11994.pkl,val
11995.pkl,val
11996.pkl,val
11997.pkl,val
11998.pkl,val
11999.pkl,val
12000.pkl,val
12001.pkl,train
12002.pkl,val
12003.pkl,train
12004.pkl,val
12005.pkl,train
12006.pkl,train
12007.pkl,train
12008.pkl,train
12009.pkl,val
12010.pkl,train
12011.pkl,train
12012.pkl,train
12013.pkl,train
12014.pkl,train
12015.pkl,train
12016.pkl,val
12017.pkl,val
12018.pkl,train
12019.pkl,val
12020.pkl,train
12021.pkl,train
12022.pkl,val
12023.pkl,train
12024.pkl,train
12025.pkl,val
12026.pkl,train
12027.pkl,train
12028.pkl,val
12029.pkl,train
12030.pkl,val
12031.pkl,train
12032.pkl,train
12033.pkl,train
12034.pkl,train
12035.pkl,val
12036.pkl,train
12037.pkl,train
12038.pkl,val
12039.pkl,train
12040.pkl,train
12041.pkl,val
12042.pkl,train
12043.pkl,val
12044.pkl,train
12045.pkl,train
12046.pkl,train
12047.pkl,train
12048.pkl,train
12049.pkl,train
12050.pkl,val
12051.pkl,val
12052.pkl,val
12053.pkl,train
12054.pkl,val
12055.pkl,train
12056.pkl,val
12057.pkl,val
12058.pkl,val
12059.pkl,train
12060.pkl,train
12061.pkl,val
12062.pkl,val
12063.pkl,val
12064.pkl,train
12065.pkl,train
12066.pkl,val
12067.pkl,val
12068.pkl,val
12069.pkl,train
12070.pkl,train
12071.pkl,train
12072.pkl,train
12073.pkl,train
12074.pkl,val
12075.pkl,val
12076.pkl,train
12077.pkl,train
12078.pkl,train
12079.pkl,val
12080.pkl,train
12081.pkl,train
12082.pkl,val
12083.pkl,train
12084.pkl,train
12085.pkl,train
12086.pkl,val
12087.pkl,val
12088.pkl,val
12089.pkl,val
12090.pkl,train
12091.pkl,val
12092.pkl,train
12093.pkl,train
12094.pkl,train
12095.pkl,val
12096.pkl,train
12097.pkl,val
12098.pkl,train
12099.pkl,val
12100.pkl,train
12101.pkl,val
12102.pkl,train
12103.pkl,val
12104.pkl,train
12105.pkl,val
12106.pkl,train
12107.pkl,val
12108.pkl,val
12109.pkl,val
12110.pkl,train
12111.pkl,val
12112.pkl,val
12113.pkl,val
12114.pkl,train
12115.pkl,val
12116.pkl,val
12117.pkl,val
12118.pkl,train
12119.pkl,val
12120.pkl,val
12121.pkl,val
12122.pkl,train
12123.pkl,train
12124.pkl,train
12125.pkl,val
12126.pkl,train
12127.pkl,train
12128.pkl,train
12129.pkl,val
12130.pkl,train
12131.pkl,val
12132.pkl,val
12133.pkl,val
12134.pkl,train
12135.pkl,train
12136.pkl,train
12137.pkl,val
12138.pkl,train
12139.pkl,train
12140.pkl,train
12141.pkl,val
12142.pkl,val
12143.pkl,train
12144.pkl,val
12145.pkl,train
12146.pkl,train
12147.pkl,val
12148.pkl,val
12149.pkl,train
12150.pkl,train
12151.pkl,train
12152.pkl,train
12153.pkl,train
12154.pkl,val
12155.pkl,train
12156.pkl,val
12157.pkl,val
12158.pkl,train
12159.pkl,val
12160.pkl,train
12161.pkl,val
12162.pkl,train
12163.pkl,train
12164.pkl,val
12165.pkl,val
12166.pkl,train
12167.pkl,val
12168.pkl,train
12169.pkl,val
12170.pkl,val
12171.pkl,train
12172.pkl,val
12173.pkl,val
12174.pkl,train
12175.pkl,train
12176.pkl,val
12177.pkl,train
12178.pkl,val
12179.pkl,val
12180.pkl,train
12181.pkl,train
12182.pkl,train
12183.pkl,train
12184.pkl,val
12185.pkl,val
12186.pkl,train
12187.pkl,train
12188.pkl,val
12189.pkl,train
12190.pkl,val
12191.pkl,val
12192.pkl,val
12193.pkl,val
12194.pkl,val
12195.pkl,train
12196.pkl,train
12197.pkl,train
12198.pkl,train
12199.pkl,val
12200.pkl,val
12201.pkl,val
12202.pkl,val
12203.pkl,train
12204.pkl,train
12205.pkl,val
12206.pkl,train
12207.pkl,train
12208.pkl,train
12209.pkl,val
12210.pkl,val
12211.pkl,train
12212.pkl,train
12213.pkl,val
12214.pkl,train
12215.pkl,val
12216.pkl,train
12217.pkl,val
12218.pkl,train
12219.pkl,train
12220.pkl,val
12221.pkl,val
12222.pkl,train
12223.pkl,train
12224.pkl,val
12225.pkl,val
12226.pkl,val
12227.pkl,val
12228.pkl,val
12229.pkl,val
12230.pkl,val
12231.pkl,train
12232.pkl,val
12233.pkl,train
12234.pkl,train
12235.pkl,val
12236.pkl,train
12237.pkl,train
12238.pkl,val
12239.pkl,val
12240.pkl,val
12241.pkl,val
12242.pkl,val
12243.pkl,val
12244.pkl,val
12245.pkl,train
12246.pkl,val
12247.pkl,train
12248.pkl,train
12249.pkl,val
12250.pkl,train
12251.pkl,train
12252.pkl,val
12253.pkl,val
12254.pkl,train
12255.pkl,train
12256.pkl,train
12257.pkl,val
12258.pkl,val
12259.pkl,train
12260.pkl,train
12261.pkl,val
12262.pkl,val
12263.pkl,val
12264.pkl,train
12265.pkl,val
12266.pkl,train
12267.pkl,val
12268.pkl,train
12269.pkl,train
12270.pkl,train
12271.pkl,train
12272.pkl,train
12273.pkl,train
12274.pkl,train
12275.pkl,val
12276.pkl,train
12277.pkl,val
12278.pkl,train
12279.pkl,val
12280.pkl,val
12281.pkl,val
12282.pkl,train
12283.pkl,val
12284.pkl,train
12285.pkl,train
12286.pkl,train
12287.pkl,train
12288.pkl,train
12289.pkl,train
12290.pkl,val
12291.pkl,val
12292.pkl,train
12293.pkl,val
12294.pkl,train
12295.pkl,train
12296.pkl,train
12297.pkl,train
12298.pkl,val
12299.pkl,val
12300.pkl,val
12301.pkl,train
12302.pkl,train
12303.pkl,val
12304.pkl,val
12305.pkl,train
12306.pkl,val
12307.pkl,train
12308.pkl,train
12309.pkl,train
12310.pkl,val
12311.pkl,train
12312.pkl,train
12313.pkl,train
12314.pkl,train
12315.pkl,val
12316.pkl,val
12317.pkl,val
12318.pkl,val
12319.pkl,train
12320.pkl,val
12321.pkl,train
12322.pkl,train
12323.pkl,val
12324.pkl,train
12325.pkl,val
12326.pkl,val
12327.pkl,train
12328.pkl,train
12329.pkl,train
12330.pkl,train
12331.pkl,val
12332.pkl,train
12333.pkl,val
12334.pkl,train
12335.pkl,val
12336.pkl,val
12337.pkl,train
12338.pkl,train
12339.pkl,train
12340.pkl,val
12341.pkl,val
12342.pkl,val
12343.pkl,val
12344.pkl,val
12345.pkl,val
12346.pkl,train
12347.pkl,train
12348.pkl,val
12349.pkl,val
12350.pkl,val
12351.pkl,train
12352.pkl,val
12353.pkl,train
12354.pkl,train
12355.pkl,val
12356.pkl,train
12357.pkl,val
12358.pkl,val
12359.pkl,train
12360.pkl,train
12361.pkl,val
12362.pkl,train
12363.pkl,val
12364.pkl,val
12365.pkl,train
12366.pkl,train
12367.pkl,train
12368.pkl,train
12369.pkl,train
12370.pkl,val
12371.pkl,train
12372.pkl,val
12373.pkl,train
12374.pkl,val
12375.pkl,train
12376.pkl,val
12377.pkl,val
12378.pkl,val
12379.pkl,train
12380.pkl,val
12381.pkl,val
12382.pkl,train
12383.pkl,train
12384.pkl,val
12385.pkl,train
12386.pkl,train
12387.pkl,val
12388.pkl,train
12389.pkl,val
12390.pkl,val
12391.pkl,train
12392.pkl,val
12393.pkl,val
12394.pkl,train
12395.pkl,train
12396.pkl,val
12397.pkl,train
12398.pkl,train
12399.pkl,val
12400.pkl,train
12401.pkl,train
12402.pkl,train
12403.pkl,train
12404.pkl,train
12405.pkl,val
12406.pkl,train
12407.pkl,train
12408.pkl,val
12409.pkl,val
12410.pkl,val
12411.pkl,train
12412.pkl,val
12413.pkl,train
12414.pkl,train
12415.pkl,val
12416.pkl,val
12417.pkl,train
12418.pkl,val
12419.pkl,train
12420.pkl,train
12421.pkl,train
12422.pkl,val
12423.pkl,val
12424.pkl,train
12425.pkl,train
12426.pkl,train
12427.pkl,val
12428.pkl,val
12429.pkl,train
12430.pkl,train
12431.pkl,val
12432.pkl,train
12433.pkl,train
12434.pkl,train
12435.pkl,train
12436.pkl,val
12437.pkl,val
12438.pkl,val
12439.pkl,val
12440.pkl,val
12441.pkl,train
12442.pkl,val
12443.pkl,val
12444.pkl,train
12445.pkl,val
12446.pkl,val
12447.pkl,train
12448.pkl,val
12449.pkl,val
12450.pkl,val
12451.pkl,train
12452.pkl,val
12453.pkl,val
12454.pkl,train
12455.pkl,train
12456.pkl,train
12457.pkl,val
12458.pkl,val
12459.pkl,train
12460.pkl,val
12461.pkl,val
12462.pkl,val
12463.pkl,val
12464.pkl,val
12465.pkl,val
12466.pkl,train
12467.pkl,train
12468.pkl,train
12469.pkl,train
12470.pkl,val
12471.pkl,train
12472.pkl,val
12473.pkl,val
12474.pkl,train
12475.pkl,train
12476.pkl,val
12477.pkl,val
12478.pkl,val
12479.pkl,val
12480.pkl,val
12481.pkl,train
12482.pkl,train
12483.pkl,val
12484.pkl,val
12485.pkl,train
12486.pkl,train
12487.pkl,val
12488.pkl,train
12489.pkl,val
12490.pkl,train
12491.pkl,val
12492.pkl,train
12493.pkl,val
12494.pkl,train
12495.pkl,train
12496.pkl,train
12497.pkl,train
12498.pkl,train
12499.pkl,train
12500.pkl,val
12501.pkl,val
12502.pkl,train
12503.pkl,val
12504.pkl,val
12505.pkl,train
12506.pkl,train
12507.pkl,train
12508.pkl,train
12509.pkl,train
12510.pkl,val
12511.pkl,val
12512.pkl,train
12513.pkl,train
12514.pkl,train
12515.pkl,val
12516.pkl,val
12517.pkl,val
12518.pkl,train
12519.pkl,train
12520.pkl,train
12521.pkl,val
12522.pkl,train
12523.pkl,val
12524.pkl,val
12525.pkl,train
12526.pkl,val
12527.pkl,val
12528.pkl,val
12529.pkl,train
12530.pkl,train
12531.pkl,val
12532.pkl,train
12533.pkl,val
12534.pkl,val
12535.pkl,train
12536.pkl,val
12537.pkl,train
12538.pkl,train
12539.pkl,train
12540.pkl,train
12541.pkl,train
12542.pkl,train
12543.pkl,train
12544.pkl,val
12545.pkl,train
12546.pkl,train
12547.pkl,train
12548.pkl,train
12549.pkl,val
12550.pkl,val
12551.pkl,train
12552.pkl,val
12553.pkl,val
12554.pkl,train
12555.pkl,train
12556.pkl,val
12557.pkl,val
12558.pkl,val
12559.pkl,val
12560.pkl,val
12561.pkl,val
12562.pkl,val
12563.pkl,val
12564.pkl,train
12565.pkl,train
12566.pkl,train
12567.pkl,train
12568.pkl,train
12569.pkl,train
12570.pkl,train
12571.pkl,train
12572.pkl,val
12573.pkl,val
12574.pkl,val
12575.pkl,val
12576.pkl,val
12577.pkl,val
12578.pkl,val
12579.pkl,train
12580.pkl,val
12581.pkl,train
12582.pkl,train
12583.pkl,val
12584.pkl,val
12585.pkl,val
12586.pkl,train
12587.pkl,train
12588.pkl,train
12589.pkl,val
12590.pkl,train
12591.pkl,val
12592.pkl,val
12593.pkl,train
12594.pkl,val
12595.pkl,val
12596.pkl,val
12597.pkl,val
12598.pkl,val
12599.pkl,val
12600.pkl,val
12601.pkl,val
12602.pkl,val
12603.pkl,train
12604.pkl,train
12605.pkl,train
12606.pkl,train
12607.pkl,train
12608.pkl,train
12609.pkl,train
12610.pkl,val
12611.pkl,train
12612.pkl,val
12613.pkl,val
12614.pkl,val
12615.pkl,train
12616.pkl,val
12617.pkl,val
12618.pkl,val
12619.pkl,val
12620.pkl,train
12621.pkl,val
12622.pkl,val
12623.pkl,train
12624.pkl,val
12625.pkl,train
12626.pkl,val
12627.pkl,val
12628.pkl,train
12629.pkl,val
12630.pkl,val
12631.pkl,train
12632.pkl,val
12633.pkl,train
12634.pkl,train
12635.pkl,train
12636.pkl,val
12637.pkl,train
12638.pkl,val
12639.pkl,train
12640.pkl,train
12641.pkl,train
12642.pkl,val
12643.pkl,val
12644.pkl,val
12645.pkl,train
12646.pkl,val
12647.pkl,val
12648.pkl,train
12649.pkl,train
12650.pkl,val
12651.pkl,train
12652.pkl,val
12653.pkl,val
12654.pkl,val
12655.pkl,train
12656.pkl,val
12657.pkl,train
12658.pkl,val
12659.pkl,val
12660.pkl,val
12661.pkl,train
12662.pkl,train
12663.pkl,train
12664.pkl,val
12665.pkl,val
12666.pkl,train
12667.pkl,train
12668.pkl,train
12669.pkl,train
12670.pkl,val
12671.pkl,train
12672.pkl,val
12673.pkl,val
12674.pkl,train
12675.pkl,val
12676.pkl,train
12677.pkl,train
12678.pkl,train
12679.pkl,val
12680.pkl,train
12681.pkl,val
12682.pkl,train
12683.pkl,train
12684.pkl,val
12685.pkl,train
12686.pkl,train
12687.pkl,val
12688.pkl,val
12689.pkl,train
12690.pkl,val
12691.pkl,val
12692.pkl,train
12693.pkl,train
12694.pkl,val
12695.pkl,val
12696.pkl,train
12697.pkl,train
12698.pkl,val
12699.pkl,train
12700.pkl,train
12701.pkl,val
12702.pkl,val
12703.pkl,val
12704.pkl,val
12705.pkl,train
12706.pkl,train
12707.pkl,val
12708.pkl,train
12709.pkl,val
12710.pkl,train
12711.pkl,val
12712.pkl,val
12713.pkl,val
12714.pkl,train
12715.pkl,val
12716.pkl,train
12717.pkl,train
12718.pkl,val
12719.pkl,train
12720.pkl,val
12721.pkl,val
12722.pkl,val
12723.pkl,train
12724.pkl,val
12725.pkl,val
12726.pkl,val
12727.pkl,train
12728.pkl,val
12729.pkl,train
12730.pkl,val
12731.pkl,train
12732.pkl,val
12733.pkl,train
12734.pkl,train
12735.pkl,val
12736.pkl,val
12737.pkl,val
12738.pkl,val
12739.pkl,train
12740.pkl,val
12741.pkl,train
12742.pkl,val
12743.pkl,val
12744.pkl,val
12745.pkl,train
12746.pkl,val
12747.pkl,train
12748.pkl,val
12749.pkl,val
12750.pkl,train
12751.pkl,val
12752.pkl,train
12753.pkl,val
12754.pkl,val
12755.pkl,train
12756.pkl,val
12757.pkl,train
12758.pkl,train
12759.pkl,train
12760.pkl,val
12761.pkl,val
12762.pkl,val
12763.pkl,train
12764.pkl,train
12765.pkl,train
12766.pkl,val
12767.pkl,train
12768.pkl,train
12769.pkl,train
12770.pkl,val
12771.pkl,val
12772.pkl,val
12773.pkl,val
12774.pkl,val
12775.pkl,val
12776.pkl,train
12777.pkl,train
12778.pkl,val
12779.pkl,train
12780.pkl,train
12781.pkl,val
12782.pkl,train
12783.pkl,train
12784.pkl,val
12785.pkl,val
12786.pkl,train
12787.pkl,val
12788.pkl,val
12789.pkl,val
12790.pkl,train
12791.pkl,val
12792.pkl,train
12793.pkl,train
12794.pkl,val
12795.pkl,train
12796.pkl,train
12797.pkl,val
12798.pkl,train
12799.pkl,train
12800.pkl,train
12801.pkl,train
12802.pkl,val
12803.pkl,train
12804.pkl,val
12805.pkl,val
12806.pkl,val
12807.pkl,val
12808.pkl,train
12809.pkl,val
12810.pkl,train
12811.pkl,val
12812.pkl,train
12813.pkl,train
12814.pkl,val
12815.pkl,val
12816.pkl,val
12817.pkl,train
12818.pkl,train
12819.pkl,val
12820.pkl,train
12821.pkl,train
12822.pkl,val
12823.pkl,val
12824.pkl,train
12825.pkl,train
12826.pkl,val
12827.pkl,train
12828.pkl,train
12829.pkl,train
12830.pkl,val
12831.pkl,train
12832.pkl,train
12833.pkl,train
12834.pkl,val
12835.pkl,val
12836.pkl,train
12837.pkl,val
12838.pkl,val
12839.pkl,val
12840.pkl,train
12841.pkl,train
12842.pkl,train
12843.pkl,train
12844.pkl,val
12845.pkl,train
12846.pkl,train
12847.pkl,train
12848.pkl,train
12849.pkl,val
12850.pkl,val
12851.pkl,val
12852.pkl,val
12853.pkl,train
12854.pkl,train
12855.pkl,val
12856.pkl,val
12857.pkl,val
12858.pkl,train
12859.pkl,train
12860.pkl,train
12861.pkl,train
12862.pkl,val
12863.pkl,val
12864.pkl,val
12865.pkl,train
12866.pkl,val
12867.pkl,val
12868.pkl,val
12869.pkl,train
12870.pkl,train
12871.pkl,val
12872.pkl,val
12873.pkl,val
12874.pkl,val
12875.pkl,val
12876.pkl,train
12877.pkl,train
12878.pkl,val
12879.pkl,val
12880.pkl,train
12881.pkl,val
12882.pkl,train
12883.pkl,train
12884.pkl,train
12885.pkl,train
12886.pkl,train
12887.pkl,val
12888.pkl,val
12889.pkl,train
12890.pkl,val
12891.pkl,train
12892.pkl,val
12893.pkl,train
12894.pkl,train
12895.pkl,train
12896.pkl,train
12897.pkl,train
12898.pkl,val
12899.pkl,train
12900.pkl,train
12901.pkl,train
12902.pkl,val
12903.pkl,train
12904.pkl,train
12905.pkl,train
12906.pkl,val
12907.pkl,train
12908.pkl,train
12909.pkl,train
12910.pkl,train
12911.pkl,train
12912.pkl,val
12913.pkl,val
12914.pkl,val
12915.pkl,val
12916.pkl,train
12917.pkl,val
12918.pkl,val
12919.pkl,val
12920.pkl,train
12921.pkl,train
12922.pkl,train
12923.pkl,val
12924.pkl,val
12925.pkl,train
12926.pkl,val
12927.pkl,train
12928.pkl,val
12929.pkl,val
12930.pkl,val
12931.pkl,val
12932.pkl,train
12933.pkl,train
12934.pkl,val
12935.pkl,train
12936.pkl,val
12937.pkl,val
12938.pkl,train
12939.pkl,train
12940.pkl,train
12941.pkl,train
12942.pkl,train
12943.pkl,train
12944.pkl,train
12945.pkl,val
12946.pkl,val
12947.pkl,val
12948.pkl,train
12949.pkl,train
12950.pkl,val
12951.pkl,val
12952.pkl,val
12953.pkl,train
12954.pkl,train
12955.pkl,train
12956.pkl,train
12957.pkl,val
12958.pkl,train
12959.pkl,val
12960.pkl,val
12961.pkl,val
12962.pkl,train
12963.pkl,val
12964.pkl,val
12965.pkl,train
12966.pkl,train
12967.pkl,train
12968.pkl,val
12969.pkl,val
12970.pkl,train
12971.pkl,train
12972.pkl,val
12973.pkl,train
12974.pkl,train
12975.pkl,val
12976.pkl,train
12977.pkl,val
12978.pkl,val
12979.pkl,train
12980.pkl,train
12981.pkl,train
12982.pkl,val
12983.pkl,val
12984.pkl,val
12985.pkl,val
12986.pkl,train
12987.pkl,val
12988.pkl,train
12989.pkl,train
12990.pkl,train
12991.pkl,train
12992.pkl,train
12993.pkl,val
12994.pkl,train
12995.pkl,train
12996.pkl,train
12997.pkl,val
12998.pkl,train
12999.pkl,val
13000.pkl,train
13001.pkl,train
13002.pkl,train
13003.pkl,val
13004.pkl,val
13005.pkl,train
13006.pkl,val
13007.pkl,train
13008.pkl,train
13009.pkl,train
13010.pkl,train
13011.pkl,train
13012.pkl,val
13013.pkl,val
13014.pkl,train
13015.pkl,val
13016.pkl,val
13017.pkl,val
13018.pkl,val
13019.pkl,val
13020.pkl,val
13021.pkl,train
13022.pkl,val
13023.pkl,val
13024.pkl,val
13025.pkl,val
13026.pkl,train
13027.pkl,val
13028.pkl,train
13029.pkl,train
13030.pkl,val
13031.pkl,val
13032.pkl,train
13033.pkl,val
13034.pkl,train
13035.pkl,val
13036.pkl,train
13037.pkl,train
13038.pkl,val
13039.pkl,val
13040.pkl,val
13041.pkl,val
13042.pkl,train
13043.pkl,train
13044.pkl,train
13045.pkl,val
13046.pkl,train
13047.pkl,val
13048.pkl,val
13049.pkl,val
13050.pkl,val
13051.pkl,val
13052.pkl,train
13053.pkl,val
13054.pkl,val
13055.pkl,val
13056.pkl,val
13057.pkl,val
13058.pkl,val
13059.pkl,val
13060.pkl,train
13061.pkl,train
13062.pkl,val
13063.pkl,val
13064.pkl,train
13065.pkl,val
13066.pkl,train
13067.pkl,train
13068.pkl,val
13069.pkl,train
13070.pkl,train
13071.pkl,val
13072.pkl,val
13073.pkl,val
13074.pkl,val
13075.pkl,val
13076.pkl,train
13077.pkl,train
13078.pkl,train
13079.pkl,val
13080.pkl,train
13081.pkl,val
13082.pkl,val
13083.pkl,val
13084.pkl,val
13085.pkl,val
13086.pkl,val
13087.pkl,val
13088.pkl,val
13089.pkl,val
13090.pkl,val
13091.pkl,train
13092.pkl,train
13093.pkl,val
13094.pkl,val
13095.pkl,train
13096.pkl,val
13097.pkl,train
13098.pkl,val
13099.pkl,train
13100.pkl,val
13101.pkl,train
13102.pkl,train
13103.pkl,train
13104.pkl,val
13105.pkl,train
13106.pkl,val
13107.pkl,train
13108.pkl,val
13109.pkl,val
13110.pkl,train
13111.pkl,val
13112.pkl,val
13113.pkl,val
13114.pkl,val
13115.pkl,val
13116.pkl,val
13117.pkl,train
13118.pkl,val
13119.pkl,val
13120.pkl,train
13121.pkl,train
13122.pkl,val
13123.pkl,train
13124.pkl,val
13125.pkl,train
13126.pkl,val
13127.pkl,val
13128.pkl,val
13129.pkl,train
13130.pkl,val
13131.pkl,val
13132.pkl,val
13133.pkl,val
13134.pkl,train
13135.pkl,val
13136.pkl,val
13137.pkl,train
13138.pkl,val
13139.pkl,train
13140.pkl,val
13141.pkl,train
13142.pkl,train
13143.pkl,val
13144.pkl,train
13145.pkl,train
13146.pkl,val
13147.pkl,train
13148.pkl,train
13149.pkl,val
13150.pkl,train
13151.pkl,val
13152.pkl,val
13153.pkl,val
13154.pkl,val
13155.pkl,val
13156.pkl,train
13157.pkl,train
13158.pkl,val
13159.pkl,val
13160.pkl,train
13161.pkl,train
13162.pkl,train
13163.pkl,val
13164.pkl,train
13165.pkl,val
13166.pkl,train
13167.pkl,val
13168.pkl,val
13169.pkl,train
13170.pkl,train
13171.pkl,val
13172.pkl,train
13173.pkl,val
13174.pkl,val
13175.pkl,val
13176.pkl,train
13177.pkl,val
13178.pkl,train
13179.pkl,train
13180.pkl,val
13181.pkl,train
13182.pkl,val
13183.pkl,train
13184.pkl,train
13185.pkl,val
13186.pkl,train
13187.pkl,val
13188.pkl,val
13189.pkl,val
13190.pkl,train
13191.pkl,train
13192.pkl,val
13193.pkl,train
13194.pkl,val
13195.pkl,train
13196.pkl,train
13197.pkl,train
13198.pkl,train
13199.pkl,val
13200.pkl,train
13201.pkl,train
13202.pkl,train
13203.pkl,val
13204.pkl,train
13205.pkl,train
13206.pkl,train
13207.pkl,train
13208.pkl,val
13209.pkl,train
13210.pkl,train
13211.pkl,val
13212.pkl,train
13213.pkl,train
13214.pkl,train
13215.pkl,val
13216.pkl,val
13217.pkl,train
13218.pkl,val
13219.pkl,val
13220.pkl,val
13221.pkl,val
13222.pkl,val
13223.pkl,train
13224.pkl,val
13225.pkl,train
13226.pkl,train
13227.pkl,val
13228.pkl,train
13229.pkl,train
13230.pkl,train
13231.pkl,val
13232.pkl,val
13233.pkl,val
13234.pkl,train
13235.pkl,train
13236.pkl,train
13237.pkl,val
13238.pkl,val
13239.pkl,val
13240.pkl,train
13241.pkl,train
13242.pkl,val
13243.pkl,val
13244.pkl,val
13245.pkl,train
13246.pkl,val
13247.pkl,val
13248.pkl,val
13249.pkl,train
13250.pkl,val
13251.pkl,val
13252.pkl,val
13253.pkl,train
13254.pkl,train
13255.pkl,val
13256.pkl,train
13257.pkl,val
13258.pkl,val
13259.pkl,val
13260.pkl,train
13261.pkl,val
13262.pkl,train
13263.pkl,train
13264.pkl,train
13265.pkl,val
13266.pkl,train
13267.pkl,val
13268.pkl,train
13269.pkl,train
13270.pkl,train
13271.pkl,train
13272.pkl,train
13273.pkl,val
13274.pkl,val
13275.pkl,train
13276.pkl,val
13277.pkl,train
13278.pkl,val
13279.pkl,train
13280.pkl,val
13281.pkl,val
13282.pkl,train
13283.pkl,train
13284.pkl,val
13285.pkl,train
13286.pkl,train
13287.pkl,train
13288.pkl,val
13289.pkl,train
13290.pkl,train
13291.pkl,val
13292.pkl,val
13293.pkl,train
13294.pkl,val
13295.pkl,val
13296.pkl,train
13297.pkl,train
13298.pkl,train
13299.pkl,train
13300.pkl,train
13301.pkl,train
13302.pkl,val
13303.pkl,val
13304.pkl,val
13305.pkl,val
13306.pkl,val
13307.pkl,train
13308.pkl,train
13309.pkl,val
13310.pkl,val
13311.pkl,val
13312.pkl,val
13313.pkl,val
13314.pkl,train
13315.pkl,val
13316.pkl,val
13317.pkl,train
13318.pkl,val
13319.pkl,train
13320.pkl,train
13321.pkl,val
13322.pkl,val
13323.pkl,train
13324.pkl,val
13325.pkl,val
13326.pkl,train
13327.pkl,train
13328.pkl,train
13329.pkl,train
13330.pkl,train
13331.pkl,train
13332.pkl,val
13333.pkl,val
13334.pkl,train
13335.pkl,train
13336.pkl,train
13337.pkl,train
13338.pkl,val
13339.pkl,val
13340.pkl,val
13341.pkl,val
13342.pkl,val
13343.pkl,val
13344.pkl,train
13345.pkl,train
13346.pkl,train
13347.pkl,train
13348.pkl,train
13349.pkl,val
13350.pkl,train
13351.pkl,val
13352.pkl,train
13353.pkl,val
13354.pkl,train
13355.pkl,train
13356.pkl,val
13357.pkl,train
13358.pkl,val
13359.pkl,train
13360.pkl,train
13361.pkl,train
13362.pkl,val
13363.pkl,train
13364.pkl,val
13365.pkl,train
13366.pkl,val
13367.pkl,train
13368.pkl,train
13369.pkl,val
13370.pkl,val
13371.pkl,val
13372.pkl,val
13373.pkl,train
13374.pkl,val
13375.pkl,val
13376.pkl,train
13377.pkl,train
13378.pkl,train
13379.pkl,train
13380.pkl,val
13381.pkl,train
13382.pkl,val
13383.pkl,val
13384.pkl,val
13385.pkl,val
13386.pkl,val
13387.pkl,train
13388.pkl,val
13389.pkl,val
13390.pkl,train
13391.pkl,train
13392.pkl,train
13393.pkl,val
13394.pkl,val
13395.pkl,train
13396.pkl,val
13397.pkl,val
13398.pkl,train
13399.pkl,val
13400.pkl,train
13401.pkl,val
13402.pkl,val
13403.pkl,train
13404.pkl,train
13405.pkl,train
13406.pkl,val
13407.pkl,train
13408.pkl,val
13409.pkl,train
13410.pkl,val
13411.pkl,val
13412.pkl,val
13413.pkl,train
13414.pkl,val
13415.pkl,val
13416.pkl,val
13417.pkl,train
13418.pkl,train
13419.pkl,train
13420.pkl,train
13421.pkl,val
13422.pkl,train
13423.pkl,train
13424.pkl,train
13425.pkl,train
13426.pkl,val
13427.pkl,val
13428.pkl,train
13429.pkl,val
13430.pkl,val
13431.pkl,val
13432.pkl,val
13433.pkl,train
13434.pkl,train
13435.pkl,train
13436.pkl,train
13437.pkl,train
13438.pkl,train
13439.pkl,val
13440.pkl,train
13441.pkl,train
13442.pkl,val
13443.pkl,val
13444.pkl,train
13445.pkl,val
13446.pkl,train
13447.pkl,val
13448.pkl,val
13449.pkl,train
13450.pkl,train
13451.pkl,val
13452.pkl,train
13453.pkl,train
13454.pkl,val
13455.pkl,val
13456.pkl,train
13457.pkl,train
13458.pkl,train
13459.pkl,train
13460.pkl,val
13461.pkl,val
13462.pkl,val
13463.pkl,train
13464.pkl,val
13465.pkl,val
13466.pkl,val
13467.pkl,val
13468.pkl,train
13469.pkl,train
13470.pkl,val
13471.pkl,val
13472.pkl,val
13473.pkl,val
13474.pkl,train
13475.pkl,train
13476.pkl,val
13477.pkl,train
13478.pkl,val
13479.pkl,val
13480.pkl,train
13481.pkl,val
13482.pkl,val
13483.pkl,val
13484.pkl,train
13485.pkl,train
13486.pkl,val
13487.pkl,val
13488.pkl,val
13489.pkl,val
13490.pkl,train
13491.pkl,val
13492.pkl,val
13493.pkl,val
13494.pkl,val
13495.pkl,train
13496.pkl,train
13497.pkl,train
13498.pkl,train
13499.pkl,val
13500.pkl,val
13501.pkl,train
13502.pkl,val
13503.pkl,train
13504.pkl,train
13505.pkl,val
13506.pkl,train
13507.pkl,val
13508.pkl,train
13509.pkl,val
13510.pkl,val
13511.pkl,train
13512.pkl,train
13513.pkl,val
13514.pkl,train
13515.pkl,val
13516.pkl,train
13517.pkl,train
13518.pkl,val
13519.pkl,train
13520.pkl,val
13521.pkl,train
13522.pkl,val
13523.pkl,val
13524.pkl,val
13525.pkl,train
13526.pkl,val
13527.pkl,train
13528.pkl,val
13529.pkl,val
13530.pkl,val
13531.pkl,val
13532.pkl,train
13533.pkl,train
13534.pkl,train
13535.pkl,train
13536.pkl,train
13537.pkl,train
13538.pkl,val
13539.pkl,train
13540.pkl,val
13541.pkl,val
13542.pkl,train
13543.pkl,train
13544.pkl,train
13545.pkl,train
13546.pkl,train
13547.pkl,train
13548.pkl,val
13549.pkl,train
13550.pkl,val
13551.pkl,val
13552.pkl,train
13553.pkl,val
13554.pkl,train
13555.pkl,val
13556.pkl,val
13557.pkl,val
13558.pkl,val
13559.pkl,train
13560.pkl,train
13561.pkl,val
13562.pkl,val
13563.pkl,train
13564.pkl,train
13565.pkl,train
13566.pkl,val
13567.pkl,train
13568.pkl,train
13569.pkl,val
13570.pkl,train
13571.pkl,val
13572.pkl,train
13573.pkl,val
13574.pkl,val
13575.pkl,val
13576.pkl,val
13577.pkl,train
13578.pkl,train
13579.pkl,val
13580.pkl,val
13581.pkl,train
13582.pkl,val
13583.pkl,train
13584.pkl,val
13585.pkl,train
13586.pkl,train
13587.pkl,val
13588.pkl,val
13589.pkl,train
13590.pkl,val
13591.pkl,train
13592.pkl,train
13593.pkl,train
13594.pkl,train
13595.pkl,val
13596.pkl,val
13597.pkl,val
13598.pkl,train
13599.pkl,train
13600.pkl,train
13601.pkl,train
13602.pkl,val
13603.pkl,train
13604.pkl,train
13605.pkl,train
13606.pkl,train
13607.pkl,val
13608.pkl,train
13609.pkl,train
13610.pkl,val
13611.pkl,val
13612.pkl,train
13613.pkl,val
13614.pkl,train
13615.pkl,val
13616.pkl,train
13617.pkl,val
13618.pkl,train
13619.pkl,train
13620.pkl,val
13621.pkl,train
13622.pkl,val
13623.pkl,train
13624.pkl,train
13625.pkl,val
13626.pkl,val
13627.pkl,train
13628.pkl,train
13629.pkl,val
13630.pkl,train
13631.pkl,val
13632.pkl,train
13633.pkl,train
13634.pkl,train
13635.pkl,train
13636.pkl,train
13637.pkl,train
13638.pkl,val
13639.pkl,train
13640.pkl,train
13641.pkl,train
13642.pkl,train
13643.pkl,train
13644.pkl,train
13645.pkl,train
13646.pkl,val
13647.pkl,val
13648.pkl,val
13649.pkl,train
13650.pkl,train
13651.pkl,val
13652.pkl,train
13653.pkl,train
13654.pkl,val
13655.pkl,train
13656.pkl,train
13657.pkl,val
13658.pkl,train
13659.pkl,train
13660.pkl,val
13661.pkl,train
13662.pkl,train
13663.pkl,train
13664.pkl,train
13665.pkl,train
13666.pkl,train
13667.pkl,val
13668.pkl,train
13669.pkl,val
13670.pkl,train
13671.pkl,val
13672.pkl,val
13673.pkl,train
13674.pkl,val
13675.pkl,train
13676.pkl,train
13677.pkl,val
13678.pkl,train
13679.pkl,val
13680.pkl,val
13681.pkl,train
13682.pkl,val
13683.pkl,train
13684.pkl,val
13685.pkl,val
13686.pkl,val
13687.pkl,train
13688.pkl,train
13689.pkl,val
13690.pkl,train
13691.pkl,train
13692.pkl,val
13693.pkl,train
13694.pkl,val
13695.pkl,train
13696.pkl,train
13697.pkl,val
13698.pkl,train
13699.pkl,train
13700.pkl,val
13701.pkl,val
13702.pkl,val
13703.pkl,train
13704.pkl,val
13705.pkl,train
13706.pkl,val
13707.pkl,val
13708.pkl,val
13709.pkl,val
13710.pkl,train
13711.pkl,val
13712.pkl,val
13713.pkl,val
13714.pkl,train
13715.pkl,train
13716.pkl,train
13717.pkl,val
13718.pkl,train
13719.pkl,val
13720.pkl,train
13721.pkl,val
13722.pkl,val
13723.pkl,train
13724.pkl,train
13725.pkl,val
13726.pkl,val
13727.pkl,train
13728.pkl,val
13729.pkl,val
13730.pkl,val
13731.pkl,val
13732.pkl,train
13733.pkl,train
13734.pkl,val
13735.pkl,val
13736.pkl,val
13737.pkl,val
13738.pkl,val
13739.pkl,val
13740.pkl,train
13741.pkl,val
13742.pkl,train
13743.pkl,val
13744.pkl,train
13745.pkl,val
13746.pkl,train
13747.pkl,val
13748.pkl,train
13749.pkl,val
13750.pkl,val
13751.pkl,val
13752.pkl,val
13753.pkl,train
13754.pkl,val
13755.pkl,val
13756.pkl,train
13757.pkl,train
13758.pkl,train
13759.pkl,train
13760.pkl,val
13761.pkl,train
13762.pkl,train
13763.pkl,train
13764.pkl,val
13765.pkl,val
13766.pkl,val
13767.pkl,val
13768.pkl,val
13769.pkl,train
13770.pkl,train
13771.pkl,train
13772.pkl,train
13773.pkl,train
13774.pkl,val
13775.pkl,val
13776.pkl,val
13777.pkl,train
13778.pkl,val
13779.pkl,val
13780.pkl,train
13781.pkl,val
13782.pkl,val
13783.pkl,train
13784.pkl,val
13785.pkl,train
13786.pkl,train
13787.pkl,val
13788.pkl,train
13789.pkl,val
13790.pkl,val
13791.pkl,train
13792.pkl,val
13793.pkl,train
13794.pkl,train
13795.pkl,train
13796.pkl,train
13797.pkl,val
13798.pkl,val
13799.pkl,train
13800.pkl,val
13801.pkl,train
13802.pkl,val
13803.pkl,val
13804.pkl,val
13805.pkl,val
13806.pkl,train
13807.pkl,val
13808.pkl,val
13809.pkl,val
13810.pkl,val
13811.pkl,val
13812.pkl,val
13813.pkl,val
13814.pkl,train
13815.pkl,val
13816.pkl,train
13817.pkl,train
13818.pkl,val
13819.pkl,train
13820.pkl,train
13821.pkl,train
13822.pkl,val
13823.pkl,val
13824.pkl,train
13825.pkl,train
13826.pkl,val
13827.pkl,train
13828.pkl,val
13829.pkl,val
13830.pkl,train
13831.pkl,train
13832.pkl,val
13833.pkl,train
13834.pkl,train
13835.pkl,val
13836.pkl,val
13837.pkl,train
13838.pkl,val
13839.pkl,train
13840.pkl,val
13841.pkl,train
13842.pkl,val
13843.pkl,val
13844.pkl,val
13845.pkl,val
13846.pkl,train
13847.pkl,train
13848.pkl,val
13849.pkl,train
13850.pkl,train
13851.pkl,train
13852.pkl,val
13853.pkl,val
13854.pkl,train
13855.pkl,val
13856.pkl,val
13857.pkl,train
13858.pkl,val
13859.pkl,val
13860.pkl,val
13861.pkl,val
13862.pkl,val
13863.pkl,train
13864.pkl,train
13865.pkl,train
13866.pkl,train
13867.pkl,train
13868.pkl,train
13869.pkl,train
13870.pkl,val
13871.pkl,val
13872.pkl,val
13873.pkl,train
13874.pkl,train
13875.pkl,train
13876.pkl,val
13877.pkl,train
13878.pkl,val
13879.pkl,val
13880.pkl,val
13881.pkl,val
13882.pkl,train
13883.pkl,val
13884.pkl,val
13885.pkl,val
13886.pkl,val
13887.pkl,val
13888.pkl,train
13889.pkl,val
13890.pkl,train
13891.pkl,val
13892.pkl,val
13893.pkl,train
13894.pkl,val
13895.pkl,train
13896.pkl,train
13897.pkl,val
13898.pkl,train
13899.pkl,val
13900.pkl,val
13901.pkl,val
13902.pkl,train
13903.pkl,train
13904.pkl,train
13905.pkl,val
13906.pkl,train
13907.pkl,val
13908.pkl,train
13909.pkl,val
13910.pkl,train
13911.pkl,train
13912.pkl,train
13913.pkl,val
13914.pkl,train
13915.pkl,val
13916.pkl,train
13917.pkl,val
13918.pkl,train
13919.pkl,val
13920.pkl,val
13921.pkl,val
13922.pkl,train
13923.pkl,train
13924.pkl,val
13925.pkl,val
13926.pkl,train
13927.pkl,val
13928.pkl,train
13929.pkl,val
13930.pkl,train
13931.pkl,val
13932.pkl,train
13933.pkl,val
13934.pkl,val
13935.pkl,val
13936.pkl,train
13937.pkl,train
13938.pkl,train
13939.pkl,train
13940.pkl,train
13941.pkl,val
13942.pkl,val
13943.pkl,val
13944.pkl,val
13945.pkl,train
13946.pkl,val
13947.pkl,train
13948.pkl,train
13949.pkl,val
13950.pkl,val
13951.pkl,train
13952.pkl,train
13953.pkl,train
13954.pkl,train
13955.pkl,train
13956.pkl,val
13957.pkl,train
13958.pkl,train
13959.pkl,val
13960.pkl,train
13961.pkl,train
13962.pkl,val
13963.pkl,val
13964.pkl,train
13965.pkl,train
13966.pkl,train
13967.pkl,train
13968.pkl,val
13969.pkl,val
13970.pkl,val
13971.pkl,train
13972.pkl,val
13973.pkl,val
13974.pkl,val
13975.pkl,train
13976.pkl,train
13977.pkl,train
13978.pkl,val
13979.pkl,train
13980.pkl,train
13981.pkl,val
13982.pkl,val
13983.pkl,val
13984.pkl,val
13985.pkl,train
13986.pkl,val
13987.pkl,train
13988.pkl,train
13989.pkl,val
13990.pkl,train
13991.pkl,val
13992.pkl,val
13993.pkl,train
13994.pkl,train
13995.pkl,val
13996.pkl,val
13997.pkl,train
13998.pkl,train
13999.pkl,val
14000.pkl,train
14001.pkl,train
14002.pkl,train
14003.pkl,train
14004.pkl,train
14005.pkl,val
14006.pkl,train
14007.pkl,val
14008.pkl,val
14009.pkl,val
14010.pkl,val
14011.pkl,train
14012.pkl,train
14013.pkl,train
14014.pkl,train
14015.pkl,val
14016.pkl,val
14017.pkl,train
14018.pkl,val
14019.pkl,val
14020.pkl,train
14021.pkl,val
14022.pkl,train
14023.pkl,val
14024.pkl,train
14025.pkl,val
14026.pkl,val
14027.pkl,train
14028.pkl,train
14029.pkl,val
14030.pkl,val
14031.pkl,val
14032.pkl,val
14033.pkl,train
14034.pkl,val
14035.pkl,train
14036.pkl,train
14037.pkl,val
14038.pkl,train
14039.pkl,train
14040.pkl,val
14041.pkl,train
14042.pkl,val
14043.pkl,train
14044.pkl,val
14045.pkl,val
14046.pkl,train
14047.pkl,val
14048.pkl,train
14049.pkl,train
14050.pkl,train
14051.pkl,train
14052.pkl,train
14053.pkl,train
14054.pkl,val
14055.pkl,val
14056.pkl,train
14057.pkl,val
14058.pkl,val
14059.pkl,val
14060.pkl,train
14061.pkl,train
14062.pkl,val
14063.pkl,val
14064.pkl,train
14065.pkl,val
14066.pkl,train
14067.pkl,train
14068.pkl,train
14069.pkl,train
14070.pkl,val
14071.pkl,val
14072.pkl,train
14073.pkl,train
14074.pkl,train
14075.pkl,train
14076.pkl,val
14077.pkl,val
14078.pkl,val
14079.pkl,val
14080.pkl,train
14081.pkl,val
14082.pkl,train
14083.pkl,train
14084.pkl,train
14085.pkl,val
14086.pkl,train
14087.pkl,train
14088.pkl,val
14089.pkl,val
14090.pkl,val
14091.pkl,val
14092.pkl,train
14093.pkl,train
14094.pkl,val
14095.pkl,train
14096.pkl,val
14097.pkl,val
14098.pkl,val
14099.pkl,val
14100.pkl,val
14101.pkl,train
14102.pkl,val
14103.pkl,val
14104.pkl,val
14105.pkl,train
14106.pkl,train
14107.pkl,train
14108.pkl,train
14109.pkl,train
14110.pkl,val
14111.pkl,train
14112.pkl,train
14113.pkl,train
14114.pkl,train
14115.pkl,train
14116.pkl,train
14117.pkl,train
14118.pkl,train
14119.pkl,train
14120.pkl,val
14121.pkl,val
14122.pkl,train
14123.pkl,train
14124.pkl,val
14125.pkl,train
14126.pkl,train
14127.pkl,val
14128.pkl,val
14129.pkl,train
14130.pkl,val
14131.pkl,train
14132.pkl,val
14133.pkl,val
14134.pkl,train
14135.pkl,val
14136.pkl,val
14137.pkl,train
14138.pkl,val
14139.pkl,train
14140.pkl,train
14141.pkl,train
14142.pkl,train
14143.pkl,val
14144.pkl,train
14145.pkl,val
14146.pkl,train
14147.pkl,train
14148.pkl,train
14149.pkl,val
14150.pkl,train
14151.pkl,train
14152.pkl,val
14153.pkl,val
14154.pkl,train
14155.pkl,val
14156.pkl,train
14157.pkl,train
14158.pkl,val
14159.pkl,train
14160.pkl,train
14161.pkl,train
14162.pkl,val
14163.pkl,train
14164.pkl,val
14165.pkl,train
14166.pkl,val
14167.pkl,train
14168.pkl,train
14169.pkl,train
14170.pkl,val
14171.pkl,train
14172.pkl,train
14173.pkl,train
14174.pkl,val
14175.pkl,val
14176.pkl,train
14177.pkl,train
14178.pkl,train
14179.pkl,val
14180.pkl,val
14181.pkl,train
14182.pkl,val
14183.pkl,val
14184.pkl,val
14185.pkl,train
14186.pkl,train
14187.pkl,train
14188.pkl,train
14189.pkl,train
14190.pkl,train
14191.pkl,val
14192.pkl,val
14193.pkl,train
14194.pkl,val
14195.pkl,train
14196.pkl,val
14197.pkl,val
14198.pkl,val
14199.pkl,val
14200.pkl,train
14201.pkl,val
14202.pkl,train
14203.pkl,train
14204.pkl,train
14205.pkl,train
14206.pkl,train
14207.pkl,val
14208.pkl,val
14209.pkl,val
14210.pkl,train
14211.pkl,train
14212.pkl,train
14213.pkl,val
14214.pkl,train
14215.pkl,train
14216.pkl,train
14217.pkl,train
14218.pkl,val
14219.pkl,train
14220.pkl,val
14221.pkl,val
14222.pkl,val
14223.pkl,val
14224.pkl,train
14225.pkl,train
14226.pkl,train
14227.pkl,train
14228.pkl,train
14229.pkl,train
14230.pkl,train
14231.pkl,train
14232.pkl,val
14233.pkl,val
14234.pkl,val
14235.pkl,train
14236.pkl,val
14237.pkl,val
14238.pkl,val
14239.pkl,val
14240.pkl,train
14241.pkl,train
14242.pkl,val
14243.pkl,val
14244.pkl,train
14245.pkl,train
14246.pkl,train
14247.pkl,val
14248.pkl,train
14249.pkl,val
14250.pkl,val
14251.pkl,val
14252.pkl,train
14253.pkl,train
14254.pkl,train
14255.pkl,val
14256.pkl,train
14257.pkl,train
14258.pkl,val
14259.pkl,val
14260.pkl,train
14261.pkl,val
14262.pkl,train
14263.pkl,train
14264.pkl,train
14265.pkl,val
14266.pkl,train
14267.pkl,val
14268.pkl,val
14269.pkl,train
14270.pkl,val
14271.pkl,train
14272.pkl,val
14273.pkl,train
14274.pkl,val
14275.pkl,val
14276.pkl,val
14277.pkl,train
14278.pkl,val
14279.pkl,train
14280.pkl,val
14281.pkl,train
14282.pkl,val
14283.pkl,val
14284.pkl,val
14285.pkl,train
14286.pkl,train
14287.pkl,val
14288.pkl,train
14289.pkl,train
14290.pkl,val
14291.pkl,val
14292.pkl,train
14293.pkl,val
14294.pkl,train
14295.pkl,val
14296.pkl,train
14297.pkl,val
14298.pkl,train
14299.pkl,train
14300.pkl,val
14301.pkl,train
14302.pkl,train
14303.pkl,val
14304.pkl,train
14305.pkl,train
14306.pkl,val
14307.pkl,train
14308.pkl,train
14309.pkl,train
14310.pkl,train
14311.pkl,val
14312.pkl,val
14313.pkl,val
14314.pkl,val
14315.pkl,val
14316.pkl,val
14317.pkl,val
14318.pkl,train
14319.pkl,train
14320.pkl,train
14321.pkl,val
14322.pkl,val
14323.pkl,val
14324.pkl,train
14325.pkl,val
14326.pkl,val
14327.pkl,val
14328.pkl,val
14329.pkl,train
14330.pkl,train
14331.pkl,train
14332.pkl,val
14333.pkl,train
14334.pkl,val
14335.pkl,train
14336.pkl,train
14337.pkl,val
14338.pkl,val
14339.pkl,val
14340.pkl,val
14341.pkl,val
14342.pkl,train
14343.pkl,val
14344.pkl,val
14345.pkl,train
14346.pkl,val
14347.pkl,val
14348.pkl,val
14349.pkl,val
14350.pkl,val
14351.pkl,train
14352.pkl,val
14353.pkl,val
14354.pkl,val
14355.pkl,train
14356.pkl,train
14357.pkl,val
14358.pkl,val
14359.pkl,train
14360.pkl,val
14361.pkl,val
14362.pkl,val
14363.pkl,train
14364.pkl,val
14365.pkl,train
14366.pkl,train
14367.pkl,train
14368.pkl,train
14369.pkl,train
14370.pkl,val
14371.pkl,train
14372.pkl,val
14373.pkl,val
14374.pkl,val
14375.pkl,train
14376.pkl,val
14377.pkl,train
14378.pkl,val
14379.pkl,val
14380.pkl,val
14381.pkl,train
14382.pkl,val
14383.pkl,train
14384.pkl,train
14385.pkl,train
14386.pkl,val
14387.pkl,train
14388.pkl,val
14389.pkl,train
14390.pkl,val
14391.pkl,train
14392.pkl,val
14393.pkl,train
14394.pkl,train
14395.pkl,train
14396.pkl,train
14397.pkl,train
14398.pkl,val
14399.pkl,train
14400.pkl,train
14401.pkl,val
14402.pkl,val
14403.pkl,train
14404.pkl,val
14405.pkl,train
14406.pkl,train
14407.pkl,train
14408.pkl,val
14409.pkl,val
14410.pkl,val
14411.pkl,val
14412.pkl,train
14413.pkl,val
14414.pkl,val
14415.pkl,val
14416.pkl,train
14417.pkl,train
14418.pkl,val
14419.pkl,train
14420.pkl,train
14421.pkl,train
14422.pkl,train
14423.pkl,train
14424.pkl,val
14425.pkl,train
14426.pkl,train
14427.pkl,train
14428.pkl,train
14429.pkl,train
14430.pkl,train
14431.pkl,val
14432.pkl,val
14433.pkl,val
14434.pkl,val
14435.pkl,train
14436.pkl,val
14437.pkl,train
14438.pkl,train
14439.pkl,val
14440.pkl,val
14441.pkl,val
14442.pkl,val
14443.pkl,val
14444.pkl,train
14445.pkl,train
14446.pkl,val
14447.pkl,train
14448.pkl,train
14449.pkl,train
14450.pkl,train
14451.pkl,val
14452.pkl,val
14453.pkl,val
14454.pkl,val
14455.pkl,val
14456.pkl,val
14457.pkl,val
14458.pkl,train
14459.pkl,val
14460.pkl,train
14461.pkl,val
14462.pkl,train
14463.pkl,train
14464.pkl,train
14465.pkl,val
14466.pkl,train
14467.pkl,train
14468.pkl,val
14469.pkl,val
14470.pkl,val
14471.pkl,train
14472.pkl,train
14473.pkl,val
14474.pkl,train
14475.pkl,train
14476.pkl,val
14477.pkl,train
14478.pkl,train
14479.pkl,train
14480.pkl,train
14481.pkl,val
14482.pkl,train
14483.pkl,val
14484.pkl,val
14485.pkl,val
14486.pkl,val
14487.pkl,val
14488.pkl,train
14489.pkl,train
14490.pkl,val
14491.pkl,val
14492.pkl,train
14493.pkl,val
14494.pkl,train
14495.pkl,train
14496.pkl,val
14497.pkl,train
14498.pkl,train
14499.pkl,val
14500.pkl,train
14501.pkl,val
14502.pkl,val
14503.pkl,val
14504.pkl,val
14505.pkl,train
14506.pkl,val
14507.pkl,val
14508.pkl,val
14509.pkl,train
14510.pkl,val
14511.pkl,train
14512.pkl,train
14513.pkl,train
14514.pkl,train
14515.pkl,train
14516.pkl,train
14517.pkl,val
14518.pkl,train
14519.pkl,val
14520.pkl,val
14521.pkl,train
14522.pkl,val
14523.pkl,train
14524.pkl,train
14525.pkl,train
14526.pkl,val
14527.pkl,train
14528.pkl,val
14529.pkl,train
14530.pkl,train
14531.pkl,train
14532.pkl,val
14533.pkl,val
14534.pkl,val
14535.pkl,val
14536.pkl,train
14537.pkl,val
14538.pkl,val
14539.pkl,val
14540.pkl,train
14541.pkl,val
14542.pkl,train
14543.pkl,train
14544.pkl,train
14545.pkl,train
14546.pkl,train
14547.pkl,train
14548.pkl,train
14549.pkl,val
14550.pkl,train
14551.pkl,val
14552.pkl,val
14553.pkl,train
14554.pkl,val
14555.pkl,val
14556.pkl,train
14557.pkl,train
14558.pkl,val
14559.pkl,val
14560.pkl,val
14561.pkl,val
14562.pkl,train
14563.pkl,val
14564.pkl,train
14565.pkl,val
14566.pkl,val
14567.pkl,val
14568.pkl,val
14569.pkl,train
14570.pkl,train
14571.pkl,train
14572.pkl,val
14573.pkl,train
14574.pkl,train
14575.pkl,val
14576.pkl,train
14577.pkl,val
14578.pkl,val
14579.pkl,train
14580.pkl,train
14581.pkl,train
14582.pkl,train
14583.pkl,val
14584.pkl,train
14585.pkl,val
14586.pkl,train
14587.pkl,val
14588.pkl,train
14589.pkl,train
14590.pkl,train
14591.pkl,val
14592.pkl,val
14593.pkl,train
14594.pkl,val
14595.pkl,val
14596.pkl,train
14597.pkl,val
14598.pkl,train
14599.pkl,train
14600.pkl,train
14601.pkl,train
14602.pkl,val
14603.pkl,val
14604.pkl,train
14605.pkl,train
14606.pkl,val
14607.pkl,val
14608.pkl,train
14609.pkl,val
14610.pkl,train
14611.pkl,train
14612.pkl,val
14613.pkl,train
14614.pkl,train
14615.pkl,train
14616.pkl,val
14617.pkl,val
14618.pkl,train
14619.pkl,train
14620.pkl,train
14621.pkl,train
14622.pkl,train
14623.pkl,train
14624.pkl,train
14625.pkl,val
14626.pkl,val
14627.pkl,train
14628.pkl,val
14629.pkl,train
14630.pkl,val
14631.pkl,val
14632.pkl,train
14633.pkl,train
14634.pkl,val
14635.pkl,train
14636.pkl,val
14637.pkl,train
14638.pkl,val
14639.pkl,train
14640.pkl,train
14641.pkl,train
14642.pkl,val
14643.pkl,val
14644.pkl,train
14645.pkl,train
14646.pkl,train
14647.pkl,train
14648.pkl,train
14649.pkl,val
14650.pkl,val
14651.pkl,train
14652.pkl,train
14653.pkl,train
14654.pkl,val
14655.pkl,val
14656.pkl,val
14657.pkl,train
14658.pkl,train
14659.pkl,val
14660.pkl,val
14661.pkl,train
14662.pkl,val
14663.pkl,train
14664.pkl,val
14665.pkl,train
14666.pkl,val
14667.pkl,val
14668.pkl,train
14669.pkl,val
14670.pkl,train
14671.pkl,train
14672.pkl,train
14673.pkl,train
14674.pkl,val
14675.pkl,val
14676.pkl,train
14677.pkl,val
14678.pkl,train
14679.pkl,val
14680.pkl,train
14681.pkl,val
14682.pkl,train
14683.pkl,train
14684.pkl,val
14685.pkl,train
14686.pkl,val
14687.pkl,val
14688.pkl,val
14689.pkl,train
14690.pkl,train
14691.pkl,train
14692.pkl,val
14693.pkl,val
14694.pkl,val
14695.pkl,val
14696.pkl,val
14697.pkl,train
14698.pkl,val
14699.pkl,train
14700.pkl,val
14701.pkl,val
14702.pkl,val
14703.pkl,train
14704.pkl,train
14705.pkl,train
14706.pkl,train
14707.pkl,val
14708.pkl,train
14709.pkl,val
14710.pkl,val
14711.pkl,val
14712.pkl,train
14713.pkl,val
14714.pkl,val
14715.pkl,val
14716.pkl,train
14717.pkl,train
14718.pkl,val
14719.pkl,train
14720.pkl,train
14721.pkl,val
14722.pkl,val
14723.pkl,train
14724.pkl,train
14725.pkl,val
14726.pkl,train
14727.pkl,val
14728.pkl,train
14729.pkl,val
14730.pkl,train
14731.pkl,train
14732.pkl,val
14733.pkl,val
14734.pkl,val
14735.pkl,val
14736.pkl,val
14737.pkl,train
14738.pkl,train
14739.pkl,val
14740.pkl,train
14741.pkl,val
14742.pkl,train
14743.pkl,train
14744.pkl,train
14745.pkl,train
14746.pkl,train
14747.pkl,val
14748.pkl,train
14749.pkl,train
14750.pkl,val
14751.pkl,train
14752.pkl,val
14753.pkl,val
14754.pkl,train
14755.pkl,train
14756.pkl,train
14757.pkl,val
14758.pkl,train
14759.pkl,train
14760.pkl,val
14761.pkl,val
14762.pkl,train
14763.pkl,train
14764.pkl,val
14765.pkl,train
14766.pkl,train
14767.pkl,train
14768.pkl,val
14769.pkl,train
14770.pkl,train
14771.pkl,train
14772.pkl,train
14773.pkl,train
14774.pkl,val
14775.pkl,train
14776.pkl,val
14777.pkl,val
14778.pkl,val
14779.pkl,val
14780.pkl,train
14781.pkl,val
14782.pkl,train
14783.pkl,val
14784.pkl,train
14785.pkl,val
14786.pkl,val
14787.pkl,train
14788.pkl,val
14789.pkl,val
14790.pkl,val
14791.pkl,train
14792.pkl,val
14793.pkl,val
14794.pkl,val
14795.pkl,val
14796.pkl,train
14797.pkl,train
14798.pkl,val
14799.pkl,train
14800.pkl,val
14801.pkl,val
14802.pkl,val
14803.pkl,val
14804.pkl,train
14805.pkl,train
14806.pkl,val
14807.pkl,train
14808.pkl,val
14809.pkl,train
14810.pkl,train
14811.pkl,val
14812.pkl,train
14813.pkl,val
14814.pkl,train
14815.pkl,train
14816.pkl,train
14817.pkl,val
14818.pkl,train
14819.pkl,train
14820.pkl,train
14821.pkl,val
14822.pkl,val
14823.pkl,val
14824.pkl,val
14825.pkl,val
14826.pkl,train
14827.pkl,val
14828.pkl,val
14829.pkl,val
14830.pkl,val
14831.pkl,val
14832.pkl,val
14833.pkl,val
14834.pkl,train
14835.pkl,train
14836.pkl,val
14837.pkl,train
14838.pkl,val
14839.pkl,train
14840.pkl,train
14841.pkl,val
14842.pkl,val
14843.pkl,train
14844.pkl,train
14845.pkl,val
14846.pkl,val
14847.pkl,train
14848.pkl,val
14849.pkl,train
14850.pkl,train
14851.pkl,train
14852.pkl,val
14853.pkl,val
14854.pkl,train
14855.pkl,val
14856.pkl,val
14857.pkl,val
14858.pkl,val
14859.pkl,train
14860.pkl,val
14861.pkl,train
14862.pkl,val
14863.pkl,train
14864.pkl,val
14865.pkl,train
14866.pkl,val
14867.pkl,train
14868.pkl,train
14869.pkl,train
14870.pkl,train
14871.pkl,val
14872.pkl,train
14873.pkl,train
14874.pkl,train
14875.pkl,val
14876.pkl,val
14877.pkl,train
14878.pkl,train
14879.pkl,train
14880.pkl,val
14881.pkl,val
14882.pkl,train
14883.pkl,train
14884.pkl,val
14885.pkl,val
14886.pkl,train
14887.pkl,val
14888.pkl,train
14889.pkl,val
14890.pkl,val
14891.pkl,train
14892.pkl,train
14893.pkl,train
14894.pkl,train
14895.pkl,train
14896.pkl,train
14897.pkl,val
14898.pkl,train
14899.pkl,train
14900.pkl,train
14901.pkl,train
14902.pkl,val
14903.pkl,val
14904.pkl,val
14905.pkl,val
14906.pkl,train
14907.pkl,train
14908.pkl,val
14909.pkl,train
14910.pkl,val
14911.pkl,train
14912.pkl,val
14913.pkl,train
14914.pkl,val
14915.pkl,val
14916.pkl,train
14917.pkl,train
14918.pkl,val
14919.pkl,train
14920.pkl,train
14921.pkl,val
14922.pkl,train
14923.pkl,val
14924.pkl,train
14925.pkl,val
14926.pkl,val
14927.pkl,val
14928.pkl,train
14929.pkl,train
14930.pkl,val
14931.pkl,val
14932.pkl,val
14933.pkl,train
14934.pkl,train
14935.pkl,val
14936.pkl,val
14937.pkl,train
14938.pkl,val
14939.pkl,val
14940.pkl,val
14941.pkl,train
14942.pkl,train
14943.pkl,train
14944.pkl,train
14945.pkl,train
14946.pkl,train
14947.pkl,train
14948.pkl,val
14949.pkl,val
14950.pkl,train
14951.pkl,val
14952.pkl,train
14953.pkl,train
14954.pkl,val
14955.pkl,val
14956.pkl,val
14957.pkl,train
14958.pkl,train
14959.pkl,train
14960.pkl,train
14961.pkl,val
14962.pkl,train
14963.pkl,train
14964.pkl,val
14965.pkl,train
14966.pkl,val
14967.pkl,val
14968.pkl,val
14969.pkl,val
14970.pkl,train
14971.pkl,train
14972.pkl,val
14973.pkl,train
14974.pkl,val
14975.pkl,train
14976.pkl,train
14977.pkl,train
14978.pkl,val
14979.pkl,val
14980.pkl,val
14981.pkl,train
14982.pkl,train
14983.pkl,train
14984.pkl,val
14985.pkl,train
14986.pkl,train
14987.pkl,val
14988.pkl,val
14989.pkl,val
14990.pkl,val
14991.pkl,train
14992.pkl,val
14993.pkl,train
14994.pkl,train
14995.pkl,val
14996.pkl,train
14997.pkl,train
14998.pkl,val
14999.pkl,train
15000.pkl,train
15001.pkl,val
15002.pkl,val
15003.pkl,val
15004.pkl,val
15005.pkl,train
15006.pkl,train
15007.pkl,train
15008.pkl,val
15009.pkl,train
15010.pkl,val
15011.pkl,train
15012.pkl,val
15013.pkl,val
15014.pkl,train
15015.pkl,val
15016.pkl,val
15017.pkl,train
15018.pkl,val
15019.pkl,train
15020.pkl,val
15021.pkl,val
15022.pkl,val
15023.pkl,val
15024.pkl,val
15025.pkl,train
15026.pkl,train
15027.pkl,train
15028.pkl,train
15029.pkl,val
15030.pkl,val
15031.pkl,val
15032.pkl,val
15033.pkl,train
15034.pkl,train
15035.pkl,val
15036.pkl,val
15037.pkl,train
15038.pkl,val
15039.pkl,val
15040.pkl,val
15041.pkl,val
15042.pkl,train
15043.pkl,val
15044.pkl,train
15045.pkl,val
15046.pkl,train
15047.pkl,train
15048.pkl,train
15049.pkl,train
15050.pkl,train
15051.pkl,val
15052.pkl,train
15053.pkl,val
15054.pkl,train
15055.pkl,val
15056.pkl,val
15057.pkl,val
15058.pkl,val
15059.pkl,train
15060.pkl,val
15061.pkl,val
15062.pkl,train
15063.pkl,val
15064.pkl,val
15065.pkl,train
15066.pkl,val
15067.pkl,val
15068.pkl,val
15069.pkl,train
15070.pkl,train
15071.pkl,train
15072.pkl,val
15073.pkl,val
15074.pkl,val
15075.pkl,train
15076.pkl,train
15077.pkl,val
15078.pkl,val
15079.pkl,train
15080.pkl,val
15081.pkl,val
15082.pkl,train
15083.pkl,train
15084.pkl,val
15085.pkl,train
15086.pkl,train
15087.pkl,train
15088.pkl,train
15089.pkl,train
15090.pkl,train
15091.pkl,val
15092.pkl,train
15093.pkl,train
15094.pkl,val
15095.pkl,val
15096.pkl,val
15097.pkl,train
15098.pkl,train
15099.pkl,train
15100.pkl,train
15101.pkl,val
15102.pkl,train
15103.pkl,train
15104.pkl,train
15105.pkl,val
15106.pkl,train
15107.pkl,val
15108.pkl,val
15109.pkl,train
15110.pkl,val
15111.pkl,train
15112.pkl,val
15113.pkl,train
15114.pkl,val
15115.pkl,train
15116.pkl,train
15117.pkl,train
15118.pkl,val
15119.pkl,train
15120.pkl,train
15121.pkl,val
15122.pkl,train
15123.pkl,train
15124.pkl,train
15125.pkl,train
15126.pkl,val
15127.pkl,val
15128.pkl,train
15129.pkl,val
15130.pkl,train
15131.pkl,val
15132.pkl,train
15133.pkl,val
15134.pkl,val
15135.pkl,val
15136.pkl,val
15137.pkl,train
15138.pkl,train
15139.pkl,val
15140.pkl,val
15141.pkl,train
15142.pkl,val
15143.pkl,train
15144.pkl,train
15145.pkl,train
15146.pkl,train
15147.pkl,train
15148.pkl,train
15149.pkl,val
15150.pkl,train
15151.pkl,train
15152.pkl,val
15153.pkl,train
15154.pkl,train
15155.pkl,val
15156.pkl,train
15157.pkl,val
15158.pkl,val
15159.pkl,train
15160.pkl,val
15161.pkl,val
15162.pkl,train
15163.pkl,val
15164.pkl,train
15165.pkl,train
15166.pkl,val
15167.pkl,val
15168.pkl,train
15169.pkl,val
15170.pkl,val
15171.pkl,train
15172.pkl,val
15173.pkl,val
15174.pkl,train
15175.pkl,train
15176.pkl,val
15177.pkl,train
15178.pkl,train
15179.pkl,train
15180.pkl,val
15181.pkl,val
15182.pkl,val
15183.pkl,val
15184.pkl,val
15185.pkl,train
15186.pkl,val
15187.pkl,val
15188.pkl,train
15189.pkl,train
15190.pkl,train
15191.pkl,val
15192.pkl,val
15193.pkl,val
15194.pkl,val
15195.pkl,train
15196.pkl,train
15197.pkl,val
15198.pkl,val
15199.pkl,val
15200.pkl,train
15201.pkl,train
15202.pkl,train
15203.pkl,val
15204.pkl,train
15205.pkl,train
15206.pkl,val
15207.pkl,train
15208.pkl,train
15209.pkl,train
15210.pkl,val
15211.pkl,val
15212.pkl,train
15213.pkl,val
15214.pkl,train
15215.pkl,train
15216.pkl,val
15217.pkl,train
15218.pkl,val
15219.pkl,train
15220.pkl,val
15221.pkl,val
15222.pkl,val
15223.pkl,train
15224.pkl,val
15225.pkl,val
15226.pkl,val
15227.pkl,train
15228.pkl,train
15229.pkl,train
15230.pkl,val
15231.pkl,val
15232.pkl,val
15233.pkl,train
15234.pkl,train
15235.pkl,train
15236.pkl,train
15237.pkl,val
15238.pkl,train
15239.pkl,train
15240.pkl,val
15241.pkl,val
15242.pkl,train
15243.pkl,train
15244.pkl,val
15245.pkl,val
15246.pkl,val
15247.pkl,val
15248.pkl,val
15249.pkl,train
15250.pkl,train
15251.pkl,val
15252.pkl,train
15253.pkl,train
15254.pkl,val
15255.pkl,train
15256.pkl,val
15257.pkl,val
15258.pkl,val
15259.pkl,val
15260.pkl,train
15261.pkl,val
15262.pkl,train
15263.pkl,train
15264.pkl,train
15265.pkl,train
15266.pkl,train
15267.pkl,train
15268.pkl,val
15269.pkl,val
15270.pkl,train
15271.pkl,train
15272.pkl,val
15273.pkl,train
15274.pkl,val
15275.pkl,train
15276.pkl,train
15277.pkl,val
15278.pkl,val
15279.pkl,train
15280.pkl,train
15281.pkl,val
15282.pkl,train
15283.pkl,train
15284.pkl,train
15285.pkl,train
15286.pkl,train
15287.pkl,train
15288.pkl,train
15289.pkl,val
15290.pkl,val
15291.pkl,val
15292.pkl,train
15293.pkl,val
15294.pkl,train
15295.pkl,train
15296.pkl,train
15297.pkl,val
15298.pkl,val
15299.pkl,train
15300.pkl,train
15301.pkl,val
15302.pkl,train
15303.pkl,train
15304.pkl,train
15305.pkl,val
15306.pkl,val
15307.pkl,val
15308.pkl,train
15309.pkl,val
15310.pkl,train
15311.pkl,val
15312.pkl,train
15313.pkl,val
15314.pkl,train
15315.pkl,train
15316.pkl,train
15317.pkl,val
15318.pkl,val
15319.pkl,train
15320.pkl,val
15321.pkl,val
15322.pkl,val
15323.pkl,val
15324.pkl,val
15325.pkl,train
15326.pkl,val
15327.pkl,train
15328.pkl,train
15329.pkl,train
15330.pkl,train
15331.pkl,train
15332.pkl,train
15333.pkl,val
15334.pkl,val
15335.pkl,val
15336.pkl,val
15337.pkl,train
15338.pkl,train
15339.pkl,train
15340.pkl,val
15341.pkl,train
15342.pkl,train
15343.pkl,train
15344.pkl,val
15345.pkl,train
15346.pkl,val
15347.pkl,train
15348.pkl,train
15349.pkl,val
15350.pkl,train
15351.pkl,train
15352.pkl,val
15353.pkl,val
15354.pkl,train
15355.pkl,val
15356.pkl,train
15357.pkl,val
15358.pkl,train
15359.pkl,train
15360.pkl,val
15361.pkl,train
15362.pkl,train
15363.pkl,val
15364.pkl,train
15365.pkl,train
15366.pkl,train
15367.pkl,val
15368.pkl,val
15369.pkl,train
15370.pkl,val
15371.pkl,train
15372.pkl,train
15373.pkl,train
15374.pkl,train
15375.pkl,train
15376.pkl,val
15377.pkl,train
15378.pkl,train
15379.pkl,train
15380.pkl,train
15381.pkl,val
15382.pkl,val
15383.pkl,train
15384.pkl,train
15385.pkl,val
15386.pkl,val
15387.pkl,val
15388.pkl,val
15389.pkl,val
15390.pkl,val
15391.pkl,val
15392.pkl,val
15393.pkl,train
15394.pkl,train
15395.pkl,train
15396.pkl,val
15397.pkl,val
15398.pkl,train
15399.pkl,train
15400.pkl,val
15401.pkl,val
15402.pkl,train
15403.pkl,train
15404.pkl,train
15405.pkl,train
15406.pkl,train
15407.pkl,val
15408.pkl,val
15409.pkl,val
15410.pkl,val
15411.pkl,val
15412.pkl,train
15413.pkl,val
15414.pkl,val
15415.pkl,val
15416.pkl,val
15417.pkl,train
15418.pkl,train
15419.pkl,val
15420.pkl,val
15421.pkl,train
15422.pkl,train
15423.pkl,train
15424.pkl,train
15425.pkl,train
15426.pkl,train
15427.pkl,train
15428.pkl,train
15429.pkl,train
15430.pkl,train
15431.pkl,val
15432.pkl,val
15433.pkl,train
15434.pkl,train
15435.pkl,val
15436.pkl,train
15437.pkl,train
15438.pkl,train
15439.pkl,train
15440.pkl,train
15441.pkl,val
15442.pkl,val
15443.pkl,val
15444.pkl,train
15445.pkl,val
15446.pkl,train
15447.pkl,train
15448.pkl,train
15449.pkl,val
15450.pkl,train
15451.pkl,val
15452.pkl,train
15453.pkl,val
15454.pkl,train
15455.pkl,val
15456.pkl,val
15457.pkl,train
15458.pkl,train
15459.pkl,train
15460.pkl,train
15461.pkl,train
15462.pkl,val
15463.pkl,val
15464.pkl,val
15465.pkl,train
15466.pkl,val
15467.pkl,val
15468.pkl,train
15469.pkl,val
15470.pkl,train
15471.pkl,val
15472.pkl,val
15473.pkl,val
15474.pkl,train
15475.pkl,val
15476.pkl,val
15477.pkl,train
15478.pkl,val
15479.pkl,val
15480.pkl,train
15481.pkl,val
15482.pkl,val
15483.pkl,train
15484.pkl,val
15485.pkl,val
15486.pkl,val
15487.pkl,val
15488.pkl,val
15489.pkl,train
15490.pkl,val
15491.pkl,val
15492.pkl,val
15493.pkl,train
15494.pkl,val
15495.pkl,train
15496.pkl,val
15497.pkl,train
15498.pkl,val
15499.pkl,val
15500.pkl,train
15501.pkl,train
15502.pkl,val
15503.pkl,train
15504.pkl,train
15505.pkl,train
15506.pkl,val
15507.pkl,train
15508.pkl,train
15509.pkl,val
15510.pkl,train
15511.pkl,train
15512.pkl,val
15513.pkl,train
15514.pkl,val
15515.pkl,val
15516.pkl,train
15517.pkl,val
15518.pkl,val
15519.pkl,train
15520.pkl,train
15521.pkl,val
15522.pkl,train
15523.pkl,val
15524.pkl,train
15525.pkl,val
15526.pkl,train
15527.pkl,train
15528.pkl,val
15529.pkl,train
15530.pkl,val
15531.pkl,train
15532.pkl,train
15533.pkl,val
15534.pkl,train
15535.pkl,train
15536.pkl,train
15537.pkl,val
15538.pkl,val
15539.pkl,val
15540.pkl,val
15541.pkl,val
15542.pkl,val
15543.pkl,train
15544.pkl,train
15545.pkl,val
15546.pkl,val
15547.pkl,val
15548.pkl,train
15549.pkl,train
15550.pkl,train
15551.pkl,train
15552.pkl,train
15553.pkl,val
15554.pkl,train
15555.pkl,train
15556.pkl,train
15557.pkl,val
15558.pkl,train
15559.pkl,val
15560.pkl,train
15561.pkl,val
15562.pkl,train
15563.pkl,val
15564.pkl,train
15565.pkl,train
15566.pkl,val
15567.pkl,val
15568.pkl,train
15569.pkl,val
15570.pkl,val
15571.pkl,val
15572.pkl,train
15573.pkl,val
15574.pkl,val
15575.pkl,val
15576.pkl,train
15577.pkl,train
15578.pkl,train
15579.pkl,train
15580.pkl,train
15581.pkl,train
15582.pkl,train
15583.pkl,train
15584.pkl,train
15585.pkl,train
15586.pkl,val
15587.pkl,train
15588.pkl,train
15589.pkl,val
15590.pkl,val
15591.pkl,val
15592.pkl,train
15593.pkl,val
15594.pkl,val
15595.pkl,val
15596.pkl,train
15597.pkl,val
15598.pkl,train
15599.pkl,train
15600.pkl,train
15601.pkl,val
15602.pkl,val
15603.pkl,train
15604.pkl,train
15605.pkl,train
15606.pkl,val
15607.pkl,val
15608.pkl,val
15609.pkl,train
15610.pkl,train
15611.pkl,val
15612.pkl,val
15613.pkl,train
15614.pkl,val
15615.pkl,val
15616.pkl,train
15617.pkl,train
15618.pkl,train
15619.pkl,train
15620.pkl,train
15621.pkl,val
15622.pkl,train
15623.pkl,train
15624.pkl,train
15625.pkl,val
15626.pkl,val
15627.pkl,train
15628.pkl,train
15629.pkl,val
15630.pkl,train
15631.pkl,train
15632.pkl,val
15633.pkl,val
15634.pkl,train
15635.pkl,val
15636.pkl,val
15637.pkl,val
15638.pkl,val
15639.pkl,val
15640.pkl,train
15641.pkl,train
15642.pkl,val
15643.pkl,train
15644.pkl,train
15645.pkl,train
15646.pkl,train
15647.pkl,val
15648.pkl,val
15649.pkl,val
15650.pkl,val
15651.pkl,val
15652.pkl,val
15653.pkl,train
15654.pkl,train
15655.pkl,val
15656.pkl,train
15657.pkl,val
15658.pkl,train
15659.pkl,train
15660.pkl,train
15661.pkl,val
15662.pkl,train
15663.pkl,train
15664.pkl,val
15665.pkl,train
15666.pkl,train
15667.pkl,val
15668.pkl,train
15669.pkl,train
15670.pkl,val
15671.pkl,train
15672.pkl,train
15673.pkl,train
15674.pkl,val
15675.pkl,val
15676.pkl,train
15677.pkl,train
15678.pkl,train
15679.pkl,val
15680.pkl,val
15681.pkl,val
15682.pkl,val
15683.pkl,val
15684.pkl,val
15685.pkl,val
15686.pkl,train
15687.pkl,train
15688.pkl,train
15689.pkl,train
15690.pkl,val
15691.pkl,train
15692.pkl,val
15693.pkl,train
15694.pkl,val
15695.pkl,train
15696.pkl,train
15697.pkl,val
15698.pkl,train
15699.pkl,val
15700.pkl,train
15701.pkl,train
15702.pkl,val
15703.pkl,val
15704.pkl,train
15705.pkl,train
15706.pkl,train
15707.pkl,val
15708.pkl,val
15709.pkl,train
15710.pkl,val
15711.pkl,train
15712.pkl,train
15713.pkl,train
15714.pkl,train
15715.pkl,train
15716.pkl,train
15717.pkl,train
15718.pkl,val
15719.pkl,val
15720.pkl,train
15721.pkl,train
15722.pkl,train
15723.pkl,val
15724.pkl,train
15725.pkl,val
15726.pkl,train
15727.pkl,train
15728.pkl,train
15729.pkl,val
15730.pkl,val
15731.pkl,val
15732.pkl,train
15733.pkl,val
15734.pkl,train
15735.pkl,val
15736.pkl,train
15737.pkl,val
15738.pkl,val
15739.pkl,val
15740.pkl,train
15741.pkl,val
15742.pkl,train
15743.pkl,val
15744.pkl,train
15745.pkl,train
15746.pkl,val
15747.pkl,train
15748.pkl,val
15749.pkl,val
15750.pkl,val
15751.pkl,val
15752.pkl,val
15753.pkl,val
15754.pkl,val
15755.pkl,train
15756.pkl,train
15757.pkl,train
15758.pkl,train
15759.pkl,val
15760.pkl,val
15761.pkl,train
15762.pkl,val
15763.pkl,train
15764.pkl,val
15765.pkl,val
15766.pkl,val
15767.pkl,train
15768.pkl,val
15769.pkl,train
15770.pkl,train
15771.pkl,train
15772.pkl,val
15773.pkl,val
15774.pkl,train
15775.pkl,val
15776.pkl,val
15777.pkl,train
15778.pkl,train
15779.pkl,val
15780.pkl,train
15781.pkl,val
15782.pkl,train
15783.pkl,val
15784.pkl,val
15785.pkl,val
15786.pkl,val
15787.pkl,val
15788.pkl,train
15789.pkl,val
15790.pkl,train
15791.pkl,train
15792.pkl,val
15793.pkl,train
15794.pkl,train
15795.pkl,train
15796.pkl,train
15797.pkl,val
15798.pkl,val
15799.pkl,val
15800.pkl,val
15801.pkl,train
15802.pkl,val
15803.pkl,val
15804.pkl,val
15805.pkl,val
15806.pkl,train
15807.pkl,val
15808.pkl,val
15809.pkl,val
15810.pkl,train
15811.pkl,train
15812.pkl,train
15813.pkl,val
15814.pkl,val
15815.pkl,train
15816.pkl,val
15817.pkl,val
15818.pkl,val
15819.pkl,train
15820.pkl,val
15821.pkl,train
15822.pkl,val
15823.pkl,val
15824.pkl,train
15825.pkl,train
15826.pkl,val
15827.pkl,train
15828.pkl,train
15829.pkl,train
15830.pkl,val
15831.pkl,train
15832.pkl,train
15833.pkl,train
15834.pkl,train
15835.pkl,val
15836.pkl,train
15837.pkl,train
15838.pkl,train
15839.pkl,val
15840.pkl,train
15841.pkl,train
15842.pkl,val
15843.pkl,val
15844.pkl,train
15845.pkl,val
15846.pkl,val
15847.pkl,train
15848.pkl,val
15849.pkl,train
15850.pkl,train
15851.pkl,train
15852.pkl,val
15853.pkl,train
15854.pkl,val
15855.pkl,val
15856.pkl,val
15857.pkl,train
15858.pkl,val
15859.pkl,train
15860.pkl,train
15861.pkl,val
15862.pkl,train
15863.pkl,val
15864.pkl,train
15865.pkl,train
15866.pkl,val
15867.pkl,train
15868.pkl,train
15869.pkl,train
15870.pkl,train
15871.pkl,train
15872.pkl,val
15873.pkl,val
15874.pkl,val
15875.pkl,val
15876.pkl,val
15877.pkl,train
15878.pkl,val
15879.pkl,train
15880.pkl,val
15881.pkl,train
15882.pkl,val
15883.pkl,val
15884.pkl,val
15885.pkl,train
15886.pkl,train
15887.pkl,val
15888.pkl,train
15889.pkl,val
15890.pkl,val
15891.pkl,train
15892.pkl,val
15893.pkl,val
15894.pkl,train
15895.pkl,train
15896.pkl,val
15897.pkl,val
15898.pkl,val
15899.pkl,train
15900.pkl,val
15901.pkl,train
15902.pkl,val
15903.pkl,train
15904.pkl,val
15905.pkl,train
15906.pkl,val
15907.pkl,val
15908.pkl,val
15909.pkl,train
15910.pkl,val
15911.pkl,train
15912.pkl,val
15913.pkl,train
15914.pkl,train
15915.pkl,val
15916.pkl,train
15917.pkl,train
15918.pkl,val
15919.pkl,train
15920.pkl,train
15921.pkl,train
15922.pkl,val
15923.pkl,val
15924.pkl,train
15925.pkl,val
15926.pkl,train
15927.pkl,val
15928.pkl,val
15929.pkl,val
15930.pkl,val
15931.pkl,val
15932.pkl,train
15933.pkl,train
15934.pkl,val
15935.pkl,val
15936.pkl,train
15937.pkl,train
15938.pkl,val
15939.pkl,train
15940.pkl,val
15941.pkl,train
15942.pkl,train
15943.pkl,val
15944.pkl,train
15945.pkl,val
15946.pkl,train
15947.pkl,val
15948.pkl,val
15949.pkl,train
15950.pkl,train
15951.pkl,train
15952.pkl,train
15953.pkl,train
15954.pkl,train
15955.pkl,train
15956.pkl,train
15957.pkl,train
15958.pkl,train
15959.pkl,train
15960.pkl,train
15961.pkl,val
15962.pkl,val
15963.pkl,val
15964.pkl,train
15965.pkl,train
15966.pkl,val
15967.pkl,val
15968.pkl,train
15969.pkl,val
15970.pkl,val
15971.pkl,val
15972.pkl,train
15973.pkl,val
15974.pkl,val
15975.pkl,train
15976.pkl,train
15977.pkl,train
15978.pkl,val
15979.pkl,val
15980.pkl,train
15981.pkl,val
15982.pkl,train
15983.pkl,train
15984.pkl,train
15985.pkl,val
15986.pkl,val
15987.pkl,train
15988.pkl,val
15989.pkl,val
15990.pkl,train
15991.pkl,train
15992.pkl,val
15993.pkl,train
15994.pkl,train
15995.pkl,val
15996.pkl,train
15997.pkl,val
15998.pkl,train
15999.pkl,train
16000.pkl,train
16001.pkl,val
16002.pkl,train
16003.pkl,val
16004.pkl,val
16005.pkl,val
16006.pkl,val
16007.pkl,train
16008.pkl,val
16009.pkl,val
16010.pkl,val
16011.pkl,train
16012.pkl,train
16013.pkl,train
16014.pkl,val
16015.pkl,train
16016.pkl,val
16017.pkl,train
16018.pkl,train
16019.pkl,val
16020.pkl,train
16021.pkl,train
16022.pkl,val
16023.pkl,val
16024.pkl,val
16025.pkl,train
16026.pkl,val
16027.pkl,train
16028.pkl,train
16029.pkl,val
16030.pkl,train
16031.pkl,val
16032.pkl,val
16033.pkl,train
16034.pkl,train
16035.pkl,train
16036.pkl,val
16037.pkl,val
16038.pkl,val
16039.pkl,val
16040.pkl,train
16041.pkl,train
16042.pkl,train
16043.pkl,val
16044.pkl,val
16045.pkl,train
16046.pkl,val
16047.pkl,val
16048.pkl,val
16049.pkl,val
16050.pkl,train
16051.pkl,val
16052.pkl,val
16053.pkl,train
16054.pkl,train
16055.pkl,train
16056.pkl,val
16057.pkl,train
16058.pkl,train
16059.pkl,val
16060.pkl,train
16061.pkl,train
16062.pkl,val
16063.pkl,train
16064.pkl,val
16065.pkl,val
16066.pkl,val
16067.pkl,train
16068.pkl,train
16069.pkl,val
16070.pkl,train
16071.pkl,val
16072.pkl,val
16073.pkl,train
16074.pkl,train
16075.pkl,val
16076.pkl,train
16077.pkl,val
16078.pkl,train
16079.pkl,val
16080.pkl,val
16081.pkl,val
16082.pkl,train
16083.pkl,train
16084.pkl,train
16085.pkl,val
16086.pkl,train
16087.pkl,val
16088.pkl,val
16089.pkl,train
16090.pkl,val
16091.pkl,train
16092.pkl,train
16093.pkl,train
16094.pkl,val
16095.pkl,val
16096.pkl,val
16097.pkl,val
16098.pkl,val
16099.pkl,train
16100.pkl,train
16101.pkl,train
16102.pkl,val
16103.pkl,val
16104.pkl,val
16105.pkl,train
16106.pkl,train
16107.pkl,val
16108.pkl,val
16109.pkl,train
16110.pkl,val
16111.pkl,val
16112.pkl,train
16113.pkl,train
16114.pkl,train
16115.pkl,val
16116.pkl,val
16117.pkl,val
16118.pkl,train
16119.pkl,val
16120.pkl,train
16121.pkl,train
16122.pkl,val
16123.pkl,train
16124.pkl,val
16125.pkl,train
16126.pkl,train
16127.pkl,train
16128.pkl,val
16129.pkl,val
16130.pkl,val
16131.pkl,train
16132.pkl,val
16133.pkl,val
16134.pkl,val
16135.pkl,val
16136.pkl,val
16137.pkl,val
16138.pkl,train
16139.pkl,train
16140.pkl,train
16141.pkl,train
16142.pkl,val
16143.pkl,train
16144.pkl,val
16145.pkl,val
16146.pkl,train
16147.pkl,val
16148.pkl,train
16149.pkl,train
16150.pkl,train
16151.pkl,val
16152.pkl,train
16153.pkl,val
16154.pkl,val
16155.pkl,val
16156.pkl,val
16157.pkl,train
16158.pkl,train
16159.pkl,train
16160.pkl,val
16161.pkl,train
16162.pkl,val
16163.pkl,val
16164.pkl,val
16165.pkl,train
16166.pkl,train
16167.pkl,train
16168.pkl,val
16169.pkl,val
16170.pkl,train
16171.pkl,train
16172.pkl,train
16173.pkl,val
16174.pkl,train
16175.pkl,train
16176.pkl,val
16177.pkl,train
16178.pkl,train
16179.pkl,train
16180.pkl,val
16181.pkl,train
16182.pkl,train
16183.pkl,val
16184.pkl,train
16185.pkl,val
16186.pkl,train
16187.pkl,val
16188.pkl,train
16189.pkl,val
16190.pkl,train
16191.pkl,val
16192.pkl,train
16193.pkl,train
16194.pkl,train
16195.pkl,train
16196.pkl,val
16197.pkl,val
16198.pkl,val
16199.pkl,train
16200.pkl,val
16201.pkl,train
16202.pkl,val
16203.pkl,val
16204.pkl,train
16205.pkl,val
16206.pkl,train
16207.pkl,val
16208.pkl,val
16209.pkl,train
16210.pkl,val
16211.pkl,val
16212.pkl,train
16213.pkl,val
16214.pkl,val
16215.pkl,train
16216.pkl,train
16217.pkl,val
16218.pkl,train
16219.pkl,train
16220.pkl,val
16221.pkl,train
16222.pkl,val
16223.pkl,val
16224.pkl,train
16225.pkl,val
16226.pkl,train
16227.pkl,val
16228.pkl,val
16229.pkl,val
16230.pkl,train
16231.pkl,train
16232.pkl,train
16233.pkl,train
16234.pkl,train
16235.pkl,val
16236.pkl,val
16237.pkl,train
16238.pkl,val
16239.pkl,train
16240.pkl,val
16241.pkl,val
16242.pkl,train
16243.pkl,val
16244.pkl,train
16245.pkl,train
16246.pkl,val
16247.pkl,val
16248.pkl,train
16249.pkl,val
16250.pkl,train
16251.pkl,val
16252.pkl,val
16253.pkl,val
16254.pkl,train
16255.pkl,train
16256.pkl,val
16257.pkl,train
16258.pkl,train
16259.pkl,val
16260.pkl,val
16261.pkl,train
16262.pkl,train
16263.pkl,val
16264.pkl,val
16265.pkl,val
16266.pkl,val
16267.pkl,val
16268.pkl,val
16269.pkl,val
16270.pkl,val
16271.pkl,val
16272.pkl,train
16273.pkl,val
16274.pkl,val
16275.pkl,val
16276.pkl,train
16277.pkl,train
16278.pkl,train
16279.pkl,train
16280.pkl,val
16281.pkl,val
16282.pkl,train
16283.pkl,train
16284.pkl,train
16285.pkl,train
16286.pkl,val
16287.pkl,train
16288.pkl,val
16289.pkl,val
16290.pkl,val
16291.pkl,train
16292.pkl,train
16293.pkl,val
16294.pkl,val
16295.pkl,val
16296.pkl,val
16297.pkl,val
16298.pkl,val
16299.pkl,val
16300.pkl,val
16301.pkl,val
16302.pkl,val
16303.pkl,val
16304.pkl,val
16305.pkl,val
16306.pkl,val
16307.pkl,train
16308.pkl,train
16309.pkl,train
16310.pkl,val
16311.pkl,train
16312.pkl,val
16313.pkl,train
16314.pkl,val
16315.pkl,val
16316.pkl,val
16317.pkl,train
16318.pkl,val
16319.pkl,val
16320.pkl,val
16321.pkl,val
16322.pkl,train
16323.pkl,train
16324.pkl,val
16325.pkl,val
16326.pkl,val
16327.pkl,val
16328.pkl,val
16329.pkl,train
16330.pkl,val
16331.pkl,val
16332.pkl,train
16333.pkl,train
16334.pkl,train
16335.pkl,train
16336.pkl,train
16337.pkl,val
16338.pkl,train
16339.pkl,train
16340.pkl,val
16341.pkl,train
16342.pkl,train
16343.pkl,train
16344.pkl,val
16345.pkl,train
16346.pkl,train
16347.pkl,train
16348.pkl,val
16349.pkl,val
16350.pkl,val
16351.pkl,train
16352.pkl,train
16353.pkl,val
16354.pkl,val
16355.pkl,train
16356.pkl,train
16357.pkl,train
16358.pkl,val
16359.pkl,train
16360.pkl,train
16361.pkl,train
16362.pkl,val
16363.pkl,train
16364.pkl,val
16365.pkl,train
16366.pkl,train
16367.pkl,val
16368.pkl,val
16369.pkl,val
16370.pkl,train
16371.pkl,val
16372.pkl,train
16373.pkl,val
16374.pkl,val
16375.pkl,train
16376.pkl,train
16377.pkl,val
16378.pkl,val
16379.pkl,val
16380.pkl,val
16381.pkl,val
16382.pkl,val
16383.pkl,val
16384.pkl,val
16385.pkl,val
16386.pkl,val
16387.pkl,train
16388.pkl,train
16389.pkl,val
16390.pkl,val
16391.pkl,train
16392.pkl,val
16393.pkl,val
16394.pkl,train
16395.pkl,train
16396.pkl,train
16397.pkl,val
16398.pkl,val
16399.pkl,train
16400.pkl,val
16401.pkl,train
16402.pkl,val
16403.pkl,val
16404.pkl,val
16405.pkl,train
16406.pkl,train
16407.pkl,train
16408.pkl,val
16409.pkl,val
16410.pkl,val
16411.pkl,train
16412.pkl,train
16413.pkl,train
16414.pkl,train
16415.pkl,val
16416.pkl,train
16417.pkl,val
16418.pkl,train
16419.pkl,val
16420.pkl,val
16421.pkl,train
16422.pkl,train
16423.pkl,val
16424.pkl,val
16425.pkl,val
16426.pkl,val
16427.pkl,val
16428.pkl,train
16429.pkl,val
16430.pkl,train
16431.pkl,train
16432.pkl,train
16433.pkl,train
16434.pkl,val
16435.pkl,train
16436.pkl,val
16437.pkl,train
16438.pkl,train
16439.pkl,train
16440.pkl,val
16441.pkl,train
16442.pkl,val
16443.pkl,train
16444.pkl,train
16445.pkl,train
16446.pkl,val
16447.pkl,val
16448.pkl,train
16449.pkl,train
16450.pkl,train
16451.pkl,train
16452.pkl,train
16453.pkl,train
16454.pkl,train
16455.pkl,train
16456.pkl,val
16457.pkl,val
16458.pkl,val
16459.pkl,train
16460.pkl,val
16461.pkl,val
16462.pkl,val
16463.pkl,val
16464.pkl,val
16465.pkl,val
16466.pkl,val
16467.pkl,val
16468.pkl,train
16469.pkl,train
16470.pkl,val
16471.pkl,val
16472.pkl,val
16473.pkl,val
16474.pkl,val
16475.pkl,val
16476.pkl,val
16477.pkl,val
16478.pkl,train
16479.pkl,train
16480.pkl,train
16481.pkl,train
16482.pkl,train
16483.pkl,train
16484.pkl,train
16485.pkl,train
16486.pkl,train
16487.pkl,val
16488.pkl,val
16489.pkl,train
16490.pkl,val
16491.pkl,val
16492.pkl,train
16493.pkl,val
16494.pkl,train
16495.pkl,val
16496.pkl,train
16497.pkl,val
16498.pkl,val
16499.pkl,train
16500.pkl,train
16501.pkl,train
16502.pkl,val
16503.pkl,train
16504.pkl,train
16505.pkl,val
16506.pkl,train
16507.pkl,train
16508.pkl,val
16509.pkl,val
16510.pkl,val
16511.pkl,val
16512.pkl,val
16513.pkl,val
16514.pkl,val
16515.pkl,val
16516.pkl,val
16517.pkl,val
16518.pkl,val
16519.pkl,val
16520.pkl,val
16521.pkl,val
16522.pkl,val
16523.pkl,train
16524.pkl,val
16525.pkl,val
16526.pkl,val
16527.pkl,train
16528.pkl,train
16529.pkl,train
16530.pkl,train
16531.pkl,train
16532.pkl,val
16533.pkl,train
16534.pkl,val
16535.pkl,val
16536.pkl,val
16537.pkl,train
16538.pkl,train
16539.pkl,train
16540.pkl,val
16541.pkl,val
16542.pkl,val
16543.pkl,train
16544.pkl,train
16545.pkl,train
16546.pkl,val
16547.pkl,val
16548.pkl,train
16549.pkl,val
16550.pkl,val
16551.pkl,train
16552.pkl,val
16553.pkl,train
16554.pkl,train
16555.pkl,val
16556.pkl,val
16557.pkl,train
16558.pkl,train
16559.pkl,val
16560.pkl,train
16561.pkl,val
16562.pkl,train
16563.pkl,val
16564.pkl,train
16565.pkl,val
16566.pkl,val
16567.pkl,train
16568.pkl,val
16569.pkl,val
16570.pkl,train
16571.pkl,train
16572.pkl,val
16573.pkl,val
16574.pkl,train
16575.pkl,val
16576.pkl,val
16577.pkl,train
16578.pkl,train
16579.pkl,val
16580.pkl,train
16581.pkl,val
16582.pkl,train
16583.pkl,val
16584.pkl,val
16585.pkl,train
16586.pkl,train
16587.pkl,val
16588.pkl,train
16589.pkl,train
16590.pkl,train
16591.pkl,train
16592.pkl,train
16593.pkl,val
16594.pkl,val
16595.pkl,train
16596.pkl,train
16597.pkl,train
16598.pkl,val
16599.pkl,train
16600.pkl,train
16601.pkl,val
16602.pkl,val
16603.pkl,val
16604.pkl,train
16605.pkl,val
16606.pkl,train
16607.pkl,train
16608.pkl,val
16609.pkl,val
16610.pkl,train
16611.pkl,val
16612.pkl,train
16613.pkl,val
16614.pkl,val
16615.pkl,val
16616.pkl,train
16617.pkl,val
16618.pkl,train
16619.pkl,train
16620.pkl,val
16621.pkl,val
16622.pkl,val
16623.pkl,val
16624.pkl,val
16625.pkl,train
16626.pkl,train
16627.pkl,train
16628.pkl,train
16629.pkl,val
16630.pkl,val
16631.pkl,val
16632.pkl,val
16633.pkl,train
16634.pkl,train
16635.pkl,train
16636.pkl,train
16637.pkl,train
16638.pkl,train
16639.pkl,val
16640.pkl,train
16641.pkl,train
16642.pkl,train
16643.pkl,val
16644.pkl,val
16645.pkl,train
16646.pkl,train
16647.pkl,val
16648.pkl,val
16649.pkl,val
16650.pkl,train
16651.pkl,val
16652.pkl,val
16653.pkl,train
16654.pkl,train
16655.pkl,val
16656.pkl,train
16657.pkl,val
16658.pkl,train
16659.pkl,train
16660.pkl,val
16661.pkl,train
16662.pkl,train
16663.pkl,train
16664.pkl,val
16665.pkl,val
16666.pkl,val
16667.pkl,train
16668.pkl,val
16669.pkl,train
16670.pkl,train
16671.pkl,val
16672.pkl,train
16673.pkl,val
16674.pkl,train
16675.pkl,train
16676.pkl,val
16677.pkl,train
16678.pkl,val
16679.pkl,val
16680.pkl,val
16681.pkl,train
16682.pkl,val
16683.pkl,val
16684.pkl,train
16685.pkl,train
16686.pkl,train
16687.pkl,train
16688.pkl,train
16689.pkl,val
16690.pkl,train
16691.pkl,val
16692.pkl,train
16693.pkl,val
16694.pkl,val
16695.pkl,val
16696.pkl,val
16697.pkl,train
16698.pkl,train
16699.pkl,val
16700.pkl,val
16701.pkl,train
16702.pkl,val
16703.pkl,train
16704.pkl,val
16705.pkl,train
16706.pkl,val
16707.pkl,val
16708.pkl,train
16709.pkl,val
16710.pkl,train
16711.pkl,val
16712.pkl,val
16713.pkl,train
16714.pkl,train
16715.pkl,train
16716.pkl,train
16717.pkl,train
16718.pkl,val
16719.pkl,val
16720.pkl,val
16721.pkl,val
16722.pkl,val
16723.pkl,train
16724.pkl,train
16725.pkl,train
16726.pkl,train
16727.pkl,val
16728.pkl,val
16729.pkl,val
16730.pkl,val
16731.pkl,train
16732.pkl,val
16733.pkl,val
16734.pkl,val
16735.pkl,val
16736.pkl,train
16737.pkl,train
16738.pkl,train
16739.pkl,train
16740.pkl,train
16741.pkl,val
16742.pkl,train
16743.pkl,train
16744.pkl,train
16745.pkl,val
16746.pkl,val
16747.pkl,val
16748.pkl,val
16749.pkl,train
16750.pkl,val
16751.pkl,train
16752.pkl,train
16753.pkl,train
16754.pkl,train
16755.pkl,train
16756.pkl,val
16757.pkl,val
16758.pkl,train
16759.pkl,val
16760.pkl,train
16761.pkl,train
16762.pkl,val
16763.pkl,val
16764.pkl,train
16765.pkl,train
16766.pkl,val
16767.pkl,train
16768.pkl,train
16769.pkl,train
16770.pkl,val
16771.pkl,train
16772.pkl,val
16773.pkl,val
16774.pkl,train
16775.pkl,val
16776.pkl,val
16777.pkl,train
16778.pkl,val
16779.pkl,val
16780.pkl,train
16781.pkl,val
16782.pkl,train
16783.pkl,train
16784.pkl,train
16785.pkl,train
16786.pkl,train
16787.pkl,train
16788.pkl,train
16789.pkl,train
16790.pkl,train
16791.pkl,train
16792.pkl,val
16793.pkl,val
16794.pkl,train
16795.pkl,val
16796.pkl,train
16797.pkl,train
16798.pkl,val
16799.pkl,train
16800.pkl,train
16801.pkl,train
16802.pkl,train
16803.pkl,train
16804.pkl,train
16805.pkl,val
16806.pkl,val
16807.pkl,val
16808.pkl,train
16809.pkl,val
16810.pkl,train
16811.pkl,train
16812.pkl,train
16813.pkl,train
16814.pkl,train
16815.pkl,val
16816.pkl,train
16817.pkl,train
16818.pkl,train
16819.pkl,train
16820.pkl,val
16821.pkl,val
16822.pkl,train
16823.pkl,train
16824.pkl,train
16825.pkl,train
16826.pkl,val
16827.pkl,val
16828.pkl,train
16829.pkl,train
16830.pkl,train
16831.pkl,train
16832.pkl,val
16833.pkl,val
16834.pkl,train
16835.pkl,train
16836.pkl,train
16837.pkl,train
16838.pkl,val
16839.pkl,val
16840.pkl,val
16841.pkl,train
16842.pkl,train
16843.pkl,train
16844.pkl,train
16845.pkl,train
16846.pkl,train
16847.pkl,train
16848.pkl,val
16849.pkl,train
16850.pkl,train
16851.pkl,train
16852.pkl,train
16853.pkl,train
16854.pkl,val
16855.pkl,train
16856.pkl,val
16857.pkl,train
16858.pkl,train
16859.pkl,train
16860.pkl,val
16861.pkl,val
16862.pkl,val
16863.pkl,train
16864.pkl,val
16865.pkl,val
16866.pkl,train
16867.pkl,val
16868.pkl,val
16869.pkl,train
16870.pkl,train
16871.pkl,val
16872.pkl,train
16873.pkl,train
16874.pkl,train
16875.pkl,train
16876.pkl,train
16877.pkl,val
16878.pkl,train
16879.pkl,train
16880.pkl,train
16881.pkl,train
16882.pkl,train
16883.pkl,val
16884.pkl,val
16885.pkl,train
16886.pkl,train
16887.pkl,val
16888.pkl,val
16889.pkl,val
16890.pkl,train
16891.pkl,train
16892.pkl,train
16893.pkl,val
16894.pkl,train
16895.pkl,val
16896.pkl,val
16897.pkl,val
16898.pkl,train
16899.pkl,train
16900.pkl,val
16901.pkl,train
16902.pkl,val
16903.pkl,val
16904.pkl,val
16905.pkl,train
16906.pkl,train
16907.pkl,train
16908.pkl,val
16909.pkl,train
16910.pkl,train
16911.pkl,val
16912.pkl,train
16913.pkl,val
16914.pkl,val
16915.pkl,train
16916.pkl,train
16917.pkl,train
16918.pkl,train
16919.pkl,train
16920.pkl,val
16921.pkl,train
16922.pkl,val
16923.pkl,val
16924.pkl,train
16925.pkl,val
16926.pkl,val
16927.pkl,train
16928.pkl,val
16929.pkl,train
16930.pkl,train
16931.pkl,val
16932.pkl,train
16933.pkl,train
16934.pkl,val
16935.pkl,val
16936.pkl,train
16937.pkl,train
16938.pkl,train
16939.pkl,val
16940.pkl,train
16941.pkl,val
16942.pkl,train
16943.pkl,val
16944.pkl,train
16945.pkl,train
16946.pkl,train
16947.pkl,train
16948.pkl,train
16949.pkl,train
16950.pkl,val
16951.pkl,val
16952.pkl,train
16953.pkl,val
16954.pkl,val
16955.pkl,train
16956.pkl,val
16957.pkl,train
16958.pkl,train
16959.pkl,train
16960.pkl,train
16961.pkl,train
16962.pkl,val
16963.pkl,train
16964.pkl,val
16965.pkl,train
16966.pkl,train
16967.pkl,train
16968.pkl,train
16969.pkl,train
16970.pkl,val
16971.pkl,train
16972.pkl,train
16973.pkl,val
16974.pkl,train
16975.pkl,val
16976.pkl,train
16977.pkl,val
16978.pkl,train
16979.pkl,val
16980.pkl,train
16981.pkl,train
16982.pkl,train
16983.pkl,train
16984.pkl,val
16985.pkl,train
16986.pkl,val
16987.pkl,train
16988.pkl,val
16989.pkl,train
16990.pkl,val
16991.pkl,train
16992.pkl,val
16993.pkl,train
16994.pkl,val
16995.pkl,train
16996.pkl,val
16997.pkl,val
16998.pkl,val
16999.pkl,train
17000.pkl,train
17001.pkl,val
17002.pkl,train
17003.pkl,val
17004.pkl,train
17005.pkl,train
17006.pkl,val
17007.pkl,train
17008.pkl,train
17009.pkl,val
17010.pkl,train
17011.pkl,train
17012.pkl,train
17013.pkl,train
17014.pkl,val
17015.pkl,val
17016.pkl,val
17017.pkl,val
17018.pkl,val
17019.pkl,val
17020.pkl,train
17021.pkl,train
17022.pkl,train
17023.pkl,val
17024.pkl,val
17025.pkl,train
17026.pkl,val
17027.pkl,train
17028.pkl,train
17029.pkl,train
17030.pkl,val
17031.pkl,val
17032.pkl,train
17033.pkl,val
17034.pkl,train
17035.pkl,train
17036.pkl,val
17037.pkl,train
17038.pkl,val
17039.pkl,val
17040.pkl,train
17041.pkl,val
17042.pkl,val
17043.pkl,train
17044.pkl,train
17045.pkl,val
17046.pkl,train
17047.pkl,train
17048.pkl,train
17049.pkl,val
17050.pkl,val
17051.pkl,train
17052.pkl,train
17053.pkl,train
17054.pkl,val
17055.pkl,train
17056.pkl,train
17057.pkl,val
17058.pkl,val
17059.pkl,train
17060.pkl,train
17061.pkl,val
17062.pkl,train
17063.pkl,train
17064.pkl,val
17065.pkl,val
17066.pkl,val
17067.pkl,train
17068.pkl,val
17069.pkl,train
17070.pkl,val
17071.pkl,train
17072.pkl,val
17073.pkl,train
17074.pkl,train
17075.pkl,val
17076.pkl,val
17077.pkl,val
17078.pkl,train
17079.pkl,val
17080.pkl,train
17081.pkl,train
17082.pkl,train
17083.pkl,val
17084.pkl,train
17085.pkl,val
17086.pkl,val
17087.pkl,val
17088.pkl,val
17089.pkl,val
17090.pkl,val
17091.pkl,train
17092.pkl,val
17093.pkl,train
17094.pkl,val
17095.pkl,train
17096.pkl,train
17097.pkl,val
17098.pkl,train
17099.pkl,train
17100.pkl,train
17101.pkl,train
17102.pkl,val
17103.pkl,val
17104.pkl,val
17105.pkl,train
17106.pkl,val
17107.pkl,val
17108.pkl,val
17109.pkl,train
17110.pkl,val
17111.pkl,val
17112.pkl,train
17113.pkl,val
17114.pkl,val
17115.pkl,train
17116.pkl,train
17117.pkl,val
17118.pkl,val
17119.pkl,val
17120.pkl,train
17121.pkl,val
17122.pkl,train
17123.pkl,val
17124.pkl,val
17125.pkl,train
17126.pkl,val
17127.pkl,val
17128.pkl,val
17129.pkl,train
17130.pkl,train
17131.pkl,train
17132.pkl,train
17133.pkl,train
17134.pkl,train
17135.pkl,train
17136.pkl,train
17137.pkl,val
17138.pkl,train
17139.pkl,train
17140.pkl,val
17141.pkl,val
17142.pkl,train
17143.pkl,val
17144.pkl,val
17145.pkl,val
17146.pkl,train
17147.pkl,val
17148.pkl,val
17149.pkl,val
17150.pkl,val
17151.pkl,val
17152.pkl,val
17153.pkl,train
17154.pkl,train
17155.pkl,val
17156.pkl,val
17157.pkl,val
17158.pkl,val
17159.pkl,train
17160.pkl,train
17161.pkl,train
17162.pkl,train
17163.pkl,val
17164.pkl,train
17165.pkl,train
17166.pkl,val
17167.pkl,val
17168.pkl,train
17169.pkl,train
17170.pkl,val
17171.pkl,train
17172.pkl,train
17173.pkl,train
17174.pkl,train
17175.pkl,train
17176.pkl,train
17177.pkl,train
17178.pkl,train
17179.pkl,val
17180.pkl,train
17181.pkl,val
17182.pkl,val
17183.pkl,train
17184.pkl,val
17185.pkl,train
17186.pkl,train
17187.pkl,train
17188.pkl,train
17189.pkl,train
17190.pkl,train
17191.pkl,train
17192.pkl,train
17193.pkl,val
17194.pkl,train
17195.pkl,train
17196.pkl,val
17197.pkl,val
17198.pkl,train
17199.pkl,val
17200.pkl,val
17201.pkl,val
17202.pkl,train
17203.pkl,val
17204.pkl,train
17205.pkl,val
17206.pkl,val
17207.pkl,train
17208.pkl,train
17209.pkl,train
17210.pkl,train
17211.pkl,val
17212.pkl,train
17213.pkl,val
17214.pkl,val
17215.pkl,val
17216.pkl,train
17217.pkl,val
17218.pkl,train
17219.pkl,val
17220.pkl,val
17221.pkl,val
17222.pkl,val
17223.pkl,val
17224.pkl,val
17225.pkl,train
17226.pkl,val
17227.pkl,val
17228.pkl,train
17229.pkl,train
17230.pkl,val
17231.pkl,val
17232.pkl,val
17233.pkl,train
17234.pkl,val
17235.pkl,val
17236.pkl,val
17237.pkl,train
17238.pkl,train
17239.pkl,val
17240.pkl,val
17241.pkl,val
17242.pkl,train
17243.pkl,val
17244.pkl,train
17245.pkl,train
17246.pkl,train
17247.pkl,val
17248.pkl,train
17249.pkl,train
17250.pkl,val
17251.pkl,val
17252.pkl,train
17253.pkl,val
17254.pkl,train
17255.pkl,val
17256.pkl,val
17257.pkl,train
17258.pkl,val
17259.pkl,train
17260.pkl,val
17261.pkl,val
17262.pkl,val
17263.pkl,val
17264.pkl,train
17265.pkl,train
17266.pkl,train
17267.pkl,val
17268.pkl,val
17269.pkl,train
17270.pkl,val
17271.pkl,val
17272.pkl,val
17273.pkl,train
17274.pkl,train
17275.pkl,train
17276.pkl,train
17277.pkl,train
17278.pkl,val
17279.pkl,val
17280.pkl,train
17281.pkl,val
17282.pkl,val
17283.pkl,val
17284.pkl,train
17285.pkl,val
17286.pkl,train
17287.pkl,val
17288.pkl,val
17289.pkl,val
17290.pkl,val
17291.pkl,train
17292.pkl,train
17293.pkl,train
17294.pkl,val
17295.pkl,val
17296.pkl,train
17297.pkl,val
17298.pkl,train
17299.pkl,train
17300.pkl,val
17301.pkl,train
17302.pkl,train
17303.pkl,train
17304.pkl,val
17305.pkl,train
17306.pkl,val
17307.pkl,train
17308.pkl,val
17309.pkl,val
17310.pkl,val
17311.pkl,train
17312.pkl,train
17313.pkl,val
17314.pkl,val
17315.pkl,train
17316.pkl,train
17317.pkl,val
17318.pkl,train
17319.pkl,val
17320.pkl,val
17321.pkl,train
17322.pkl,train
17323.pkl,val
17324.pkl,val
17325.pkl,val
17326.pkl,train
17327.pkl,val
17328.pkl,val
17329.pkl,val
17330.pkl,train
17331.pkl,val
17332.pkl,val
17333.pkl,train
17334.pkl,val
17335.pkl,val
17336.pkl,train
17337.pkl,val
17338.pkl,val
17339.pkl,train
17340.pkl,val
17341.pkl,train
17342.pkl,train
17343.pkl,val
17344.pkl,val
17345.pkl,val
17346.pkl,val
17347.pkl,val
17348.pkl,train
17349.pkl,val
17350.pkl,val
17351.pkl,train
17352.pkl,val
17353.pkl,train
17354.pkl,train
17355.pkl,val
17356.pkl,train
17357.pkl,train
17358.pkl,train
17359.pkl,val
17360.pkl,train
17361.pkl,val
17362.pkl,val
17363.pkl,train
17364.pkl,train
17365.pkl,train
17366.pkl,val
17367.pkl,val
17368.pkl,val
17369.pkl,val
17370.pkl,val
17371.pkl,val
17372.pkl,train
17373.pkl,train
17374.pkl,train
17375.pkl,val
17376.pkl,train
17377.pkl,val
17378.pkl,val
17379.pkl,train
17380.pkl,val
17381.pkl,train
17382.pkl,train
17383.pkl,train
17384.pkl,val
17385.pkl,val
17386.pkl,train
17387.pkl,val
17388.pkl,train
17389.pkl,train
17390.pkl,train
17391.pkl,val
17392.pkl,train
17393.pkl,val
17394.pkl,val
17395.pkl,val
17396.pkl,train
17397.pkl,val
17398.pkl,train
17399.pkl,train
17400.pkl,val
17401.pkl,val
17402.pkl,train
17403.pkl,val
17404.pkl,val
17405.pkl,train
17406.pkl,val
17407.pkl,val
17408.pkl,val
17409.pkl,val
17410.pkl,train
17411.pkl,train
17412.pkl,val
17413.pkl,train
17414.pkl,train
17415.pkl,train
17416.pkl,val
17417.pkl,val
17418.pkl,val
17419.pkl,val
17420.pkl,val
17421.pkl,val
17422.pkl,train
17423.pkl,train
17424.pkl,train
17425.pkl,val
17426.pkl,train
17427.pkl,val
17428.pkl,train
17429.pkl,val
17430.pkl,val
17431.pkl,train
17432.pkl,val
17433.pkl,val
17434.pkl,train
17435.pkl,val
17436.pkl,train
17437.pkl,val
17438.pkl,train
17439.pkl,train
17440.pkl,train
17441.pkl,val
17442.pkl,train
17443.pkl,val
17444.pkl,val
17445.pkl,val
17446.pkl,train
17447.pkl,train
17448.pkl,train
17449.pkl,val
17450.pkl,val
17451.pkl,train
17452.pkl,train
17453.pkl,val
17454.pkl,train
17455.pkl,train
17456.pkl,train
17457.pkl,train
17458.pkl,val
17459.pkl,train
17460.pkl,train
17461.pkl,val
17462.pkl,train
17463.pkl,train
17464.pkl,train
17465.pkl,val
17466.pkl,val
17467.pkl,val
17468.pkl,val
17469.pkl,train
17470.pkl,train
17471.pkl,train
17472.pkl,val
17473.pkl,val
17474.pkl,val
17475.pkl,train
17476.pkl,val
17477.pkl,train
17478.pkl,train
17479.pkl,val
17480.pkl,val
17481.pkl,train
17482.pkl,val
17483.pkl,val
17484.pkl,val
17485.pkl,val
17486.pkl,val
17487.pkl,train
17488.pkl,val
17489.pkl,val
17490.pkl,val
17491.pkl,train
17492.pkl,train
17493.pkl,val
17494.pkl,train
17495.pkl,train
17496.pkl,val
17497.pkl,val
17498.pkl,train
17499.pkl,train
17500.pkl,train
17501.pkl,val
17502.pkl,train
17503.pkl,val
17504.pkl,train
17505.pkl,val
17506.pkl,val
17507.pkl,train
17508.pkl,val
17509.pkl,val
17510.pkl,val
17511.pkl,train
17512.pkl,val
17513.pkl,val
17514.pkl,train
17515.pkl,train
17516.pkl,val
17517.pkl,train
17518.pkl,train
17519.pkl,val
17520.pkl,val
17521.pkl,val
17522.pkl,val
17523.pkl,train
17524.pkl,train
17525.pkl,train
17526.pkl,train
17527.pkl,val
17528.pkl,val
17529.pkl,val
17530.pkl,val
17531.pkl,val
17532.pkl,train
17533.pkl,val
17534.pkl,train
17535.pkl,train
17536.pkl,val
17537.pkl,train
17538.pkl,val
17539.pkl,train
17540.pkl,train
17541.pkl,val
17542.pkl,val
17543.pkl,train
17544.pkl,val
17545.pkl,train
17546.pkl,val
17547.pkl,train
17548.pkl,train
17549.pkl,train
17550.pkl,val
17551.pkl,val
17552.pkl,train
17553.pkl,val
17554.pkl,train
17555.pkl,train
17556.pkl,val
17557.pkl,train
17558.pkl,val
17559.pkl,val
17560.pkl,train
17561.pkl,val
17562.pkl,train
17563.pkl,train
17564.pkl,train
17565.pkl,val
17566.pkl,val
17567.pkl,train
17568.pkl,train
17569.pkl,train
17570.pkl,train
17571.pkl,train
17572.pkl,train
17573.pkl,val
17574.pkl,train
17575.pkl,val
17576.pkl,train
17577.pkl,val
17578.pkl,train
17579.pkl,train
17580.pkl,val
17581.pkl,val
17582.pkl,val
17583.pkl,val
17584.pkl,val
17585.pkl,val
17586.pkl,val
17587.pkl,train
17588.pkl,train
17589.pkl,val
17590.pkl,val
17591.pkl,val
17592.pkl,train
17593.pkl,val
17594.pkl,train
17595.pkl,val
17596.pkl,train
17597.pkl,val
17598.pkl,val
17599.pkl,train
17600.pkl,val
17601.pkl,val
17602.pkl,train
17603.pkl,train
17604.pkl,val
17605.pkl,train
17606.pkl,train
17607.pkl,val
17608.pkl,train
17609.pkl,val
17610.pkl,val
17611.pkl,train
17612.pkl,val
17613.pkl,val
17614.pkl,train
17615.pkl,val
17616.pkl,train
17617.pkl,val
17618.pkl,train
17619.pkl,train
17620.pkl,val
17621.pkl,train
17622.pkl,train
17623.pkl,val
17624.pkl,train
17625.pkl,val
17626.pkl,train
17627.pkl,train
17628.pkl,train
17629.pkl,train
17630.pkl,val
17631.pkl,train
17632.pkl,val
17633.pkl,train
17634.pkl,val
17635.pkl,val
17636.pkl,val
17637.pkl,val
17638.pkl,train
17639.pkl,val
17640.pkl,val
17641.pkl,val
17642.pkl,train
17643.pkl,train
17644.pkl,val
17645.pkl,val
17646.pkl,train
17647.pkl,train
17648.pkl,val
17649.pkl,train
17650.pkl,val
17651.pkl,train
17652.pkl,val
17653.pkl,train
17654.pkl,val
17655.pkl,val
17656.pkl,val
17657.pkl,train
17658.pkl,train
17659.pkl,train
17660.pkl,val
17661.pkl,train
17662.pkl,val
17663.pkl,train
17664.pkl,val
17665.pkl,val
17666.pkl,train
17667.pkl,train
17668.pkl,train
17669.pkl,val
17670.pkl,train
17671.pkl,val
17672.pkl,train
17673.pkl,train
17674.pkl,val
17675.pkl,train
17676.pkl,val
17677.pkl,train
17678.pkl,train
17679.pkl,val
17680.pkl,val
17681.pkl,train
17682.pkl,val
17683.pkl,train
17684.pkl,val
17685.pkl,val
17686.pkl,train
17687.pkl,train
17688.pkl,val
17689.pkl,val
17690.pkl,val
17691.pkl,val
17692.pkl,val
17693.pkl,val
17694.pkl,val
17695.pkl,train
17696.pkl,val
17697.pkl,train
17698.pkl,val
17699.pkl,val
17700.pkl,val
17701.pkl,train
17702.pkl,val
17703.pkl,train
17704.pkl,val
17705.pkl,val
17706.pkl,val
17707.pkl,train
17708.pkl,train
17709.pkl,val
17710.pkl,val
17711.pkl,train
17712.pkl,val
17713.pkl,val
17714.pkl,val
17715.pkl,train
17716.pkl,val
17717.pkl,train
17718.pkl,train
17719.pkl,train
17720.pkl,train
17721.pkl,val
17722.pkl,val
17723.pkl,val
17724.pkl,val
17725.pkl,train
17726.pkl,train
17727.pkl,train
17728.pkl,val
17729.pkl,train
17730.pkl,train
17731.pkl,train
17732.pkl,train
17733.pkl,val
17734.pkl,train
17735.pkl,train
17736.pkl,train
17737.pkl,train
17738.pkl,val
17739.pkl,val
17740.pkl,train
17741.pkl,train
17742.pkl,train
17743.pkl,val
17744.pkl,train
17745.pkl,train
17746.pkl,train
17747.pkl,train
17748.pkl,train
17749.pkl,train
17750.pkl,val
17751.pkl,val
17752.pkl,val
17753.pkl,val
17754.pkl,val
17755.pkl,train
17756.pkl,val
17757.pkl,train
17758.pkl,train
17759.pkl,train
17760.pkl,train
17761.pkl,train
17762.pkl,train
17763.pkl,val
17764.pkl,train
17765.pkl,val
17766.pkl,val
17767.pkl,val
17768.pkl,val
17769.pkl,train
17770.pkl,train
17771.pkl,val
17772.pkl,train
17773.pkl,train
17774.pkl,train
17775.pkl,train
17776.pkl,val
17777.pkl,val
17778.pkl,val
17779.pkl,train
17780.pkl,val
17781.pkl,train
17782.pkl,train
17783.pkl,train
17784.pkl,val
17785.pkl,train
17786.pkl,train
17787.pkl,train
17788.pkl,train
17789.pkl,val
17790.pkl,val
17791.pkl,val
17792.pkl,val
17793.pkl,train
17794.pkl,train
17795.pkl,train
17796.pkl,val
17797.pkl,train
17798.pkl,train
17799.pkl,val
17800.pkl,val
17801.pkl,train
17802.pkl,train
17803.pkl,val
17804.pkl,val
17805.pkl,train
17806.pkl,train
17807.pkl,val
17808.pkl,train
17809.pkl,train
17810.pkl,train
17811.pkl,train
17812.pkl,train
17813.pkl,val
17814.pkl,val
17815.pkl,train
17816.pkl,val
17817.pkl,train
17818.pkl,train
17819.pkl,val
17820.pkl,train
17821.pkl,val
17822.pkl,val
17823.pkl,val
17824.pkl,val
17825.pkl,val
17826.pkl,train
17827.pkl,train
17828.pkl,train
17829.pkl,train
17830.pkl,train
17831.pkl,train
17832.pkl,val
17833.pkl,train
17834.pkl,val
17835.pkl,train
17836.pkl,train
17837.pkl,val
17838.pkl,val
17839.pkl,train
17840.pkl,train
17841.pkl,val
17842.pkl,train
17843.pkl,val
17844.pkl,val
17845.pkl,train
17846.pkl,train
17847.pkl,val
17848.pkl,val
17849.pkl,train
17850.pkl,train
17851.pkl,val
17852.pkl,val
17853.pkl,train
17854.pkl,train
17855.pkl,val
17856.pkl,val
17857.pkl,train
17858.pkl,train
17859.pkl,train
17860.pkl,val
17861.pkl,train
17862.pkl,train
17863.pkl,train
17864.pkl,val
17865.pkl,train
17866.pkl,val
17867.pkl,train
17868.pkl,val
17869.pkl,val
17870.pkl,val
17871.pkl,train
17872.pkl,val
17873.pkl,train
17874.pkl,train
17875.pkl,val
17876.pkl,train
17877.pkl,val
17878.pkl,val
17879.pkl,val
17880.pkl,val
17881.pkl,train
17882.pkl,train
17883.pkl,train
17884.pkl,val
17885.pkl,train
17886.pkl,train
17887.pkl,val
17888.pkl,train
17889.pkl,val
17890.pkl,train
17891.pkl,val
17892.pkl,val
17893.pkl,val
17894.pkl,train
17895.pkl,val
17896.pkl,val
17897.pkl,train
17898.pkl,train
17899.pkl,train
17900.pkl,val
17901.pkl,train
17902.pkl,val
17903.pkl,val
17904.pkl,val
17905.pkl,val
17906.pkl,train
17907.pkl,val
17908.pkl,train
17909.pkl,val
17910.pkl,train
17911.pkl,val
17912.pkl,val
17913.pkl,train
17914.pkl,val
17915.pkl,val
17916.pkl,train
17917.pkl,train
17918.pkl,train
17919.pkl,val
17920.pkl,val
17921.pkl,val
17922.pkl,train
17923.pkl,val
17924.pkl,train
17925.pkl,val
17926.pkl,train
17927.pkl,val
17928.pkl,train
17929.pkl,val
17930.pkl,val
17931.pkl,train
17932.pkl,val
17933.pkl,val
17934.pkl,train
17935.pkl,val
17936.pkl,train
17937.pkl,train
17938.pkl,val
17939.pkl,train
17940.pkl,train
17941.pkl,val
17942.pkl,val
17943.pkl,val
17944.pkl,val
17945.pkl,train
17946.pkl,val
17947.pkl,val
17948.pkl,train
17949.pkl,val
17950.pkl,val
17951.pkl,val
17952.pkl,train
17953.pkl,train
17954.pkl,val
17955.pkl,val
17956.pkl,train
17957.pkl,train
17958.pkl,val
17959.pkl,val
17960.pkl,val
17961.pkl,train
17962.pkl,train
17963.pkl,train
17964.pkl,train
17965.pkl,train
17966.pkl,val
17967.pkl,train
17968.pkl,val
17969.pkl,val
17970.pkl,val
17971.pkl,train
17972.pkl,val
17973.pkl,train
17974.pkl,val
17975.pkl,train
17976.pkl,train
17977.pkl,val
17978.pkl,val
17979.pkl,train
17980.pkl,train
17981.pkl,train
17982.pkl,val
17983.pkl,train
17984.pkl,val
17985.pkl,train
17986.pkl,val
17987.pkl,val
17988.pkl,val
17989.pkl,train
17990.pkl,val
17991.pkl,train
17992.pkl,val
17993.pkl,val
17994.pkl,val
17995.pkl,train
17996.pkl,val
17997.pkl,train
17998.pkl,train
17999.pkl,train
18000.pkl,train
18001.pkl,val
18002.pkl,val
18003.pkl,val
18004.pkl,val
18005.pkl,val
18006.pkl,train
18007.pkl,val
18008.pkl,val
18009.pkl,val
18010.pkl,train
18011.pkl,train
18012.pkl,val
18013.pkl,train
18014.pkl,train
18015.pkl,val
18016.pkl,val
18017.pkl,train
18018.pkl,train
18019.pkl,val
18020.pkl,val
18021.pkl,val
18022.pkl,train
18023.pkl,val
18024.pkl,val
18025.pkl,train
18026.pkl,val
18027.pkl,val
18028.pkl,train
18029.pkl,val
18030.pkl,train
18031.pkl,train
18032.pkl,val
18033.pkl,train
18034.pkl,val
18035.pkl,train
18036.pkl,val
18037.pkl,train
18038.pkl,train
18039.pkl,val
18040.pkl,train
18041.pkl,val
18042.pkl,train
18043.pkl,val
18044.pkl,train
18045.pkl,train
18046.pkl,train
18047.pkl,val
18048.pkl,val
18049.pkl,val
18050.pkl,val
18051.pkl,val
18052.pkl,val
18053.pkl,val
18054.pkl,train
18055.pkl,train
18056.pkl,val
18057.pkl,val
18058.pkl,val
18059.pkl,val
18060.pkl,train
18061.pkl,train
18062.pkl,val
18063.pkl,train
18064.pkl,val
18065.pkl,train
18066.pkl,train
18067.pkl,train
18068.pkl,train
18069.pkl,train
18070.pkl,train
18071.pkl,val
18072.pkl,val
18073.pkl,val
18074.pkl,val
18075.pkl,train
18076.pkl,val
18077.pkl,train
18078.pkl,train
18079.pkl,val
18080.pkl,val
18081.pkl,val
18082.pkl,train
18083.pkl,val
18084.pkl,val
18085.pkl,val
18086.pkl,train
18087.pkl,train
18088.pkl,train
18089.pkl,train
18090.pkl,val
18091.pkl,train
18092.pkl,val
18093.pkl,val
18094.pkl,val
18095.pkl,val
18096.pkl,train
18097.pkl,val
18098.pkl,train
18099.pkl,val
18100.pkl,train
18101.pkl,val
18102.pkl,val
18103.pkl,val
18104.pkl,val
18105.pkl,val
18106.pkl,train
18107.pkl,train
18108.pkl,val
18109.pkl,train
18110.pkl,train
18111.pkl,val
18112.pkl,train
18113.pkl,val
18114.pkl,val
18115.pkl,val
18116.pkl,val
18117.pkl,val
18118.pkl,train
18119.pkl,val
18120.pkl,val
18121.pkl,val
18122.pkl,train
18123.pkl,val
18124.pkl,train
18125.pkl,val
18126.pkl,train
18127.pkl,train
18128.pkl,val
18129.pkl,val
18130.pkl,val
18131.pkl,val
18132.pkl,val
18133.pkl,val
18134.pkl,train
18135.pkl,val
18136.pkl,train
18137.pkl,val
18138.pkl,train
18139.pkl,train
18140.pkl,train
18141.pkl,train
18142.pkl,train
18143.pkl,val
18144.pkl,val
18145.pkl,val
18146.pkl,train
18147.pkl,val
18148.pkl,train
18149.pkl,train
18150.pkl,train
18151.pkl,val
18152.pkl,train
18153.pkl,val
18154.pkl,train
18155.pkl,train
18156.pkl,val
18157.pkl,train
18158.pkl,val
18159.pkl,val
18160.pkl,train
18161.pkl,train
18162.pkl,val
18163.pkl,train
18164.pkl,val
18165.pkl,val
18166.pkl,val
18167.pkl,val
18168.pkl,train
18169.pkl,val
18170.pkl,train
18171.pkl,val
18172.pkl,val
18173.pkl,val
18174.pkl,val
18175.pkl,train
18176.pkl,val
18177.pkl,train
18178.pkl,val
18179.pkl,val
18180.pkl,train
18181.pkl,val
18182.pkl,train
18183.pkl,train
18184.pkl,val
18185.pkl,train
18186.pkl,val
18187.pkl,train
18188.pkl,train
18189.pkl,train
18190.pkl,train
18191.pkl,train
18192.pkl,train
18193.pkl,val
18194.pkl,train
18195.pkl,val
18196.pkl,train
18197.pkl,val
18198.pkl,train
18199.pkl,train
18200.pkl,val
18201.pkl,val
18202.pkl,train
18203.pkl,val
18204.pkl,val
18205.pkl,train
18206.pkl,train
18207.pkl,train
18208.pkl,val
18209.pkl,val
18210.pkl,val
18211.pkl,train
18212.pkl,val
18213.pkl,train
18214.pkl,val
18215.pkl,train
18216.pkl,val
18217.pkl,val
18218.pkl,val
18219.pkl,val
18220.pkl,train
18221.pkl,train
18222.pkl,val
18223.pkl,train
18224.pkl,val
18225.pkl,train
18226.pkl,val
18227.pkl,val
18228.pkl,val
18229.pkl,val
18230.pkl,train
18231.pkl,val
18232.pkl,train
18233.pkl,val
18234.pkl,train
18235.pkl,val
18236.pkl,train
18237.pkl,train
18238.pkl,val
18239.pkl,val
18240.pkl,train
18241.pkl,val
18242.pkl,train
18243.pkl,val
18244.pkl,train
18245.pkl,val
18246.pkl,val
18247.pkl,train
18248.pkl,val
18249.pkl,train
18250.pkl,val
18251.pkl,train
18252.pkl,val
18253.pkl,val
18254.pkl,val
18255.pkl,val
18256.pkl,val
18257.pkl,train
18258.pkl,val
18259.pkl,train
18260.pkl,val
18261.pkl,train
18262.pkl,val
18263.pkl,train
18264.pkl,val
18265.pkl,train
18266.pkl,train
18267.pkl,val
18268.pkl,val
18269.pkl,train
18270.pkl,val
18271.pkl,train
18272.pkl,train
18273.pkl,train
18274.pkl,val
18275.pkl,train
18276.pkl,val
18277.pkl,val
18278.pkl,val
18279.pkl,val
18280.pkl,train
18281.pkl,val
18282.pkl,val
18283.pkl,val
18284.pkl,val
18285.pkl,val
18286.pkl,val
18287.pkl,train
18288.pkl,val
18289.pkl,train
18290.pkl,val
18291.pkl,val
18292.pkl,val
18293.pkl,val
18294.pkl,train
18295.pkl,val
18296.pkl,val
18297.pkl,train
18298.pkl,train
18299.pkl,train
18300.pkl,val
18301.pkl,train
18302.pkl,val
18303.pkl,train
18304.pkl,val
18305.pkl,val
18306.pkl,val
18307.pkl,train
18308.pkl,val
18309.pkl,train
18310.pkl,train
18311.pkl,train
18312.pkl,val
18313.pkl,train
18314.pkl,val
18315.pkl,val
18316.pkl,train
18317.pkl,train
18318.pkl,train
18319.pkl,val
18320.pkl,train
18321.pkl,train
18322.pkl,val
18323.pkl,val
18324.pkl,val
18325.pkl,val
18326.pkl,train
18327.pkl,val
18328.pkl,train
18329.pkl,val
18330.pkl,train
18331.pkl,val
18332.pkl,train
18333.pkl,val
18334.pkl,train
18335.pkl,val
18336.pkl,val
18337.pkl,train
18338.pkl,val
18339.pkl,train
18340.pkl,val
18341.pkl,train
18342.pkl,train
18343.pkl,train
18344.pkl,train
18345.pkl,train
18346.pkl,train
18347.pkl,train
18348.pkl,val
18349.pkl,val
18350.pkl,val
18351.pkl,train
18352.pkl,train
18353.pkl,train
18354.pkl,val
18355.pkl,train
18356.pkl,train
18357.pkl,val
18358.pkl,val
18359.pkl,val
18360.pkl,val
18361.pkl,train
18362.pkl,val
18363.pkl,val
18364.pkl,train
18365.pkl,train
18366.pkl,val
18367.pkl,val
18368.pkl,train
18369.pkl,val
18370.pkl,train
18371.pkl,val
18372.pkl,val
18373.pkl,val
18374.pkl,val
18375.pkl,train
18376.pkl,train
18377.pkl,val
18378.pkl,train
18379.pkl,train
18380.pkl,val
18381.pkl,train
18382.pkl,train
18383.pkl,train
18384.pkl,val
18385.pkl,val
18386.pkl,val
18387.pkl,train
18388.pkl,val
18389.pkl,val
18390.pkl,val
18391.pkl,train
18392.pkl,train
18393.pkl,val
18394.pkl,train
18395.pkl,val
18396.pkl,train
18397.pkl,train
18398.pkl,train
18399.pkl,val
18400.pkl,train
18401.pkl,val
18402.pkl,train
18403.pkl,val
18404.pkl,val
18405.pkl,val
18406.pkl,train
18407.pkl,train
18408.pkl,train
18409.pkl,train
18410.pkl,train
18411.pkl,val
18412.pkl,train
18413.pkl,val
18414.pkl,train
18415.pkl,val
18416.pkl,train
18417.pkl,train
18418.pkl,train
18419.pkl,train
18420.pkl,train
18421.pkl,val
18422.pkl,train
18423.pkl,train
18424.pkl,val
18425.pkl,train
18426.pkl,train
18427.pkl,train
18428.pkl,train
18429.pkl,val
18430.pkl,val
18431.pkl,train
18432.pkl,train
18433.pkl,train
18434.pkl,train
18435.pkl,train
18436.pkl,val
18437.pkl,train
18438.pkl,val
18439.pkl,train
18440.pkl,train
18441.pkl,val
18442.pkl,val
18443.pkl,train
18444.pkl,train
18445.pkl,val
18446.pkl,train
18447.pkl,train
18448.pkl,val
18449.pkl,val
18450.pkl,train
18451.pkl,val
18452.pkl,val
18453.pkl,train
18454.pkl,val
18455.pkl,val
18456.pkl,val
18457.pkl,val
18458.pkl,train
18459.pkl,train
18460.pkl,train
18461.pkl,val
18462.pkl,val
18463.pkl,val
18464.pkl,train
18465.pkl,val
18466.pkl,val
18467.pkl,val
18468.pkl,val
18469.pkl,train
18470.pkl,val
18471.pkl,val
18472.pkl,train
18473.pkl,train
18474.pkl,val
18475.pkl,train
18476.pkl,train
18477.pkl,train
18478.pkl,train
18479.pkl,train
18480.pkl,val
18481.pkl,train
18482.pkl,train
18483.pkl,train
18484.pkl,val
18485.pkl,train
18486.pkl,train
18487.pkl,train
18488.pkl,val
18489.pkl,train
18490.pkl,train
18491.pkl,val
18492.pkl,train
18493.pkl,val
18494.pkl,val
18495.pkl,val
18496.pkl,val
18497.pkl,train
18498.pkl,val
18499.pkl,val
18500.pkl,val
18501.pkl,val
18502.pkl,train
18503.pkl,train
18504.pkl,train
18505.pkl,val
18506.pkl,train
18507.pkl,val
18508.pkl,train
18509.pkl,train
18510.pkl,train
18511.pkl,val
18512.pkl,val
18513.pkl,train
18514.pkl,val
18515.pkl,val
18516.pkl,train
18517.pkl,val
18518.pkl,train
18519.pkl,train
18520.pkl,val
18521.pkl,train
18522.pkl,train
18523.pkl,val
18524.pkl,val
18525.pkl,val
18526.pkl,train
18527.pkl,val
18528.pkl,val
18529.pkl,train
18530.pkl,val
18531.pkl,train
18532.pkl,val
18533.pkl,train
18534.pkl,val
18535.pkl,val
18536.pkl,val
18537.pkl,train
18538.pkl,train
18539.pkl,val
18540.pkl,val
18541.pkl,val
18542.pkl,train
18543.pkl,val
18544.pkl,val
18545.pkl,train
18546.pkl,val
18547.pkl,val
18548.pkl,train
18549.pkl,val
18550.pkl,val
18551.pkl,train
18552.pkl,val
18553.pkl,train
18554.pkl,train
18555.pkl,val
18556.pkl,train
18557.pkl,train
18558.pkl,val
18559.pkl,val
18560.pkl,train
18561.pkl,val
18562.pkl,val
18563.pkl,train
18564.pkl,val
18565.pkl,train
18566.pkl,val
18567.pkl,train
18568.pkl,train
18569.pkl,train
18570.pkl,train
18571.pkl,train
18572.pkl,val
18573.pkl,train
18574.pkl,val
18575.pkl,val
18576.pkl,val
18577.pkl,train
18578.pkl,val
18579.pkl,train
18580.pkl,train
18581.pkl,train
18582.pkl,train
18583.pkl,val
18584.pkl,train
18585.pkl,val
18586.pkl,val
18587.pkl,val
18588.pkl,train
18589.pkl,val
18590.pkl,train
18591.pkl,train
18592.pkl,val
18593.pkl,train
18594.pkl,val
18595.pkl,train
18596.pkl,val
18597.pkl,train
18598.pkl,val
18599.pkl,train
18600.pkl,val
18601.pkl,train
18602.pkl,val
18603.pkl,train
18604.pkl,val
18605.pkl,val
18606.pkl,val
18607.pkl,val
18608.pkl,train
18609.pkl,train
18610.pkl,train
18611.pkl,train
18612.pkl,train
18613.pkl,val
18614.pkl,train
18615.pkl,val
18616.pkl,val
18617.pkl,train
18618.pkl,val
18619.pkl,val
18620.pkl,train
18621.pkl,val
18622.pkl,train
18623.pkl,val
18624.pkl,val
18625.pkl,train
18626.pkl,val
18627.pkl,val
18628.pkl,train
18629.pkl,train
18630.pkl,val
18631.pkl,train
18632.pkl,train
18633.pkl,val
18634.pkl,val
18635.pkl,train
18636.pkl,val
18637.pkl,val
18638.pkl,train
18639.pkl,val
18640.pkl,val
18641.pkl,val
18642.pkl,train
18643.pkl,val
18644.pkl,val
18645.pkl,train
18646.pkl,train
18647.pkl,val
18648.pkl,train
18649.pkl,val
18650.pkl,train
18651.pkl,train
18652.pkl,val
18653.pkl,train
18654.pkl,val
18655.pkl,train
18656.pkl,val
18657.pkl,train
18658.pkl,val
18659.pkl,train
18660.pkl,val
18661.pkl,train
18662.pkl,val
18663.pkl,train
18664.pkl,val
18665.pkl,val
18666.pkl,val
18667.pkl,train
18668.pkl,val
18669.pkl,train
18670.pkl,train
18671.pkl,val
18672.pkl,val
18673.pkl,val
18674.pkl,train
18675.pkl,val
18676.pkl,val
18677.pkl,train
18678.pkl,val
18679.pkl,val
18680.pkl,val
18681.pkl,val
18682.pkl,val
18683.pkl,val
18684.pkl,train
18685.pkl,train
18686.pkl,val
18687.pkl,val
18688.pkl,train
18689.pkl,train
18690.pkl,train
18691.pkl,val
18692.pkl,train
18693.pkl,val
18694.pkl,val
18695.pkl,train
18696.pkl,train
18697.pkl,train
18698.pkl,val
18699.pkl,train
18700.pkl,val
18701.pkl,train
18702.pkl,val
18703.pkl,train
18704.pkl,val
18705.pkl,train
18706.pkl,train
18707.pkl,val
18708.pkl,val
18709.pkl,val
18710.pkl,train
18711.pkl,val
18712.pkl,train
18713.pkl,val
18714.pkl,train
18715.pkl,val
18716.pkl,train
18717.pkl,train
18718.pkl,val
18719.pkl,val
18720.pkl,train
18721.pkl,train
18722.pkl,train
18723.pkl,train
18724.pkl,train
18725.pkl,val
18726.pkl,val
18727.pkl,val
18728.pkl,train
18729.pkl,train
18730.pkl,train
18731.pkl,train
18732.pkl,train
18733.pkl,val
18734.pkl,val
18735.pkl,train
18736.pkl,train
18737.pkl,val
18738.pkl,val
18739.pkl,val
18740.pkl,train
18741.pkl,train
18742.pkl,train
18743.pkl,val
18744.pkl,train
18745.pkl,train
18746.pkl,val
18747.pkl,train
18748.pkl,train
18749.pkl,val
18750.pkl,val
18751.pkl,train
18752.pkl,train
18753.pkl,train
18754.pkl,train
18755.pkl,train
18756.pkl,val
18757.pkl,val
18758.pkl,train
18759.pkl,train
18760.pkl,train
18761.pkl,val
18762.pkl,val
18763.pkl,train
18764.pkl,train
18765.pkl,train
18766.pkl,val
18767.pkl,train
18768.pkl,train
18769.pkl,train
18770.pkl,train
18771.pkl,val
18772.pkl,val
18773.pkl,val
18774.pkl,val
18775.pkl,val
18776.pkl,train
18777.pkl,val
18778.pkl,train
18779.pkl,train
18780.pkl,val
18781.pkl,train
18782.pkl,val
18783.pkl,val
18784.pkl,val
18785.pkl,train
18786.pkl,val
18787.pkl,train
18788.pkl,val
18789.pkl,val
18790.pkl,val
18791.pkl,train
18792.pkl,val
18793.pkl,val
18794.pkl,train
18795.pkl,train
18796.pkl,val
18797.pkl,val
18798.pkl,val
18799.pkl,val
18800.pkl,val
18801.pkl,val
18802.pkl,train
18803.pkl,val
18804.pkl,val
18805.pkl,val
18806.pkl,train
18807.pkl,val
18808.pkl,train
18809.pkl,val
18810.pkl,train
18811.pkl,val
18812.pkl,train
18813.pkl,val
18814.pkl,val
18815.pkl,train
18816.pkl,train
18817.pkl,train
18818.pkl,train
18819.pkl,val
18820.pkl,val
18821.pkl,val
18822.pkl,val
18823.pkl,train
18824.pkl,val
18825.pkl,train
18826.pkl,val
18827.pkl,val
18828.pkl,val
18829.pkl,train
18830.pkl,val
18831.pkl,train
18832.pkl,val
18833.pkl,val
18834.pkl,train
18835.pkl,train
18836.pkl,val
18837.pkl,train
18838.pkl,train
18839.pkl,train
18840.pkl,val
18841.pkl,train
18842.pkl,train
18843.pkl,train
18844.pkl,train
18845.pkl,val
18846.pkl,train
18847.pkl,train
18848.pkl,train
18849.pkl,val
18850.pkl,val
18851.pkl,train
18852.pkl,val
18853.pkl,val
18854.pkl,train
18855.pkl,train
18856.pkl,val
18857.pkl,train
18858.pkl,train
18859.pkl,train
18860.pkl,val
18861.pkl,val
18862.pkl,train
18863.pkl,val
18864.pkl,val
18865.pkl,train
18866.pkl,train
18867.pkl,train
18868.pkl,val
18869.pkl,train
18870.pkl,train
18871.pkl,val
18872.pkl,val
18873.pkl,val
18874.pkl,train
18875.pkl,val
18876.pkl,val
18877.pkl,train
18878.pkl,val
18879.pkl,train
18880.pkl,train
18881.pkl,val
18882.pkl,train
18883.pkl,val
18884.pkl,train
18885.pkl,train
18886.pkl,train
18887.pkl,train
18888.pkl,val
18889.pkl,train
18890.pkl,val
18891.pkl,val
18892.pkl,val
18893.pkl,train
18894.pkl,train
18895.pkl,train
18896.pkl,val
18897.pkl,train
18898.pkl,val
18899.pkl,train
18900.pkl,train
18901.pkl,val
18902.pkl,val
18903.pkl,train
18904.pkl,val
18905.pkl,val
18906.pkl,train
18907.pkl,train
18908.pkl,train
18909.pkl,train
18910.pkl,val
18911.pkl,val
18912.pkl,val
18913.pkl,val
18914.pkl,val
18915.pkl,val
18916.pkl,train
18917.pkl,train
18918.pkl,val
18919.pkl,val
18920.pkl,train
18921.pkl,val
18922.pkl,train
18923.pkl,train
18924.pkl,val
18925.pkl,val
18926.pkl,val
18927.pkl,val
18928.pkl,train
18929.pkl,val
18930.pkl,val
18931.pkl,train
18932.pkl,train
18933.pkl,train
18934.pkl,train
18935.pkl,train
18936.pkl,val
18937.pkl,train
18938.pkl,val
18939.pkl,train
18940.pkl,val
18941.pkl,train
18942.pkl,val
18943.pkl,val
18944.pkl,val
18945.pkl,val
18946.pkl,val
18947.pkl,train
18948.pkl,train
18949.pkl,val
18950.pkl,train
18951.pkl,train
18952.pkl,val
18953.pkl,val
18954.pkl,train
18955.pkl,train
18956.pkl,val
18957.pkl,val
18958.pkl,val
18959.pkl,val
18960.pkl,val
18961.pkl,val
18962.pkl,val
18963.pkl,val
18964.pkl,train
18965.pkl,val
18966.pkl,train
18967.pkl,train
18968.pkl,train
18969.pkl,val
18970.pkl,val
18971.pkl,train
18972.pkl,train
18973.pkl,val
18974.pkl,train
18975.pkl,train
18976.pkl,train
18977.pkl,train
18978.pkl,val
18979.pkl,train
18980.pkl,train
18981.pkl,val
18982.pkl,val
18983.pkl,val
18984.pkl,train
18985.pkl,val
18986.pkl,train
18987.pkl,train
18988.pkl,val
18989.pkl,train
18990.pkl,val
18991.pkl,val
18992.pkl,train
18993.pkl,val
18994.pkl,val
18995.pkl,val
18996.pkl,val
18997.pkl,train
18998.pkl,val
18999.pkl,val
19000.pkl,train
19001.pkl,train
19002.pkl,val
19003.pkl,train
19004.pkl,val
19005.pkl,train
19006.pkl,train
19007.pkl,val
19008.pkl,train
19009.pkl,val
19010.pkl,train
19011.pkl,train
19012.pkl,train
19013.pkl,val
19014.pkl,train
19015.pkl,train
19016.pkl,train
19017.pkl,val
19018.pkl,val
19019.pkl,val
19020.pkl,train
19021.pkl,train
19022.pkl,train
19023.pkl,train
19024.pkl,val
19025.pkl,val
19026.pkl,train
19027.pkl,train
19028.pkl,val
19029.pkl,val
19030.pkl,train
19031.pkl,val
19032.pkl,train
19033.pkl,train
19034.pkl,val
19035.pkl,val
19036.pkl,train
19037.pkl,val
19038.pkl,train
19039.pkl,train
19040.pkl,train
19041.pkl,train
19042.pkl,val
19043.pkl,val
19044.pkl,val
19045.pkl,val
19046.pkl,train
19047.pkl,train
19048.pkl,val
19049.pkl,val
19050.pkl,train
19051.pkl,val
19052.pkl,val
19053.pkl,train
19054.pkl,train
19055.pkl,val
19056.pkl,val
19057.pkl,val
19058.pkl,val
19059.pkl,val
19060.pkl,val
19061.pkl,train
19062.pkl,val
19063.pkl,train
19064.pkl,train
19065.pkl,val
19066.pkl,val
19067.pkl,val
19068.pkl,train
19069.pkl,val
19070.pkl,val
19071.pkl,val
19072.pkl,train
19073.pkl,train
19074.pkl,train
19075.pkl,val
19076.pkl,val
19077.pkl,val
19078.pkl,train
19079.pkl,train
19080.pkl,train
19081.pkl,train
19082.pkl,val
19083.pkl,train
19084.pkl,train
19085.pkl,val
19086.pkl,val
19087.pkl,val
19088.pkl,val
19089.pkl,train
19090.pkl,train
19091.pkl,train
19092.pkl,val
19093.pkl,train
19094.pkl,val
19095.pkl,val
19096.pkl,train
19097.pkl,train
19098.pkl,val
19099.pkl,val
19100.pkl,val
19101.pkl,val
19102.pkl,train
19103.pkl,val
19104.pkl,val
19105.pkl,train
19106.pkl,train
19107.pkl,train
19108.pkl,train
19109.pkl,val
19110.pkl,train
19111.pkl,val
19112.pkl,train
19113.pkl,val
19114.pkl,val
19115.pkl,val
19116.pkl,val
19117.pkl,train
19118.pkl,train
19119.pkl,train
19120.pkl,val
19121.pkl,train
19122.pkl,train
19123.pkl,val
19124.pkl,val
19125.pkl,train
19126.pkl,val
19127.pkl,val
19128.pkl,train
19129.pkl,val
19130.pkl,val
19131.pkl,train
19132.pkl,train
19133.pkl,train
19134.pkl,train
19135.pkl,val
19136.pkl,train
19137.pkl,train
19138.pkl,val
19139.pkl,train
19140.pkl,train
19141.pkl,train
19142.pkl,val
19143.pkl,train
19144.pkl,val
19145.pkl,val
19146.pkl,val
19147.pkl,val
19148.pkl,train
19149.pkl,train
19150.pkl,train
19151.pkl,val
19152.pkl,val
19153.pkl,val
19154.pkl,val
19155.pkl,train
19156.pkl,train
19157.pkl,val
19158.pkl,val
19159.pkl,val
19160.pkl,train
19161.pkl,train
19162.pkl,val
19163.pkl,val
19164.pkl,train
19165.pkl,val
19166.pkl,train
19167.pkl,val
19168.pkl,val
19169.pkl,train
19170.pkl,train
19171.pkl,val
19172.pkl,train
19173.pkl,train
19174.pkl,train
19175.pkl,val
19176.pkl,val
19177.pkl,train
19178.pkl,val
19179.pkl,train
19180.pkl,val
19181.pkl,val
19182.pkl,val
19183.pkl,train
19184.pkl,train
19185.pkl,val
19186.pkl,train
19187.pkl,train
19188.pkl,train
19189.pkl,val
19190.pkl,train
19191.pkl,val
19192.pkl,val
19193.pkl,train
19194.pkl,train
19195.pkl,train
19196.pkl,val
19197.pkl,train
19198.pkl,train
19199.pkl,val
19200.pkl,val
19201.pkl,train
19202.pkl,train
19203.pkl,train
19204.pkl,val
19205.pkl,train
19206.pkl,val
19207.pkl,val
19208.pkl,train
19209.pkl,train
19210.pkl,val
19211.pkl,train
19212.pkl,val
19213.pkl,val
19214.pkl,val
19215.pkl,train
19216.pkl,train
19217.pkl,val
19218.pkl,train
19219.pkl,train
19220.pkl,train
19221.pkl,train
19222.pkl,val
19223.pkl,train
19224.pkl,val
19225.pkl,train
19226.pkl,val
19227.pkl,val
19228.pkl,val
19229.pkl,train
19230.pkl,train
19231.pkl,val
19232.pkl,val
19233.pkl,val
19234.pkl,val
19235.pkl,train
19236.pkl,train
19237.pkl,val
19238.pkl,val
19239.pkl,val
19240.pkl,train
19241.pkl,train
19242.pkl,val
19243.pkl,train
19244.pkl,val
19245.pkl,train
19246.pkl,train
19247.pkl,val
19248.pkl,train
19249.pkl,train
19250.pkl,train
19251.pkl,train
19252.pkl,val
19253.pkl,val
19254.pkl,train
19255.pkl,val
19256.pkl,val
19257.pkl,train
19258.pkl,val
19259.pkl,val
19260.pkl,train
19261.pkl,val
19262.pkl,train
19263.pkl,train
19264.pkl,val
19265.pkl,train
19266.pkl,val
19267.pkl,val
19268.pkl,val
19269.pkl,train
19270.pkl,val
19271.pkl,val
19272.pkl,train
19273.pkl,train
19274.pkl,val
19275.pkl,train
19276.pkl,train
19277.pkl,val
19278.pkl,val
19279.pkl,val
19280.pkl,val
19281.pkl,train
19282.pkl,val
19283.pkl,val
19284.pkl,val
19285.pkl,train
19286.pkl,train
19287.pkl,train
19288.pkl,val
19289.pkl,train
19290.pkl,train
19291.pkl,train
19292.pkl,train
19293.pkl,train
19294.pkl,val
19295.pkl,val
19296.pkl,train
19297.pkl,val
19298.pkl,train
19299.pkl,val
19300.pkl,train
19301.pkl,val
19302.pkl,train
19303.pkl,val
19304.pkl,val
19305.pkl,train
19306.pkl,train
19307.pkl,train
19308.pkl,val
19309.pkl,train
19310.pkl,train
19311.pkl,train
19312.pkl,train
19313.pkl,val
19314.pkl,val
19315.pkl,val
19316.pkl,val
19317.pkl,train
19318.pkl,val
19319.pkl,val
19320.pkl,train
19321.pkl,train
19322.pkl,val
19323.pkl,val
19324.pkl,train
19325.pkl,val
19326.pkl,val
19327.pkl,val
19328.pkl,val
19329.pkl,val
19330.pkl,train
19331.pkl,val
19332.pkl,train
19333.pkl,val
19334.pkl,val
19335.pkl,val
19336.pkl,val
19337.pkl,train
19338.pkl,train
19339.pkl,train
19340.pkl,val
19341.pkl,val
19342.pkl,val
19343.pkl,val
19344.pkl,train
19345.pkl,val
19346.pkl,train
19347.pkl,train
19348.pkl,val
19349.pkl,train
19350.pkl,train
19351.pkl,train
19352.pkl,val
19353.pkl,train
19354.pkl,val
19355.pkl,train
19356.pkl,val
19357.pkl,val
19358.pkl,train
19359.pkl,train
19360.pkl,val
19361.pkl,val
19362.pkl,train
19363.pkl,train
19364.pkl,val
19365.pkl,train
19366.pkl,train
19367.pkl,val
19368.pkl,val
19369.pkl,val
19370.pkl,train
19371.pkl,train
19372.pkl,val
19373.pkl,val
19374.pkl,train
19375.pkl,val
19376.pkl,val
19377.pkl,val
19378.pkl,train
19379.pkl,val
19380.pkl,val
19381.pkl,train
19382.pkl,train
19383.pkl,train
19384.pkl,val
19385.pkl,val
19386.pkl,train
19387.pkl,val
19388.pkl,train
19389.pkl,train
19390.pkl,val
19391.pkl,train
19392.pkl,train
19393.pkl,train
19394.pkl,train
19395.pkl,train
19396.pkl,train
19397.pkl,val
19398.pkl,val
19399.pkl,train
19400.pkl,val
19401.pkl,val
19402.pkl,train
19403.pkl,train
19404.pkl,val
19405.pkl,val
19406.pkl,val
19407.pkl,val
19408.pkl,val
19409.pkl,val
19410.pkl,train
19411.pkl,train
19412.pkl,val
19413.pkl,train
19414.pkl,val
19415.pkl,val
19416.pkl,train
19417.pkl,train
19418.pkl,train
19419.pkl,train
19420.pkl,train
19421.pkl,train
19422.pkl,val
19423.pkl,train
19424.pkl,train
19425.pkl,val
19426.pkl,train
19427.pkl,val
19428.pkl,train
19429.pkl,train
19430.pkl,train
19431.pkl,val
19432.pkl,train
19433.pkl,train
19434.pkl,val
19435.pkl,train
19436.pkl,train
19437.pkl,val
19438.pkl,val
19439.pkl,val
19440.pkl,train
19441.pkl,train
19442.pkl,train
19443.pkl,train
19444.pkl,train
19445.pkl,val
19446.pkl,val
19447.pkl,val
19448.pkl,train
19449.pkl,val
19450.pkl,val
19451.pkl,train
19452.pkl,val
19453.pkl,train
19454.pkl,train
19455.pkl,val
19456.pkl,train
19457.pkl,val
19458.pkl,train
19459.pkl,val
19460.pkl,train
19461.pkl,train
19462.pkl,train
19463.pkl,train
19464.pkl,val
19465.pkl,train
19466.pkl,val
19467.pkl,train
19468.pkl,train
19469.pkl,train
19470.pkl,train
19471.pkl,train
19472.pkl,train
19473.pkl,train
19474.pkl,train
19475.pkl,train
19476.pkl,train
19477.pkl,val
19478.pkl,val
19479.pkl,train
19480.pkl,val
19481.pkl,train
19482.pkl,val
19483.pkl,train
19484.pkl,train
19485.pkl,val
19486.pkl,val
19487.pkl,val
19488.pkl,train
19489.pkl,train
19490.pkl,val
19491.pkl,val
19492.pkl,val
19493.pkl,val
19494.pkl,val
19495.pkl,train
19496.pkl,train
19497.pkl,val
19498.pkl,train
19499.pkl,val
19500.pkl,train
19501.pkl,train
19502.pkl,val
19503.pkl,train
19504.pkl,val
19505.pkl,val
19506.pkl,val
19507.pkl,train
19508.pkl,val
19509.pkl,val
19510.pkl,val
19511.pkl,train
19512.pkl,val
19513.pkl,train
19514.pkl,train
19515.pkl,val
19516.pkl,train
19517.pkl,train
19518.pkl,train
19519.pkl,train
19520.pkl,val
19521.pkl,train
19522.pkl,val
19523.pkl,train
19524.pkl,val
19525.pkl,train
19526.pkl,train
19527.pkl,val
19528.pkl,val
19529.pkl,train
19530.pkl,train
19531.pkl,val
19532.pkl,train
19533.pkl,val
19534.pkl,train
19535.pkl,val
19536.pkl,train
19537.pkl,train
19538.pkl,val
19539.pkl,train
19540.pkl,train
19541.pkl,val
19542.pkl,val
19543.pkl,train
19544.pkl,val
19545.pkl,train
19546.pkl,train
19547.pkl,train
19548.pkl,train
19549.pkl,train
19550.pkl,train
19551.pkl,val
19552.pkl,val
19553.pkl,val
19554.pkl,train
19555.pkl,val
19556.pkl,train
19557.pkl,train
19558.pkl,val
19559.pkl,train
19560.pkl,val
19561.pkl,train
19562.pkl,val
19563.pkl,train
19564.pkl,val
19565.pkl,val
19566.pkl,val
19567.pkl,val
19568.pkl,train
19569.pkl,val
19570.pkl,val
19571.pkl,val
19572.pkl,val
19573.pkl,train
19574.pkl,val
19575.pkl,train
19576.pkl,val
19577.pkl,train
19578.pkl,train
19579.pkl,val
19580.pkl,train
19581.pkl,val
19582.pkl,train
19583.pkl,val
19584.pkl,val
19585.pkl,val
19586.pkl,val
19587.pkl,train
19588.pkl,train
19589.pkl,val
19590.pkl,train
19591.pkl,train
19592.pkl,train
19593.pkl,train
19594.pkl,train
19595.pkl,train
19596.pkl,train
19597.pkl,train
19598.pkl,train
19599.pkl,train
19600.pkl,val
19601.pkl,val
19602.pkl,train
19603.pkl,val
19604.pkl,train
19605.pkl,val
19606.pkl,val
19607.pkl,train
19608.pkl,val
19609.pkl,val
19610.pkl,val
19611.pkl,val
19612.pkl,train
19613.pkl,val
19614.pkl,val
19615.pkl,train
19616.pkl,train
19617.pkl,val
19618.pkl,train
19619.pkl,val
19620.pkl,val
19621.pkl,val
19622.pkl,train
19623.pkl,train
19624.pkl,train
19625.pkl,val
19626.pkl,val
19627.pkl,train
19628.pkl,val
19629.pkl,val
19630.pkl,train
19631.pkl,val
19632.pkl,val
19633.pkl,train
19634.pkl,val
19635.pkl,val
19636.pkl,val
19637.pkl,val
19638.pkl,train
19639.pkl,train
19640.pkl,train
19641.pkl,val
19642.pkl,train
19643.pkl,val
19644.pkl,val
19645.pkl,train
19646.pkl,train
19647.pkl,val
19648.pkl,train
19649.pkl,val
19650.pkl,train
19651.pkl,val
19652.pkl,train
19653.pkl,val
19654.pkl,val
19655.pkl,val
19656.pkl,train
19657.pkl,val
19658.pkl,val
19659.pkl,val
19660.pkl,val
19661.pkl,train
19662.pkl,train
19663.pkl,val
19664.pkl,val
19665.pkl,train
19666.pkl,train
19667.pkl,val
19668.pkl,train
19669.pkl,train
19670.pkl,train
19671.pkl,val
19672.pkl,val
19673.pkl,val
19674.pkl,val
19675.pkl,val
19676.pkl,val
19677.pkl,train
19678.pkl,val
19679.pkl,val
19680.pkl,val
19681.pkl,val
19682.pkl,val
19683.pkl,val
19684.pkl,train
19685.pkl,train
19686.pkl,val
19687.pkl,val
19688.pkl,train
19689.pkl,val
19690.pkl,train
19691.pkl,train
19692.pkl,val
19693.pkl,val
19694.pkl,train
19695.pkl,train
19696.pkl,train
19697.pkl,train
19698.pkl,val
19699.pkl,train
19700.pkl,val
19701.pkl,train
19702.pkl,val
19703.pkl,train
19704.pkl,train
19705.pkl,train
19706.pkl,val
19707.pkl,train
19708.pkl,val
19709.pkl,val
19710.pkl,train
19711.pkl,train
19712.pkl,train
19713.pkl,val
19714.pkl,train
19715.pkl,train
19716.pkl,train
19717.pkl,train
19718.pkl,train
19719.pkl,val
19720.pkl,val
19721.pkl,train
19722.pkl,train
19723.pkl,val
19724.pkl,train
19725.pkl,train
19726.pkl,val
19727.pkl,train
19728.pkl,train
19729.pkl,train
19730.pkl,val
19731.pkl,val
19732.pkl,train
19733.pkl,val
19734.pkl,val
19735.pkl,val
19736.pkl,val
19737.pkl,val
19738.pkl,train
19739.pkl,val
19740.pkl,train
19741.pkl,val
19742.pkl,train
19743.pkl,val
19744.pkl,val
19745.pkl,train
19746.pkl,train
19747.pkl,train
19748.pkl,val
19749.pkl,val
19750.pkl,val
19751.pkl,train
19752.pkl,train
19753.pkl,val
19754.pkl,train
19755.pkl,train
19756.pkl,val
19757.pkl,val
19758.pkl,train
19759.pkl,train
19760.pkl,val
19761.pkl,val
19762.pkl,train
19763.pkl,val
19764.pkl,val
19765.pkl,train
19766.pkl,train
19767.pkl,val
19768.pkl,val
19769.pkl,train
19770.pkl,train
19771.pkl,train
19772.pkl,train
19773.pkl,train
19774.pkl,train
19775.pkl,train
19776.pkl,val
19777.pkl,train
19778.pkl,train
19779.pkl,val
19780.pkl,train
19781.pkl,val
19782.pkl,train
19783.pkl,val
19784.pkl,train
19785.pkl,train
19786.pkl,train
19787.pkl,val
19788.pkl,val
19789.pkl,train
19790.pkl,val
19791.pkl,val
19792.pkl,train
19793.pkl,val
19794.pkl,train
19795.pkl,val
19796.pkl,val
19797.pkl,val
19798.pkl,val
19799.pkl,val
19800.pkl,train
19801.pkl,val
19802.pkl,train
19803.pkl,train
19804.pkl,val
19805.pkl,train
19806.pkl,val
19807.pkl,train
19808.pkl,train
19809.pkl,val
19810.pkl,val
19811.pkl,val
19812.pkl,val
19813.pkl,val
19814.pkl,train
19815.pkl,val
19816.pkl,train
19817.pkl,val
19818.pkl,train
19819.pkl,train
19820.pkl,train
19821.pkl,val
19822.pkl,val
19823.pkl,train
19824.pkl,train
19825.pkl,val
19826.pkl,val
19827.pkl,val
19828.pkl,val
19829.pkl,train
19830.pkl,train
19831.pkl,train
19832.pkl,train
19833.pkl,val
19834.pkl,val
19835.pkl,train
19836.pkl,train
19837.pkl,val
19838.pkl,val
19839.pkl,val
19840.pkl,val
19841.pkl,val
19842.pkl,train
19843.pkl,val
19844.pkl,val
19845.pkl,val
19846.pkl,val
19847.pkl,train
19848.pkl,val
19849.pkl,train
19850.pkl,train
19851.pkl,val
19852.pkl,val
19853.pkl,val
19854.pkl,val
19855.pkl,train
19856.pkl,train
19857.pkl,train
19858.pkl,train
19859.pkl,train
19860.pkl,val
19861.pkl,val
19862.pkl,train
19863.pkl,train
19864.pkl,val
19865.pkl,train
19866.pkl,train
19867.pkl,train
19868.pkl,train
19869.pkl,val
19870.pkl,val
19871.pkl,train
19872.pkl,val
19873.pkl,val
19874.pkl,val
19875.pkl,train
19876.pkl,train
19877.pkl,train
19878.pkl,val
19879.pkl,val
19880.pkl,val
19881.pkl,val
19882.pkl,train
19883.pkl,train
19884.pkl,val
19885.pkl,train
19886.pkl,val
19887.pkl,train
19888.pkl,train
19889.pkl,val
19890.pkl,train
19891.pkl,val
19892.pkl,train
19893.pkl,train
19894.pkl,val
19895.pkl,train
19896.pkl,train
19897.pkl,val
19898.pkl,train
19899.pkl,val
19900.pkl,val
19901.pkl,train
19902.pkl,val
19903.pkl,train
19904.pkl,train
19905.pkl,train
19906.pkl,train
19907.pkl,train
19908.pkl,val
19909.pkl,train
19910.pkl,train
19911.pkl,train
19912.pkl,val
19913.pkl,train
19914.pkl,val
19915.pkl,train
19916.pkl,val
19917.pkl,val
19918.pkl,train
19919.pkl,val
19920.pkl,val
19921.pkl,train
19922.pkl,train
19923.pkl,val
19924.pkl,train
19925.pkl,val
19926.pkl,train
19927.pkl,val
19928.pkl,val
19929.pkl,train
19930.pkl,val
19931.pkl,val
19932.pkl,train
19933.pkl,train
19934.pkl,train
19935.pkl,train
19936.pkl,train
19937.pkl,val
19938.pkl,train
19939.pkl,train
19940.pkl,train
19941.pkl,val
19942.pkl,train
19943.pkl,train
19944.pkl,val
19945.pkl,train
19946.pkl,val
19947.pkl,train
19948.pkl,val
19949.pkl,train
19950.pkl,train
19951.pkl,train
19952.pkl,train
19953.pkl,train
19954.pkl,train
19955.pkl,val
19956.pkl,train
19957.pkl,train
19958.pkl,val
19959.pkl,val
19960.pkl,train
19961.pkl,train
19962.pkl,val
19963.pkl,val
19964.pkl,val
19965.pkl,val
19966.pkl,val
19967.pkl,val
19968.pkl,val
19969.pkl,val
19970.pkl,train
19971.pkl,val
19972.pkl,train
19973.pkl,train
19974.pkl,val
19975.pkl,val
19976.pkl,val
19977.pkl,val
19978.pkl,train
19979.pkl,val
19980.pkl,val
19981.pkl,val
19982.pkl,val
19983.pkl,val
19984.pkl,val
19985.pkl,train
19986.pkl,train
19987.pkl,train
19988.pkl,val
19989.pkl,train
19990.pkl,train
19991.pkl,train
19992.pkl,train
19993.pkl,val
19994.pkl,train
19995.pkl,train
19996.pkl,val
19997.pkl,train
19998.pkl,val
19999.pkl,val
20000.pkl,val
20001.pkl,train
20002.pkl,train
20003.pkl,train
20004.pkl,train
20005.pkl,val
20006.pkl,train
20007.pkl,train
20008.pkl,train
20009.pkl,val
20010.pkl,train
20011.pkl,val
20012.pkl,train
20013.pkl,val
20014.pkl,train
20015.pkl,train
20016.pkl,train
20017.pkl,train
20018.pkl,val
20019.pkl,val
20020.pkl,train
20021.pkl,val
20022.pkl,train
20023.pkl,train
20024.pkl,val
20025.pkl,val
20026.pkl,val
20027.pkl,train
20028.pkl,val
20029.pkl,train
20030.pkl,val
20031.pkl,val
20032.pkl,val
20033.pkl,train
20034.pkl,train
20035.pkl,train
20036.pkl,val
20037.pkl,val
20038.pkl,train
20039.pkl,train
20040.pkl,train
20041.pkl,train
20042.pkl,val
20043.pkl,val
20044.pkl,val
20045.pkl,val
20046.pkl,train
20047.pkl,val
20048.pkl,train
20049.pkl,train
20050.pkl,train
20051.pkl,train
20052.pkl,train
20053.pkl,val
20054.pkl,train
20055.pkl,train
20056.pkl,val
20057.pkl,train
20058.pkl,val
20059.pkl,train
20060.pkl,val
20061.pkl,val
20062.pkl,train
20063.pkl,train
20064.pkl,train
20065.pkl,val
20066.pkl,train
20067.pkl,val
20068.pkl,train
20069.pkl,val
20070.pkl,train
20071.pkl,val
20072.pkl,val
20073.pkl,train
20074.pkl,train
20075.pkl,train
20076.pkl,val
20077.pkl,train
20078.pkl,val
20079.pkl,train
20080.pkl,val
20081.pkl,train
20082.pkl,train
20083.pkl,val
20084.pkl,train
20085.pkl,val
20086.pkl,val
20087.pkl,train
20088.pkl,train
20089.pkl,train
20090.pkl,val
20091.pkl,train
20092.pkl,train
20093.pkl,train
20094.pkl,val
20095.pkl,val
20096.pkl,val
20097.pkl,val
20098.pkl,train
20099.pkl,train
20100.pkl,train
20101.pkl,val
20102.pkl,train
20103.pkl,val
20104.pkl,train
20105.pkl,train
20106.pkl,val
20107.pkl,val
20108.pkl,val
20109.pkl,val
20110.pkl,train
20111.pkl,train
20112.pkl,val
20113.pkl,train
20114.pkl,val
20115.pkl,val
20116.pkl,train
20117.pkl,val
20118.pkl,train
20119.pkl,train
20120.pkl,train
20121.pkl,val
20122.pkl,train
20123.pkl,train
20124.pkl,train
20125.pkl,val
20126.pkl,train
20127.pkl,val
20128.pkl,train
20129.pkl,val
20130.pkl,train
20131.pkl,train
20132.pkl,val
20133.pkl,train
20134.pkl,val
20135.pkl,train
20136.pkl,train
20137.pkl,train
20138.pkl,train
20139.pkl,train
20140.pkl,train
20141.pkl,val
20142.pkl,train
20143.pkl,train
20144.pkl,val
20145.pkl,val
20146.pkl,train
20147.pkl,val
20148.pkl,train
20149.pkl,train
20150.pkl,val
20151.pkl,val
20152.pkl,val
20153.pkl,val
20154.pkl,val
20155.pkl,train
20156.pkl,val
20157.pkl,val
20158.pkl,train
20159.pkl,val
20160.pkl,train
20161.pkl,train
20162.pkl,train
20163.pkl,val
20164.pkl,train
20165.pkl,train
20166.pkl,val
20167.pkl,val
20168.pkl,train
20169.pkl,train
20170.pkl,val
20171.pkl,train
20172.pkl,val
20173.pkl,train
20174.pkl,train
20175.pkl,train
20176.pkl,val
20177.pkl,val
20178.pkl,train
20179.pkl,train
20180.pkl,train
20181.pkl,train
20182.pkl,train
20183.pkl,val
20184.pkl,train
20185.pkl,val
20186.pkl,val
20187.pkl,val
20188.pkl,train
20189.pkl,val
20190.pkl,val
20191.pkl,val
20192.pkl,train
20193.pkl,train
20194.pkl,val
20195.pkl,train
20196.pkl,val
20197.pkl,train
20198.pkl,train
20199.pkl,train
20200.pkl,train
20201.pkl,train
20202.pkl,val
20203.pkl,val
20204.pkl,train
20205.pkl,val
20206.pkl,val
20207.pkl,train
20208.pkl,val
20209.pkl,val
20210.pkl,val
20211.pkl,train
20212.pkl,val
20213.pkl,train
20214.pkl,train
20215.pkl,train
20216.pkl,val
20217.pkl,val
20218.pkl,val
20219.pkl,val
20220.pkl,val
20221.pkl,train
20222.pkl,train
20223.pkl,train
20224.pkl,val
20225.pkl,train
20226.pkl,val
20227.pkl,train
20228.pkl,train
20229.pkl,val
20230.pkl,train
20231.pkl,train
20232.pkl,train
20233.pkl,val
20234.pkl,val
20235.pkl,val
20236.pkl,train
20237.pkl,val
20238.pkl,train
20239.pkl,train
20240.pkl,val
20241.pkl,val
20242.pkl,train
20243.pkl,val
20244.pkl,val
20245.pkl,train
20246.pkl,val
20247.pkl,val
20248.pkl,train
20249.pkl,val
20250.pkl,val
20251.pkl,train
20252.pkl,train
20253.pkl,train
20254.pkl,val
20255.pkl,train
20256.pkl,val
20257.pkl,train
20258.pkl,val
20259.pkl,train
20260.pkl,train
20261.pkl,train
20262.pkl,val
20263.pkl,train
20264.pkl,train
20265.pkl,train
20266.pkl,train
20267.pkl,train
20268.pkl,val
20269.pkl,val
20270.pkl,val
20271.pkl,val
20272.pkl,val
20273.pkl,train
20274.pkl,val
20275.pkl,train
20276.pkl,train
20277.pkl,train
20278.pkl,val
20279.pkl,train
20280.pkl,train
20281.pkl,val
20282.pkl,val
20283.pkl,val
20284.pkl,val
20285.pkl,train
20286.pkl,val
20287.pkl,train
20288.pkl,val
20289.pkl,val
20290.pkl,train
20291.pkl,val
20292.pkl,train
20293.pkl,val
20294.pkl,train
20295.pkl,train
20296.pkl,val
20297.pkl,val
20298.pkl,train
20299.pkl,val
20300.pkl,val
20301.pkl,train
20302.pkl,train
20303.pkl,val
20304.pkl,val
20305.pkl,train
20306.pkl,val
20307.pkl,val
20308.pkl,val
20309.pkl,val
20310.pkl,val
20311.pkl,train
20312.pkl,train
20313.pkl,train
20314.pkl,val
20315.pkl,train
20316.pkl,val
20317.pkl,val
20318.pkl,train
20319.pkl,train
20320.pkl,train
20321.pkl,val
20322.pkl,val
20323.pkl,train
20324.pkl,val
20325.pkl,train
20326.pkl,val
20327.pkl,val
20328.pkl,train
20329.pkl,train
20330.pkl,val
20331.pkl,val
20332.pkl,train
20333.pkl,train
20334.pkl,val
20335.pkl,train
20336.pkl,val
20337.pkl,train
20338.pkl,val
20339.pkl,val
20340.pkl,train
20341.pkl,val
20342.pkl,val
20343.pkl,val
20344.pkl,train
20345.pkl,train
20346.pkl,train
20347.pkl,train
20348.pkl,val
20349.pkl,train
20350.pkl,val
20351.pkl,val
20352.pkl,train
20353.pkl,train
20354.pkl,val
20355.pkl,val
20356.pkl,val
20357.pkl,train
20358.pkl,train
20359.pkl,train
20360.pkl,train
20361.pkl,val
20362.pkl,val
20363.pkl,train
20364.pkl,val
20365.pkl,val
20366.pkl,train
20367.pkl,train
20368.pkl,val
20369.pkl,train
20370.pkl,train
20371.pkl,train
20372.pkl,val
20373.pkl,train
20374.pkl,val
20375.pkl,train
20376.pkl,train
20377.pkl,val
20378.pkl,val
20379.pkl,train
20380.pkl,val
20381.pkl,val
20382.pkl,val
20383.pkl,train
20384.pkl,val
20385.pkl,train
20386.pkl,val
20387.pkl,val
20388.pkl,train
20389.pkl,val
20390.pkl,val
20391.pkl,train
20392.pkl,val
20393.pkl,train
20394.pkl,val
20395.pkl,val
20396.pkl,val
20397.pkl,train
20398.pkl,train
20399.pkl,train
20400.pkl,train
20401.pkl,train
20402.pkl,train
20403.pkl,train
20404.pkl,val
20405.pkl,train
20406.pkl,val
20407.pkl,train
20408.pkl,train
20409.pkl,val
20410.pkl,train
20411.pkl,val
20412.pkl,val
20413.pkl,val
20414.pkl,train
20415.pkl,train
20416.pkl,train
20417.pkl,train
20418.pkl,train
20419.pkl,val
20420.pkl,val
20421.pkl,val
20422.pkl,val
20423.pkl,val
20424.pkl,train
20425.pkl,val
20426.pkl,val
20427.pkl,train
20428.pkl,val
20429.pkl,val
20430.pkl,val
20431.pkl,val
20432.pkl,val
20433.pkl,train
20434.pkl,train
20435.pkl,val
20436.pkl,val
20437.pkl,train
20438.pkl,train
20439.pkl,train
20440.pkl,val
20441.pkl,train
20442.pkl,train
20443.pkl,train
20444.pkl,val
20445.pkl,train
20446.pkl,train
20447.pkl,val
20448.pkl,train
20449.pkl,train
20450.pkl,train
20451.pkl,val
20452.pkl,train
20453.pkl,val
20454.pkl,val
20455.pkl,train
20456.pkl,val
20457.pkl,train
20458.pkl,train
20459.pkl,val
20460.pkl,train
20461.pkl,train
20462.pkl,val
20463.pkl,val
20464.pkl,val
20465.pkl,train
20466.pkl,train
20467.pkl,train
20468.pkl,train
20469.pkl,train
20470.pkl,val
20471.pkl,train
20472.pkl,val
20473.pkl,val
20474.pkl,train
20475.pkl,train
20476.pkl,val
20477.pkl,val
20478.pkl,val
20479.pkl,val
20480.pkl,train
20481.pkl,val
20482.pkl,val
20483.pkl,val
20484.pkl,train
20485.pkl,val
20486.pkl,train
20487.pkl,train
20488.pkl,train
20489.pkl,train
20490.pkl,val
20491.pkl,train
20492.pkl,train
20493.pkl,val
20494.pkl,val
20495.pkl,val
20496.pkl,val
20497.pkl,train
20498.pkl,train
20499.pkl,train
20500.pkl,train
20501.pkl,train
20502.pkl,val
20503.pkl,train
20504.pkl,train
20505.pkl,train
20506.pkl,val
20507.pkl,val
20508.pkl,val
20509.pkl,val
20510.pkl,val
20511.pkl,train
20512.pkl,train
20513.pkl,val
20514.pkl,train
20515.pkl,train
20516.pkl,val
20517.pkl,val
20518.pkl,train
20519.pkl,val
20520.pkl,train
20521.pkl,train
20522.pkl,val
20523.pkl,train
20524.pkl,val
20525.pkl,val
20526.pkl,val
20527.pkl,train
20528.pkl,train
20529.pkl,val
20530.pkl,val
20531.pkl,val
20532.pkl,val
20533.pkl,val
20534.pkl,train
20535.pkl,val
20536.pkl,val
20537.pkl,val
20538.pkl,train
20539.pkl,val
20540.pkl,train
20541.pkl,train
20542.pkl,val
20543.pkl,val
20544.pkl,val
20545.pkl,train
20546.pkl,train
20547.pkl,train
20548.pkl,train
20549.pkl,val
20550.pkl,val
20551.pkl,val
20552.pkl,val
20553.pkl,train
20554.pkl,train
20555.pkl,val
20556.pkl,train
20557.pkl,val
20558.pkl,val
20559.pkl,val
20560.pkl,val
20561.pkl,val
20562.pkl,val
20563.pkl,train
20564.pkl,val
20565.pkl,train
20566.pkl,train
20567.pkl,val
20568.pkl,val
20569.pkl,val
20570.pkl,val
20571.pkl,train
20572.pkl,val
20573.pkl,train
20574.pkl,val
20575.pkl,val
20576.pkl,train
20577.pkl,train
20578.pkl,val
20579.pkl,val
20580.pkl,val
20581.pkl,train
20582.pkl,train
20583.pkl,train
20584.pkl,val
20585.pkl,val
20586.pkl,val
20587.pkl,val
20588.pkl,train
20589.pkl,val
20590.pkl,val
20591.pkl,val
20592.pkl,val
20593.pkl,val
20594.pkl,train
20595.pkl,train
20596.pkl,val
20597.pkl,val
20598.pkl,train
20599.pkl,train
20600.pkl,val
20601.pkl,val
20602.pkl,val
20603.pkl,val
20604.pkl,train
20605.pkl,train
20606.pkl,train
20607.pkl,val
20608.pkl,val
20609.pkl,val
20610.pkl,val
20611.pkl,val
20612.pkl,val
20613.pkl,train
20614.pkl,val
20615.pkl,val
20616.pkl,val
20617.pkl,train
20618.pkl,train
20619.pkl,train
20620.pkl,val
20621.pkl,train
20622.pkl,val
20623.pkl,train
20624.pkl,train
20625.pkl,train
20626.pkl,val
20627.pkl,val
20628.pkl,train
20629.pkl,val
20630.pkl,train
20631.pkl,val
20632.pkl,train
20633.pkl,train
20634.pkl,val
20635.pkl,train
20636.pkl,train
20637.pkl,val
20638.pkl,train
20639.pkl,train
20640.pkl,train
20641.pkl,val
20642.pkl,val
20643.pkl,train
20644.pkl,val
20645.pkl,train
20646.pkl,val
20647.pkl,train
20648.pkl,val
20649.pkl,train
20650.pkl,train
20651.pkl,val
20652.pkl,val
20653.pkl,val
20654.pkl,val
20655.pkl,val
20656.pkl,val
20657.pkl,train
20658.pkl,val
20659.pkl,train
20660.pkl,val
20661.pkl,val
20662.pkl,train
20663.pkl,train
20664.pkl,train
20665.pkl,val
20666.pkl,val
20667.pkl,train
20668.pkl,train
20669.pkl,train
20670.pkl,train
20671.pkl,val
20672.pkl,train
20673.pkl,val
20674.pkl,train
20675.pkl,train
20676.pkl,val
20677.pkl,val
20678.pkl,train
20679.pkl,val
20680.pkl,val
20681.pkl,train
20682.pkl,val
20683.pkl,val
20684.pkl,train
20685.pkl,train
20686.pkl,val
20687.pkl,train
20688.pkl,val
20689.pkl,train
20690.pkl,train
20691.pkl,val
20692.pkl,train
20693.pkl,train
20694.pkl,val
20695.pkl,train
20696.pkl,train
20697.pkl,train
20698.pkl,train
20699.pkl,val
20700.pkl,train
20701.pkl,train
20702.pkl,val
20703.pkl,val
20704.pkl,val
20705.pkl,train
20706.pkl,train
20707.pkl,train
20708.pkl,train
20709.pkl,val
20710.pkl,train
20711.pkl,train
20712.pkl,train
20713.pkl,val
20714.pkl,train
20715.pkl,train
20716.pkl,train
20717.pkl,train
20718.pkl,val
20719.pkl,train
20720.pkl,val
20721.pkl,train
20722.pkl,train
20723.pkl,val
20724.pkl,train
20725.pkl,val
20726.pkl,train
20727.pkl,train
20728.pkl,train
20729.pkl,train
20730.pkl,train
20731.pkl,val
20732.pkl,val
20733.pkl,val
20734.pkl,val
20735.pkl,val
20736.pkl,val
20737.pkl,val
20738.pkl,train
20739.pkl,train
20740.pkl,val
20741.pkl,val
20742.pkl,train
20743.pkl,val
20744.pkl,val
20745.pkl,train
20746.pkl,train
20747.pkl,train
20748.pkl,val
20749.pkl,train
20750.pkl,val
20751.pkl,train
20752.pkl,val
20753.pkl,val
20754.pkl,train
20755.pkl,train
20756.pkl,val
20757.pkl,val
20758.pkl,train
20759.pkl,train
20760.pkl,train
20761.pkl,train
20762.pkl,train
20763.pkl,train
20764.pkl,train
20765.pkl,train
20766.pkl,val
20767.pkl,val
20768.pkl,train
20769.pkl,train
20770.pkl,val
20771.pkl,val
20772.pkl,train
20773.pkl,val
20774.pkl,train
20775.pkl,val
20776.pkl,val
20777.pkl,val
20778.pkl,train
20779.pkl,val
20780.pkl,train
20781.pkl,train
20782.pkl,train
20783.pkl,train
20784.pkl,val
20785.pkl,train
20786.pkl,val
20787.pkl,val
20788.pkl,train
20789.pkl,train
20790.pkl,train
20791.pkl,train
20792.pkl,train
20793.pkl,val
20794.pkl,val
20795.pkl,val
20796.pkl,val
20797.pkl,train
20798.pkl,train
20799.pkl,val
20800.pkl,train
20801.pkl,val
20802.pkl,train
20803.pkl,train
20804.pkl,train
20805.pkl,val
20806.pkl,train
20807.pkl,val
20808.pkl,train
20809.pkl,val
20810.pkl,val
20811.pkl,val
20812.pkl,train
20813.pkl,train
20814.pkl,val
20815.pkl,val
20816.pkl,train
20817.pkl,train
20818.pkl,train
20819.pkl,train
20820.pkl,val
20821.pkl,train
20822.pkl,train
20823.pkl,train
20824.pkl,val
20825.pkl,val
20826.pkl,val
20827.pkl,train
20828.pkl,val
20829.pkl,train
20830.pkl,train
20831.pkl,val
20832.pkl,val
20833.pkl,train
20834.pkl,train
20835.pkl,val
20836.pkl,train
20837.pkl,val
20838.pkl,val
20839.pkl,train
20840.pkl,val
20841.pkl,train
20842.pkl,train
20843.pkl,train
20844.pkl,val
20845.pkl,train
20846.pkl,train
20847.pkl,train
20848.pkl,val
20849.pkl,train
20850.pkl,val
20851.pkl,train
20852.pkl,val
20853.pkl,train
20854.pkl,val
20855.pkl,val
20856.pkl,train
20857.pkl,val
20858.pkl,val
20859.pkl,train
20860.pkl,val
20861.pkl,train
20862.pkl,val
20863.pkl,val
20864.pkl,val
20865.pkl,train
20866.pkl,val
20867.pkl,train
20868.pkl,val
20869.pkl,val
20870.pkl,val
20871.pkl,train
20872.pkl,val
20873.pkl,train
20874.pkl,train
20875.pkl,val
20876.pkl,train
20877.pkl,val
20878.pkl,val
20879.pkl,val
20880.pkl,val
20881.pkl,train
20882.pkl,train
20883.pkl,val
20884.pkl,train
20885.pkl,val
20886.pkl,train
20887.pkl,val
20888.pkl,val
20889.pkl,val
20890.pkl,train
20891.pkl,train
20892.pkl,train
20893.pkl,train
20894.pkl,val
20895.pkl,train
20896.pkl,val
20897.pkl,val
20898.pkl,train
20899.pkl,val
20900.pkl,val
20901.pkl,val
20902.pkl,train
20903.pkl,val
20904.pkl,train
20905.pkl,train
20906.pkl,train
20907.pkl,val
20908.pkl,train
20909.pkl,train
20910.pkl,val
20911.pkl,train
20912.pkl,val
20913.pkl,val
20914.pkl,train
20915.pkl,val
20916.pkl,train
20917.pkl,train
20918.pkl,train
20919.pkl,val
20920.pkl,train
20921.pkl,train
20922.pkl,train
20923.pkl,train
20924.pkl,train
20925.pkl,train
20926.pkl,val
20927.pkl,val
20928.pkl,train
20929.pkl,train
20930.pkl,train
20931.pkl,train
20932.pkl,val
20933.pkl,train
20934.pkl,val
20935.pkl,train
20936.pkl,val
20937.pkl,train
20938.pkl,train
20939.pkl,val
20940.pkl,val
20941.pkl,train
20942.pkl,val
20943.pkl,train
20944.pkl,val
20945.pkl,train
20946.pkl,train
20947.pkl,val
20948.pkl,val
20949.pkl,train
20950.pkl,val
20951.pkl,train
20952.pkl,val
20953.pkl,train
20954.pkl,val
20955.pkl,val
20956.pkl,train
20957.pkl,val
20958.pkl,train
20959.pkl,train
20960.pkl,train
20961.pkl,val
20962.pkl,train
20963.pkl,train
20964.pkl,train
20965.pkl,train
20966.pkl,val
20967.pkl,val
20968.pkl,val
20969.pkl,train
20970.pkl,train
20971.pkl,val
20972.pkl,val
20973.pkl,val
20974.pkl,val
20975.pkl,train
20976.pkl,train
20977.pkl,train
20978.pkl,train
20979.pkl,val
20980.pkl,val
20981.pkl,val
20982.pkl,train
20983.pkl,val
20984.pkl,val
20985.pkl,val
20986.pkl,val
20987.pkl,train
20988.pkl,val
20989.pkl,train
20990.pkl,train
20991.pkl,val
20992.pkl,val
20993.pkl,train
20994.pkl,train
20995.pkl,train
20996.pkl,val
20997.pkl,train
20998.pkl,val
20999.pkl,val
21000.pkl,val
21001.pkl,val
21002.pkl,train
21003.pkl,val
21004.pkl,val
21005.pkl,train
21006.pkl,train
21007.pkl,val
21008.pkl,val
21009.pkl,train
21010.pkl,train
21011.pkl,val
21012.pkl,train
21013.pkl,val
21014.pkl,train
21015.pkl,val
21016.pkl,train
21017.pkl,val
21018.pkl,val
21019.pkl,val
21020.pkl,train
21021.pkl,train
21022.pkl,val
21023.pkl,train
21024.pkl,train
21025.pkl,train
21026.pkl,train
21027.pkl,val
21028.pkl,val
21029.pkl,val
21030.pkl,val
21031.pkl,train
21032.pkl,val
21033.pkl,train
21034.pkl,train
21035.pkl,train
21036.pkl,val
21037.pkl,train
21038.pkl,train
21039.pkl,val
21040.pkl,val
21041.pkl,val
21042.pkl,train
21043.pkl,val
21044.pkl,val
21045.pkl,train
21046.pkl,val
21047.pkl,val
21048.pkl,val
21049.pkl,val
21050.pkl,val
21051.pkl,val
21052.pkl,train
21053.pkl,train
21054.pkl,val
21055.pkl,train
21056.pkl,train
21057.pkl,train
21058.pkl,train
21059.pkl,train
21060.pkl,train
21061.pkl,val
21062.pkl,val
21063.pkl,val
21064.pkl,train
21065.pkl,train
21066.pkl,val
21067.pkl,train
21068.pkl,train
21069.pkl,train
21070.pkl,val
21071.pkl,val
21072.pkl,train
21073.pkl,val
21074.pkl,train
21075.pkl,val
21076.pkl,val
21077.pkl,val
21078.pkl,val
21079.pkl,val
21080.pkl,val
21081.pkl,train
21082.pkl,train
21083.pkl,train
21084.pkl,train
21085.pkl,val
21086.pkl,train
21087.pkl,train
21088.pkl,val
21089.pkl,val
21090.pkl,train
21091.pkl,val
21092.pkl,val
21093.pkl,train
21094.pkl,val
21095.pkl,train
21096.pkl,val
21097.pkl,val
21098.pkl,train
21099.pkl,train
21100.pkl,train
21101.pkl,val
21102.pkl,train
21103.pkl,train
21104.pkl,val
21105.pkl,train
21106.pkl,train
21107.pkl,val
21108.pkl,val
21109.pkl,val
21110.pkl,train
21111.pkl,train
21112.pkl,val
21113.pkl,train
21114.pkl,val
21115.pkl,train
21116.pkl,val
21117.pkl,train
21118.pkl,val
21119.pkl,val
21120.pkl,train
21121.pkl,train
21122.pkl,val
21123.pkl,val
21124.pkl,train
21125.pkl,train
21126.pkl,val
21127.pkl,val
21128.pkl,train
21129.pkl,val
21130.pkl,val
21131.pkl,train
21132.pkl,train
21133.pkl,train
21134.pkl,val
21135.pkl,val
21136.pkl,val
21137.pkl,val
21138.pkl,val
21139.pkl,train
21140.pkl,train
21141.pkl,val
21142.pkl,val
21143.pkl,val
21144.pkl,train
21145.pkl,val
21146.pkl,train
21147.pkl,val
21148.pkl,train
21149.pkl,train
21150.pkl,val
21151.pkl,train
21152.pkl,val
21153.pkl,train
21154.pkl,train
21155.pkl,val
21156.pkl,val
21157.pkl,val
21158.pkl,val
21159.pkl,val
21160.pkl,val
21161.pkl,train
21162.pkl,train
21163.pkl,train
21164.pkl,val
21165.pkl,train
21166.pkl,train
21167.pkl,val
21168.pkl,val
21169.pkl,val
21170.pkl,train
21171.pkl,val
21172.pkl,val
21173.pkl,train
21174.pkl,val
21175.pkl,train
21176.pkl,train
21177.pkl,train
21178.pkl,val
21179.pkl,val
21180.pkl,val
21181.pkl,val
21182.pkl,train
21183.pkl,train
21184.pkl,val
21185.pkl,val
21186.pkl,val
21187.pkl,train
21188.pkl,train
21189.pkl,train
21190.pkl,val
21191.pkl,train
21192.pkl,val
21193.pkl,train
21194.pkl,val
21195.pkl,val
21196.pkl,train
21197.pkl,val
21198.pkl,val
21199.pkl,train
21200.pkl,train
21201.pkl,val
21202.pkl,train
21203.pkl,val
21204.pkl,train
21205.pkl,train
21206.pkl,val
21207.pkl,val
21208.pkl,train
21209.pkl,train
21210.pkl,val
21211.pkl,val
21212.pkl,val
21213.pkl,train
21214.pkl,train
21215.pkl,val
21216.pkl,val
21217.pkl,val
21218.pkl,val
21219.pkl,train
21220.pkl,train
21221.pkl,train
21222.pkl,val
21223.pkl,train
21224.pkl,train
21225.pkl,train
21226.pkl,val
21227.pkl,train
21228.pkl,val
21229.pkl,val
21230.pkl,val
21231.pkl,val
21232.pkl,val
21233.pkl,train
21234.pkl,val
21235.pkl,train
21236.pkl,train
21237.pkl,train
21238.pkl,val
21239.pkl,train
21240.pkl,train
21241.pkl,train
21242.pkl,train
21243.pkl,val
21244.pkl,val
21245.pkl,train
21246.pkl,train
21247.pkl,val
21248.pkl,train
21249.pkl,val
21250.pkl,val
21251.pkl,train
21252.pkl,val
21253.pkl,val
21254.pkl,val
21255.pkl,train
21256.pkl,val
21257.pkl,val
21258.pkl,val
21259.pkl,val
21260.pkl,train
21261.pkl,val
21262.pkl,train
21263.pkl,val
21264.pkl,train
21265.pkl,train
21266.pkl,train
21267.pkl,val
21268.pkl,train
21269.pkl,val
21270.pkl,val
21271.pkl,train
21272.pkl,train
21273.pkl,val
21274.pkl,train
21275.pkl,val
21276.pkl,val
21277.pkl,train
21278.pkl,train
21279.pkl,val
21280.pkl,val
21281.pkl,train
21282.pkl,train
21283.pkl,val
21284.pkl,val
21285.pkl,train
21286.pkl,train
21287.pkl,train
21288.pkl,train
21289.pkl,train
21290.pkl,train
21291.pkl,val
21292.pkl,val
21293.pkl,val
21294.pkl,train
21295.pkl,train
21296.pkl,train
21297.pkl,train
21298.pkl,train
21299.pkl,val
21300.pkl,val
21301.pkl,train
21302.pkl,val
21303.pkl,train
21304.pkl,val
21305.pkl,val
21306.pkl,val
21307.pkl,train
21308.pkl,val
21309.pkl,train
21310.pkl,train
21311.pkl,val
21312.pkl,val
21313.pkl,val
21314.pkl,val
21315.pkl,val
21316.pkl,train
21317.pkl,val
21318.pkl,val
21319.pkl,train
21320.pkl,val
21321.pkl,train
21322.pkl,train
21323.pkl,val
21324.pkl,train
21325.pkl,val
21326.pkl,train
21327.pkl,val
21328.pkl,train
21329.pkl,train
21330.pkl,val
21331.pkl,val
21332.pkl,train
21333.pkl,val
21334.pkl,train
21335.pkl,train
21336.pkl,train
21337.pkl,train
21338.pkl,train
21339.pkl,train
21340.pkl,val
21341.pkl,train
21342.pkl,val
21343.pkl,val
21344.pkl,val
21345.pkl,train
21346.pkl,train
21347.pkl,train
21348.pkl,train
21349.pkl,val
21350.pkl,val
21351.pkl,train
21352.pkl,train
21353.pkl,val
21354.pkl,val
21355.pkl,train
21356.pkl,val
21357.pkl,val
21358.pkl,train
21359.pkl,train
21360.pkl,train
21361.pkl,val
21362.pkl,val
21363.pkl,val
21364.pkl,train
21365.pkl,val
21366.pkl,train
21367.pkl,train
21368.pkl,train
21369.pkl,val
21370.pkl,train
21371.pkl,val
21372.pkl,val
21373.pkl,val
21374.pkl,train
21375.pkl,val
21376.pkl,val
21377.pkl,val
21378.pkl,train
21379.pkl,train
21380.pkl,train
21381.pkl,val
21382.pkl,train
21383.pkl,train
21384.pkl,val
21385.pkl,train
21386.pkl,train
21387.pkl,val
21388.pkl,val
21389.pkl,val
21390.pkl,val
21391.pkl,train
21392.pkl,train
21393.pkl,train
21394.pkl,val
21395.pkl,train
21396.pkl,train
21397.pkl,val
21398.pkl,train
21399.pkl,val
21400.pkl,val
21401.pkl,train
21402.pkl,train
21403.pkl,val
21404.pkl,val
21405.pkl,val
21406.pkl,val
21407.pkl,train
21408.pkl,train
21409.pkl,train
21410.pkl,train
21411.pkl,val
21412.pkl,train
21413.pkl,val
21414.pkl,train
21415.pkl,val
21416.pkl,train
21417.pkl,train
21418.pkl,val
21419.pkl,val
21420.pkl,val
21421.pkl,val
21422.pkl,val
21423.pkl,train
21424.pkl,val
21425.pkl,train
21426.pkl,train
21427.pkl,val
21428.pkl,train
21429.pkl,train
21430.pkl,train
21431.pkl,train
21432.pkl,train
21433.pkl,train
21434.pkl,val
21435.pkl,train
21436.pkl,val
21437.pkl,val
21438.pkl,train
21439.pkl,val
21440.pkl,train
21441.pkl,val
21442.pkl,train
21443.pkl,train
21444.pkl,val
21445.pkl,val
21446.pkl,train
21447.pkl,val
21448.pkl,train
21449.pkl,val
21450.pkl,train
21451.pkl,val
21452.pkl,val
21453.pkl,val
21454.pkl,val
21455.pkl,val
21456.pkl,train
21457.pkl,val
21458.pkl,val
21459.pkl,val
21460.pkl,val
21461.pkl,val
21462.pkl,train
21463.pkl,train
21464.pkl,train
21465.pkl,val
21466.pkl,val
21467.pkl,val
21468.pkl,val
21469.pkl,val
21470.pkl,train
21471.pkl,train
21472.pkl,train
21473.pkl,val
21474.pkl,val
21475.pkl,train
21476.pkl,train
21477.pkl,train
21478.pkl,train
21479.pkl,val
21480.pkl,val
21481.pkl,train
21482.pkl,val
21483.pkl,train
21484.pkl,train
21485.pkl,val
21486.pkl,train
21487.pkl,val
21488.pkl,val
21489.pkl,train
21490.pkl,val
21491.pkl,val
21492.pkl,val
21493.pkl,val
21494.pkl,train
21495.pkl,train
21496.pkl,val
21497.pkl,train
21498.pkl,train
21499.pkl,train
21500.pkl,train
21501.pkl,val
21502.pkl,val
21503.pkl,val
21504.pkl,train
21505.pkl,val
21506.pkl,train
21507.pkl,train
21508.pkl,val
21509.pkl,train
21510.pkl,train
21511.pkl,train
21512.pkl,val
21513.pkl,train
21514.pkl,train
21515.pkl,train
21516.pkl,train
21517.pkl,train
21518.pkl,val
21519.pkl,train
21520.pkl,train
21521.pkl,train
21522.pkl,train
21523.pkl,train
21524.pkl,train
21525.pkl,val
21526.pkl,train
21527.pkl,val
21528.pkl,val
21529.pkl,train
21530.pkl,val
21531.pkl,val
21532.pkl,val
21533.pkl,train
21534.pkl,val
21535.pkl,train
21536.pkl,val
21537.pkl,val
21538.pkl,val
21539.pkl,val
21540.pkl,val
21541.pkl,val
21542.pkl,train
21543.pkl,val
21544.pkl,train
21545.pkl,val
21546.pkl,val
21547.pkl,train
21548.pkl,train
21549.pkl,val
21550.pkl,val
21551.pkl,train
21552.pkl,val
21553.pkl,train
21554.pkl,val
21555.pkl,train
21556.pkl,train
21557.pkl,train
21558.pkl,val
21559.pkl,val
21560.pkl,train
21561.pkl,train
21562.pkl,train
21563.pkl,train
21564.pkl,train
21565.pkl,train
21566.pkl,train
21567.pkl,train
21568.pkl,train
21569.pkl,train
21570.pkl,train
21571.pkl,train
21572.pkl,train
21573.pkl,train
21574.pkl,val
21575.pkl,val
21576.pkl,val
21577.pkl,val
21578.pkl,train
21579.pkl,train
21580.pkl,val
21581.pkl,train
21582.pkl,val
21583.pkl,train
21584.pkl,val
21585.pkl,train
21586.pkl,train
21587.pkl,train
21588.pkl,train
21589.pkl,val
21590.pkl,train
21591.pkl,train
21592.pkl,train
21593.pkl,train
21594.pkl,train
21595.pkl,val
21596.pkl,val
21597.pkl,train
21598.pkl,train
21599.pkl,train
21600.pkl,train
21601.pkl,val
21602.pkl,val
21603.pkl,val
21604.pkl,train
21605.pkl,train
21606.pkl,val
21607.pkl,train
21608.pkl,train
21609.pkl,train
21610.pkl,train
21611.pkl,train
21612.pkl,train
21613.pkl,train
21614.pkl,val
21615.pkl,val
21616.pkl,train
21617.pkl,train
21618.pkl,val
21619.pkl,train
21620.pkl,train
21621.pkl,val
21622.pkl,train
21623.pkl,val
21624.pkl,val
21625.pkl,train
21626.pkl,val
21627.pkl,val
21628.pkl,val
21629.pkl,train
21630.pkl,val
21631.pkl,train
21632.pkl,train
21633.pkl,train
21634.pkl,train
21635.pkl,train
21636.pkl,val
21637.pkl,val
21638.pkl,val
21639.pkl,val
21640.pkl,train
21641.pkl,val
21642.pkl,train
21643.pkl,val
21644.pkl,val
21645.pkl,train
21646.pkl,val
21647.pkl,train
21648.pkl,val
21649.pkl,train
21650.pkl,val
21651.pkl,val
21652.pkl,train
21653.pkl,val
21654.pkl,val
21655.pkl,val
21656.pkl,val
21657.pkl,train
21658.pkl,train
21659.pkl,train
21660.pkl,val
21661.pkl,val
21662.pkl,train
21663.pkl,val
21664.pkl,train
21665.pkl,train
21666.pkl,val
21667.pkl,val
21668.pkl,train
21669.pkl,train
21670.pkl,val
21671.pkl,val
21672.pkl,train
21673.pkl,train
21674.pkl,train
21675.pkl,val
21676.pkl,val
21677.pkl,val
21678.pkl,val
21679.pkl,train
21680.pkl,val
21681.pkl,train
21682.pkl,val
21683.pkl,train
21684.pkl,val
21685.pkl,val
21686.pkl,train
21687.pkl,val
21688.pkl,train
21689.pkl,train
21690.pkl,train
21691.pkl,val
21692.pkl,train
21693.pkl,val
21694.pkl,val
21695.pkl,train
21696.pkl,val
21697.pkl,val
21698.pkl,val
21699.pkl,val
21700.pkl,train
21701.pkl,val
21702.pkl,val
21703.pkl,val
21704.pkl,train
21705.pkl,val
21706.pkl,val
21707.pkl,train
21708.pkl,val
21709.pkl,val
21710.pkl,val
21711.pkl,val
21712.pkl,val
21713.pkl,val
21714.pkl,train
21715.pkl,train
21716.pkl,val
21717.pkl,train
21718.pkl,train
21719.pkl,val
21720.pkl,train
21721.pkl,val
21722.pkl,val
21723.pkl,train
21724.pkl,val
21725.pkl,val
21726.pkl,val
21727.pkl,train
21728.pkl,val
21729.pkl,val
21730.pkl,val
21731.pkl,val
21732.pkl,train
21733.pkl,val
21734.pkl,train
21735.pkl,train
21736.pkl,train
21737.pkl,train
21738.pkl,val
21739.pkl,val
21740.pkl,val
21741.pkl,val
21742.pkl,train
21743.pkl,val
21744.pkl,val
21745.pkl,train
21746.pkl,train
21747.pkl,val
21748.pkl,train
21749.pkl,val
21750.pkl,val
21751.pkl,train
21752.pkl,val
21753.pkl,val
21754.pkl,train
21755.pkl,train
21756.pkl,val
21757.pkl,val
21758.pkl,train
21759.pkl,train
21760.pkl,val
21761.pkl,val
21762.pkl,val
21763.pkl,train
21764.pkl,train
21765.pkl,train
21766.pkl,train
21767.pkl,val
21768.pkl,val
21769.pkl,train
21770.pkl,val
21771.pkl,train
21772.pkl,val
21773.pkl,train
21774.pkl,train
21775.pkl,train
21776.pkl,val
21777.pkl,val
21778.pkl,val
21779.pkl,val
21780.pkl,train
21781.pkl,val
21782.pkl,train
21783.pkl,train
21784.pkl,train
21785.pkl,val
21786.pkl,val
21787.pkl,val
21788.pkl,train
21789.pkl,val
21790.pkl,train
21791.pkl,val
21792.pkl,train
21793.pkl,train
21794.pkl,val
21795.pkl,train
21796.pkl,train
21797.pkl,val
21798.pkl,val
21799.pkl,val
21800.pkl,val
21801.pkl,val
21802.pkl,train
21803.pkl,train
21804.pkl,train
21805.pkl,val
21806.pkl,train
21807.pkl,val
21808.pkl,train
21809.pkl,val
21810.pkl,val
21811.pkl,train
21812.pkl,val
21813.pkl,train
21814.pkl,val
21815.pkl,train
21816.pkl,train
21817.pkl,val
21818.pkl,val
21819.pkl,train
21820.pkl,train
21821.pkl,val
21822.pkl,train
21823.pkl,train
21824.pkl,val
21825.pkl,train
21826.pkl,val
21827.pkl,val
21828.pkl,train
21829.pkl,val
21830.pkl,train
21831.pkl,train
21832.pkl,val
21833.pkl,val
21834.pkl,train
21835.pkl,val
21836.pkl,train
21837.pkl,train
21838.pkl,val
21839.pkl,train
21840.pkl,val
21841.pkl,train
21842.pkl,val
21843.pkl,val
21844.pkl,val
21845.pkl,train
21846.pkl,train
21847.pkl,val
21848.pkl,val
21849.pkl,train
21850.pkl,train
21851.pkl,val
21852.pkl,val
21853.pkl,val
21854.pkl,train
21855.pkl,val
21856.pkl,val
21857.pkl,val
21858.pkl,train
21859.pkl,val
21860.pkl,val
21861.pkl,train
21862.pkl,val
21863.pkl,val
21864.pkl,train
21865.pkl,train
21866.pkl,train
21867.pkl,train
21868.pkl,train
21869.pkl,val
21870.pkl,val
21871.pkl,val
21872.pkl,val
21873.pkl,val
21874.pkl,val
21875.pkl,val
21876.pkl,train
21877.pkl,train
21878.pkl,train
21879.pkl,val
21880.pkl,val
21881.pkl,val
21882.pkl,train
21883.pkl,train
21884.pkl,val
21885.pkl,train
21886.pkl,train
21887.pkl,train
21888.pkl,val
21889.pkl,val
21890.pkl,train
21891.pkl,val
21892.pkl,val
21893.pkl,val
21894.pkl,val
21895.pkl,train
21896.pkl,train
21897.pkl,train
21898.pkl,train
21899.pkl,train
21900.pkl,val
21901.pkl,val
21902.pkl,train
21903.pkl,train
21904.pkl,train
21905.pkl,train
21906.pkl,val
21907.pkl,val
21908.pkl,val
21909.pkl,train
21910.pkl,train
21911.pkl,val
21912.pkl,train
21913.pkl,train
21914.pkl,val
21915.pkl,val
21916.pkl,train
21917.pkl,train
21918.pkl,val
21919.pkl,val
21920.pkl,val
21921.pkl,val
21922.pkl,val
21923.pkl,train
21924.pkl,val
21925.pkl,val
21926.pkl,val
21927.pkl,val
21928.pkl,val
21929.pkl,train
21930.pkl,val
21931.pkl,val
21932.pkl,val
21933.pkl,train
21934.pkl,train
21935.pkl,val
21936.pkl,train
21937.pkl,val
21938.pkl,train
21939.pkl,train
21940.pkl,train
21941.pkl,val
21942.pkl,train
21943.pkl,train
21944.pkl,val
21945.pkl,train
21946.pkl,val
21947.pkl,val
21948.pkl,train
21949.pkl,val
21950.pkl,train
21951.pkl,train
21952.pkl,val
21953.pkl,val
21954.pkl,val
21955.pkl,val
21956.pkl,train
21957.pkl,val
21958.pkl,val
21959.pkl,train
21960.pkl,val
21961.pkl,val
21962.pkl,train
21963.pkl,train
21964.pkl,train
21965.pkl,train
21966.pkl,val
21967.pkl,val
21968.pkl,train
21969.pkl,train
21970.pkl,train
21971.pkl,train
21972.pkl,train
21973.pkl,val
21974.pkl,train
21975.pkl,train
21976.pkl,val
21977.pkl,train
21978.pkl,train
21979.pkl,train
21980.pkl,val
21981.pkl,val
21982.pkl,train
21983.pkl,train
21984.pkl,train
21985.pkl,val
21986.pkl,train
21987.pkl,val
21988.pkl,train
21989.pkl,train
21990.pkl,train
21991.pkl,val
21992.pkl,val
21993.pkl,train
21994.pkl,val
21995.pkl,train
21996.pkl,val
21997.pkl,val
21998.pkl,val
21999.pkl,train
22000.pkl,val
22001.pkl,val
22002.pkl,train
22003.pkl,val
22004.pkl,train
22005.pkl,train
22006.pkl,train
22007.pkl,train
22008.pkl,val
22009.pkl,train
22010.pkl,val
22011.pkl,train
22012.pkl,val
22013.pkl,train
22014.pkl,val
22015.pkl,train
22016.pkl,train
22017.pkl,val
22018.pkl,train
22019.pkl,train
22020.pkl,train
22021.pkl,train
22022.pkl,train
22023.pkl,train
22024.pkl,train
22025.pkl,train
22026.pkl,train
22027.pkl,val
22028.pkl,val
22029.pkl,val
22030.pkl,train
22031.pkl,val
22032.pkl,train
22033.pkl,train
22034.pkl,val
22035.pkl,train
22036.pkl,train
22037.pkl,train
22038.pkl,val
22039.pkl,train
22040.pkl,train
22041.pkl,train
22042.pkl,train
22043.pkl,train
22044.pkl,val
22045.pkl,train
22046.pkl,val
22047.pkl,train
22048.pkl,train
22049.pkl,train
22050.pkl,train
22051.pkl,train
22052.pkl,train
22053.pkl,val
22054.pkl,train
22055.pkl,train
22056.pkl,val
22057.pkl,train
22058.pkl,val
22059.pkl,val
22060.pkl,train
22061.pkl,val
22062.pkl,val
22063.pkl,val
22064.pkl,val
22065.pkl,train
22066.pkl,train
22067.pkl,val
22068.pkl,train
22069.pkl,train
22070.pkl,val
22071.pkl,train
22072.pkl,train
22073.pkl,val
22074.pkl,train
22075.pkl,val
22076.pkl,val
22077.pkl,train
22078.pkl,train
22079.pkl,train
22080.pkl,train
22081.pkl,train
22082.pkl,train
22083.pkl,train
22084.pkl,train
22085.pkl,val
22086.pkl,train
22087.pkl,val
22088.pkl,train
22089.pkl,train
22090.pkl,val
22091.pkl,train
22092.pkl,val
22093.pkl,val
22094.pkl,train
22095.pkl,val
22096.pkl,train
22097.pkl,val
22098.pkl,val
22099.pkl,train
22100.pkl,val
22101.pkl,train
22102.pkl,val
22103.pkl,train
22104.pkl,val
22105.pkl,train
22106.pkl,val
22107.pkl,val
22108.pkl,val
22109.pkl,train
22110.pkl,val
22111.pkl,val
22112.pkl,val
22113.pkl,train
22114.pkl,train
22115.pkl,val
22116.pkl,train
22117.pkl,val
22118.pkl,val
22119.pkl,val
22120.pkl,val
22121.pkl,val
22122.pkl,val
22123.pkl,train
22124.pkl,val
22125.pkl,val
22126.pkl,val
22127.pkl,train
22128.pkl,train
22129.pkl,train
22130.pkl,val
22131.pkl,val
22132.pkl,val
22133.pkl,val
22134.pkl,train
22135.pkl,val
22136.pkl,val
22137.pkl,train
22138.pkl,val
22139.pkl,val
22140.pkl,val
22141.pkl,train
22142.pkl,val
22143.pkl,val
22144.pkl,train
22145.pkl,train
22146.pkl,val
22147.pkl,val
22148.pkl,val
22149.pkl,train
22150.pkl,train
22151.pkl,val
22152.pkl,val
22153.pkl,train
22154.pkl,val
22155.pkl,train
22156.pkl,val
22157.pkl,train
22158.pkl,train
22159.pkl,train
22160.pkl,train
22161.pkl,val
22162.pkl,train
22163.pkl,train
22164.pkl,train
22165.pkl,val
22166.pkl,train
22167.pkl,train
22168.pkl,train
22169.pkl,train
22170.pkl,val
22171.pkl,val
22172.pkl,train
22173.pkl,val
22174.pkl,train
22175.pkl,val
22176.pkl,val
22177.pkl,train
22178.pkl,val
22179.pkl,val
22180.pkl,train
22181.pkl,train
22182.pkl,val
22183.pkl,val
22184.pkl,train
22185.pkl,train
22186.pkl,val
22187.pkl,val
22188.pkl,val
22189.pkl,val
22190.pkl,train
22191.pkl,val
22192.pkl,val
22193.pkl,train
22194.pkl,val
22195.pkl,train
22196.pkl,val
22197.pkl,train
22198.pkl,val
22199.pkl,val
22200.pkl,train
22201.pkl,train
22202.pkl,train
22203.pkl,train
22204.pkl,train
22205.pkl,val
22206.pkl,train
22207.pkl,train
22208.pkl,train
22209.pkl,train
22210.pkl,train
22211.pkl,train
22212.pkl,val
22213.pkl,train
22214.pkl,train
22215.pkl,val
22216.pkl,val
22217.pkl,train
22218.pkl,val
22219.pkl,val
22220.pkl,train
22221.pkl,train
22222.pkl,val
22223.pkl,train
22224.pkl,val
22225.pkl,train
22226.pkl,val
22227.pkl,train
22228.pkl,val
22229.pkl,train
22230.pkl,train
22231.pkl,train
22232.pkl,train
22233.pkl,train
22234.pkl,train
22235.pkl,val
22236.pkl,val
22237.pkl,train
22238.pkl,train
22239.pkl,train
22240.pkl,train
22241.pkl,train
22242.pkl,train
22243.pkl,val
22244.pkl,val
22245.pkl,train
22246.pkl,train
22247.pkl,train
22248.pkl,train
22249.pkl,train
22250.pkl,val
22251.pkl,val
22252.pkl,val
22253.pkl,val
22254.pkl,train
22255.pkl,val
22256.pkl,train
22257.pkl,val
22258.pkl,train
22259.pkl,train
22260.pkl,val
22261.pkl,train
22262.pkl,val
22263.pkl,val
22264.pkl,train
22265.pkl,train
22266.pkl,train
22267.pkl,val
22268.pkl,val
22269.pkl,val
22270.pkl,val
22271.pkl,val
22272.pkl,val
22273.pkl,train
22274.pkl,val
22275.pkl,train
22276.pkl,val
22277.pkl,val
22278.pkl,val
22279.pkl,val
22280.pkl,val
22281.pkl,train
22282.pkl,train
22283.pkl,train
22284.pkl,train
22285.pkl,train
22286.pkl,val
22287.pkl,train
22288.pkl,train
22289.pkl,val
22290.pkl,train
22291.pkl,val
22292.pkl,val
22293.pkl,val
22294.pkl,val
22295.pkl,train
22296.pkl,train
22297.pkl,val
22298.pkl,val
22299.pkl,train
22300.pkl,val
22301.pkl,train
22302.pkl,val
22303.pkl,val
22304.pkl,val
22305.pkl,train
22306.pkl,train
22307.pkl,train
22308.pkl,train
22309.pkl,train
22310.pkl,train
22311.pkl,val
22312.pkl,val
22313.pkl,train
22314.pkl,train
22315.pkl,train
22316.pkl,train
22317.pkl,val
22318.pkl,train
22319.pkl,train
22320.pkl,train
22321.pkl,val
22322.pkl,train
22323.pkl,val
22324.pkl,train
22325.pkl,val
22326.pkl,train
22327.pkl,train
22328.pkl,val
22329.pkl,val
22330.pkl,train
22331.pkl,val
22332.pkl,train
22333.pkl,train
22334.pkl,val
22335.pkl,val
22336.pkl,train
22337.pkl,train
22338.pkl,val
22339.pkl,train
22340.pkl,val
22341.pkl,val
22342.pkl,train
22343.pkl,val
22344.pkl,val
22345.pkl,train
22346.pkl,val
22347.pkl,train
22348.pkl,train
22349.pkl,train
22350.pkl,train
22351.pkl,train
22352.pkl,train
22353.pkl,train
22354.pkl,val
22355.pkl,val
22356.pkl,val
22357.pkl,val
22358.pkl,train
22359.pkl,train
22360.pkl,train
22361.pkl,train
22362.pkl,val
22363.pkl,train
22364.pkl,val
22365.pkl,train
22366.pkl,train
22367.pkl,val
22368.pkl,val
22369.pkl,val
22370.pkl,val
22371.pkl,val
22372.pkl,val
22373.pkl,val
22374.pkl,val
22375.pkl,train
22376.pkl,val
22377.pkl,val
22378.pkl,val
22379.pkl,val
22380.pkl,train
22381.pkl,train
22382.pkl,train
22383.pkl,val
22384.pkl,val
22385.pkl,val
22386.pkl,val
22387.pkl,train
22388.pkl,train
22389.pkl,val
22390.pkl,val
22391.pkl,train
22392.pkl,train
22393.pkl,val
22394.pkl,train
22395.pkl,val
22396.pkl,val
22397.pkl,train
22398.pkl,train
22399.pkl,val
22400.pkl,val
22401.pkl,train
22402.pkl,train
22403.pkl,train
22404.pkl,val
22405.pkl,val
22406.pkl,train
22407.pkl,val
22408.pkl,train
22409.pkl,train
22410.pkl,train
22411.pkl,train
22412.pkl,val
22413.pkl,train
22414.pkl,val
22415.pkl,train
22416.pkl,val
22417.pkl,train
22418.pkl,train
22419.pkl,val
22420.pkl,train
22421.pkl,val
22422.pkl,val
22423.pkl,val
22424.pkl,val
22425.pkl,val
22426.pkl,val
22427.pkl,val
22428.pkl,train
22429.pkl,train
22430.pkl,train
22431.pkl,train
22432.pkl,val
22433.pkl,train
22434.pkl,val
22435.pkl,train
22436.pkl,train
22437.pkl,val
22438.pkl,val
22439.pkl,train
22440.pkl,val
22441.pkl,val
22442.pkl,val
22443.pkl,train
22444.pkl,train
22445.pkl,train
22446.pkl,train
22447.pkl,train
22448.pkl,train
22449.pkl,val
22450.pkl,train
22451.pkl,train
22452.pkl,train
22453.pkl,val
22454.pkl,val
22455.pkl,train
22456.pkl,train
22457.pkl,val
22458.pkl,val
22459.pkl,train
22460.pkl,val
22461.pkl,val
22462.pkl,val
22463.pkl,train
22464.pkl,val
22465.pkl,val
22466.pkl,val
22467.pkl,train
22468.pkl,val
22469.pkl,val
22470.pkl,train
22471.pkl,val
22472.pkl,val
22473.pkl,train
22474.pkl,val
22475.pkl,val
22476.pkl,val
22477.pkl,train
22478.pkl,val
22479.pkl,train
22480.pkl,train
22481.pkl,train
22482.pkl,train
22483.pkl,val
22484.pkl,train
22485.pkl,val
22486.pkl,train
22487.pkl,val
22488.pkl,train
22489.pkl,val
22490.pkl,train
22491.pkl,train
22492.pkl,train
22493.pkl,val
22494.pkl,train
22495.pkl,val
22496.pkl,val
22497.pkl,train
22498.pkl,val
22499.pkl,val
22500.pkl,val
22501.pkl,val
22502.pkl,train
22503.pkl,train
22504.pkl,train
22505.pkl,train
22506.pkl,train
22507.pkl,val
22508.pkl,val
22509.pkl,train
22510.pkl,train
22511.pkl,train
22512.pkl,train
22513.pkl,val
22514.pkl,val
22515.pkl,train
22516.pkl,val
22517.pkl,train
22518.pkl,train
22519.pkl,val
22520.pkl,train
22521.pkl,val
22522.pkl,train
22523.pkl,train
22524.pkl,train
22525.pkl,train
22526.pkl,train
22527.pkl,val
22528.pkl,val
22529.pkl,val
22530.pkl,val
22531.pkl,train
22532.pkl,val
22533.pkl,val
22534.pkl,val
22535.pkl,val
22536.pkl,val
22537.pkl,val
22538.pkl,train
22539.pkl,train
22540.pkl,train
22541.pkl,val
22542.pkl,val
22543.pkl,train
22544.pkl,train
22545.pkl,train
22546.pkl,val
22547.pkl,val
22548.pkl,train
22549.pkl,train
22550.pkl,val
22551.pkl,train
22552.pkl,val
22553.pkl,val
22554.pkl,val
22555.pkl,train
22556.pkl,val
22557.pkl,train
22558.pkl,val
22559.pkl,val
22560.pkl,val
22561.pkl,val
22562.pkl,train
22563.pkl,train
22564.pkl,train
22565.pkl,train
22566.pkl,train
22567.pkl,val
22568.pkl,train
22569.pkl,train
22570.pkl,val
22571.pkl,val
22572.pkl,val
22573.pkl,train
22574.pkl,train
22575.pkl,train
22576.pkl,train
22577.pkl,train
22578.pkl,val
22579.pkl,val
22580.pkl,val
22581.pkl,train
22582.pkl,train
22583.pkl,train
22584.pkl,val
22585.pkl,train
22586.pkl,train
22587.pkl,train
22588.pkl,train
22589.pkl,val
22590.pkl,train
22591.pkl,val
22592.pkl,val
22593.pkl,val
22594.pkl,val
22595.pkl,train
22596.pkl,val
22597.pkl,train
22598.pkl,train
22599.pkl,train
22600.pkl,train
22601.pkl,train
22602.pkl,train
22603.pkl,train
22604.pkl,val
22605.pkl,val
22606.pkl,train
22607.pkl,val
22608.pkl,train
22609.pkl,train
22610.pkl,val
22611.pkl,train
22612.pkl,val
22613.pkl,val
22614.pkl,val
22615.pkl,val
22616.pkl,val
22617.pkl,train
22618.pkl,val
22619.pkl,val
22620.pkl,train
22621.pkl,val
22622.pkl,train
22623.pkl,train
22624.pkl,val
22625.pkl,val
22626.pkl,val
22627.pkl,train
22628.pkl,train
22629.pkl,val
22630.pkl,train
22631.pkl,val
22632.pkl,val
22633.pkl,train
22634.pkl,val
22635.pkl,val
22636.pkl,train
22637.pkl,train
22638.pkl,train
22639.pkl,train
22640.pkl,train
22641.pkl,val
22642.pkl,train
22643.pkl,train
22644.pkl,train
22645.pkl,val
22646.pkl,val
22647.pkl,train
22648.pkl,train
22649.pkl,train
22650.pkl,train
22651.pkl,train
22652.pkl,train
22653.pkl,train
22654.pkl,val
22655.pkl,train
22656.pkl,train
22657.pkl,val
22658.pkl,train
22659.pkl,val
22660.pkl,train
22661.pkl,val
22662.pkl,train
22663.pkl,val
22664.pkl,train
22665.pkl,val
22666.pkl,val
22667.pkl,train
22668.pkl,train
22669.pkl,train
22670.pkl,train
22671.pkl,train
22672.pkl,train
22673.pkl,train
22674.pkl,val
22675.pkl,val
22676.pkl,val
22677.pkl,val
22678.pkl,train
22679.pkl,train
22680.pkl,train
22681.pkl,train
22682.pkl,val
22683.pkl,train
22684.pkl,train
22685.pkl,val
22686.pkl,train
22687.pkl,val
22688.pkl,train
22689.pkl,val
22690.pkl,train
22691.pkl,val
22692.pkl,train
22693.pkl,train
22694.pkl,val
22695.pkl,train
22696.pkl,train
22697.pkl,train
22698.pkl,train
22699.pkl,val
22700.pkl,val
22701.pkl,train
22702.pkl,train
22703.pkl,val
22704.pkl,train
22705.pkl,train
22706.pkl,train
22707.pkl,train
22708.pkl,train
22709.pkl,train
22710.pkl,train
22711.pkl,train
22712.pkl,train
22713.pkl,train
22714.pkl,train
22715.pkl,val
22716.pkl,val
22717.pkl,val
22718.pkl,train
22719.pkl,train
22720.pkl,train
22721.pkl,val
22722.pkl,train
22723.pkl,train
22724.pkl,train
22725.pkl,val
22726.pkl,val
22727.pkl,val
22728.pkl,val
22729.pkl,train
22730.pkl,train
22731.pkl,train
22732.pkl,val
22733.pkl,val
22734.pkl,train
22735.pkl,val
22736.pkl,val
22737.pkl,val
22738.pkl,val
22739.pkl,train
22740.pkl,val
22741.pkl,train
22742.pkl,val
22743.pkl,val
22744.pkl,train
22745.pkl,train
22746.pkl,train
22747.pkl,train
22748.pkl,train
22749.pkl,train
22750.pkl,val
22751.pkl,train
22752.pkl,val
22753.pkl,train
22754.pkl,val
22755.pkl,val
22756.pkl,val
22757.pkl,train
22758.pkl,train
22759.pkl,val
22760.pkl,val
22761.pkl,val
22762.pkl,train
22763.pkl,val
22764.pkl,train
22765.pkl,val
22766.pkl,val
22767.pkl,train
22768.pkl,val
22769.pkl,val
22770.pkl,train
22771.pkl,val
22772.pkl,val
22773.pkl,train
22774.pkl,train
22775.pkl,train
22776.pkl,train
22777.pkl,val
22778.pkl,val
22779.pkl,val
22780.pkl,val
22781.pkl,val
22782.pkl,val
22783.pkl,train
22784.pkl,val
22785.pkl,train
22786.pkl,train
22787.pkl,train
22788.pkl,train
22789.pkl,val
22790.pkl,train
22791.pkl,val
22792.pkl,train
22793.pkl,val
22794.pkl,train
22795.pkl,val
22796.pkl,val
22797.pkl,train
22798.pkl,train
22799.pkl,train
22800.pkl,train
22801.pkl,val
22802.pkl,val
22803.pkl,val
22804.pkl,val
22805.pkl,train
22806.pkl,train
22807.pkl,train
22808.pkl,val
22809.pkl,train
22810.pkl,train
22811.pkl,train
22812.pkl,val
22813.pkl,train
22814.pkl,train
22815.pkl,train
22816.pkl,train
22817.pkl,train
22818.pkl,val
22819.pkl,train
22820.pkl,val
22821.pkl,val
22822.pkl,val
22823.pkl,train
22824.pkl,train
22825.pkl,val
22826.pkl,val
22827.pkl,val
22828.pkl,val
22829.pkl,train
22830.pkl,train
22831.pkl,val
22832.pkl,train
22833.pkl,train
22834.pkl,train
22835.pkl,val
22836.pkl,train
22837.pkl,train
22838.pkl,val
22839.pkl,train
22840.pkl,val
22841.pkl,val
22842.pkl,val
22843.pkl,train
22844.pkl,val
22845.pkl,train
22846.pkl,val
22847.pkl,train
22848.pkl,train
22849.pkl,val
22850.pkl,val
22851.pkl,val
22852.pkl,val
22853.pkl,val
22854.pkl,train
22855.pkl,val
22856.pkl,train
22857.pkl,train
22858.pkl,train
22859.pkl,val
22860.pkl,train
22861.pkl,val
22862.pkl,val
22863.pkl,val
22864.pkl,train
22865.pkl,val
22866.pkl,train
22867.pkl,val
22868.pkl,train
22869.pkl,val
22870.pkl,train
22871.pkl,train
22872.pkl,val
22873.pkl,val
22874.pkl,train
22875.pkl,val
22876.pkl,train
22877.pkl,train
22878.pkl,val
22879.pkl,train
22880.pkl,train
22881.pkl,val
22882.pkl,val
22883.pkl,train
22884.pkl,train
22885.pkl,train
22886.pkl,train
22887.pkl,train
22888.pkl,train
22889.pkl,train
22890.pkl,val
22891.pkl,val
22892.pkl,val
22893.pkl,train
22894.pkl,val
22895.pkl,train
22896.pkl,val
22897.pkl,val
22898.pkl,val
22899.pkl,train
22900.pkl,val
22901.pkl,train
22902.pkl,train
22903.pkl,train
22904.pkl,train
22905.pkl,train
22906.pkl,train
22907.pkl,train
22908.pkl,train
22909.pkl,train
22910.pkl,val
22911.pkl,val
22912.pkl,train
22913.pkl,train
22914.pkl,val
22915.pkl,val
22916.pkl,train
22917.pkl,train
22918.pkl,train
22919.pkl,val
22920.pkl,val
22921.pkl,val
22922.pkl,val
22923.pkl,train
22924.pkl,train
22925.pkl,val
22926.pkl,train
22927.pkl,train
22928.pkl,train
22929.pkl,train
22930.pkl,train
22931.pkl,train
22932.pkl,train
22933.pkl,train
22934.pkl,train
22935.pkl,val
22936.pkl,train
22937.pkl,train
22938.pkl,val
22939.pkl,train
22940.pkl,train
22941.pkl,train
22942.pkl,train
22943.pkl,val
22944.pkl,train
22945.pkl,val
22946.pkl,train
22947.pkl,val
22948.pkl,train
22949.pkl,train
22950.pkl,train
22951.pkl,val
22952.pkl,train
22953.pkl,train
22954.pkl,val
22955.pkl,train
22956.pkl,train
22957.pkl,train
22958.pkl,val
22959.pkl,val
22960.pkl,val
22961.pkl,val
22962.pkl,train
22963.pkl,train
22964.pkl,val
22965.pkl,train
22966.pkl,train
22967.pkl,val
22968.pkl,train
22969.pkl,val
22970.pkl,train
22971.pkl,val
22972.pkl,train
22973.pkl,val
22974.pkl,val
22975.pkl,train
22976.pkl,val
22977.pkl,val
22978.pkl,val
22979.pkl,train
22980.pkl,train
22981.pkl,train
22982.pkl,val
22983.pkl,train
22984.pkl,train
22985.pkl,train
22986.pkl,val
22987.pkl,val
22988.pkl,val
22989.pkl,train
22990.pkl,train
22991.pkl,val
22992.pkl,train
22993.pkl,train
22994.pkl,train
22995.pkl,train
22996.pkl,train
22997.pkl,train
22998.pkl,train
22999.pkl,train
23000.pkl,train
23001.pkl,train
23002.pkl,val
23003.pkl,train
23004.pkl,val
23005.pkl,train
23006.pkl,val
23007.pkl,val
23008.pkl,val
23009.pkl,val
23010.pkl,train
23011.pkl,val
23012.pkl,val
23013.pkl,val
23014.pkl,train
23015.pkl,val
23016.pkl,val
23017.pkl,train
23018.pkl,val
23019.pkl,train
23020.pkl,val
23021.pkl,train
23022.pkl,train
23023.pkl,train
23024.pkl,train
23025.pkl,train
23026.pkl,val
23027.pkl,train
23028.pkl,val
23029.pkl,val
23030.pkl,val
23031.pkl,val
23032.pkl,val
23033.pkl,train
23034.pkl,train
23035.pkl,val
23036.pkl,val
23037.pkl,train
23038.pkl,val
23039.pkl,val
23040.pkl,val
23041.pkl,train
23042.pkl,train
23043.pkl,train
23044.pkl,val
23045.pkl,val
23046.pkl,train
23047.pkl,val
23048.pkl,train
23049.pkl,train
23050.pkl,val
23051.pkl,train
23052.pkl,val
23053.pkl,val
23054.pkl,val
23055.pkl,val
23056.pkl,val
23057.pkl,train
23058.pkl,train
23059.pkl,val
23060.pkl,train
23061.pkl,train
23062.pkl,val
23063.pkl,train
23064.pkl,val
23065.pkl,val
23066.pkl,val
23067.pkl,val
23068.pkl,train
23069.pkl,train
23070.pkl,val
23071.pkl,train
23072.pkl,train
23073.pkl,val
23074.pkl,train
23075.pkl,val
23076.pkl,val
23077.pkl,val
23078.pkl,val
23079.pkl,train
23080.pkl,val
23081.pkl,val
23082.pkl,val
23083.pkl,val
23084.pkl,val
23085.pkl,val
23086.pkl,train
23087.pkl,train
23088.pkl,val
23089.pkl,val
23090.pkl,train
23091.pkl,train
23092.pkl,train
23093.pkl,val
23094.pkl,val
23095.pkl,val
23096.pkl,train
23097.pkl,val
23098.pkl,train
23099.pkl,train
23100.pkl,val
23101.pkl,train
23102.pkl,train
23103.pkl,train
23104.pkl,train
23105.pkl,val
23106.pkl,val
23107.pkl,train
23108.pkl,val
23109.pkl,val
23110.pkl,train
23111.pkl,train
23112.pkl,train
23113.pkl,train
23114.pkl,val
23115.pkl,val
23116.pkl,train
23117.pkl,train
23118.pkl,val
23119.pkl,train
23120.pkl,train
23121.pkl,train
23122.pkl,val
23123.pkl,val
23124.pkl,train
23125.pkl,train
23126.pkl,train
23127.pkl,val
23128.pkl,val
23129.pkl,train
23130.pkl,val
23131.pkl,train
23132.pkl,train
23133.pkl,val
23134.pkl,val
23135.pkl,val
23136.pkl,train
23137.pkl,train
23138.pkl,train
23139.pkl,val
23140.pkl,val
23141.pkl,val
23142.pkl,val
23143.pkl,train
23144.pkl,train
23145.pkl,val
23146.pkl,train
23147.pkl,val
23148.pkl,train
23149.pkl,val
23150.pkl,train
23151.pkl,val
23152.pkl,train
23153.pkl,val
23154.pkl,val
23155.pkl,train
23156.pkl,val
23157.pkl,train
23158.pkl,val
23159.pkl,train
23160.pkl,train
23161.pkl,train
23162.pkl,train
23163.pkl,train
23164.pkl,val
23165.pkl,train
23166.pkl,train
23167.pkl,train
23168.pkl,train
23169.pkl,val
23170.pkl,val
23171.pkl,train
23172.pkl,train
23173.pkl,val
23174.pkl,val
23175.pkl,val
23176.pkl,val
23177.pkl,train
23178.pkl,val
23179.pkl,train
23180.pkl,train
23181.pkl,val
23182.pkl,val
23183.pkl,train
23184.pkl,train
23185.pkl,train
23186.pkl,val
23187.pkl,train
23188.pkl,val
23189.pkl,train
23190.pkl,val
23191.pkl,train
23192.pkl,val
23193.pkl,train
23194.pkl,val
23195.pkl,val
23196.pkl,val
23197.pkl,train
23198.pkl,train
23199.pkl,val
23200.pkl,train
23201.pkl,train
23202.pkl,val
23203.pkl,train
23204.pkl,train
23205.pkl,train
23206.pkl,val
23207.pkl,val
23208.pkl,train
23209.pkl,train
23210.pkl,val
23211.pkl,train
23212.pkl,val
23213.pkl,train
23214.pkl,val
23215.pkl,train
23216.pkl,train
23217.pkl,train
23218.pkl,val
23219.pkl,val
23220.pkl,train
23221.pkl,train
23222.pkl,train
23223.pkl,val
23224.pkl,train
23225.pkl,train
23226.pkl,val
23227.pkl,val
23228.pkl,val
23229.pkl,train
23230.pkl,val
23231.pkl,train
23232.pkl,train
23233.pkl,train
23234.pkl,val
23235.pkl,train
23236.pkl,train
23237.pkl,train
23238.pkl,train
23239.pkl,val
23240.pkl,train
23241.pkl,val
23242.pkl,val
23243.pkl,val
23244.pkl,val
23245.pkl,val
23246.pkl,val
23247.pkl,val
23248.pkl,train
23249.pkl,train
23250.pkl,val
23251.pkl,train
23252.pkl,val
23253.pkl,val
23254.pkl,train
23255.pkl,train
23256.pkl,train
23257.pkl,train
23258.pkl,val
23259.pkl,train
23260.pkl,train
23261.pkl,train
23262.pkl,val
23263.pkl,val
23264.pkl,val
23265.pkl,val
23266.pkl,train
23267.pkl,train
23268.pkl,train
23269.pkl,val
23270.pkl,val
23271.pkl,train
23272.pkl,val
23273.pkl,val
23274.pkl,val
23275.pkl,val
23276.pkl,train
23277.pkl,train
23278.pkl,train
23279.pkl,train
23280.pkl,train
23281.pkl,val
23282.pkl,train
23283.pkl,val
23284.pkl,val
23285.pkl,val
23286.pkl,train
23287.pkl,val
23288.pkl,train
23289.pkl,train
23290.pkl,val
23291.pkl,train
23292.pkl,val
23293.pkl,train
23294.pkl,train
23295.pkl,val
23296.pkl,val
23297.pkl,train
23298.pkl,train
23299.pkl,val
23300.pkl,train
23301.pkl,train
23302.pkl,val
23303.pkl,val
23304.pkl,train
23305.pkl,val
23306.pkl,val
23307.pkl,train
23308.pkl,val
23309.pkl,train
23310.pkl,train
23311.pkl,train
23312.pkl,train
23313.pkl,val
23314.pkl,val
23315.pkl,val
23316.pkl,train
23317.pkl,val
23318.pkl,val
23319.pkl,train
23320.pkl,val
23321.pkl,val
23322.pkl,train
23323.pkl,train
23324.pkl,train
23325.pkl,train
23326.pkl,train
23327.pkl,train
23328.pkl,train
23329.pkl,val
23330.pkl,train
23331.pkl,train
23332.pkl,val
23333.pkl,train
23334.pkl,val
23335.pkl,train
23336.pkl,train
23337.pkl,val
23338.pkl,train
23339.pkl,train
23340.pkl,train
23341.pkl,val
23342.pkl,val
23343.pkl,train
23344.pkl,train
23345.pkl,train
23346.pkl,val
23347.pkl,val
23348.pkl,val
23349.pkl,train
23350.pkl,val
23351.pkl,train
23352.pkl,train
23353.pkl,train
23354.pkl,train
23355.pkl,train
23356.pkl,train
23357.pkl,val
23358.pkl,train
23359.pkl,train
23360.pkl,val
23361.pkl,train
23362.pkl,val
23363.pkl,val
23364.pkl,val
23365.pkl,train
23366.pkl,train
23367.pkl,train
23368.pkl,val
23369.pkl,train
23370.pkl,train
23371.pkl,train
23372.pkl,train
23373.pkl,val
23374.pkl,val
23375.pkl,train
23376.pkl,val
23377.pkl,train
23378.pkl,train
23379.pkl,train
23380.pkl,val
23381.pkl,train
23382.pkl,train
23383.pkl,train
23384.pkl,val
23385.pkl,val
23386.pkl,train
23387.pkl,train
23388.pkl,val
23389.pkl,val
23390.pkl,train
23391.pkl,train
23392.pkl,val
23393.pkl,val
23394.pkl,val
23395.pkl,train
23396.pkl,train
23397.pkl,train
23398.pkl,train
23399.pkl,val
23400.pkl,train
23401.pkl,val
23402.pkl,val
23403.pkl,val
23404.pkl,val
23405.pkl,val
23406.pkl,val
23407.pkl,train
23408.pkl,train
23409.pkl,val
23410.pkl,train
23411.pkl,train
23412.pkl,val
23413.pkl,train
23414.pkl,train
23415.pkl,val
23416.pkl,val
23417.pkl,val
23418.pkl,val
23419.pkl,train
23420.pkl,val
23421.pkl,val
23422.pkl,val
23423.pkl,train
23424.pkl,val
23425.pkl,train
23426.pkl,train
23427.pkl,train
23428.pkl,train
23429.pkl,train
23430.pkl,val
23431.pkl,val
23432.pkl,val
23433.pkl,train
23434.pkl,train
23435.pkl,train
23436.pkl,train
23437.pkl,train
23438.pkl,val
23439.pkl,val
23440.pkl,train
23441.pkl,train
23442.pkl,val
23443.pkl,train
23444.pkl,train
23445.pkl,val
23446.pkl,train
23447.pkl,train
23448.pkl,train
23449.pkl,val
23450.pkl,val
23451.pkl,train
23452.pkl,train
23453.pkl,val
23454.pkl,val
23455.pkl,val
23456.pkl,val
23457.pkl,train
23458.pkl,train
23459.pkl,val
23460.pkl,train
23461.pkl,train
23462.pkl,val
23463.pkl,train
23464.pkl,train
23465.pkl,val
23466.pkl,train
23467.pkl,val
23468.pkl,val
23469.pkl,val
23470.pkl,train
23471.pkl,train
23472.pkl,val
23473.pkl,val
23474.pkl,train
23475.pkl,val
23476.pkl,val
23477.pkl,val
23478.pkl,train
23479.pkl,train
23480.pkl,val
23481.pkl,train
23482.pkl,val
23483.pkl,train
23484.pkl,val
23485.pkl,val
23486.pkl,train
23487.pkl,val
23488.pkl,val
23489.pkl,train
23490.pkl,train
23491.pkl,val
23492.pkl,val
23493.pkl,train
23494.pkl,val
23495.pkl,val
23496.pkl,train
23497.pkl,train
23498.pkl,val
23499.pkl,train
23500.pkl,val
23501.pkl,val
23502.pkl,train
23503.pkl,train
23504.pkl,train
23505.pkl,val
23506.pkl,val
23507.pkl,train
23508.pkl,train
23509.pkl,val
23510.pkl,val
23511.pkl,val
23512.pkl,train
23513.pkl,val
23514.pkl,val
23515.pkl,train
23516.pkl,train
23517.pkl,train
23518.pkl,train
23519.pkl,val
23520.pkl,train
23521.pkl,train
23522.pkl,val
23523.pkl,train
23524.pkl,val
23525.pkl,train
23526.pkl,val
23527.pkl,train
23528.pkl,val
23529.pkl,val
23530.pkl,val
23531.pkl,val
23532.pkl,train
23533.pkl,val
23534.pkl,val
23535.pkl,train
23536.pkl,train
23537.pkl,train
23538.pkl,val
23539.pkl,train
23540.pkl,train
23541.pkl,train
23542.pkl,val
23543.pkl,val
23544.pkl,val
23545.pkl,train
23546.pkl,train
23547.pkl,train
23548.pkl,train
23549.pkl,train
23550.pkl,train
23551.pkl,train
23552.pkl,train
23553.pkl,train
23554.pkl,val
23555.pkl,train
23556.pkl,train
23557.pkl,val
23558.pkl,train
23559.pkl,val
23560.pkl,train
23561.pkl,val
23562.pkl,val
23563.pkl,val
23564.pkl,val
23565.pkl,val
23566.pkl,val
23567.pkl,train
23568.pkl,train
23569.pkl,val
23570.pkl,train
23571.pkl,train
23572.pkl,train
23573.pkl,train
23574.pkl,train
23575.pkl,val
23576.pkl,train
23577.pkl,val
23578.pkl,train
23579.pkl,train
23580.pkl,train
23581.pkl,train
23582.pkl,val
23583.pkl,val
23584.pkl,train
23585.pkl,train
23586.pkl,val
23587.pkl,val
23588.pkl,train
23589.pkl,val
23590.pkl,train
23591.pkl,train
23592.pkl,train
23593.pkl,val
23594.pkl,train
23595.pkl,train
23596.pkl,train
23597.pkl,val
23598.pkl,train
23599.pkl,val
23600.pkl,train
23601.pkl,val
23602.pkl,train
23603.pkl,train
23604.pkl,train
23605.pkl,val
23606.pkl,val
23607.pkl,val
23608.pkl,val
23609.pkl,val
23610.pkl,train
23611.pkl,val
23612.pkl,train
23613.pkl,val
23614.pkl,val
23615.pkl,train
23616.pkl,val
23617.pkl,val
23618.pkl,val
23619.pkl,train
23620.pkl,val
23621.pkl,val
23622.pkl,train
23623.pkl,train
23624.pkl,train
23625.pkl,val
23626.pkl,val
23627.pkl,train
23628.pkl,train
23629.pkl,train
23630.pkl,val
23631.pkl,val
23632.pkl,val
23633.pkl,train
23634.pkl,train
23635.pkl,val
23636.pkl,train
23637.pkl,train
23638.pkl,val
23639.pkl,train
23640.pkl,val
23641.pkl,train
23642.pkl,train
23643.pkl,train
23644.pkl,train
23645.pkl,val
23646.pkl,train
23647.pkl,val
23648.pkl,train
23649.pkl,val
23650.pkl,val
23651.pkl,val
23652.pkl,train
23653.pkl,val
23654.pkl,val
23655.pkl,val
23656.pkl,val
23657.pkl,val
23658.pkl,train
23659.pkl,val
23660.pkl,train
23661.pkl,train
23662.pkl,val
23663.pkl,train
23664.pkl,val
23665.pkl,train
23666.pkl,val
23667.pkl,train
23668.pkl,train
23669.pkl,val
23670.pkl,train
23671.pkl,train
23672.pkl,val
23673.pkl,val
23674.pkl,val
23675.pkl,train
23676.pkl,val
23677.pkl,train
23678.pkl,train
23679.pkl,val
23680.pkl,val
23681.pkl,val
23682.pkl,val
23683.pkl,val
23684.pkl,val
23685.pkl,val
23686.pkl,val
23687.pkl,train
23688.pkl,val
23689.pkl,val
23690.pkl,val
23691.pkl,val
23692.pkl,train
23693.pkl,val
23694.pkl,train
23695.pkl,train
23696.pkl,train
23697.pkl,val
23698.pkl,train
23699.pkl,val
23700.pkl,val
23701.pkl,train
23702.pkl,val
23703.pkl,train
23704.pkl,val
23705.pkl,val
23706.pkl,train
23707.pkl,val
23708.pkl,val
23709.pkl,val
23710.pkl,train
23711.pkl,val
23712.pkl,val
23713.pkl,train
23714.pkl,val
23715.pkl,train
23716.pkl,val
23717.pkl,val
23718.pkl,train
23719.pkl,val
23720.pkl,train
23721.pkl,val
23722.pkl,train
23723.pkl,val
23724.pkl,val
23725.pkl,val
23726.pkl,val
23727.pkl,val
23728.pkl,train
23729.pkl,val
23730.pkl,val
23731.pkl,val
23732.pkl,train
23733.pkl,val
23734.pkl,train
23735.pkl,train
23736.pkl,val
23737.pkl,val
23738.pkl,val
23739.pkl,train
23740.pkl,train
23741.pkl,val
23742.pkl,val
23743.pkl,val
23744.pkl,train
23745.pkl,train
23746.pkl,train
23747.pkl,val
23748.pkl,train
23749.pkl,val
23750.pkl,val
23751.pkl,train
23752.pkl,train
23753.pkl,train
23754.pkl,train
23755.pkl,train
23756.pkl,train
23757.pkl,train
23758.pkl,val
23759.pkl,train
23760.pkl,val
23761.pkl,val
23762.pkl,train
23763.pkl,val
23764.pkl,train
23765.pkl,train
23766.pkl,train
23767.pkl,val
23768.pkl,val
23769.pkl,train
23770.pkl,val
23771.pkl,val
23772.pkl,train
23773.pkl,val
23774.pkl,train
23775.pkl,train
23776.pkl,train
23777.pkl,val
23778.pkl,train
23779.pkl,train
23780.pkl,val
23781.pkl,train
23782.pkl,train
23783.pkl,train
23784.pkl,train
23785.pkl,val
23786.pkl,train
23787.pkl,train
23788.pkl,val
23789.pkl,val
23790.pkl,val
23791.pkl,val
23792.pkl,val
23793.pkl,val
23794.pkl,train
23795.pkl,train
23796.pkl,val
23797.pkl,train
23798.pkl,train
23799.pkl,train
23800.pkl,val
23801.pkl,val
23802.pkl,train
23803.pkl,train
23804.pkl,train
23805.pkl,train
23806.pkl,train
23807.pkl,train
23808.pkl,val
23809.pkl,val
23810.pkl,val
23811.pkl,val
23812.pkl,val
23813.pkl,train
23814.pkl,val
23815.pkl,train
23816.pkl,val
23817.pkl,val
23818.pkl,val
23819.pkl,val
23820.pkl,val
23821.pkl,train
23822.pkl,train
23823.pkl,train
23824.pkl,train
23825.pkl,train
23826.pkl,val
23827.pkl,val
23828.pkl,val
23829.pkl,val
23830.pkl,train
23831.pkl,val
23832.pkl,train
23833.pkl,train
23834.pkl,val
23835.pkl,train
23836.pkl,val
23837.pkl,val
23838.pkl,train
23839.pkl,train
23840.pkl,val
23841.pkl,val
23842.pkl,train
23843.pkl,train
23844.pkl,train
23845.pkl,train
23846.pkl,val
23847.pkl,train
23848.pkl,val
23849.pkl,train
23850.pkl,train
23851.pkl,train
23852.pkl,train
23853.pkl,val
23854.pkl,val
23855.pkl,train
23856.pkl,train
23857.pkl,val
23858.pkl,train
23859.pkl,train
23860.pkl,val
23861.pkl,train
23862.pkl,train
23863.pkl,train
23864.pkl,train
23865.pkl,val
23866.pkl,train
23867.pkl,val
23868.pkl,val
23869.pkl,val
23870.pkl,train
23871.pkl,train
23872.pkl,val
23873.pkl,val
23874.pkl,val
23875.pkl,val
23876.pkl,val
23877.pkl,train
23878.pkl,train
23879.pkl,train
23880.pkl,train
23881.pkl,train
23882.pkl,train
23883.pkl,train
23884.pkl,train
23885.pkl,val
23886.pkl,train
23887.pkl,val
23888.pkl,val
23889.pkl,train
23890.pkl,train
23891.pkl,train
23892.pkl,val
23893.pkl,train
23894.pkl,train
23895.pkl,train
23896.pkl,train
23897.pkl,val
23898.pkl,val
23899.pkl,val
23900.pkl,val
23901.pkl,train
23902.pkl,train
23903.pkl,train
23904.pkl,train
23905.pkl,train
23906.pkl,train
23907.pkl,train
23908.pkl,train
23909.pkl,val
23910.pkl,train
23911.pkl,val
23912.pkl,train
23913.pkl,val
23914.pkl,train
23915.pkl,train
23916.pkl,train
23917.pkl,train
23918.pkl,train
23919.pkl,train
23920.pkl,val
23921.pkl,val
23922.pkl,val
23923.pkl,train
23924.pkl,train
23925.pkl,val
23926.pkl,val
23927.pkl,train
23928.pkl,train
23929.pkl,train
23930.pkl,train
23931.pkl,train
23932.pkl,val
23933.pkl,val
23934.pkl,val
23935.pkl,train
23936.pkl,val
23937.pkl,val
23938.pkl,val
23939.pkl,train
23940.pkl,val
23941.pkl,train
23942.pkl,train
23943.pkl,val
23944.pkl,train
23945.pkl,val
23946.pkl,train
23947.pkl,val
23948.pkl,val
23949.pkl,train
23950.pkl,train
23951.pkl,train
23952.pkl,train
23953.pkl,train
23954.pkl,train
23955.pkl,train
23956.pkl,val
23957.pkl,val
23958.pkl,val
23959.pkl,val
23960.pkl,val
23961.pkl,train
23962.pkl,val
23963.pkl,train
23964.pkl,train
23965.pkl,val
23966.pkl,val
23967.pkl,val
23968.pkl,train
23969.pkl,train
23970.pkl,val
23971.pkl,val
23972.pkl,val
23973.pkl,val
23974.pkl,val
23975.pkl,val
23976.pkl,val
23977.pkl,train
23978.pkl,train
23979.pkl,val
23980.pkl,train
23981.pkl,val
23982.pkl,val
23983.pkl,train
23984.pkl,train
23985.pkl,train
23986.pkl,val
23987.pkl,train
23988.pkl,val
23989.pkl,train
23990.pkl,train
23991.pkl,train
23992.pkl,train
23993.pkl,val
23994.pkl,val
23995.pkl,val
23996.pkl,val
23997.pkl,train
23998.pkl,val
23999.pkl,val
24000.pkl,train
24001.pkl,train
24002.pkl,val
24003.pkl,train
24004.pkl,val
24005.pkl,val
24006.pkl,train
24007.pkl,val
24008.pkl,train
24009.pkl,val
24010.pkl,val
24011.pkl,train
24012.pkl,train
24013.pkl,val
24014.pkl,val
24015.pkl,val
24016.pkl,val
24017.pkl,train
24018.pkl,train
24019.pkl,train
24020.pkl,val
24021.pkl,val
24022.pkl,train
24023.pkl,train
24024.pkl,val
24025.pkl,val
24026.pkl,val
24027.pkl,train
24028.pkl,val
24029.pkl,train
24030.pkl,val
24031.pkl,val
24032.pkl,train
24033.pkl,val
24034.pkl,val
24035.pkl,train
24036.pkl,val
24037.pkl,train
24038.pkl,val
24039.pkl,train
24040.pkl,val
24041.pkl,train
24042.pkl,val
24043.pkl,train
24044.pkl,val
24045.pkl,train
24046.pkl,train
24047.pkl,val
24048.pkl,val
24049.pkl,val
24050.pkl,train
24051.pkl,train
24052.pkl,train
24053.pkl,train
24054.pkl,train
24055.pkl,val
24056.pkl,train
24057.pkl,val
24058.pkl,val
24059.pkl,val
24060.pkl,train
24061.pkl,train
24062.pkl,val
24063.pkl,val
24064.pkl,val
24065.pkl,val
24066.pkl,train
24067.pkl,train
24068.pkl,train
24069.pkl,val
24070.pkl,val
24071.pkl,val
24072.pkl,val
24073.pkl,val
24074.pkl,val
24075.pkl,train
24076.pkl,train
24077.pkl,train
24078.pkl,train
24079.pkl,val
24080.pkl,val
24081.pkl,val
24082.pkl,train
24083.pkl,val
24084.pkl,val
24085.pkl,val
24086.pkl,train
24087.pkl,val
24088.pkl,val
24089.pkl,train
24090.pkl,train
24091.pkl,val
24092.pkl,val
24093.pkl,train
24094.pkl,train
24095.pkl,train
24096.pkl,val
24097.pkl,train
24098.pkl,val
24099.pkl,train
24100.pkl,val
24101.pkl,train
24102.pkl,train
24103.pkl,train
24104.pkl,train
24105.pkl,train
24106.pkl,val
24107.pkl,train
24108.pkl,train
24109.pkl,train
24110.pkl,val
24111.pkl,val
24112.pkl,val
24113.pkl,val
24114.pkl,train
24115.pkl,val
24116.pkl,train
24117.pkl,val
24118.pkl,val
24119.pkl,train
24120.pkl,val
24121.pkl,val
24122.pkl,val
24123.pkl,train
24124.pkl,val
24125.pkl,train
24126.pkl,val
24127.pkl,train
24128.pkl,train
24129.pkl,val
24130.pkl,train
24131.pkl,train
24132.pkl,val
24133.pkl,val
24134.pkl,val
24135.pkl,val
24136.pkl,val
24137.pkl,val
24138.pkl,train
24139.pkl,train
24140.pkl,val
24141.pkl,val
24142.pkl,train
24143.pkl,train
24144.pkl,train
24145.pkl,val
24146.pkl,val
24147.pkl,train
24148.pkl,train
24149.pkl,val
24150.pkl,train
24151.pkl,train
24152.pkl,val
24153.pkl,val
24154.pkl,val
24155.pkl,val
24156.pkl,train
24157.pkl,train
24158.pkl,val
24159.pkl,val
24160.pkl,train
24161.pkl,val
24162.pkl,train
24163.pkl,train
24164.pkl,train
24165.pkl,val
24166.pkl,val
24167.pkl,train
24168.pkl,train
24169.pkl,train
24170.pkl,train
24171.pkl,val
24172.pkl,train
24173.pkl,train
24174.pkl,val
24175.pkl,val
24176.pkl,val
24177.pkl,val
24178.pkl,val
24179.pkl,val
24180.pkl,train
24181.pkl,val
24182.pkl,train
24183.pkl,train
24184.pkl,val
24185.pkl,val
24186.pkl,val
24187.pkl,val
24188.pkl,val
24189.pkl,train
24190.pkl,val
24191.pkl,val
24192.pkl,train
24193.pkl,train
24194.pkl,train
24195.pkl,val
24196.pkl,val
24197.pkl,val
24198.pkl,train
24199.pkl,train
24200.pkl,train
24201.pkl,train
24202.pkl,val
24203.pkl,train
24204.pkl,val
24205.pkl,train
24206.pkl,train
24207.pkl,val
24208.pkl,train
24209.pkl,val
24210.pkl,train
24211.pkl,val
24212.pkl,val
24213.pkl,train
24214.pkl,train
24215.pkl,train
24216.pkl,val
24217.pkl,val
24218.pkl,val
24219.pkl,val
24220.pkl,train
24221.pkl,val
24222.pkl,train
24223.pkl,train
24224.pkl,val
24225.pkl,train
24226.pkl,val
24227.pkl,train
24228.pkl,train
24229.pkl,train
24230.pkl,train
24231.pkl,val
24232.pkl,train
24233.pkl,val
24234.pkl,val
24235.pkl,train
24236.pkl,val
24237.pkl,val
24238.pkl,train
24239.pkl,train
24240.pkl,val
24241.pkl,train
24242.pkl,train
24243.pkl,val
24244.pkl,val
24245.pkl,train
24246.pkl,val
24247.pkl,train
24248.pkl,val
24249.pkl,val
24250.pkl,train
24251.pkl,val
24252.pkl,val
24253.pkl,train
24254.pkl,train
24255.pkl,train
24256.pkl,train
24257.pkl,train
24258.pkl,val
24259.pkl,train
24260.pkl,val
24261.pkl,val
24262.pkl,val
24263.pkl,val
24264.pkl,train
24265.pkl,val
24266.pkl,train
24267.pkl,val
24268.pkl,train
24269.pkl,train
24270.pkl,train
24271.pkl,train
24272.pkl,val
24273.pkl,val
24274.pkl,train
24275.pkl,val
24276.pkl,train
24277.pkl,val
24278.pkl,train
24279.pkl,val
24280.pkl,train
24281.pkl,val
24282.pkl,train
24283.pkl,val
24284.pkl,train
24285.pkl,val
24286.pkl,train
24287.pkl,train
24288.pkl,train
24289.pkl,val
24290.pkl,train
24291.pkl,train
24292.pkl,train
24293.pkl,val
24294.pkl,val
24295.pkl,val
24296.pkl,train
24297.pkl,train
24298.pkl,train
24299.pkl,val
24300.pkl,val
24301.pkl,train
24302.pkl,val
24303.pkl,val
24304.pkl,val
24305.pkl,val
24306.pkl,val
24307.pkl,val
24308.pkl,val
24309.pkl,train
24310.pkl,val
24311.pkl,val
24312.pkl,val
24313.pkl,val
24314.pkl,val
24315.pkl,val
24316.pkl,train
24317.pkl,train
24318.pkl,val
24319.pkl,val
24320.pkl,val
24321.pkl,train
24322.pkl,train
24323.pkl,val
24324.pkl,train
24325.pkl,train
24326.pkl,val
24327.pkl,val
24328.pkl,train
24329.pkl,train
24330.pkl,val
24331.pkl,val
24332.pkl,train
24333.pkl,train
24334.pkl,train
24335.pkl,train
24336.pkl,train
24337.pkl,val
24338.pkl,val
24339.pkl,val
24340.pkl,train
24341.pkl,val
24342.pkl,train
24343.pkl,train
24344.pkl,val
24345.pkl,val
24346.pkl,train
24347.pkl,train
24348.pkl,train
24349.pkl,val
24350.pkl,train
24351.pkl,val
24352.pkl,val
24353.pkl,train
24354.pkl,val
24355.pkl,val
24356.pkl,train
24357.pkl,val
24358.pkl,val
24359.pkl,val
24360.pkl,train
24361.pkl,val
24362.pkl,val
24363.pkl,val
24364.pkl,train
24365.pkl,val
24366.pkl,val
24367.pkl,train
24368.pkl,train
24369.pkl,val
24370.pkl,val
24371.pkl,train
24372.pkl,val
24373.pkl,train
24374.pkl,train
24375.pkl,train
24376.pkl,train
24377.pkl,val
24378.pkl,val
24379.pkl,train
24380.pkl,val
24381.pkl,train
24382.pkl,train
24383.pkl,train
24384.pkl,train
24385.pkl,train
24386.pkl,val
24387.pkl,val
24388.pkl,val
24389.pkl,train
24390.pkl,train
24391.pkl,train
24392.pkl,val
24393.pkl,train
24394.pkl,val
24395.pkl,val
24396.pkl,val
24397.pkl,val
24398.pkl,train
24399.pkl,val
24400.pkl,train
24401.pkl,val
24402.pkl,val
24403.pkl,train
24404.pkl,val
24405.pkl,train
24406.pkl,train
24407.pkl,val
24408.pkl,val
24409.pkl,val
24410.pkl,train
24411.pkl,val
24412.pkl,val
24413.pkl,train
24414.pkl,val
24415.pkl,train
24416.pkl,val
24417.pkl,train
24418.pkl,val
24419.pkl,train
24420.pkl,val
24421.pkl,val
24422.pkl,train
24423.pkl,val
24424.pkl,train
24425.pkl,train
24426.pkl,train
24427.pkl,val
24428.pkl,train
24429.pkl,train
24430.pkl,train
24431.pkl,val
24432.pkl,val
24433.pkl,val
24434.pkl,val
24435.pkl,val
24436.pkl,train
24437.pkl,train
24438.pkl,train
24439.pkl,val
24440.pkl,val
24441.pkl,train
24442.pkl,val
24443.pkl,val
24444.pkl,train
24445.pkl,val
24446.pkl,val
24447.pkl,train
24448.pkl,val
24449.pkl,val
24450.pkl,train
24451.pkl,val
24452.pkl,val
24453.pkl,val
24454.pkl,val
24455.pkl,train
24456.pkl,val
24457.pkl,val
24458.pkl,val
24459.pkl,val
24460.pkl,train
24461.pkl,train
24462.pkl,val
24463.pkl,val
24464.pkl,val
24465.pkl,val
24466.pkl,val
24467.pkl,train
24468.pkl,val
24469.pkl,train
24470.pkl,val
24471.pkl,train
24472.pkl,val
24473.pkl,val
24474.pkl,train
24475.pkl,train
24476.pkl,val
24477.pkl,val
24478.pkl,train
24479.pkl,val
24480.pkl,train
24481.pkl,val
24482.pkl,train
24483.pkl,val
24484.pkl,train
24485.pkl,val
24486.pkl,train
24487.pkl,val
24488.pkl,val
24489.pkl,val
24490.pkl,train
24491.pkl,val
24492.pkl,train
24493.pkl,train
24494.pkl,train
24495.pkl,val
24496.pkl,train
24497.pkl,val
24498.pkl,val
24499.pkl,train
24500.pkl,train
24501.pkl,val
24502.pkl,val
24503.pkl,val
24504.pkl,val
24505.pkl,train
24506.pkl,train
24507.pkl,val
24508.pkl,train
24509.pkl,train
24510.pkl,val
24511.pkl,train
24512.pkl,val
24513.pkl,train
24514.pkl,train
24515.pkl,train
24516.pkl,val
24517.pkl,val
24518.pkl,val
24519.pkl,train
24520.pkl,train
24521.pkl,val
24522.pkl,train
24523.pkl,val
24524.pkl,val
24525.pkl,val
24526.pkl,train
24527.pkl,val
24528.pkl,train
24529.pkl,val
24530.pkl,val
24531.pkl,val
24532.pkl,train
24533.pkl,train
24534.pkl,val
24535.pkl,train
24536.pkl,train
24537.pkl,val
24538.pkl,train
24539.pkl,train
24540.pkl,val
24541.pkl,val
24542.pkl,train
24543.pkl,val
24544.pkl,val
24545.pkl,val
24546.pkl,train
24547.pkl,train
24548.pkl,train
24549.pkl,val
24550.pkl,val
24551.pkl,train
24552.pkl,val
24553.pkl,val
24554.pkl,train
24555.pkl,train
24556.pkl,val
24557.pkl,val
24558.pkl,val
24559.pkl,train
24560.pkl,val
24561.pkl,train
24562.pkl,val
24563.pkl,val
24564.pkl,train
24565.pkl,val
24566.pkl,train
24567.pkl,val
24568.pkl,train
24569.pkl,train
24570.pkl,val
24571.pkl,train
24572.pkl,train
24573.pkl,val
24574.pkl,train
24575.pkl,val
24576.pkl,train
24577.pkl,val
24578.pkl,val
24579.pkl,val
24580.pkl,val
24581.pkl,train
24582.pkl,val
24583.pkl,val
24584.pkl,train
24585.pkl,val
24586.pkl,train
24587.pkl,val
24588.pkl,val
24589.pkl,train
24590.pkl,train
24591.pkl,val
24592.pkl,val
24593.pkl,train
24594.pkl,val
24595.pkl,train
24596.pkl,val
24597.pkl,val
24598.pkl,val
24599.pkl,train
24600.pkl,val
24601.pkl,train
24602.pkl,train
24603.pkl,val
24604.pkl,val
24605.pkl,train
24606.pkl,val
24607.pkl,train
24608.pkl,train
24609.pkl,val
24610.pkl,val
24611.pkl,val
24612.pkl,train
24613.pkl,val
24614.pkl,train
24615.pkl,val
24616.pkl,train
24617.pkl,val
24618.pkl,val
24619.pkl,val
24620.pkl,val
24621.pkl,train
24622.pkl,val
24623.pkl,train
24624.pkl,train
24625.pkl,val
24626.pkl,val
24627.pkl,train
24628.pkl,train
24629.pkl,val
24630.pkl,train
24631.pkl,train
24632.pkl,val
24633.pkl,val
24634.pkl,train
24635.pkl,val
24636.pkl,train
24637.pkl,val
24638.pkl,val
24639.pkl,val
24640.pkl,val
24641.pkl,val
24642.pkl,val
24643.pkl,train
24644.pkl,train
24645.pkl,val
24646.pkl,train
24647.pkl,train
24648.pkl,train
24649.pkl,val
24650.pkl,val
24651.pkl,train
24652.pkl,train
24653.pkl,train
24654.pkl,val
24655.pkl,val
24656.pkl,train
24657.pkl,train
24658.pkl,train
24659.pkl,val
24660.pkl,val
24661.pkl,train
24662.pkl,val
24663.pkl,val
24664.pkl,train
24665.pkl,train
24666.pkl,val
24667.pkl,train
24668.pkl,train
24669.pkl,train
24670.pkl,train
24671.pkl,val
24672.pkl,val
24673.pkl,val
24674.pkl,train
24675.pkl,val
24676.pkl,val
24677.pkl,val
24678.pkl,val
24679.pkl,val
24680.pkl,train
24681.pkl,val
24682.pkl,train
24683.pkl,train
24684.pkl,val
24685.pkl,train
24686.pkl,val
24687.pkl,val
24688.pkl,val
24689.pkl,train
24690.pkl,train
24691.pkl,val
24692.pkl,train
24693.pkl,train
24694.pkl,train
24695.pkl,val
24696.pkl,val
24697.pkl,val
24698.pkl,train
24699.pkl,train
24700.pkl,train
24701.pkl,train
24702.pkl,val
24703.pkl,val
24704.pkl,val
24705.pkl,val
24706.pkl,val
24707.pkl,val
24708.pkl,val
24709.pkl,val
24710.pkl,val
24711.pkl,val
24712.pkl,val
24713.pkl,train
24714.pkl,val
24715.pkl,val
24716.pkl,train
24717.pkl,val
24718.pkl,val
24719.pkl,train
24720.pkl,val
24721.pkl,train
24722.pkl,val
24723.pkl,train
24724.pkl,val
24725.pkl,train
24726.pkl,val
24727.pkl,val
24728.pkl,val
24729.pkl,val
24730.pkl,train
24731.pkl,train
24732.pkl,val
24733.pkl,train
24734.pkl,val
24735.pkl,train
24736.pkl,train
24737.pkl,val
24738.pkl,train
24739.pkl,val
24740.pkl,train
24741.pkl,val
24742.pkl,train
24743.pkl,val
24744.pkl,train
24745.pkl,train
24746.pkl,train
24747.pkl,train
24748.pkl,val
24749.pkl,train
24750.pkl,val
24751.pkl,train
24752.pkl,train
24753.pkl,train
24754.pkl,val
24755.pkl,val
24756.pkl,val
24757.pkl,val
24758.pkl,val
24759.pkl,val
24760.pkl,train
24761.pkl,train
24762.pkl,train
24763.pkl,val
24764.pkl,val
24765.pkl,val
24766.pkl,val
24767.pkl,val
24768.pkl,train
24769.pkl,train
24770.pkl,train
24771.pkl,val
24772.pkl,train
24773.pkl,train
24774.pkl,train
24775.pkl,train
24776.pkl,train
24777.pkl,train
24778.pkl,val
24779.pkl,val
24780.pkl,val
24781.pkl,val
24782.pkl,train
24783.pkl,train
24784.pkl,train
24785.pkl,val
24786.pkl,val
24787.pkl,train
24788.pkl,train
24789.pkl,train
24790.pkl,train
24791.pkl,train
24792.pkl,val
24793.pkl,train
24794.pkl,train
24795.pkl,train
24796.pkl,val
24797.pkl,val
24798.pkl,train
24799.pkl,train
24800.pkl,val
24801.pkl,val
24802.pkl,train
24803.pkl,val
24804.pkl,train
24805.pkl,train
24806.pkl,val
24807.pkl,val
24808.pkl,train
24809.pkl,train
24810.pkl,train
24811.pkl,train
24812.pkl,train
24813.pkl,train
24814.pkl,val
24815.pkl,train
24816.pkl,train
24817.pkl,val
24818.pkl,train
24819.pkl,val
24820.pkl,val
24821.pkl,train
24822.pkl,val
24823.pkl,val
24824.pkl,train
24825.pkl,val
24826.pkl,train
24827.pkl,val
24828.pkl,train
24829.pkl,train
24830.pkl,train
24831.pkl,train
24832.pkl,val
24833.pkl,val
24834.pkl,val
24835.pkl,train
24836.pkl,val
24837.pkl,val
24838.pkl,train
24839.pkl,train
24840.pkl,val
24841.pkl,val
24842.pkl,train
24843.pkl,val
24844.pkl,val
24845.pkl,train
24846.pkl,val
24847.pkl,val
24848.pkl,train
24849.pkl,train
24850.pkl,val
24851.pkl,train
24852.pkl,train
24853.pkl,train
24854.pkl,train
24855.pkl,val
24856.pkl,val
24857.pkl,train
24858.pkl,val
24859.pkl,val
24860.pkl,train
24861.pkl,train
24862.pkl,val
24863.pkl,val
24864.pkl,val
24865.pkl,train
24866.pkl,val
24867.pkl,val
24868.pkl,train
24869.pkl,val
24870.pkl,train
24871.pkl,val
24872.pkl,train
24873.pkl,train
24874.pkl,val
24875.pkl,train
24876.pkl,val
24877.pkl,train
24878.pkl,val
24879.pkl,train
24880.pkl,train
24881.pkl,train
24882.pkl,train
24883.pkl,val
24884.pkl,train
24885.pkl,train
24886.pkl,val
24887.pkl,val
24888.pkl,train
24889.pkl,val
24890.pkl,val
24891.pkl,train
24892.pkl,val
24893.pkl,val
24894.pkl,train
24895.pkl,val
24896.pkl,val
24897.pkl,train
24898.pkl,val
24899.pkl,train
24900.pkl,train
24901.pkl,val
24902.pkl,train
24903.pkl,val
24904.pkl,val
24905.pkl,val
24906.pkl,train
24907.pkl,train
24908.pkl,val
24909.pkl,train
24910.pkl,train
24911.pkl,val
24912.pkl,val
24913.pkl,val
24914.pkl,val
24915.pkl,val
24916.pkl,val
24917.pkl,val
24918.pkl,val
24919.pkl,val
24920.pkl,val
24921.pkl,val
24922.pkl,val
24923.pkl,train
24924.pkl,train
24925.pkl,train
24926.pkl,val
24927.pkl,train
24928.pkl,val
24929.pkl,train
24930.pkl,val
24931.pkl,train
24932.pkl,train
24933.pkl,val
24934.pkl,val
24935.pkl,val
24936.pkl,val
24937.pkl,train
24938.pkl,val
24939.pkl,train
24940.pkl,train
24941.pkl,val
24942.pkl,val
24943.pkl,val
24944.pkl,train
24945.pkl,train
24946.pkl,train
24947.pkl,val
24948.pkl,val
24949.pkl,val
24950.pkl,train
24951.pkl,val
24952.pkl,train
24953.pkl,train
24954.pkl,train
24955.pkl,val
24956.pkl,train
24957.pkl,train
24958.pkl,train
24959.pkl,train
24960.pkl,val
24961.pkl,val
24962.pkl,val
24963.pkl,train
24964.pkl,train
24965.pkl,val
24966.pkl,val
24967.pkl,val
24968.pkl,train
24969.pkl,train
24970.pkl,val
24971.pkl,train
24972.pkl,train
24973.pkl,val
24974.pkl,val
24975.pkl,val
24976.pkl,train
24977.pkl,val
24978.pkl,train
24979.pkl,val
24980.pkl,train
24981.pkl,train
24982.pkl,train
24983.pkl,val
24984.pkl,val
24985.pkl,train
24986.pkl,val
24987.pkl,train
24988.pkl,val
24989.pkl,train
24990.pkl,val
24991.pkl,val
24992.pkl,train
24993.pkl,val
24994.pkl,val
24995.pkl,train
24996.pkl,val
24997.pkl,val
24998.pkl,val
24999.pkl,val
25000.pkl,train
25001.pkl,val
25002.pkl,val
25003.pkl,train
25004.pkl,train
25005.pkl,val
25006.pkl,val
25007.pkl,val
25008.pkl,train
25009.pkl,val
25010.pkl,train
25011.pkl,val
25012.pkl,train
25013.pkl,val
25014.pkl,train
25015.pkl,val
25016.pkl,val
25017.pkl,train
25018.pkl,train
25019.pkl,val
25020.pkl,val
25021.pkl,train
25022.pkl,train
25023.pkl,val
25024.pkl,train
25025.pkl,val
25026.pkl,val
25027.pkl,train
25028.pkl,train
25029.pkl,val
25030.pkl,train
25031.pkl,train
25032.pkl,val
25033.pkl,val
25034.pkl,val
25035.pkl,val
25036.pkl,val
25037.pkl,val
25038.pkl,train
25039.pkl,val
25040.pkl,train
25041.pkl,val
25042.pkl,val
25043.pkl,val
25044.pkl,train
25045.pkl,val
25046.pkl,train
25047.pkl,train
25048.pkl,val
25049.pkl,val
25050.pkl,val
25051.pkl,train
25052.pkl,train
25053.pkl,train
25054.pkl,val
25055.pkl,train
25056.pkl,train
25057.pkl,val
25058.pkl,train
25059.pkl,val
25060.pkl,train
25061.pkl,val
25062.pkl,val
25063.pkl,val
25064.pkl,val
25065.pkl,train
25066.pkl,val
25067.pkl,val
25068.pkl,val
25069.pkl,train
25070.pkl,val
25071.pkl,train
25072.pkl,val
25073.pkl,val
25074.pkl,train
25075.pkl,val
25076.pkl,val
25077.pkl,train
25078.pkl,val
25079.pkl,train
25080.pkl,val
25081.pkl,train
25082.pkl,val
25083.pkl,train
25084.pkl,train
25085.pkl,train
25086.pkl,val
25087.pkl,val
25088.pkl,train
25089.pkl,val
25090.pkl,val
25091.pkl,train
25092.pkl,train
25093.pkl,train
25094.pkl,train
25095.pkl,val
25096.pkl,val
25097.pkl,val
25098.pkl,val
25099.pkl,train
25100.pkl,train
25101.pkl,val
25102.pkl,val
25103.pkl,val
25104.pkl,val
25105.pkl,train
25106.pkl,train
25107.pkl,train
25108.pkl,train
25109.pkl,train
25110.pkl,train
25111.pkl,val
25112.pkl,val
25113.pkl,val
25114.pkl,train
25115.pkl,val
25116.pkl,train
25117.pkl,train
25118.pkl,val
25119.pkl,train
25120.pkl,train
25121.pkl,val
25122.pkl,train
25123.pkl,val
25124.pkl,train
25125.pkl,train
25126.pkl,train
25127.pkl,val
25128.pkl,train
25129.pkl,train
25130.pkl,val
25131.pkl,val
25132.pkl,val
25133.pkl,train
25134.pkl,val
25135.pkl,train
25136.pkl,val
25137.pkl,val
25138.pkl,val
25139.pkl,val
25140.pkl,train
25141.pkl,val
25142.pkl,train
25143.pkl,val
25144.pkl,train
25145.pkl,train
25146.pkl,val
25147.pkl,val
25148.pkl,val
25149.pkl,val
25150.pkl,train
25151.pkl,train
25152.pkl,train
25153.pkl,val
25154.pkl,train
25155.pkl,val
25156.pkl,train
25157.pkl,train
25158.pkl,val
25159.pkl,train
25160.pkl,val
25161.pkl,val
25162.pkl,val
25163.pkl,val
25164.pkl,val
25165.pkl,val
25166.pkl,val
25167.pkl,val
25168.pkl,val
25169.pkl,val
25170.pkl,val
25171.pkl,val
25172.pkl,val
25173.pkl,train
25174.pkl,train
25175.pkl,val
25176.pkl,val
25177.pkl,val
25178.pkl,train
25179.pkl,train
25180.pkl,val
25181.pkl,train
25182.pkl,train
25183.pkl,val
25184.pkl,val
25185.pkl,val
25186.pkl,train
25187.pkl,val
25188.pkl,val
25189.pkl,val
25190.pkl,train
25191.pkl,train
25192.pkl,val
25193.pkl,val
25194.pkl,train
25195.pkl,train
25196.pkl,val
25197.pkl,val
25198.pkl,train
25199.pkl,train
25200.pkl,train
25201.pkl,train
25202.pkl,train
25203.pkl,val
25204.pkl,val
25205.pkl,train
25206.pkl,val
25207.pkl,train
25208.pkl,train
25209.pkl,val
25210.pkl,train
25211.pkl,val
25212.pkl,val
25213.pkl,train
25214.pkl,val
25215.pkl,val
25216.pkl,val
25217.pkl,val
25218.pkl,val
25219.pkl,val
25220.pkl,train
25221.pkl,train
25222.pkl,val
25223.pkl,val
25224.pkl,val
25225.pkl,train
25226.pkl,train
25227.pkl,train
25228.pkl,train
25229.pkl,train
25230.pkl,train
25231.pkl,val
25232.pkl,val
25233.pkl,val
25234.pkl,val
25235.pkl,val
25236.pkl,train
25237.pkl,val
25238.pkl,train
25239.pkl,train
25240.pkl,train
25241.pkl,val
25242.pkl,train
25243.pkl,train
25244.pkl,val
25245.pkl,val
25246.pkl,val
25247.pkl,val
25248.pkl,train
25249.pkl,train
25250.pkl,val
25251.pkl,train
25252.pkl,val
25253.pkl,val
25254.pkl,train
25255.pkl,val
25256.pkl,val
25257.pkl,train
25258.pkl,train
25259.pkl,train
25260.pkl,train
25261.pkl,val
25262.pkl,train
25263.pkl,train
25264.pkl,train
25265.pkl,train
25266.pkl,val
25267.pkl,train
25268.pkl,val
25269.pkl,val
25270.pkl,val
25271.pkl,train
25272.pkl,train
25273.pkl,train
25274.pkl,val
25275.pkl,val
25276.pkl,train
25277.pkl,train
25278.pkl,val
25279.pkl,train
25280.pkl,train
25281.pkl,train
25282.pkl,train
25283.pkl,val
25284.pkl,train
25285.pkl,val
25286.pkl,train
25287.pkl,val
25288.pkl,val
25289.pkl,val
25290.pkl,train
25291.pkl,train
25292.pkl,val
25293.pkl,val
25294.pkl,val
25295.pkl,train
25296.pkl,val
25297.pkl,train
25298.pkl,train
25299.pkl,train
25300.pkl,val
25301.pkl,train
25302.pkl,val
25303.pkl,val
25304.pkl,val
25305.pkl,train
25306.pkl,train
25307.pkl,val
25308.pkl,train
25309.pkl,val
25310.pkl,val
25311.pkl,train
25312.pkl,val
25313.pkl,train
25314.pkl,train
25315.pkl,val
25316.pkl,train
25317.pkl,val
25318.pkl,train
25319.pkl,val
25320.pkl,train
25321.pkl,train
25322.pkl,train
25323.pkl,train
25324.pkl,train
25325.pkl,val
25326.pkl,train
25327.pkl,train
25328.pkl,train
25329.pkl,train
25330.pkl,train
25331.pkl,val
25332.pkl,train
25333.pkl,val
25334.pkl,train
25335.pkl,val
25336.pkl,train
25337.pkl,val
25338.pkl,train
25339.pkl,val
25340.pkl,val
25341.pkl,train
25342.pkl,val
25343.pkl,train
25344.pkl,train
25345.pkl,val
25346.pkl,val
25347.pkl,val
25348.pkl,train
25349.pkl,train
25350.pkl,val
25351.pkl,val
25352.pkl,train
25353.pkl,val
25354.pkl,val
25355.pkl,val
25356.pkl,train
25357.pkl,train
25358.pkl,train
25359.pkl,train
25360.pkl,train
25361.pkl,val
25362.pkl,train
25363.pkl,train
25364.pkl,val
25365.pkl,train
25366.pkl,val
25367.pkl,train
25368.pkl,val
25369.pkl,val
25370.pkl,val
25371.pkl,train
25372.pkl,train
25373.pkl,val
25374.pkl,val
25375.pkl,train
25376.pkl,train
25377.pkl,val
25378.pkl,train
25379.pkl,train
25380.pkl,val
25381.pkl,train
25382.pkl,val
25383.pkl,train
25384.pkl,val
25385.pkl,train
25386.pkl,val
25387.pkl,train
25388.pkl,val
25389.pkl,val
25390.pkl,train
25391.pkl,val
25392.pkl,val
25393.pkl,train
25394.pkl,val
25395.pkl,train
25396.pkl,val
25397.pkl,val
25398.pkl,val
25399.pkl,val
25400.pkl,val
25401.pkl,train
25402.pkl,train
25403.pkl,val
25404.pkl,train
25405.pkl,train
25406.pkl,train
25407.pkl,val
25408.pkl,train
25409.pkl,train
25410.pkl,train
25411.pkl,val
25412.pkl,train
25413.pkl,train
25414.pkl,val
25415.pkl,train
25416.pkl,val
25417.pkl,train
25418.pkl,val
25419.pkl,train
25420.pkl,val
25421.pkl,val
25422.pkl,val
25423.pkl,train
25424.pkl,train
25425.pkl,val
25426.pkl,train
25427.pkl,train
25428.pkl,train
25429.pkl,train
25430.pkl,val
25431.pkl,train
25432.pkl,val
25433.pkl,val
25434.pkl,val
25435.pkl,val
25436.pkl,train
25437.pkl,val
25438.pkl,val
25439.pkl,val
25440.pkl,train
25441.pkl,val
25442.pkl,val
25443.pkl,val
25444.pkl,val
25445.pkl,val
25446.pkl,train
25447.pkl,train
25448.pkl,val
25449.pkl,train
25450.pkl,train
25451.pkl,train
25452.pkl,val
25453.pkl,val
25454.pkl,train
25455.pkl,val
25456.pkl,val
25457.pkl,val
25458.pkl,val
25459.pkl,val
25460.pkl,val
25461.pkl,train
25462.pkl,train
25463.pkl,train
25464.pkl,train
25465.pkl,val
25466.pkl,val
25467.pkl,val
25468.pkl,train
25469.pkl,val
25470.pkl,val
25471.pkl,train
25472.pkl,train
25473.pkl,train
25474.pkl,val
25475.pkl,train
25476.pkl,train
25477.pkl,train
25478.pkl,val
25479.pkl,train
25480.pkl,val
25481.pkl,train
25482.pkl,val
25483.pkl,val
25484.pkl,val
25485.pkl,train
25486.pkl,val
25487.pkl,train
25488.pkl,train
25489.pkl,train
25490.pkl,train
25491.pkl,train
25492.pkl,train
25493.pkl,val
25494.pkl,train
25495.pkl,val
25496.pkl,val
25497.pkl,val
25498.pkl,val
25499.pkl,val
25500.pkl,val
25501.pkl,val
25502.pkl,val
25503.pkl,val
25504.pkl,train
25505.pkl,val
25506.pkl,train
25507.pkl,val
25508.pkl,train
25509.pkl,train
25510.pkl,val
25511.pkl,val
25512.pkl,val
25513.pkl,train
25514.pkl,train
25515.pkl,val
25516.pkl,val
25517.pkl,train
25518.pkl,train
25519.pkl,val
25520.pkl,train
25521.pkl,val
25522.pkl,train
25523.pkl,val
25524.pkl,val
25525.pkl,val
25526.pkl,val
25527.pkl,val
25528.pkl,train
25529.pkl,train
25530.pkl,val
25531.pkl,val
25532.pkl,val
25533.pkl,val
25534.pkl,val
25535.pkl,train
25536.pkl,train
25537.pkl,train
25538.pkl,val
25539.pkl,val
25540.pkl,val
25541.pkl,train
25542.pkl,train
25543.pkl,train
25544.pkl,val
25545.pkl,train
25546.pkl,train
25547.pkl,train
25548.pkl,val
25549.pkl,train
25550.pkl,train
25551.pkl,val
25552.pkl,train
25553.pkl,val
25554.pkl,val
25555.pkl,val
25556.pkl,train
25557.pkl,val
25558.pkl,val
25559.pkl,train
25560.pkl,train
25561.pkl,val
25562.pkl,train
25563.pkl,val
25564.pkl,val
25565.pkl,val
25566.pkl,train
25567.pkl,train
25568.pkl,val
25569.pkl,val
25570.pkl,train
25571.pkl,val
25572.pkl,train
25573.pkl,train
25574.pkl,train
25575.pkl,val
25576.pkl,train
25577.pkl,train
25578.pkl,val
25579.pkl,train
25580.pkl,train
25581.pkl,val
25582.pkl,train
25583.pkl,val
25584.pkl,val
25585.pkl,val
25586.pkl,val
25587.pkl,train
25588.pkl,val
25589.pkl,train
25590.pkl,val
25591.pkl,val
25592.pkl,train
25593.pkl,train
25594.pkl,train
25595.pkl,train
25596.pkl,train
25597.pkl,val
25598.pkl,val
25599.pkl,val
25600.pkl,val
25601.pkl,val
25602.pkl,train
25603.pkl,val
25604.pkl,val
25605.pkl,val
25606.pkl,val
25607.pkl,val
25608.pkl,val
25609.pkl,val
25610.pkl,train
25611.pkl,val
25612.pkl,train
25613.pkl,train
25614.pkl,val
25615.pkl,val
25616.pkl,train
25617.pkl,val
25618.pkl,train
25619.pkl,val
25620.pkl,train
25621.pkl,train
25622.pkl,val
25623.pkl,train
25624.pkl,val
25625.pkl,train
25626.pkl,val
25627.pkl,train
25628.pkl,val
25629.pkl,train
25630.pkl,val
25631.pkl,val
25632.pkl,val
25633.pkl,val
25634.pkl,val
25635.pkl,val
25636.pkl,val
25637.pkl,train
25638.pkl,val
25639.pkl,train
25640.pkl,val
25641.pkl,val
25642.pkl,train
25643.pkl,val
25644.pkl,train
25645.pkl,val
25646.pkl,val
25647.pkl,train
25648.pkl,val
25649.pkl,val
25650.pkl,train
25651.pkl,train
25652.pkl,train
25653.pkl,train
25654.pkl,train
25655.pkl,train
25656.pkl,train
25657.pkl,train
25658.pkl,val
25659.pkl,train
25660.pkl,train
25661.pkl,train
25662.pkl,val
25663.pkl,val
25664.pkl,val
25665.pkl,val
25666.pkl,train
25667.pkl,train
25668.pkl,val
25669.pkl,val
25670.pkl,train
25671.pkl,train
25672.pkl,val
25673.pkl,val
25674.pkl,val
25675.pkl,train
25676.pkl,train
25677.pkl,val
25678.pkl,train
25679.pkl,train
25680.pkl,val
25681.pkl,train
25682.pkl,val
25683.pkl,val
25684.pkl,val
25685.pkl,train
25686.pkl,train
25687.pkl,val
25688.pkl,train
25689.pkl,train
25690.pkl,val
25691.pkl,train
25692.pkl,train
25693.pkl,train
25694.pkl,train
25695.pkl,val
25696.pkl,val
25697.pkl,train
25698.pkl,val
25699.pkl,train
25700.pkl,train
25701.pkl,val
25702.pkl,val
25703.pkl,val
25704.pkl,train
25705.pkl,val
25706.pkl,train
25707.pkl,train
25708.pkl,val
25709.pkl,val
25710.pkl,train
25711.pkl,train
25712.pkl,train
25713.pkl,train
25714.pkl,train
25715.pkl,train
25716.pkl,train
25717.pkl,val
25718.pkl,train
25719.pkl,train
25720.pkl,train
25721.pkl,train
25722.pkl,val
25723.pkl,train
25724.pkl,train
25725.pkl,val
25726.pkl,train
25727.pkl,train
25728.pkl,val
25729.pkl,train
25730.pkl,train
25731.pkl,val
25732.pkl,train
25733.pkl,val
25734.pkl,val
25735.pkl,train
25736.pkl,val
25737.pkl,train
25738.pkl,val
25739.pkl,train
25740.pkl,train
25741.pkl,val
25742.pkl,val
25743.pkl,train
25744.pkl,val
25745.pkl,val
25746.pkl,val
25747.pkl,val
25748.pkl,val
25749.pkl,val
25750.pkl,train
25751.pkl,val
25752.pkl,val
25753.pkl,train
25754.pkl,val
25755.pkl,train
25756.pkl,train
25757.pkl,val
25758.pkl,train
25759.pkl,val
25760.pkl,val
25761.pkl,val
25762.pkl,train
25763.pkl,train
25764.pkl,train
25765.pkl,val
25766.pkl,train
25767.pkl,val
25768.pkl,train
25769.pkl,train
25770.pkl,train
25771.pkl,val
25772.pkl,val
25773.pkl,val
25774.pkl,train
25775.pkl,train
25776.pkl,val
25777.pkl,val
25778.pkl,train
25779.pkl,val
25780.pkl,val
25781.pkl,val
25782.pkl,train
25783.pkl,train
25784.pkl,train
25785.pkl,train
25786.pkl,val
25787.pkl,val
25788.pkl,val
25789.pkl,train
25790.pkl,train
25791.pkl,val
25792.pkl,train
25793.pkl,train
25794.pkl,train
25795.pkl,train
25796.pkl,val
25797.pkl,val
25798.pkl,train
25799.pkl,train
25800.pkl,train
25801.pkl,val
25802.pkl,val
25803.pkl,train
25804.pkl,val
25805.pkl,val
25806.pkl,val
25807.pkl,val
25808.pkl,val
25809.pkl,train
25810.pkl,train
25811.pkl,val
25812.pkl,train
25813.pkl,train
25814.pkl,val
25815.pkl,train
25816.pkl,val
25817.pkl,train
25818.pkl,train
25819.pkl,train
25820.pkl,train
25821.pkl,val
25822.pkl,val
25823.pkl,val
25824.pkl,val
25825.pkl,val
25826.pkl,val
25827.pkl,val
25828.pkl,train
25829.pkl,train
25830.pkl,train
25831.pkl,val
25832.pkl,val
25833.pkl,val
25834.pkl,val
25835.pkl,train
25836.pkl,train
25837.pkl,train
25838.pkl,val
25839.pkl,train
25840.pkl,train
25841.pkl,train
25842.pkl,val
25843.pkl,val
25844.pkl,val
25845.pkl,train
25846.pkl,train
25847.pkl,val
25848.pkl,val
25849.pkl,train
25850.pkl,train
25851.pkl,train
25852.pkl,val
25853.pkl,train
25854.pkl,train
25855.pkl,val
25856.pkl,val
25857.pkl,train
25858.pkl,val
25859.pkl,train
25860.pkl,val
25861.pkl,train
25862.pkl,val
25863.pkl,val
25864.pkl,val
25865.pkl,val
25866.pkl,val
25867.pkl,train
25868.pkl,val
25869.pkl,val
25870.pkl,val
25871.pkl,train
25872.pkl,val
25873.pkl,val
25874.pkl,val
25875.pkl,val
25876.pkl,train
25877.pkl,train
25878.pkl,train
25879.pkl,val
25880.pkl,val
25881.pkl,val
25882.pkl,val
25883.pkl,val
25884.pkl,val
25885.pkl,train
25886.pkl,val
25887.pkl,val
25888.pkl,train
25889.pkl,train
25890.pkl,val
25891.pkl,train
25892.pkl,train
25893.pkl,train
25894.pkl,val
25895.pkl,train
25896.pkl,val
25897.pkl,train
25898.pkl,train
25899.pkl,val
25900.pkl,train
25901.pkl,train
25902.pkl,val
25903.pkl,val
25904.pkl,train
25905.pkl,train
25906.pkl,val
25907.pkl,val
25908.pkl,train
25909.pkl,train
25910.pkl,val
25911.pkl,train
25912.pkl,val
25913.pkl,train
25914.pkl,train
25915.pkl,train
25916.pkl,val
25917.pkl,val
25918.pkl,train
25919.pkl,val
25920.pkl,val
25921.pkl,val
25922.pkl,val
25923.pkl,train
25924.pkl,val
25925.pkl,val
25926.pkl,val
25927.pkl,train
25928.pkl,val
25929.pkl,train
25930.pkl,train
25931.pkl,train
25932.pkl,val
25933.pkl,train
25934.pkl,train
25935.pkl,val
25936.pkl,val
25937.pkl,train
25938.pkl,val
25939.pkl,val
25940.pkl,val
25941.pkl,train
25942.pkl,train
25943.pkl,val
25944.pkl,train
25945.pkl,val
25946.pkl,train
25947.pkl,train
25948.pkl,val
25949.pkl,train
25950.pkl,train
25951.pkl,val
25952.pkl,train
25953.pkl,train
25954.pkl,train
25955.pkl,val
25956.pkl,train
25957.pkl,val
25958.pkl,train
25959.pkl,train
25960.pkl,train
25961.pkl,train
25962.pkl,train
25963.pkl,val
25964.pkl,train
25965.pkl,train
25966.pkl,val
25967.pkl,val
25968.pkl,val
25969.pkl,train
25970.pkl,train
25971.pkl,train
25972.pkl,val
25973.pkl,train
25974.pkl,val
25975.pkl,val
25976.pkl,val
25977.pkl,val
25978.pkl,train
25979.pkl,train
25980.pkl,val
25981.pkl,train
25982.pkl,val
25983.pkl,train
25984.pkl,val
25985.pkl,train
25986.pkl,train
25987.pkl,train
25988.pkl,val
25989.pkl,val
25990.pkl,train
25991.pkl,train
25992.pkl,train
25993.pkl,val
25994.pkl,val
25995.pkl,val
25996.pkl,val
25997.pkl,train
25998.pkl,val
25999.pkl,val
26000.pkl,train
26001.pkl,val
26002.pkl,val
26003.pkl,val
26004.pkl,train
26005.pkl,val
26006.pkl,train
26007.pkl,train
26008.pkl,train
26009.pkl,val
26010.pkl,val
26011.pkl,val
26012.pkl,train
26013.pkl,val
26014.pkl,val
26015.pkl,train
26016.pkl,val
26017.pkl,val
26018.pkl,val
26019.pkl,train
26020.pkl,val
26021.pkl,train
26022.pkl,val
26023.pkl,val
26024.pkl,val
26025.pkl,val
26026.pkl,val
26027.pkl,val
26028.pkl,train
26029.pkl,val
26030.pkl,train
26031.pkl,val
26032.pkl,train
26033.pkl,train
26034.pkl,train
26035.pkl,train
26036.pkl,val
26037.pkl,val
26038.pkl,train
26039.pkl,train
26040.pkl,val
26041.pkl,val
26042.pkl,train
26043.pkl,val
26044.pkl,val
26045.pkl,train
26046.pkl,train
26047.pkl,val
26048.pkl,val
26049.pkl,val
26050.pkl,val
26051.pkl,train
26052.pkl,train
26053.pkl,val
26054.pkl,val
26055.pkl,val
26056.pkl,train
26057.pkl,train
26058.pkl,train
26059.pkl,train
26060.pkl,train
26061.pkl,val
26062.pkl,train
26063.pkl,train
26064.pkl,val
26065.pkl,train
26066.pkl,train
26067.pkl,train
26068.pkl,train
26069.pkl,val
26070.pkl,train
26071.pkl,val
26072.pkl,val
26073.pkl,train
26074.pkl,val
26075.pkl,val
26076.pkl,train
26077.pkl,val
26078.pkl,val
26079.pkl,val
26080.pkl,train
26081.pkl,val
26082.pkl,val
26083.pkl,val
26084.pkl,train
26085.pkl,val
26086.pkl,train
26087.pkl,train
26088.pkl,train
26089.pkl,val
26090.pkl,val
26091.pkl,val
26092.pkl,val
26093.pkl,val
26094.pkl,train
26095.pkl,val
26096.pkl,val
26097.pkl,val
26098.pkl,val
26099.pkl,val
26100.pkl,train
26101.pkl,train
26102.pkl,val
26103.pkl,val
26104.pkl,train
26105.pkl,train
26106.pkl,val
26107.pkl,train
26108.pkl,train
26109.pkl,val
26110.pkl,val
26111.pkl,train
26112.pkl,train
26113.pkl,val
26114.pkl,val
26115.pkl,val
26116.pkl,train
26117.pkl,val
26118.pkl,train
26119.pkl,train
26120.pkl,train
26121.pkl,train
26122.pkl,val
26123.pkl,train
26124.pkl,train
26125.pkl,val
26126.pkl,val
26127.pkl,val
26128.pkl,val
26129.pkl,train
26130.pkl,val
26131.pkl,val
26132.pkl,val
26133.pkl,train
26134.pkl,train
26135.pkl,val
26136.pkl,train
26137.pkl,val
26138.pkl,train
26139.pkl,val
26140.pkl,train
26141.pkl,val
26142.pkl,train
26143.pkl,val
26144.pkl,val
26145.pkl,val
26146.pkl,val
26147.pkl,train
26148.pkl,val
26149.pkl,train
26150.pkl,train
26151.pkl,train
26152.pkl,train
26153.pkl,train
26154.pkl,train
26155.pkl,val
26156.pkl,val
26157.pkl,val
26158.pkl,train
26159.pkl,val
26160.pkl,val
26161.pkl,val
26162.pkl,val
26163.pkl,val
26164.pkl,val
26165.pkl,train
26166.pkl,val
26167.pkl,val
26168.pkl,val
26169.pkl,train
26170.pkl,val
26171.pkl,val
26172.pkl,train
26173.pkl,train
26174.pkl,train
26175.pkl,val
26176.pkl,val
26177.pkl,val
26178.pkl,train
26179.pkl,train
26180.pkl,train
26181.pkl,train
26182.pkl,train
26183.pkl,train
26184.pkl,train
26185.pkl,train
26186.pkl,train
26187.pkl,train
26188.pkl,train
26189.pkl,val
26190.pkl,train
26191.pkl,val
26192.pkl,train
26193.pkl,val
26194.pkl,train
26195.pkl,val
26196.pkl,train
26197.pkl,train
26198.pkl,train
26199.pkl,train
26200.pkl,train
26201.pkl,val
26202.pkl,train
26203.pkl,train
26204.pkl,val
26205.pkl,train
26206.pkl,val
26207.pkl,train
26208.pkl,train
26209.pkl,train
26210.pkl,val
26211.pkl,train
26212.pkl,train
26213.pkl,train
26214.pkl,train
26215.pkl,val
26216.pkl,train
26217.pkl,val
26218.pkl,val
26219.pkl,val
26220.pkl,train
26221.pkl,train
26222.pkl,val
26223.pkl,train
26224.pkl,train
26225.pkl,val
26226.pkl,train
26227.pkl,val
26228.pkl,train
26229.pkl,val
26230.pkl,val
26231.pkl,train
26232.pkl,train
26233.pkl,train
26234.pkl,val
26235.pkl,train
26236.pkl,val
26237.pkl,train
26238.pkl,train
26239.pkl,train
26240.pkl,val
26241.pkl,train
26242.pkl,val
26243.pkl,val
26244.pkl,val
26245.pkl,train
26246.pkl,train
26247.pkl,train
26248.pkl,val
26249.pkl,train
26250.pkl,train
26251.pkl,val
26252.pkl,val
26253.pkl,val
26254.pkl,val
26255.pkl,val
26256.pkl,val
26257.pkl,val
26258.pkl,train
26259.pkl,val
26260.pkl,val
26261.pkl,train
26262.pkl,val
26263.pkl,val
26264.pkl,train
26265.pkl,val
26266.pkl,train
26267.pkl,val
26268.pkl,train
26269.pkl,val
26270.pkl,val
26271.pkl,val
26272.pkl,train
26273.pkl,train
26274.pkl,val
26275.pkl,val
26276.pkl,val
26277.pkl,train
26278.pkl,train
26279.pkl,val
26280.pkl,train
26281.pkl,train
26282.pkl,val
26283.pkl,train
26284.pkl,val
26285.pkl,train
26286.pkl,val
26287.pkl,val
26288.pkl,train
26289.pkl,val
26290.pkl,val
26291.pkl,train
26292.pkl,train
26293.pkl,train
26294.pkl,train
26295.pkl,val
26296.pkl,train
26297.pkl,val
26298.pkl,val
26299.pkl,val
26300.pkl,val
26301.pkl,val
26302.pkl,train
26303.pkl,val
26304.pkl,val
26305.pkl,val
26306.pkl,train
26307.pkl,val
26308.pkl,val
26309.pkl,train
26310.pkl,val
26311.pkl,train
26312.pkl,train
26313.pkl,train
26314.pkl,val
26315.pkl,train
26316.pkl,val
26317.pkl,train
26318.pkl,train
26319.pkl,train
26320.pkl,val
26321.pkl,val
26322.pkl,val
26323.pkl,train
26324.pkl,val
26325.pkl,train
26326.pkl,val
26327.pkl,val
26328.pkl,train
26329.pkl,train
26330.pkl,train
26331.pkl,val
26332.pkl,val
26333.pkl,val
26334.pkl,train
26335.pkl,train
26336.pkl,train
26337.pkl,val
26338.pkl,train
26339.pkl,train
26340.pkl,train
26341.pkl,train
26342.pkl,val
26343.pkl,train
26344.pkl,train
26345.pkl,val
26346.pkl,val
26347.pkl,val
26348.pkl,train
26349.pkl,val
26350.pkl,train
26351.pkl,train
26352.pkl,train
26353.pkl,train
26354.pkl,val
26355.pkl,train
26356.pkl,train
26357.pkl,train
26358.pkl,val
26359.pkl,val
26360.pkl,val
26361.pkl,val
26362.pkl,val
26363.pkl,val
26364.pkl,train
26365.pkl,val
26366.pkl,val
26367.pkl,train
26368.pkl,train
26369.pkl,train
26370.pkl,train
26371.pkl,val
26372.pkl,train
26373.pkl,val
26374.pkl,train
26375.pkl,val
26376.pkl,train
26377.pkl,train
26378.pkl,val
26379.pkl,train
26380.pkl,val
26381.pkl,train
26382.pkl,train
26383.pkl,val
26384.pkl,train
26385.pkl,train
26386.pkl,val
26387.pkl,train
26388.pkl,val
26389.pkl,train
26390.pkl,val
26391.pkl,val
26392.pkl,val
26393.pkl,train
26394.pkl,val
26395.pkl,train
26396.pkl,val
26397.pkl,train
26398.pkl,val
26399.pkl,train
26400.pkl,train
26401.pkl,val
26402.pkl,train
26403.pkl,val
26404.pkl,train
26405.pkl,train
26406.pkl,val
26407.pkl,val
26408.pkl,train
26409.pkl,val
26410.pkl,train
26411.pkl,val
26412.pkl,val
26413.pkl,train
26414.pkl,train
26415.pkl,train
26416.pkl,train
26417.pkl,val
26418.pkl,val
26419.pkl,train
26420.pkl,val
26421.pkl,train
26422.pkl,val
26423.pkl,val
26424.pkl,train
26425.pkl,val
26426.pkl,val
26427.pkl,val
26428.pkl,val
26429.pkl,val
26430.pkl,train
26431.pkl,train
26432.pkl,train
26433.pkl,train
26434.pkl,train
26435.pkl,val
26436.pkl,val
26437.pkl,train
26438.pkl,val
26439.pkl,val
26440.pkl,train
26441.pkl,train
26442.pkl,train
26443.pkl,train
26444.pkl,train
26445.pkl,val
26446.pkl,train
26447.pkl,val
26448.pkl,train
26449.pkl,val
26450.pkl,train
26451.pkl,val
26452.pkl,train
26453.pkl,val
26454.pkl,val
26455.pkl,train
26456.pkl,train
26457.pkl,val
26458.pkl,train
26459.pkl,train
26460.pkl,train
26461.pkl,val
26462.pkl,train
26463.pkl,val
26464.pkl,val
26465.pkl,val
26466.pkl,train
26467.pkl,train
26468.pkl,val
26469.pkl,val
26470.pkl,val
26471.pkl,train
26472.pkl,val
26473.pkl,val
26474.pkl,val
26475.pkl,train
26476.pkl,val
26477.pkl,train
26478.pkl,val
26479.pkl,train
26480.pkl,train
26481.pkl,val
26482.pkl,val
26483.pkl,train
26484.pkl,train
26485.pkl,train
26486.pkl,train
26487.pkl,val
26488.pkl,val
26489.pkl,val
26490.pkl,val
26491.pkl,train
26492.pkl,val
26493.pkl,train
26494.pkl,val
26495.pkl,val
26496.pkl,train
26497.pkl,val
26498.pkl,val
26499.pkl,train
26500.pkl,train
26501.pkl,train
26502.pkl,val
26503.pkl,train
26504.pkl,val
26505.pkl,val
26506.pkl,train
26507.pkl,val
26508.pkl,train
26509.pkl,val
26510.pkl,val
26511.pkl,val
26512.pkl,val
26513.pkl,val
26514.pkl,train
26515.pkl,val
26516.pkl,train
26517.pkl,val
26518.pkl,val
26519.pkl,train
26520.pkl,train
26521.pkl,val
26522.pkl,train
26523.pkl,val
26524.pkl,train
26525.pkl,val
26526.pkl,val
26527.pkl,val
26528.pkl,val
26529.pkl,val
26530.pkl,train
26531.pkl,train
26532.pkl,train
26533.pkl,val
26534.pkl,train
26535.pkl,val
26536.pkl,train
26537.pkl,val
26538.pkl,train
26539.pkl,train
26540.pkl,train
26541.pkl,val
26542.pkl,train
26543.pkl,val
26544.pkl,val
26545.pkl,val
26546.pkl,val
26547.pkl,val
26548.pkl,val
26549.pkl,train
26550.pkl,val
26551.pkl,train
26552.pkl,val
26553.pkl,train
26554.pkl,val
26555.pkl,val
26556.pkl,train
26557.pkl,train
26558.pkl,val
26559.pkl,train
26560.pkl,val
26561.pkl,train
26562.pkl,val
26563.pkl,val
26564.pkl,train
26565.pkl,val
26566.pkl,train
26567.pkl,train
26568.pkl,train
26569.pkl,val
26570.pkl,train
26571.pkl,val
26572.pkl,val
26573.pkl,train
26574.pkl,val
26575.pkl,val
26576.pkl,train
26577.pkl,val
26578.pkl,train
26579.pkl,train
26580.pkl,train
26581.pkl,train
26582.pkl,train
26583.pkl,val
26584.pkl,train
26585.pkl,val
26586.pkl,train
26587.pkl,val
26588.pkl,train
26589.pkl,train
26590.pkl,train
26591.pkl,val
26592.pkl,train
26593.pkl,train
26594.pkl,val
26595.pkl,val
26596.pkl,train
26597.pkl,val
26598.pkl,val
26599.pkl,train
26600.pkl,val
26601.pkl,train
26602.pkl,val
26603.pkl,train
26604.pkl,train
26605.pkl,train
26606.pkl,val
26607.pkl,train
26608.pkl,train
26609.pkl,val
26610.pkl,val
26611.pkl,val
26612.pkl,val
26613.pkl,val
26614.pkl,train
26615.pkl,val
26616.pkl,train
26617.pkl,train
26618.pkl,train
26619.pkl,val
26620.pkl,train
26621.pkl,val
26622.pkl,val
26623.pkl,train
26624.pkl,train
26625.pkl,train
26626.pkl,val
26627.pkl,train
26628.pkl,train
26629.pkl,val
26630.pkl,val
26631.pkl,train
26632.pkl,val
26633.pkl,val
26634.pkl,val
26635.pkl,val
26636.pkl,train
26637.pkl,train
26638.pkl,train
26639.pkl,train
26640.pkl,val
26641.pkl,val
26642.pkl,val
26643.pkl,train
26644.pkl,train
26645.pkl,val
26646.pkl,train
26647.pkl,val
26648.pkl,val
26649.pkl,val
26650.pkl,val
26651.pkl,train
26652.pkl,val
26653.pkl,val
26654.pkl,train
26655.pkl,val
26656.pkl,val
26657.pkl,train
26658.pkl,val
26659.pkl,train
26660.pkl,train
26661.pkl,val
26662.pkl,train
26663.pkl,train
26664.pkl,val
26665.pkl,val
26666.pkl,train
26667.pkl,val
26668.pkl,val
26669.pkl,train
26670.pkl,train
26671.pkl,train
26672.pkl,train
26673.pkl,val
26674.pkl,val
26675.pkl,train
26676.pkl,train
26677.pkl,val
26678.pkl,val
26679.pkl,train
26680.pkl,train
26681.pkl,val
26682.pkl,val
26683.pkl,val
26684.pkl,val
26685.pkl,val
26686.pkl,val
26687.pkl,train
26688.pkl,train
26689.pkl,val
26690.pkl,train
26691.pkl,val
26692.pkl,val
26693.pkl,train
26694.pkl,train
26695.pkl,val
26696.pkl,train
26697.pkl,train
26698.pkl,val
26699.pkl,val
26700.pkl,train
26701.pkl,train
26702.pkl,val
26703.pkl,val
26704.pkl,val
26705.pkl,val
26706.pkl,train
26707.pkl,train
26708.pkl,train
26709.pkl,val
26710.pkl,val
26711.pkl,val
26712.pkl,val
26713.pkl,val
26714.pkl,val
26715.pkl,val
26716.pkl,val
26717.pkl,val
26718.pkl,train
26719.pkl,train
26720.pkl,train
26721.pkl,train
26722.pkl,train
26723.pkl,train
26724.pkl,val
26725.pkl,train
26726.pkl,val
26727.pkl,val
26728.pkl,train
26729.pkl,train
26730.pkl,train
26731.pkl,train
26732.pkl,val
26733.pkl,train
26734.pkl,train
26735.pkl,train
26736.pkl,val
26737.pkl,train
26738.pkl,val
26739.pkl,train
26740.pkl,val
26741.pkl,val
26742.pkl,train
26743.pkl,train
26744.pkl,train
26745.pkl,train
26746.pkl,val
26747.pkl,val
26748.pkl,train
26749.pkl,train
26750.pkl,train
26751.pkl,train
26752.pkl,val
26753.pkl,val
26754.pkl,train
26755.pkl,val
26756.pkl,val
26757.pkl,val
26758.pkl,val
26759.pkl,train
26760.pkl,train
26761.pkl,val
26762.pkl,train
26763.pkl,val
26764.pkl,val
26765.pkl,train
26766.pkl,val
26767.pkl,train
26768.pkl,train
26769.pkl,train
26770.pkl,train
26771.pkl,val
26772.pkl,val
26773.pkl,val
26774.pkl,val
26775.pkl,train
26776.pkl,train
26777.pkl,val
26778.pkl,val
26779.pkl,val
26780.pkl,train
26781.pkl,val
26782.pkl,val
26783.pkl,train
26784.pkl,train
26785.pkl,train
26786.pkl,train
26787.pkl,train
26788.pkl,train
26789.pkl,val
26790.pkl,val
26791.pkl,val
26792.pkl,train
26793.pkl,train
26794.pkl,val
26795.pkl,val
26796.pkl,val
26797.pkl,val
26798.pkl,train
26799.pkl,train
26800.pkl,train
26801.pkl,val
26802.pkl,train
26803.pkl,train
26804.pkl,val
26805.pkl,train
26806.pkl,val
26807.pkl,train
26808.pkl,val
26809.pkl,train
26810.pkl,train
26811.pkl,train
26812.pkl,train
26813.pkl,val
26814.pkl,train
26815.pkl,val
26816.pkl,val
26817.pkl,val
26818.pkl,val
26819.pkl,train
26820.pkl,val
26821.pkl,train
26822.pkl,val
26823.pkl,train
26824.pkl,val
26825.pkl,val
26826.pkl,train
26827.pkl,train
26828.pkl,train
26829.pkl,train
26830.pkl,train
26831.pkl,train
26832.pkl,val
26833.pkl,train
26834.pkl,val
26835.pkl,train
26836.pkl,train
26837.pkl,val
26838.pkl,train
26839.pkl,train
26840.pkl,train
26841.pkl,train
26842.pkl,train
26843.pkl,train
26844.pkl,train
26845.pkl,val
26846.pkl,train
26847.pkl,train
26848.pkl,val
26849.pkl,train
26850.pkl,train
26851.pkl,train
26852.pkl,val
26853.pkl,val
26854.pkl,train
26855.pkl,train
26856.pkl,val
26857.pkl,val
26858.pkl,train
26859.pkl,train
26860.pkl,train
26861.pkl,val
26862.pkl,train
26863.pkl,train
26864.pkl,val
26865.pkl,train
26866.pkl,train
26867.pkl,train
26868.pkl,val
26869.pkl,val
26870.pkl,val
26871.pkl,train
26872.pkl,val
26873.pkl,train
26874.pkl,train
26875.pkl,val
26876.pkl,val
26877.pkl,val
26878.pkl,val
26879.pkl,val
26880.pkl,train
26881.pkl,val
26882.pkl,val
26883.pkl,val
26884.pkl,train
26885.pkl,train
26886.pkl,val
26887.pkl,train
26888.pkl,train
26889.pkl,val
26890.pkl,val
26891.pkl,train
26892.pkl,train
26893.pkl,train
26894.pkl,val
26895.pkl,val
26896.pkl,train
26897.pkl,train
26898.pkl,val
26899.pkl,val
26900.pkl,train
26901.pkl,train
26902.pkl,train
26903.pkl,train
26904.pkl,val
26905.pkl,train
26906.pkl,train
26907.pkl,train
26908.pkl,train
26909.pkl,val
26910.pkl,train
26911.pkl,train
26912.pkl,train
26913.pkl,val
26914.pkl,train
26915.pkl,train
26916.pkl,val
26917.pkl,val
26918.pkl,val
26919.pkl,train
26920.pkl,val
26921.pkl,val
26922.pkl,val
26923.pkl,train
26924.pkl,val
26925.pkl,train
26926.pkl,val
26927.pkl,val
26928.pkl,val
26929.pkl,train
26930.pkl,val
26931.pkl,val
26932.pkl,val
26933.pkl,train
26934.pkl,val
26935.pkl,train
26936.pkl,train
26937.pkl,train
26938.pkl,train
26939.pkl,train
26940.pkl,train
26941.pkl,val
26942.pkl,val
26943.pkl,val
26944.pkl,val
26945.pkl,train
26946.pkl,train
26947.pkl,val
26948.pkl,train
26949.pkl,train
26950.pkl,val
26951.pkl,val
26952.pkl,train
26953.pkl,val
26954.pkl,val
26955.pkl,train
26956.pkl,val
26957.pkl,val
26958.pkl,train
26959.pkl,train
26960.pkl,train
26961.pkl,train
26962.pkl,train
26963.pkl,train
26964.pkl,train
26965.pkl,train
26966.pkl,train
26967.pkl,train
26968.pkl,train
26969.pkl,val
26970.pkl,val
26971.pkl,val
26972.pkl,train
26973.pkl,train
26974.pkl,val
26975.pkl,val
26976.pkl,train
26977.pkl,val
26978.pkl,train
26979.pkl,train
26980.pkl,val
26981.pkl,val
26982.pkl,val
26983.pkl,val
26984.pkl,train
26985.pkl,val
26986.pkl,train
26987.pkl,train
26988.pkl,val
26989.pkl,train
26990.pkl,train
26991.pkl,val
26992.pkl,train
26993.pkl,train
26994.pkl,val
26995.pkl,train
26996.pkl,val
26997.pkl,val
26998.pkl,train
26999.pkl,train
27000.pkl,val
27001.pkl,val
27002.pkl,val
27003.pkl,val
27004.pkl,val
27005.pkl,train
27006.pkl,train
27007.pkl,train
27008.pkl,val
27009.pkl,val
27010.pkl,val
27011.pkl,train
27012.pkl,train
27013.pkl,val
27014.pkl,val
27015.pkl,train
27016.pkl,train
27017.pkl,train
27018.pkl,train
27019.pkl,val
27020.pkl,val
27021.pkl,train
27022.pkl,val
27023.pkl,val
27024.pkl,val
27025.pkl,train
27026.pkl,val
27027.pkl,val
27028.pkl,val
27029.pkl,val
27030.pkl,train
27031.pkl,train
27032.pkl,train
27033.pkl,train
27034.pkl,train
27035.pkl,val
27036.pkl,train
27037.pkl,train
27038.pkl,val
27039.pkl,val
27040.pkl,val
27041.pkl,train
27042.pkl,val
27043.pkl,val
27044.pkl,train
27045.pkl,val
27046.pkl,val
27047.pkl,train
27048.pkl,val
27049.pkl,val
27050.pkl,val
27051.pkl,train
27052.pkl,train
27053.pkl,val
27054.pkl,val
27055.pkl,train
27056.pkl,train
27057.pkl,train
27058.pkl,train
27059.pkl,val
27060.pkl,val
27061.pkl,train
27062.pkl,val
27063.pkl,val
27064.pkl,val
27065.pkl,train
27066.pkl,train
27067.pkl,val
27068.pkl,val
27069.pkl,val
27070.pkl,val
27071.pkl,train
27072.pkl,train
27073.pkl,val
27074.pkl,val
27075.pkl,train
27076.pkl,train
27077.pkl,val
27078.pkl,train
27079.pkl,val
27080.pkl,train
27081.pkl,val
27082.pkl,val
27083.pkl,val
27084.pkl,val
27085.pkl,val
27086.pkl,val
27087.pkl,train
27088.pkl,val
27089.pkl,val
27090.pkl,train
27091.pkl,train
27092.pkl,val
27093.pkl,val
27094.pkl,train
27095.pkl,val
27096.pkl,val
27097.pkl,train
27098.pkl,train
27099.pkl,val
27100.pkl,val
27101.pkl,train
27102.pkl,train
27103.pkl,val
27104.pkl,val
27105.pkl,train
27106.pkl,val
27107.pkl,train
27108.pkl,val
27109.pkl,train
27110.pkl,train
27111.pkl,train
27112.pkl,val
27113.pkl,train
27114.pkl,train
27115.pkl,val
27116.pkl,val
27117.pkl,val
27118.pkl,train
27119.pkl,val
27120.pkl,train
27121.pkl,train
27122.pkl,train
27123.pkl,val
27124.pkl,train
27125.pkl,train
27126.pkl,val
27127.pkl,val
27128.pkl,val
27129.pkl,train
27130.pkl,val
27131.pkl,val
27132.pkl,val
27133.pkl,val
27134.pkl,val
27135.pkl,val
27136.pkl,train
27137.pkl,train
27138.pkl,train
27139.pkl,val
27140.pkl,train
27141.pkl,train
27142.pkl,train
27143.pkl,val
27144.pkl,val
27145.pkl,train
27146.pkl,val
27147.pkl,train
27148.pkl,train
27149.pkl,train
27150.pkl,train
27151.pkl,train
27152.pkl,val
27153.pkl,val
27154.pkl,train
27155.pkl,train
27156.pkl,train
27157.pkl,train
27158.pkl,val
27159.pkl,val
27160.pkl,val
27161.pkl,val
27162.pkl,val
27163.pkl,train
27164.pkl,val
27165.pkl,val
27166.pkl,val
27167.pkl,train
27168.pkl,val
27169.pkl,val
27170.pkl,train
27171.pkl,train
27172.pkl,val
27173.pkl,val
27174.pkl,train
27175.pkl,train
27176.pkl,train
27177.pkl,val
27178.pkl,val
27179.pkl,train
27180.pkl,train
27181.pkl,val
27182.pkl,val
27183.pkl,train
27184.pkl,val
27185.pkl,train
27186.pkl,train
27187.pkl,train
27188.pkl,val
27189.pkl,val
27190.pkl,val
27191.pkl,train
27192.pkl,train
27193.pkl,val
27194.pkl,train
27195.pkl,train
27196.pkl,train
27197.pkl,train
27198.pkl,val
27199.pkl,train
27200.pkl,val
27201.pkl,val
27202.pkl,val
27203.pkl,train
27204.pkl,train
27205.pkl,val
27206.pkl,train
27207.pkl,val
27208.pkl,train
27209.pkl,val
27210.pkl,train
27211.pkl,val
27212.pkl,val
27213.pkl,train
27214.pkl,train
27215.pkl,train
27216.pkl,val
27217.pkl,train
27218.pkl,train
27219.pkl,train
27220.pkl,train
27221.pkl,val
27222.pkl,val
27223.pkl,val
27224.pkl,train
27225.pkl,val
27226.pkl,train
27227.pkl,val
27228.pkl,train
27229.pkl,val
27230.pkl,val
27231.pkl,val
27232.pkl,val
27233.pkl,train
27234.pkl,train
27235.pkl,val
27236.pkl,train
27237.pkl,val
27238.pkl,val
27239.pkl,train
27240.pkl,train
27241.pkl,train
27242.pkl,val
27243.pkl,train
27244.pkl,val
27245.pkl,val
27246.pkl,val
27247.pkl,train
27248.pkl,val
27249.pkl,val
27250.pkl,train
27251.pkl,val
27252.pkl,val
27253.pkl,val
27254.pkl,val
27255.pkl,val
27256.pkl,train
27257.pkl,train
27258.pkl,val
27259.pkl,val
27260.pkl,val
27261.pkl,val
27262.pkl,val
27263.pkl,train
27264.pkl,val
27265.pkl,train
27266.pkl,val
27267.pkl,train
27268.pkl,val
27269.pkl,train
27270.pkl,train
27271.pkl,train
27272.pkl,train
27273.pkl,train
27274.pkl,val
27275.pkl,val
27276.pkl,train
27277.pkl,val
27278.pkl,val
27279.pkl,val
27280.pkl,train
27281.pkl,train
27282.pkl,val
27283.pkl,val
27284.pkl,val
27285.pkl,val
27286.pkl,val
27287.pkl,val
27288.pkl,val
27289.pkl,train
27290.pkl,val
27291.pkl,train
27292.pkl,train
27293.pkl,train
27294.pkl,train
27295.pkl,val
27296.pkl,val
27297.pkl,val
27298.pkl,val
27299.pkl,train
27300.pkl,val
27301.pkl,val
27302.pkl,train
27303.pkl,train
27304.pkl,val
27305.pkl,train
27306.pkl,train
27307.pkl,train
27308.pkl,val
27309.pkl,val
27310.pkl,train
27311.pkl,train
27312.pkl,val
27313.pkl,val
27314.pkl,val
27315.pkl,val
27316.pkl,train
27317.pkl,val
27318.pkl,val
27319.pkl,val
27320.pkl,train
27321.pkl,val
27322.pkl,val
27323.pkl,val
27324.pkl,train
27325.pkl,val
27326.pkl,train
27327.pkl,train
27328.pkl,val
27329.pkl,train
27330.pkl,train
27331.pkl,train
27332.pkl,val
27333.pkl,train
27334.pkl,val
27335.pkl,train
27336.pkl,val
27337.pkl,val
27338.pkl,val
27339.pkl,train
27340.pkl,train
27341.pkl,train
27342.pkl,train
27343.pkl,val
27344.pkl,val
27345.pkl,train
27346.pkl,train
27347.pkl,val
27348.pkl,train
27349.pkl,val
27350.pkl,val
27351.pkl,val
27352.pkl,train
27353.pkl,train
27354.pkl,val
27355.pkl,val
27356.pkl,train
27357.pkl,train
27358.pkl,train
27359.pkl,val
27360.pkl,val
27361.pkl,train
27362.pkl,val
27363.pkl,train
27364.pkl,train
27365.pkl,val
27366.pkl,val
27367.pkl,val
27368.pkl,train
27369.pkl,train
27370.pkl,train
27371.pkl,train
27372.pkl,train
27373.pkl,val
27374.pkl,val
27375.pkl,train
27376.pkl,val
27377.pkl,train
27378.pkl,train
27379.pkl,val
27380.pkl,train
27381.pkl,train
27382.pkl,train
27383.pkl,val
27384.pkl,val
27385.pkl,val
27386.pkl,val
27387.pkl,train
27388.pkl,train
27389.pkl,val
27390.pkl,val
27391.pkl,val
27392.pkl,val
27393.pkl,train
27394.pkl,train
27395.pkl,train
27396.pkl,train
27397.pkl,train
27398.pkl,val
27399.pkl,val
27400.pkl,val
27401.pkl,train
27402.pkl,val
27403.pkl,val
27404.pkl,val
27405.pkl,val
27406.pkl,train
27407.pkl,val
27408.pkl,val
27409.pkl,val
27410.pkl,val
27411.pkl,val
27412.pkl,train
27413.pkl,val
27414.pkl,train
27415.pkl,val
27416.pkl,train
27417.pkl,train
27418.pkl,val
27419.pkl,train
27420.pkl,val
27421.pkl,val
27422.pkl,train
27423.pkl,train
27424.pkl,train
27425.pkl,train
27426.pkl,train
27427.pkl,train
27428.pkl,train
27429.pkl,train
27430.pkl,val
27431.pkl,val
27432.pkl,val
27433.pkl,train
27434.pkl,val
27435.pkl,val
27436.pkl,val
27437.pkl,val
27438.pkl,train
27439.pkl,val
27440.pkl,train
27441.pkl,train
27442.pkl,val
27443.pkl,val
27444.pkl,train
27445.pkl,val
27446.pkl,train
27447.pkl,train
27448.pkl,val
27449.pkl,val
27450.pkl,train
27451.pkl,train
27452.pkl,train
27453.pkl,train
27454.pkl,train
27455.pkl,train
27456.pkl,train
27457.pkl,train
27458.pkl,val
27459.pkl,val
27460.pkl,val
27461.pkl,train
27462.pkl,train
27463.pkl,val
27464.pkl,val
27465.pkl,val
27466.pkl,val
27467.pkl,val
27468.pkl,train
27469.pkl,val
27470.pkl,val
27471.pkl,train
27472.pkl,train
27473.pkl,train
27474.pkl,val
27475.pkl,val
27476.pkl,train
27477.pkl,train
27478.pkl,val
27479.pkl,val
27480.pkl,train
27481.pkl,train
27482.pkl,train
27483.pkl,val
27484.pkl,train
27485.pkl,train
27486.pkl,train
27487.pkl,val
27488.pkl,val
27489.pkl,train
27490.pkl,train
27491.pkl,val
27492.pkl,train
27493.pkl,val
27494.pkl,train
27495.pkl,train
27496.pkl,train
27497.pkl,val
27498.pkl,val
27499.pkl,train
27500.pkl,train
27501.pkl,val
27502.pkl,val
27503.pkl,train
27504.pkl,val
27505.pkl,train
27506.pkl,val
27507.pkl,val
27508.pkl,train
27509.pkl,train
27510.pkl,train
27511.pkl,val
27512.pkl,train
27513.pkl,val
27514.pkl,val
27515.pkl,train
27516.pkl,val
27517.pkl,val
27518.pkl,train
27519.pkl,val
27520.pkl,val
27521.pkl,train
27522.pkl,train
27523.pkl,train
27524.pkl,train
27525.pkl,train
27526.pkl,val
27527.pkl,train
27528.pkl,val
27529.pkl,val
27530.pkl,train
27531.pkl,val
27532.pkl,train
27533.pkl,val
27534.pkl,val
27535.pkl,train
27536.pkl,val
27537.pkl,train
27538.pkl,train
27539.pkl,val
27540.pkl,train
27541.pkl,val
27542.pkl,val
27543.pkl,train
27544.pkl,train
27545.pkl,val
27546.pkl,train
27547.pkl,train
27548.pkl,val
27549.pkl,train
27550.pkl,train
27551.pkl,train
27552.pkl,train
27553.pkl,train
27554.pkl,val
27555.pkl,train
27556.pkl,val
27557.pkl,val
27558.pkl,val
27559.pkl,train
27560.pkl,train
27561.pkl,train
27562.pkl,train
27563.pkl,val
27564.pkl,train
27565.pkl,train
27566.pkl,train
27567.pkl,val
27568.pkl,val
27569.pkl,val
27570.pkl,train
27571.pkl,train
27572.pkl,train
27573.pkl,val
27574.pkl,train
27575.pkl,val
27576.pkl,val
27577.pkl,val
27578.pkl,train
27579.pkl,train
27580.pkl,val
27581.pkl,val
27582.pkl,val
27583.pkl,train
27584.pkl,train
27585.pkl,val
27586.pkl,train
27587.pkl,train
27588.pkl,val
27589.pkl,val
27590.pkl,val
27591.pkl,val
27592.pkl,val
27593.pkl,train
27594.pkl,val
27595.pkl,val
27596.pkl,val
27597.pkl,val
27598.pkl,train
27599.pkl,val
27600.pkl,train
27601.pkl,val
27602.pkl,train
27603.pkl,val
27604.pkl,train
27605.pkl,val
27606.pkl,val
27607.pkl,val
27608.pkl,train
27609.pkl,val
27610.pkl,train
27611.pkl,val
27612.pkl,train
27613.pkl,train
27614.pkl,train
27615.pkl,train
27616.pkl,train
27617.pkl,val
27618.pkl,val
27619.pkl,train
27620.pkl,val
27621.pkl,train
27622.pkl,train
27623.pkl,train
27624.pkl,val
27625.pkl,train
27626.pkl,train
27627.pkl,val
27628.pkl,train
27629.pkl,train
27630.pkl,train
27631.pkl,train
27632.pkl,val
27633.pkl,train
27634.pkl,val
27635.pkl,val
27636.pkl,train
27637.pkl,val
27638.pkl,val
27639.pkl,val
27640.pkl,val
27641.pkl,train
27642.pkl,train
27643.pkl,train
27644.pkl,val
27645.pkl,val
27646.pkl,val
27647.pkl,train
27648.pkl,val
27649.pkl,val
27650.pkl,val
27651.pkl,val
27652.pkl,train
27653.pkl,val
27654.pkl,train
27655.pkl,train
27656.pkl,val
27657.pkl,val
27658.pkl,train
27659.pkl,val
27660.pkl,val
27661.pkl,val
27662.pkl,train
27663.pkl,train
27664.pkl,val
27665.pkl,train
27666.pkl,val
27667.pkl,train
27668.pkl,val
27669.pkl,train
27670.pkl,val
27671.pkl,val
27672.pkl,val
27673.pkl,train
27674.pkl,train
27675.pkl,train
27676.pkl,val
27677.pkl,train
27678.pkl,val
27679.pkl,val
27680.pkl,val
27681.pkl,val
27682.pkl,train
27683.pkl,train
27684.pkl,val
27685.pkl,train
27686.pkl,val
27687.pkl,val
27688.pkl,train
27689.pkl,train
27690.pkl,val
27691.pkl,val
27692.pkl,train
27693.pkl,val
27694.pkl,val
27695.pkl,train
27696.pkl,val
27697.pkl,train
27698.pkl,train
27699.pkl,train
27700.pkl,val
27701.pkl,val
27702.pkl,val
27703.pkl,val
27704.pkl,train
27705.pkl,val
27706.pkl,train
27707.pkl,train
27708.pkl,train
27709.pkl,train
27710.pkl,train
27711.pkl,val
27712.pkl,val
27713.pkl,val
27714.pkl,train
27715.pkl,train
27716.pkl,val
27717.pkl,val
27718.pkl,val
27719.pkl,val
27720.pkl,train
27721.pkl,val
27722.pkl,val
27723.pkl,train
27724.pkl,val
27725.pkl,val
27726.pkl,val
27727.pkl,val
27728.pkl,train
27729.pkl,train
27730.pkl,val
27731.pkl,train
27732.pkl,val
27733.pkl,val
27734.pkl,val
27735.pkl,train
27736.pkl,val
27737.pkl,val
27738.pkl,val
27739.pkl,val
27740.pkl,val
27741.pkl,train
27742.pkl,train
27743.pkl,val
27744.pkl,train
27745.pkl,train
27746.pkl,val
27747.pkl,train
27748.pkl,val
27749.pkl,val
27750.pkl,train
27751.pkl,val
27752.pkl,val
27753.pkl,val
27754.pkl,val
27755.pkl,val
27756.pkl,train
27757.pkl,val
27758.pkl,val
27759.pkl,val
27760.pkl,val
27761.pkl,train
27762.pkl,val
27763.pkl,train
27764.pkl,val
27765.pkl,val
27766.pkl,train
27767.pkl,val
27768.pkl,train
27769.pkl,train
27770.pkl,val
27771.pkl,val
27772.pkl,val
27773.pkl,train
27774.pkl,val
27775.pkl,val
27776.pkl,val
27777.pkl,val
27778.pkl,val
27779.pkl,train
27780.pkl,train
27781.pkl,train
27782.pkl,val
27783.pkl,val
27784.pkl,train
27785.pkl,train
27786.pkl,val
27787.pkl,train
27788.pkl,val
27789.pkl,val
27790.pkl,val
27791.pkl,val
27792.pkl,val
27793.pkl,val
27794.pkl,train
27795.pkl,val
27796.pkl,val
27797.pkl,train
27798.pkl,train
27799.pkl,val
27800.pkl,val
27801.pkl,val
27802.pkl,train
27803.pkl,train
27804.pkl,val
27805.pkl,val
27806.pkl,train
27807.pkl,val
27808.pkl,train
27809.pkl,train
27810.pkl,train
27811.pkl,train
27812.pkl,train
27813.pkl,train
27814.pkl,train
27815.pkl,train
27816.pkl,train
27817.pkl,val
27818.pkl,val
27819.pkl,train
27820.pkl,val
27821.pkl,train
27822.pkl,train
27823.pkl,train
27824.pkl,val
27825.pkl,train
27826.pkl,val
27827.pkl,train
27828.pkl,train
27829.pkl,train
27830.pkl,train
27831.pkl,train
27832.pkl,train
27833.pkl,val
27834.pkl,train
27835.pkl,train
27836.pkl,train
27837.pkl,val
27838.pkl,train
27839.pkl,train
27840.pkl,val
27841.pkl,val
27842.pkl,val
27843.pkl,val
27844.pkl,train
27845.pkl,val
27846.pkl,val
27847.pkl,val
27848.pkl,train
27849.pkl,train
27850.pkl,train
27851.pkl,val
27852.pkl,val
27853.pkl,train
27854.pkl,val
27855.pkl,train
27856.pkl,train
27857.pkl,train
27858.pkl,train
27859.pkl,train
27860.pkl,train
27861.pkl,val
27862.pkl,val
27863.pkl,val
27864.pkl,train
27865.pkl,val
27866.pkl,train
27867.pkl,train
27868.pkl,val
27869.pkl,val
27870.pkl,val
27871.pkl,train
27872.pkl,val
27873.pkl,train
27874.pkl,train
27875.pkl,val
27876.pkl,train
27877.pkl,train
27878.pkl,train
27879.pkl,val
27880.pkl,val
27881.pkl,train
27882.pkl,train
27883.pkl,train
27884.pkl,val
27885.pkl,val
27886.pkl,train
27887.pkl,train
27888.pkl,val
27889.pkl,val
27890.pkl,train
27891.pkl,val
27892.pkl,train
27893.pkl,train
27894.pkl,val
27895.pkl,train
27896.pkl,val
27897.pkl,val
27898.pkl,val
27899.pkl,val
27900.pkl,train
27901.pkl,train
27902.pkl,train
27903.pkl,train
27904.pkl,train
27905.pkl,train
27906.pkl,train
27907.pkl,val
27908.pkl,val
27909.pkl,train
27910.pkl,train
27911.pkl,val
27912.pkl,val
27913.pkl,train
27914.pkl,train
27915.pkl,val
27916.pkl,train
27917.pkl,train
27918.pkl,val
27919.pkl,val
27920.pkl,train
27921.pkl,train
27922.pkl,val
27923.pkl,val
27924.pkl,train
27925.pkl,val
27926.pkl,train
27927.pkl,train
27928.pkl,val
27929.pkl,val
27930.pkl,train
27931.pkl,val
27932.pkl,val
27933.pkl,train
27934.pkl,val
27935.pkl,train
27936.pkl,val
27937.pkl,train
27938.pkl,val
27939.pkl,val
27940.pkl,train
27941.pkl,train
27942.pkl,val
27943.pkl,train
27944.pkl,val
27945.pkl,val
27946.pkl,train
27947.pkl,val
27948.pkl,val
27949.pkl,val
27950.pkl,train
27951.pkl,val
27952.pkl,val
27953.pkl,train
27954.pkl,train
27955.pkl,val
27956.pkl,val
27957.pkl,train
27958.pkl,val
27959.pkl,val
27960.pkl,train
27961.pkl,val
27962.pkl,train
27963.pkl,val
27964.pkl,train
27965.pkl,train
27966.pkl,val
27967.pkl,val
27968.pkl,val
27969.pkl,train
27970.pkl,train
27971.pkl,train
27972.pkl,val
27973.pkl,train
27974.pkl,train
27975.pkl,val
27976.pkl,train
27977.pkl,train
27978.pkl,val
27979.pkl,train
27980.pkl,train
27981.pkl,train
27982.pkl,val
27983.pkl,train
27984.pkl,train
27985.pkl,train
27986.pkl,val
27987.pkl,val
27988.pkl,val
27989.pkl,train
27990.pkl,val
27991.pkl,val
27992.pkl,val
27993.pkl,val
27994.pkl,train
27995.pkl,train
27996.pkl,train
27997.pkl,val
27998.pkl,train
27999.pkl,train
28000.pkl,train
28001.pkl,train
28002.pkl,val
28003.pkl,val
28004.pkl,train
28005.pkl,val
28006.pkl,train
28007.pkl,train
28008.pkl,train
28009.pkl,val
28010.pkl,val
28011.pkl,train
28012.pkl,train
28013.pkl,val
28014.pkl,train
28015.pkl,val
28016.pkl,val
28017.pkl,val
28018.pkl,val
28019.pkl,val
28020.pkl,val
28021.pkl,train
28022.pkl,train
28023.pkl,val
28024.pkl,train
28025.pkl,val
28026.pkl,train
28027.pkl,val
28028.pkl,val
28029.pkl,val
28030.pkl,val
28031.pkl,val
28032.pkl,train
28033.pkl,val
28034.pkl,val
28035.pkl,val
28036.pkl,val
28037.pkl,train
28038.pkl,val
28039.pkl,val
28040.pkl,train
28041.pkl,val
28042.pkl,train
28043.pkl,val
28044.pkl,val
28045.pkl,val
28046.pkl,val
28047.pkl,train
28048.pkl,train
28049.pkl,train
28050.pkl,train
28051.pkl,train
28052.pkl,train
28053.pkl,val
28054.pkl,train
28055.pkl,train
28056.pkl,val
28057.pkl,val
28058.pkl,train
28059.pkl,val
28060.pkl,val
28061.pkl,val
28062.pkl,train
28063.pkl,train
28064.pkl,train
28065.pkl,val
28066.pkl,val
28067.pkl,train
28068.pkl,train
28069.pkl,val
28070.pkl,train
28071.pkl,val
28072.pkl,train
28073.pkl,train
28074.pkl,val
28075.pkl,train
28076.pkl,val
28077.pkl,val
28078.pkl,train
28079.pkl,train
28080.pkl,val
28081.pkl,train
28082.pkl,val
28083.pkl,val
28084.pkl,val
28085.pkl,train
28086.pkl,train
28087.pkl,val
28088.pkl,train
28089.pkl,val
28090.pkl,val
28091.pkl,train
28092.pkl,train
28093.pkl,val
28094.pkl,val
28095.pkl,train
28096.pkl,train
28097.pkl,train
28098.pkl,val
28099.pkl,train
28100.pkl,train
28101.pkl,val
28102.pkl,train
28103.pkl,val
28104.pkl,train
28105.pkl,train
28106.pkl,train
28107.pkl,train
28108.pkl,val
28109.pkl,val
28110.pkl,train
28111.pkl,val
28112.pkl,val
28113.pkl,train
28114.pkl,val
28115.pkl,train
28116.pkl,val
28117.pkl,train
28118.pkl,train
28119.pkl,val
28120.pkl,train
28121.pkl,val
28122.pkl,val
28123.pkl,train
28124.pkl,train
28125.pkl,val
28126.pkl,train
28127.pkl,train
28128.pkl,train
28129.pkl,train
28130.pkl,val
28131.pkl,train
28132.pkl,val
28133.pkl,val
28134.pkl,train
28135.pkl,val
28136.pkl,val
28137.pkl,train
28138.pkl,train
28139.pkl,train
28140.pkl,val
28141.pkl,val
28142.pkl,train
28143.pkl,train
28144.pkl,val
28145.pkl,train
28146.pkl,val
28147.pkl,val
28148.pkl,train
28149.pkl,val
28150.pkl,val
28151.pkl,val
28152.pkl,train
28153.pkl,val
28154.pkl,val
28155.pkl,train
28156.pkl,train
28157.pkl,val
28158.pkl,val
28159.pkl,train
28160.pkl,train
28161.pkl,train
28162.pkl,val
28163.pkl,train
28164.pkl,val
28165.pkl,train
28166.pkl,val
28167.pkl,val
28168.pkl,train
28169.pkl,val
28170.pkl,train
28171.pkl,train
28172.pkl,val
28173.pkl,val
28174.pkl,val
28175.pkl,train
28176.pkl,val
28177.pkl,val
28178.pkl,val
28179.pkl,val
28180.pkl,val
28181.pkl,val
28182.pkl,val
28183.pkl,train
28184.pkl,val
28185.pkl,val
28186.pkl,val
28187.pkl,val
28188.pkl,train
28189.pkl,val
28190.pkl,val
28191.pkl,train
28192.pkl,val
28193.pkl,val
28194.pkl,train
28195.pkl,train
28196.pkl,val
28197.pkl,train
28198.pkl,val
28199.pkl,train
28200.pkl,train
28201.pkl,val
28202.pkl,train
28203.pkl,train
28204.pkl,val
28205.pkl,val
28206.pkl,train
28207.pkl,val
28208.pkl,train
28209.pkl,val
28210.pkl,val
28211.pkl,train
28212.pkl,train
28213.pkl,train
28214.pkl,train
28215.pkl,val
28216.pkl,train
28217.pkl,train
28218.pkl,val
28219.pkl,val
28220.pkl,val
28221.pkl,val
28222.pkl,train
28223.pkl,val
28224.pkl,train
28225.pkl,val
28226.pkl,train
28227.pkl,val
28228.pkl,train
28229.pkl,train
28230.pkl,train
28231.pkl,train
28232.pkl,val
28233.pkl,val
28234.pkl,val
28235.pkl,train
28236.pkl,val
28237.pkl,train
28238.pkl,val
28239.pkl,val
28240.pkl,train
28241.pkl,val
28242.pkl,val
28243.pkl,train
28244.pkl,val
28245.pkl,train
28246.pkl,train
28247.pkl,train
28248.pkl,train
28249.pkl,val
28250.pkl,train
28251.pkl,val
28252.pkl,val
28253.pkl,train
28254.pkl,val
28255.pkl,val
28256.pkl,val
28257.pkl,val
28258.pkl,train
28259.pkl,train
28260.pkl,val
28261.pkl,train
28262.pkl,val
28263.pkl,train
28264.pkl,train
28265.pkl,val
28266.pkl,val
28267.pkl,val
28268.pkl,val
28269.pkl,train
28270.pkl,train
28271.pkl,train
28272.pkl,train
28273.pkl,val
28274.pkl,train
28275.pkl,val
28276.pkl,train
28277.pkl,val
28278.pkl,val
28279.pkl,val
28280.pkl,val
28281.pkl,train
28282.pkl,train
28283.pkl,train
28284.pkl,train
28285.pkl,val
28286.pkl,val
28287.pkl,train
28288.pkl,val
28289.pkl,train
28290.pkl,train
28291.pkl,train
28292.pkl,val
28293.pkl,train
28294.pkl,val
28295.pkl,train
28296.pkl,train
28297.pkl,val
28298.pkl,val
28299.pkl,val
28300.pkl,train
28301.pkl,val
28302.pkl,train
28303.pkl,val
28304.pkl,train
28305.pkl,train
28306.pkl,train
28307.pkl,val
28308.pkl,val
28309.pkl,val
28310.pkl,train
28311.pkl,val
28312.pkl,val
28313.pkl,val
28314.pkl,val
28315.pkl,train
28316.pkl,val
28317.pkl,train
28318.pkl,train
28319.pkl,val
28320.pkl,val
28321.pkl,train
28322.pkl,val
28323.pkl,train
28324.pkl,val
28325.pkl,val
28326.pkl,train
28327.pkl,train
28328.pkl,val
28329.pkl,train
28330.pkl,train
28331.pkl,train
28332.pkl,train
28333.pkl,train
28334.pkl,val
28335.pkl,val
28336.pkl,train
28337.pkl,val
28338.pkl,train
28339.pkl,train
28340.pkl,train
28341.pkl,train
28342.pkl,val
28343.pkl,val
28344.pkl,val
28345.pkl,train
28346.pkl,train
28347.pkl,val
28348.pkl,train
28349.pkl,train
28350.pkl,train
28351.pkl,train
28352.pkl,val
28353.pkl,train
28354.pkl,train
28355.pkl,train
28356.pkl,train
28357.pkl,train
28358.pkl,train
28359.pkl,train
28360.pkl,val
28361.pkl,train
28362.pkl,val
28363.pkl,train
28364.pkl,val
28365.pkl,train
28366.pkl,val
28367.pkl,val
28368.pkl,train
28369.pkl,train
28370.pkl,train
28371.pkl,val
28372.pkl,val
28373.pkl,val
28374.pkl,train
28375.pkl,val
28376.pkl,train
28377.pkl,train
28378.pkl,val
28379.pkl,train
28380.pkl,train
28381.pkl,val
28382.pkl,val
28383.pkl,train
28384.pkl,val
28385.pkl,train
28386.pkl,val
28387.pkl,val
28388.pkl,train
28389.pkl,train
28390.pkl,train
28391.pkl,train
28392.pkl,val
28393.pkl,train
28394.pkl,train
28395.pkl,train
28396.pkl,val
28397.pkl,train
28398.pkl,train
28399.pkl,train
28400.pkl,train
28401.pkl,val
28402.pkl,val
28403.pkl,val
28404.pkl,train
28405.pkl,val
28406.pkl,val
28407.pkl,val
28408.pkl,val
28409.pkl,train
28410.pkl,train
28411.pkl,val
28412.pkl,train
28413.pkl,train
28414.pkl,val
28415.pkl,train
28416.pkl,train
28417.pkl,val
28418.pkl,val
28419.pkl,train
28420.pkl,val
28421.pkl,train
28422.pkl,train
28423.pkl,val
28424.pkl,val
28425.pkl,val
28426.pkl,train
28427.pkl,val
28428.pkl,train
28429.pkl,val
28430.pkl,val
28431.pkl,train
28432.pkl,val
28433.pkl,val
28434.pkl,val
28435.pkl,train
28436.pkl,val
28437.pkl,train
28438.pkl,train
28439.pkl,train
28440.pkl,val
28441.pkl,train
28442.pkl,train
28443.pkl,train
28444.pkl,train
28445.pkl,train
28446.pkl,val
28447.pkl,val
28448.pkl,train
28449.pkl,val
28450.pkl,train
28451.pkl,train
28452.pkl,val
28453.pkl,val
28454.pkl,val
28455.pkl,val
28456.pkl,train
28457.pkl,train
28458.pkl,val
28459.pkl,val
28460.pkl,train
28461.pkl,train
28462.pkl,val
28463.pkl,val
28464.pkl,val
28465.pkl,train
28466.pkl,train
28467.pkl,val
28468.pkl,train
28469.pkl,train
28470.pkl,train
28471.pkl,train
28472.pkl,val
28473.pkl,train
28474.pkl,val
28475.pkl,train
28476.pkl,train
28477.pkl,train
28478.pkl,train
28479.pkl,val
28480.pkl,train
28481.pkl,val
28482.pkl,train
28483.pkl,val
28484.pkl,train
28485.pkl,train
28486.pkl,val
28487.pkl,val
28488.pkl,train
28489.pkl,val
28490.pkl,val
28491.pkl,val
28492.pkl,val
28493.pkl,train
28494.pkl,val
28495.pkl,train
28496.pkl,train
28497.pkl,train
28498.pkl,train
28499.pkl,val
28500.pkl,val
28501.pkl,val
28502.pkl,val
28503.pkl,train
28504.pkl,val
28505.pkl,train
28506.pkl,val
28507.pkl,val
28508.pkl,train
28509.pkl,train
28510.pkl,train
28511.pkl,train
28512.pkl,val
28513.pkl,train
28514.pkl,val
28515.pkl,val
28516.pkl,train
28517.pkl,val
28518.pkl,val
28519.pkl,train
28520.pkl,val
28521.pkl,val
28522.pkl,train
28523.pkl,val
28524.pkl,train
28525.pkl,val
28526.pkl,train
28527.pkl,train
28528.pkl,train
28529.pkl,train
28530.pkl,val
28531.pkl,val
28532.pkl,val
28533.pkl,val
28534.pkl,val
28535.pkl,val
28536.pkl,train
28537.pkl,train
28538.pkl,train
28539.pkl,val
28540.pkl,val
28541.pkl,train
28542.pkl,val
28543.pkl,val
28544.pkl,train
28545.pkl,val
28546.pkl,val
28547.pkl,train
28548.pkl,train
28549.pkl,val
28550.pkl,train
28551.pkl,train
28552.pkl,val
28553.pkl,val
28554.pkl,train
28555.pkl,train
28556.pkl,val
28557.pkl,train
28558.pkl,val
28559.pkl,val
28560.pkl,val
28561.pkl,val
28562.pkl,val
28563.pkl,val
28564.pkl,val
28565.pkl,val
28566.pkl,val
28567.pkl,val
28568.pkl,train
28569.pkl,train
28570.pkl,val
28571.pkl,train
28572.pkl,train
28573.pkl,val
28574.pkl,train
28575.pkl,train
28576.pkl,val
28577.pkl,val
28578.pkl,val
28579.pkl,train
28580.pkl,val
28581.pkl,val
28582.pkl,val
28583.pkl,val
28584.pkl,val
28585.pkl,val
28586.pkl,train
28587.pkl,train
28588.pkl,val
28589.pkl,val
28590.pkl,train
28591.pkl,train
28592.pkl,val
28593.pkl,val
28594.pkl,train
28595.pkl,train
28596.pkl,train
28597.pkl,train
28598.pkl,train
28599.pkl,val
28600.pkl,train
28601.pkl,val
28602.pkl,train
28603.pkl,train
28604.pkl,val
28605.pkl,val
28606.pkl,train
28607.pkl,train
28608.pkl,val
28609.pkl,val
28610.pkl,train
28611.pkl,train
28612.pkl,val
28613.pkl,train
28614.pkl,train
28615.pkl,train
28616.pkl,val
28617.pkl,val
28618.pkl,train
28619.pkl,train
28620.pkl,val
28621.pkl,val
28622.pkl,train
28623.pkl,train
28624.pkl,train
28625.pkl,val
28626.pkl,val
28627.pkl,train
28628.pkl,train
28629.pkl,train
28630.pkl,val
28631.pkl,train
28632.pkl,val
28633.pkl,val
28634.pkl,val
28635.pkl,val
28636.pkl,val
28637.pkl,train
28638.pkl,train
28639.pkl,train
28640.pkl,val
28641.pkl,train
28642.pkl,train
28643.pkl,train
28644.pkl,train
28645.pkl,val
28646.pkl,val
28647.pkl,train
28648.pkl,train
28649.pkl,train
28650.pkl,val
28651.pkl,train
28652.pkl,val
28653.pkl,val
28654.pkl,train
28655.pkl,val
28656.pkl,train
28657.pkl,val
28658.pkl,train
28659.pkl,train
28660.pkl,train
28661.pkl,train
28662.pkl,val
28663.pkl,train
28664.pkl,train
28665.pkl,val
28666.pkl,val
28667.pkl,train
28668.pkl,val
28669.pkl,val
28670.pkl,val
28671.pkl,val
28672.pkl,val
28673.pkl,train
28674.pkl,val
28675.pkl,train
28676.pkl,val
28677.pkl,train
28678.pkl,val
28679.pkl,train
28680.pkl,val
28681.pkl,train
28682.pkl,val
28683.pkl,val
28684.pkl,train
28685.pkl,train
28686.pkl,val
28687.pkl,val
28688.pkl,val
28689.pkl,val
28690.pkl,train
28691.pkl,train
28692.pkl,train
28693.pkl,val
28694.pkl,val
28695.pkl,train
28696.pkl,val
28697.pkl,train
28698.pkl,train
28699.pkl,val
28700.pkl,val
28701.pkl,val
28702.pkl,train
28703.pkl,val
28704.pkl,train
28705.pkl,train
28706.pkl,train
28707.pkl,train
28708.pkl,val
28709.pkl,train
28710.pkl,train
28711.pkl,val
28712.pkl,val
28713.pkl,val
28714.pkl,val
28715.pkl,val
28716.pkl,val
28717.pkl,train
28718.pkl,train
28719.pkl,val
28720.pkl,train
28721.pkl,val
28722.pkl,val
28723.pkl,train
28724.pkl,train
28725.pkl,train
28726.pkl,train
28727.pkl,train
28728.pkl,train
28729.pkl,val
28730.pkl,val
28731.pkl,train
28732.pkl,val
28733.pkl,train
28734.pkl,val
28735.pkl,train
28736.pkl,train
28737.pkl,train
28738.pkl,val
28739.pkl,val
28740.pkl,val
28741.pkl,val
28742.pkl,val
28743.pkl,val
28744.pkl,val
28745.pkl,train
28746.pkl,val
28747.pkl,train
28748.pkl,val
28749.pkl,val
28750.pkl,train
28751.pkl,val
28752.pkl,val
28753.pkl,train
28754.pkl,train
28755.pkl,train
28756.pkl,val
28757.pkl,train
28758.pkl,val
28759.pkl,train
28760.pkl,val
28761.pkl,val
28762.pkl,val
28763.pkl,train
28764.pkl,val
28765.pkl,train
28766.pkl,train
28767.pkl,val
28768.pkl,val
28769.pkl,train
28770.pkl,val
28771.pkl,val
28772.pkl,val
28773.pkl,train
28774.pkl,val
28775.pkl,val
28776.pkl,val
28777.pkl,val
28778.pkl,val
28779.pkl,train
28780.pkl,val
28781.pkl,train
28782.pkl,train
28783.pkl,train
28784.pkl,train
28785.pkl,val
28786.pkl,train
28787.pkl,train
28788.pkl,val
28789.pkl,train
28790.pkl,train
28791.pkl,val
28792.pkl,train
28793.pkl,val
28794.pkl,train
28795.pkl,train
28796.pkl,val
28797.pkl,val
28798.pkl,train
28799.pkl,train
28800.pkl,train
28801.pkl,val
28802.pkl,val
28803.pkl,train
28804.pkl,train
28805.pkl,val
28806.pkl,val
28807.pkl,train
28808.pkl,train
28809.pkl,val
28810.pkl,train
28811.pkl,train
28812.pkl,val
28813.pkl,val
28814.pkl,train
28815.pkl,val
28816.pkl,train
28817.pkl,train
28818.pkl,val
28819.pkl,train
28820.pkl,val
28821.pkl,train
28822.pkl,train
28823.pkl,train
28824.pkl,train
28825.pkl,train
28826.pkl,val
28827.pkl,val
28828.pkl,train
28829.pkl,val
28830.pkl,train
28831.pkl,train
28832.pkl,train
28833.pkl,val
28834.pkl,train
28835.pkl,val
28836.pkl,val
28837.pkl,train
28838.pkl,val
28839.pkl,train
28840.pkl,train
28841.pkl,val
28842.pkl,val
28843.pkl,train
28844.pkl,train
28845.pkl,val
28846.pkl,train
28847.pkl,val
28848.pkl,train
28849.pkl,train
28850.pkl,val
28851.pkl,val
28852.pkl,train
28853.pkl,train
28854.pkl,val
28855.pkl,val
28856.pkl,val
28857.pkl,train
28858.pkl,val
28859.pkl,val
28860.pkl,train
28861.pkl,train
28862.pkl,val
28863.pkl,val
28864.pkl,val
28865.pkl,train
28866.pkl,val
28867.pkl,val
28868.pkl,train
28869.pkl,train
28870.pkl,val
28871.pkl,val
28872.pkl,train
28873.pkl,val
28874.pkl,val
28875.pkl,train
28876.pkl,val
28877.pkl,train
28878.pkl,val
28879.pkl,train
28880.pkl,val
28881.pkl,val
28882.pkl,val
28883.pkl,val
28884.pkl,train
28885.pkl,train
28886.pkl,train
28887.pkl,train
28888.pkl,train
28889.pkl,val
28890.pkl,val
28891.pkl,train
28892.pkl,train
28893.pkl,train
28894.pkl,val
28895.pkl,val
28896.pkl,train
28897.pkl,val
28898.pkl,train
28899.pkl,val
28900.pkl,train
28901.pkl,val
28902.pkl,val
28903.pkl,val
28904.pkl,train
28905.pkl,val
28906.pkl,train
28907.pkl,train
28908.pkl,val
28909.pkl,train
28910.pkl,train
28911.pkl,train
28912.pkl,train
28913.pkl,val
28914.pkl,train
28915.pkl,train
28916.pkl,train
28917.pkl,train
28918.pkl,train
28919.pkl,val
28920.pkl,val
28921.pkl,train
28922.pkl,train
28923.pkl,val
28924.pkl,train
28925.pkl,val
28926.pkl,val
28927.pkl,val
28928.pkl,train
28929.pkl,train
28930.pkl,train
28931.pkl,train
28932.pkl,train
28933.pkl,train
28934.pkl,train
28935.pkl,val
28936.pkl,val
28937.pkl,train
28938.pkl,train
28939.pkl,val
28940.pkl,train
28941.pkl,train
28942.pkl,train
28943.pkl,val
28944.pkl,val
28945.pkl,train
28946.pkl,val
28947.pkl,train
28948.pkl,val
28949.pkl,val
28950.pkl,train
28951.pkl,val
28952.pkl,val
28953.pkl,train
28954.pkl,train
28955.pkl,train
28956.pkl,val
28957.pkl,val
28958.pkl,val
28959.pkl,val
28960.pkl,val
28961.pkl,val
28962.pkl,val
28963.pkl,val
28964.pkl,train
28965.pkl,train
28966.pkl,val
28967.pkl,train
28968.pkl,val
28969.pkl,val
28970.pkl,val
28971.pkl,train
28972.pkl,val
28973.pkl,val
28974.pkl,train
28975.pkl,train
28976.pkl,val
28977.pkl,val
28978.pkl,train
28979.pkl,val
28980.pkl,val
28981.pkl,val
28982.pkl,train
28983.pkl,train
28984.pkl,train
28985.pkl,val
28986.pkl,val
28987.pkl,val
28988.pkl,train
28989.pkl,val
28990.pkl,val
28991.pkl,val
28992.pkl,val
28993.pkl,val
28994.pkl,train
28995.pkl,train
28996.pkl,val
28997.pkl,train
28998.pkl,train
28999.pkl,val
29000.pkl,val
29001.pkl,val
29002.pkl,val
29003.pkl,val
29004.pkl,val
29005.pkl,train
29006.pkl,train
29007.pkl,val
29008.pkl,val
29009.pkl,train
29010.pkl,train
29011.pkl,train
29012.pkl,val
29013.pkl,train
29014.pkl,val
29015.pkl,train
29016.pkl,train
29017.pkl,val
29018.pkl,train
29019.pkl,train
29020.pkl,val
29021.pkl,train
29022.pkl,val
29023.pkl,train
29024.pkl,val
29025.pkl,val
29026.pkl,val
29027.pkl,train
29028.pkl,val
29029.pkl,val
29030.pkl,train
29031.pkl,val
29032.pkl,val
29033.pkl,val
29034.pkl,train
29035.pkl,train
29036.pkl,val
29037.pkl,train
29038.pkl,val
29039.pkl,val
29040.pkl,train
29041.pkl,val
29042.pkl,val
29043.pkl,train
29044.pkl,train
29045.pkl,val
29046.pkl,train
29047.pkl,train
29048.pkl,train
29049.pkl,train
29050.pkl,train
29051.pkl,val
29052.pkl,train
29053.pkl,val
29054.pkl,train
29055.pkl,train
29056.pkl,train
29057.pkl,val
29058.pkl,val
29059.pkl,val
29060.pkl,val
29061.pkl,val
29062.pkl,train
29063.pkl,train
29064.pkl,train
29065.pkl,val
29066.pkl,train
29067.pkl,val
29068.pkl,val
29069.pkl,val
29070.pkl,train
29071.pkl,train
29072.pkl,train
29073.pkl,val
29074.pkl,val
29075.pkl,val
29076.pkl,val
29077.pkl,train
29078.pkl,train
29079.pkl,train
29080.pkl,val
29081.pkl,val
29082.pkl,val
29083.pkl,val
29084.pkl,train
29085.pkl,val
29086.pkl,train
29087.pkl,train
29088.pkl,val
29089.pkl,train
29090.pkl,val
29091.pkl,val
29092.pkl,train
29093.pkl,train
29094.pkl,val
29095.pkl,val
29096.pkl,val
29097.pkl,val
29098.pkl,train
29099.pkl,val
29100.pkl,train
29101.pkl,train
29102.pkl,val
29103.pkl,val
29104.pkl,val
29105.pkl,train
29106.pkl,val
29107.pkl,val
29108.pkl,train
29109.pkl,train
29110.pkl,val
29111.pkl,val
29112.pkl,val
29113.pkl,val
29114.pkl,train
29115.pkl,train
29116.pkl,val
29117.pkl,val
29118.pkl,val
29119.pkl,val
29120.pkl,train
29121.pkl,train
29122.pkl,train
29123.pkl,val
29124.pkl,val
29125.pkl,train
29126.pkl,val
29127.pkl,val
29128.pkl,train
29129.pkl,val
29130.pkl,train
29131.pkl,val
29132.pkl,train
29133.pkl,train
29134.pkl,train
29135.pkl,val
29136.pkl,train
29137.pkl,train
29138.pkl,val
29139.pkl,train
29140.pkl,val
29141.pkl,val
29142.pkl,val
29143.pkl,val
29144.pkl,val
29145.pkl,train
29146.pkl,val
29147.pkl,train
29148.pkl,val
29149.pkl,train
29150.pkl,train
29151.pkl,val
29152.pkl,val
29153.pkl,val
29154.pkl,train
29155.pkl,train
29156.pkl,val
29157.pkl,val
29158.pkl,val
29159.pkl,train
29160.pkl,train
29161.pkl,train
29162.pkl,train
29163.pkl,train
29164.pkl,val
29165.pkl,val
29166.pkl,train
29167.pkl,val
29168.pkl,val
29169.pkl,train
29170.pkl,val
29171.pkl,val
29172.pkl,train
29173.pkl,val
29174.pkl,val
29175.pkl,val
29176.pkl,train
29177.pkl,val
29178.pkl,train
29179.pkl,train
29180.pkl,val
29181.pkl,train
29182.pkl,val
29183.pkl,train
29184.pkl,val
29185.pkl,val
29186.pkl,val
29187.pkl,train
29188.pkl,train
29189.pkl,train
29190.pkl,train
29191.pkl,val
29192.pkl,val
29193.pkl,val
29194.pkl,train
29195.pkl,val
29196.pkl,train
29197.pkl,val
29198.pkl,train
29199.pkl,val
29200.pkl,val
29201.pkl,val
29202.pkl,train
29203.pkl,val
29204.pkl,train
29205.pkl,train
29206.pkl,train
29207.pkl,val
29208.pkl,train
29209.pkl,train
29210.pkl,train
29211.pkl,val
29212.pkl,train
29213.pkl,val
29214.pkl,val
29215.pkl,train
29216.pkl,train
29217.pkl,val
29218.pkl,val
29219.pkl,train
29220.pkl,train
29221.pkl,val
29222.pkl,train
29223.pkl,val
29224.pkl,val
29225.pkl,val
29226.pkl,train
29227.pkl,val
29228.pkl,train
29229.pkl,val
29230.pkl,train
29231.pkl,train
29232.pkl,val
29233.pkl,val
29234.pkl,train
29235.pkl,val
29236.pkl,val
29237.pkl,val
29238.pkl,train
29239.pkl,val
29240.pkl,train
29241.pkl,val
29242.pkl,train
29243.pkl,val
29244.pkl,train
29245.pkl,val
29246.pkl,val
29247.pkl,val
29248.pkl,train
29249.pkl,train
29250.pkl,train
29251.pkl,train
29252.pkl,train
29253.pkl,val
29254.pkl,val
29255.pkl,train
29256.pkl,train
29257.pkl,val
29258.pkl,val
29259.pkl,train
29260.pkl,val
29261.pkl,val
29262.pkl,train
29263.pkl,train
29264.pkl,val
29265.pkl,val
29266.pkl,train
29267.pkl,train
29268.pkl,val
29269.pkl,val
29270.pkl,val
29271.pkl,val
29272.pkl,train
29273.pkl,val
29274.pkl,val
29275.pkl,train
29276.pkl,train
29277.pkl,val
29278.pkl,val
29279.pkl,val
29280.pkl,val
29281.pkl,train
29282.pkl,val
29283.pkl,val
29284.pkl,train
29285.pkl,val
29286.pkl,val
29287.pkl,train
29288.pkl,train
29289.pkl,val
29290.pkl,val
29291.pkl,train
29292.pkl,train
29293.pkl,train
29294.pkl,train
29295.pkl,val
29296.pkl,train
29297.pkl,train
29298.pkl,train
29299.pkl,val
29300.pkl,val
29301.pkl,train
29302.pkl,train
29303.pkl,val
29304.pkl,train
29305.pkl,val
29306.pkl,train
29307.pkl,train
29308.pkl,val
29309.pkl,val
29310.pkl,train
29311.pkl,train
29312.pkl,train
29313.pkl,val
29314.pkl,train
29315.pkl,val
29316.pkl,val
29317.pkl,train
29318.pkl,train
29319.pkl,train
29320.pkl,val
29321.pkl,val
29322.pkl,val
29323.pkl,train
29324.pkl,val
29325.pkl,train
29326.pkl,val
29327.pkl,val
29328.pkl,train
29329.pkl,train
29330.pkl,train
29331.pkl,train
29332.pkl,val
29333.pkl,train
29334.pkl,train
29335.pkl,train
29336.pkl,val
29337.pkl,train
29338.pkl,train
29339.pkl,train
29340.pkl,train
29341.pkl,train
29342.pkl,train
29343.pkl,train
29344.pkl,val
29345.pkl,train
29346.pkl,train
29347.pkl,val
29348.pkl,val
29349.pkl,train
29350.pkl,train
29351.pkl,train
29352.pkl,train
29353.pkl,val
29354.pkl,train
29355.pkl,val
29356.pkl,train
29357.pkl,train
29358.pkl,train
29359.pkl,val
29360.pkl,train
29361.pkl,train
29362.pkl,train
29363.pkl,train
29364.pkl,train
29365.pkl,train
29366.pkl,val
29367.pkl,train
29368.pkl,train
29369.pkl,train
29370.pkl,train
29371.pkl,val
29372.pkl,train
29373.pkl,train
29374.pkl,train
29375.pkl,train
29376.pkl,train
29377.pkl,val
29378.pkl,val
29379.pkl,train
29380.pkl,train
29381.pkl,val
29382.pkl,train
29383.pkl,val
29384.pkl,train
29385.pkl,train
29386.pkl,train
29387.pkl,train
29388.pkl,val
29389.pkl,val
29390.pkl,val
29391.pkl,val
29392.pkl,val
29393.pkl,train
29394.pkl,train
29395.pkl,val
29396.pkl,train
29397.pkl,train
29398.pkl,val
29399.pkl,val
29400.pkl,val
29401.pkl,train
29402.pkl,val
29403.pkl,train
29404.pkl,train
29405.pkl,val
29406.pkl,train
29407.pkl,train
29408.pkl,val
29409.pkl,train
29410.pkl,train
29411.pkl,train
29412.pkl,train
29413.pkl,val
29414.pkl,train
29415.pkl,val
29416.pkl,val
29417.pkl,train
29418.pkl,val
29419.pkl,val
29420.pkl,val
29421.pkl,val
29422.pkl,train
29423.pkl,val
29424.pkl,val
29425.pkl,val
29426.pkl,train
29427.pkl,val
29428.pkl,val
29429.pkl,val
29430.pkl,val
29431.pkl,train
29432.pkl,train
29433.pkl,train
29434.pkl,val
29435.pkl,train
29436.pkl,val
29437.pkl,train
29438.pkl,val
29439.pkl,val
29440.pkl,train
29441.pkl,train
29442.pkl,val
29443.pkl,val
29444.pkl,train
29445.pkl,val
29446.pkl,val
29447.pkl,val
29448.pkl,val
29449.pkl,val
29450.pkl,val
29451.pkl,val
29452.pkl,val
29453.pkl,val
29454.pkl,train
29455.pkl,val
29456.pkl,val
29457.pkl,val
29458.pkl,train
29459.pkl,val
29460.pkl,val
29461.pkl,train
29462.pkl,val
29463.pkl,val
29464.pkl,val
29465.pkl,val
29466.pkl,train
29467.pkl,val
29468.pkl,train
29469.pkl,val
29470.pkl,train
29471.pkl,val
29472.pkl,val
29473.pkl,val
29474.pkl,train
29475.pkl,val
29476.pkl,val
29477.pkl,val
29478.pkl,train
29479.pkl,val
29480.pkl,val
29481.pkl,val
29482.pkl,val
29483.pkl,train
29484.pkl,train
29485.pkl,train
29486.pkl,val
29487.pkl,val
29488.pkl,train
29489.pkl,val
29490.pkl,train
29491.pkl,train
29492.pkl,train
29493.pkl,val
29494.pkl,val
29495.pkl,val
29496.pkl,train
29497.pkl,val
29498.pkl,val
29499.pkl,train
29500.pkl,val
29501.pkl,train
29502.pkl,train
29503.pkl,train
29504.pkl,train
29505.pkl,train
29506.pkl,train
29507.pkl,train
29508.pkl,val
29509.pkl,train
29510.pkl,val
29511.pkl,train
29512.pkl,train
29513.pkl,val
29514.pkl,val
29515.pkl,val
29516.pkl,val
29517.pkl,train
29518.pkl,val
29519.pkl,train
29520.pkl,train
29521.pkl,train
29522.pkl,val
29523.pkl,train
29524.pkl,val
29525.pkl,val
29526.pkl,train
29527.pkl,val
29528.pkl,val
29529.pkl,train
29530.pkl,train
29531.pkl,val
29532.pkl,train
29533.pkl,val
29534.pkl,val
29535.pkl,val
29536.pkl,train
29537.pkl,train
29538.pkl,val
29539.pkl,train
29540.pkl,val
29541.pkl,val
29542.pkl,val
29543.pkl,val
29544.pkl,train
29545.pkl,train
29546.pkl,train
29547.pkl,val
29548.pkl,val
29549.pkl,val
29550.pkl,train
29551.pkl,train
29552.pkl,val
29553.pkl,train
29554.pkl,train
29555.pkl,val
29556.pkl,val
29557.pkl,train
29558.pkl,train
29559.pkl,train
29560.pkl,train
29561.pkl,train
29562.pkl,train
29563.pkl,train
29564.pkl,val
29565.pkl,val
29566.pkl,val
29567.pkl,train
29568.pkl,train
29569.pkl,val
29570.pkl,train
29571.pkl,train
29572.pkl,train
29573.pkl,train
29574.pkl,train
29575.pkl,val
29576.pkl,train
29577.pkl,train
29578.pkl,val
29579.pkl,train
29580.pkl,train
29581.pkl,train
29582.pkl,train
29583.pkl,train
29584.pkl,val
29585.pkl,train
29586.pkl,train
29587.pkl,val
29588.pkl,val
29589.pkl,val
29590.pkl,train
29591.pkl,val
29592.pkl,train
29593.pkl,val
29594.pkl,train
29595.pkl,train
29596.pkl,val
29597.pkl,train
29598.pkl,train
29599.pkl,val
29600.pkl,train
29601.pkl,train
29602.pkl,val
29603.pkl,train
29604.pkl,val
29605.pkl,val
29606.pkl,train
29607.pkl,train
29608.pkl,train
29609.pkl,train
29610.pkl,train
29611.pkl,train
29612.pkl,train
29613.pkl,val
29614.pkl,val
29615.pkl,train
29616.pkl,val
29617.pkl,val
29618.pkl,train
29619.pkl,train
29620.pkl,val
29621.pkl,val
29622.pkl,val
29623.pkl,train
29624.pkl,val
29625.pkl,val
29626.pkl,train
29627.pkl,val
29628.pkl,train
29629.pkl,val
29630.pkl,train
29631.pkl,train
29632.pkl,train
29633.pkl,val
29634.pkl,train
29635.pkl,val
29636.pkl,val
29637.pkl,train
29638.pkl,val
29639.pkl,val
29640.pkl,train
29641.pkl,train
29642.pkl,val
29643.pkl,val
29644.pkl,train
29645.pkl,val
29646.pkl,val
29647.pkl,train
29648.pkl,val
29649.pkl,val
29650.pkl,val
29651.pkl,val
29652.pkl,val
29653.pkl,train
29654.pkl,train
29655.pkl,val
29656.pkl,train
29657.pkl,val
29658.pkl,train
29659.pkl,val
29660.pkl,train
29661.pkl,val
29662.pkl,val
29663.pkl,val
29664.pkl,val
29665.pkl,val
29666.pkl,train
29667.pkl,train
29668.pkl,train
29669.pkl,val
29670.pkl,train
29671.pkl,val
29672.pkl,val
29673.pkl,val
29674.pkl,train
29675.pkl,val
29676.pkl,train
29677.pkl,val
29678.pkl,val
29679.pkl,train
29680.pkl,val
29681.pkl,val
29682.pkl,train
29683.pkl,train
29684.pkl,train
29685.pkl,val
29686.pkl,val
29687.pkl,train
29688.pkl,val
29689.pkl,train
29690.pkl,train
29691.pkl,val
29692.pkl,train
29693.pkl,train
29694.pkl,val
29695.pkl,train
29696.pkl,val
29697.pkl,val
29698.pkl,train
29699.pkl,train
29700.pkl,val
29701.pkl,train
29702.pkl,val
29703.pkl,train
29704.pkl,val
29705.pkl,train
29706.pkl,val
29707.pkl,train
29708.pkl,train
29709.pkl,val
29710.pkl,train
29711.pkl,train
29712.pkl,val
29713.pkl,train
29714.pkl,val
29715.pkl,train
29716.pkl,val
29717.pkl,train
29718.pkl,val
29719.pkl,train
29720.pkl,val
29721.pkl,train
29722.pkl,val
29723.pkl,val
29724.pkl,train
29725.pkl,val
29726.pkl,train
29727.pkl,val
29728.pkl,val
29729.pkl,val
29730.pkl,val
29731.pkl,train
29732.pkl,val
29733.pkl,train
29734.pkl,val
29735.pkl,val
29736.pkl,val
29737.pkl,val
29738.pkl,train
29739.pkl,train
29740.pkl,train
29741.pkl,train
29742.pkl,train
29743.pkl,val
29744.pkl,val
29745.pkl,train
29746.pkl,train
29747.pkl,val
29748.pkl,val
29749.pkl,train
29750.pkl,train
29751.pkl,train
29752.pkl,train
29753.pkl,train
29754.pkl,val
29755.pkl,val
29756.pkl,val
29757.pkl,val
29758.pkl,val
29759.pkl,train
29760.pkl,train
29761.pkl,train
29762.pkl,train
29763.pkl,val
29764.pkl,train
29765.pkl,train
29766.pkl,train
29767.pkl,val
29768.pkl,train
29769.pkl,train
29770.pkl,train
29771.pkl,train
29772.pkl,val
29773.pkl,val
29774.pkl,train
29775.pkl,train
29776.pkl,val
29777.pkl,val
29778.pkl,val
29779.pkl,val
29780.pkl,train
29781.pkl,val
29782.pkl,train
29783.pkl,val
29784.pkl,val
29785.pkl,train
29786.pkl,train
29787.pkl,train
29788.pkl,train
29789.pkl,val
29790.pkl,train
29791.pkl,val
29792.pkl,train
29793.pkl,train
29794.pkl,val
29795.pkl,val
29796.pkl,val
29797.pkl,val
29798.pkl,val
29799.pkl,val
29800.pkl,val
29801.pkl,train
29802.pkl,val
29803.pkl,val
29804.pkl,val
29805.pkl,train
29806.pkl,val
29807.pkl,val
29808.pkl,val
29809.pkl,train
29810.pkl,val
29811.pkl,train
29812.pkl,train
29813.pkl,train
29814.pkl,train
29815.pkl,val
29816.pkl,train
29817.pkl,val
29818.pkl,val
29819.pkl,val
29820.pkl,val
29821.pkl,train
29822.pkl,train
29823.pkl,train
29824.pkl,val
29825.pkl,train
29826.pkl,train
29827.pkl,val
29828.pkl,train
29829.pkl,train
29830.pkl,train
29831.pkl,val
29832.pkl,train
29833.pkl,val
29834.pkl,val
29835.pkl,val
29836.pkl,train
29837.pkl,train
29838.pkl,val
29839.pkl,train
29840.pkl,val
29841.pkl,val
29842.pkl,train
29843.pkl,train
29844.pkl,train
29845.pkl,train
29846.pkl,val
29847.pkl,val
29848.pkl,train
29849.pkl,val
29850.pkl,train
29851.pkl,train
29852.pkl,val
29853.pkl,train
29854.pkl,train
29855.pkl,train
29856.pkl,val
29857.pkl,val
29858.pkl,train
29859.pkl,train
29860.pkl,val
29861.pkl,train
29862.pkl,train
29863.pkl,val
29864.pkl,train
29865.pkl,train
29866.pkl,train
29867.pkl,train
29868.pkl,train
29869.pkl,train
29870.pkl,val
29871.pkl,train
29872.pkl,val
29873.pkl,train
29874.pkl,val
29875.pkl,train
29876.pkl,train
29877.pkl,train
29878.pkl,train
29879.pkl,val
29880.pkl,val
29881.pkl,train
29882.pkl,train
29883.pkl,train
29884.pkl,val
29885.pkl,val
29886.pkl,val
29887.pkl,train
29888.pkl,val
29889.pkl,train
29890.pkl,val
29891.pkl,train
29892.pkl,train
29893.pkl,val
29894.pkl,train
29895.pkl,train
29896.pkl,val
29897.pkl,val
29898.pkl,val
29899.pkl,train
29900.pkl,train
29901.pkl,val
29902.pkl,train
29903.pkl,val
29904.pkl,val
29905.pkl,val
29906.pkl,train
29907.pkl,train
29908.pkl,val
29909.pkl,train
29910.pkl,train
29911.pkl,train
29912.pkl,train
29913.pkl,val
29914.pkl,val
29915.pkl,train
29916.pkl,val
29917.pkl,train
29918.pkl,val
29919.pkl,val
29920.pkl,val
29921.pkl,val
29922.pkl,train
29923.pkl,train
29924.pkl,train
29925.pkl,val
29926.pkl,val
29927.pkl,train
29928.pkl,val
29929.pkl,train
29930.pkl,train
29931.pkl,val
29932.pkl,train
29933.pkl,val
29934.pkl,val
29935.pkl,val
29936.pkl,val
29937.pkl,val
29938.pkl,train
29939.pkl,val
29940.pkl,train
29941.pkl,train
29942.pkl,val
29943.pkl,val
29944.pkl,val
29945.pkl,val
29946.pkl,val
29947.pkl,train
29948.pkl,train
29949.pkl,val
29950.pkl,train
29951.pkl,train
29952.pkl,val
29953.pkl,val
29954.pkl,train
29955.pkl,val
29956.pkl,train
29957.pkl,val
29958.pkl,val
29959.pkl,train
29960.pkl,val
29961.pkl,val
29962.pkl,val
29963.pkl,train
29964.pkl,val
29965.pkl,val
29966.pkl,train
29967.pkl,train
29968.pkl,train
29969.pkl,train
29970.pkl,train
29971.pkl,val
29972.pkl,train
29973.pkl,train
29974.pkl,train
29975.pkl,val
29976.pkl,train
29977.pkl,train
29978.pkl,val
29979.pkl,train
29980.pkl,train
29981.pkl,train
29982.pkl,train
29983.pkl,val
29984.pkl,val
29985.pkl,val
29986.pkl,val
29987.pkl,val
29988.pkl,train
29989.pkl,val
29990.pkl,train
29991.pkl,train
29992.pkl,train
29993.pkl,train
29994.pkl,val
29995.pkl,train
29996.pkl,val
29997.pkl,train
29998.pkl,val
29999.pkl,val
30000.pkl,val
30001.pkl,val
30002.pkl,train
30003.pkl,train
30004.pkl,val
30005.pkl,val
30006.pkl,val
30007.pkl,val
30008.pkl,val
30009.pkl,train
30010.pkl,train
30011.pkl,train
30012.pkl,val
30013.pkl,train
30014.pkl,val
30015.pkl,val
30016.pkl,train
30017.pkl,val
30018.pkl,val
30019.pkl,train
30020.pkl,train
30021.pkl,val
30022.pkl,train
30023.pkl,val
30024.pkl,train
30025.pkl,val
30026.pkl,val
30027.pkl,train
30028.pkl,val
30029.pkl,val
30030.pkl,train
30031.pkl,val
30032.pkl,train
30033.pkl,val
30034.pkl,val
30035.pkl,train
30036.pkl,train
30037.pkl,train
30038.pkl,val
30039.pkl,val
30040.pkl,train
30041.pkl,train
30042.pkl,val
30043.pkl,train
30044.pkl,val
30045.pkl,val
30046.pkl,val
30047.pkl,val
30048.pkl,train
30049.pkl,val
30050.pkl,val
30051.pkl,train
30052.pkl,train
30053.pkl,val
30054.pkl,val
30055.pkl,val
30056.pkl,train
30057.pkl,val
30058.pkl,val
30059.pkl,train
30060.pkl,train
30061.pkl,train
30062.pkl,val
30063.pkl,train
30064.pkl,val
30065.pkl,train
30066.pkl,val
30067.pkl,train
30068.pkl,train
30069.pkl,val
30070.pkl,train
30071.pkl,val
30072.pkl,train
30073.pkl,train
30074.pkl,val
30075.pkl,val
30076.pkl,train
30077.pkl,train
30078.pkl,val
30079.pkl,train
30080.pkl,val
30081.pkl,train
30082.pkl,train
30083.pkl,train
30084.pkl,train
30085.pkl,train
30086.pkl,val
30087.pkl,val
30088.pkl,val
30089.pkl,val
30090.pkl,train
30091.pkl,train
30092.pkl,train
30093.pkl,val
30094.pkl,train
30095.pkl,val
30096.pkl,train
30097.pkl,train
30098.pkl,train
30099.pkl,val
30100.pkl,train
30101.pkl,train
30102.pkl,val
30103.pkl,train
30104.pkl,val
30105.pkl,val
30106.pkl,val
30107.pkl,train
30108.pkl,val
30109.pkl,train
30110.pkl,train
30111.pkl,val
30112.pkl,val
30113.pkl,train
30114.pkl,val
30115.pkl,val
30116.pkl,train
30117.pkl,train
30118.pkl,val
30119.pkl,val
30120.pkl,val
30121.pkl,train
30122.pkl,val
30123.pkl,train
30124.pkl,val
30125.pkl,train
30126.pkl,train
30127.pkl,train
30128.pkl,train
30129.pkl,val
30130.pkl,val
30131.pkl,train
30132.pkl,val
30133.pkl,val
30134.pkl,train
30135.pkl,train
30136.pkl,train
30137.pkl,train
30138.pkl,train
30139.pkl,train
30140.pkl,train
30141.pkl,train
30142.pkl,val
30143.pkl,train
30144.pkl,train
30145.pkl,train
30146.pkl,train
30147.pkl,train
30148.pkl,val
30149.pkl,train
30150.pkl,val
30151.pkl,val
30152.pkl,val
30153.pkl,train
30154.pkl,train
30155.pkl,train
30156.pkl,train
30157.pkl,val
30158.pkl,train
30159.pkl,val
30160.pkl,val
30161.pkl,val
30162.pkl,val
30163.pkl,train
30164.pkl,train
30165.pkl,val
30166.pkl,val
30167.pkl,val
30168.pkl,train
30169.pkl,val
30170.pkl,val
30171.pkl,val
30172.pkl,val
30173.pkl,train
30174.pkl,train
30175.pkl,train
30176.pkl,train
30177.pkl,train
30178.pkl,val
30179.pkl,val
30180.pkl,train
30181.pkl,train
30182.pkl,train
30183.pkl,val
30184.pkl,val
30185.pkl,val
30186.pkl,val
30187.pkl,val
30188.pkl,val
30189.pkl,val
30190.pkl,train
30191.pkl,val
30192.pkl,val
30193.pkl,val
30194.pkl,train
30195.pkl,val
30196.pkl,val
30197.pkl,val
30198.pkl,train
30199.pkl,val
30200.pkl,val
30201.pkl,val
30202.pkl,val
30203.pkl,train
30204.pkl,train
30205.pkl,val
30206.pkl,val
30207.pkl,val
30208.pkl,train
30209.pkl,val
30210.pkl,val
30211.pkl,val
30212.pkl,train
30213.pkl,val
30214.pkl,val
30215.pkl,train
30216.pkl,train
30217.pkl,train
30218.pkl,val
30219.pkl,val
30220.pkl,train
30221.pkl,val
30222.pkl,val
30223.pkl,val
30224.pkl,train
30225.pkl,val
30226.pkl,val
30227.pkl,val
30228.pkl,train
30229.pkl,val
30230.pkl,val
30231.pkl,train
30232.pkl,val
30233.pkl,train
30234.pkl,val
30235.pkl,val
30236.pkl,val
30237.pkl,train
30238.pkl,val
30239.pkl,train
30240.pkl,train
30241.pkl,val
30242.pkl,val
30243.pkl,val
30244.pkl,train
30245.pkl,train
30246.pkl,train
30247.pkl,train
30248.pkl,train
30249.pkl,val
30250.pkl,train
30251.pkl,train
30252.pkl,val
30253.pkl,val
30254.pkl,val
30255.pkl,train
30256.pkl,val
30257.pkl,val
30258.pkl,val
30259.pkl,val
30260.pkl,val
30261.pkl,train
30262.pkl,val
30263.pkl,train
30264.pkl,val
30265.pkl,train
30266.pkl,train
30267.pkl,train
30268.pkl,train
30269.pkl,train
30270.pkl,train
30271.pkl,val
30272.pkl,val
30273.pkl,val
30274.pkl,val
30275.pkl,val
30276.pkl,val
30277.pkl,train
30278.pkl,train
30279.pkl,val
30280.pkl,val
30281.pkl,val
30282.pkl,train
30283.pkl,train
30284.pkl,train
30285.pkl,val
30286.pkl,train
30287.pkl,val
30288.pkl,val
30289.pkl,train
30290.pkl,train
30291.pkl,val
30292.pkl,train
30293.pkl,train
30294.pkl,val
30295.pkl,val
30296.pkl,train
30297.pkl,val
30298.pkl,train
30299.pkl,val
30300.pkl,train
30301.pkl,train
30302.pkl,val
30303.pkl,train
30304.pkl,val
30305.pkl,val
30306.pkl,val
30307.pkl,val
30308.pkl,val
30309.pkl,val
30310.pkl,train
30311.pkl,train
30312.pkl,val
30313.pkl,train
30314.pkl,val
30315.pkl,train
30316.pkl,train
30317.pkl,train
30318.pkl,val
30319.pkl,train
30320.pkl,train
30321.pkl,val
30322.pkl,val
30323.pkl,val
30324.pkl,val
30325.pkl,val
30326.pkl,train
30327.pkl,val
30328.pkl,train
30329.pkl,train
30330.pkl,val
30331.pkl,train
30332.pkl,train
30333.pkl,val
30334.pkl,train
30335.pkl,val
30336.pkl,train
30337.pkl,val
30338.pkl,train
30339.pkl,train
30340.pkl,train
30341.pkl,train
30342.pkl,val
30343.pkl,val
30344.pkl,val
30345.pkl,val
30346.pkl,val
30347.pkl,val
30348.pkl,train
30349.pkl,train
30350.pkl,val
30351.pkl,train
30352.pkl,train
30353.pkl,val
30354.pkl,val
30355.pkl,val
30356.pkl,val
30357.pkl,train
30358.pkl,train
30359.pkl,val
30360.pkl,train
30361.pkl,val
30362.pkl,val
30363.pkl,train
30364.pkl,val
30365.pkl,val
30366.pkl,val
30367.pkl,val
30368.pkl,train
30369.pkl,train
30370.pkl,train
30371.pkl,val
30372.pkl,val
30373.pkl,val
30374.pkl,val
30375.pkl,train
30376.pkl,val
30377.pkl,val
30378.pkl,val
30379.pkl,train
30380.pkl,train
30381.pkl,val
30382.pkl,train
30383.pkl,train
30384.pkl,val
30385.pkl,val
30386.pkl,train
30387.pkl,val
30388.pkl,val
30389.pkl,train
30390.pkl,val
30391.pkl,train
30392.pkl,val
30393.pkl,val
30394.pkl,val
30395.pkl,train
30396.pkl,train
30397.pkl,val
30398.pkl,train
30399.pkl,train
30400.pkl,train
30401.pkl,train
30402.pkl,train
30403.pkl,val
30404.pkl,train
30405.pkl,val
30406.pkl,val
30407.pkl,train
30408.pkl,train
30409.pkl,val
30410.pkl,val
30411.pkl,train
30412.pkl,train
30413.pkl,train
30414.pkl,train
30415.pkl,train
30416.pkl,train
30417.pkl,train
30418.pkl,train
30419.pkl,val
30420.pkl,train
30421.pkl,train
30422.pkl,val
30423.pkl,val
30424.pkl,val
30425.pkl,val
30426.pkl,val
30427.pkl,train
30428.pkl,val
30429.pkl,train
30430.pkl,train
30431.pkl,val
30432.pkl,train
30433.pkl,train
30434.pkl,val
30435.pkl,val
30436.pkl,train
30437.pkl,val
30438.pkl,train
30439.pkl,val
30440.pkl,train
30441.pkl,val
30442.pkl,train
30443.pkl,train
30444.pkl,val
30445.pkl,val
30446.pkl,train
30447.pkl,train
30448.pkl,train
30449.pkl,val
30450.pkl,val
30451.pkl,val
30452.pkl,train
30453.pkl,train
30454.pkl,val
30455.pkl,val
30456.pkl,val
30457.pkl,train
30458.pkl,val
30459.pkl,train
30460.pkl,train
30461.pkl,train
30462.pkl,val
30463.pkl,train
30464.pkl,val
30465.pkl,val
30466.pkl,val
30467.pkl,train
30468.pkl,train
30469.pkl,val
30470.pkl,val
30471.pkl,val
30472.pkl,train
30473.pkl,val
30474.pkl,train
30475.pkl,train
30476.pkl,val
30477.pkl,train
30478.pkl,val
30479.pkl,val
30480.pkl,val
30481.pkl,train
30482.pkl,train
30483.pkl,train
30484.pkl,train
30485.pkl,train
30486.pkl,train
30487.pkl,val
30488.pkl,train
30489.pkl,train
30490.pkl,val
30491.pkl,val
30492.pkl,train
30493.pkl,val
30494.pkl,train
30495.pkl,train
30496.pkl,val
30497.pkl,val
30498.pkl,val
30499.pkl,train
30500.pkl,val
30501.pkl,train
30502.pkl,train
30503.pkl,train
30504.pkl,train
30505.pkl,train
30506.pkl,train
30507.pkl,train
30508.pkl,train
30509.pkl,val
30510.pkl,train
30511.pkl,val
30512.pkl,train
30513.pkl,val
30514.pkl,train
30515.pkl,train
30516.pkl,train
30517.pkl,train
30518.pkl,val
30519.pkl,val
30520.pkl,val
30521.pkl,val
30522.pkl,train
30523.pkl,train
30524.pkl,train
30525.pkl,train
30526.pkl,train
30527.pkl,val
30528.pkl,val
30529.pkl,train
30530.pkl,val
30531.pkl,val
30532.pkl,train
30533.pkl,val
30534.pkl,val
30535.pkl,val
30536.pkl,val
30537.pkl,val
30538.pkl,train
30539.pkl,train
30540.pkl,val
30541.pkl,val
30542.pkl,train
30543.pkl,val
30544.pkl,val
30545.pkl,train
30546.pkl,train
30547.pkl,train
30548.pkl,train
30549.pkl,train
30550.pkl,train
30551.pkl,train
30552.pkl,train
30553.pkl,train
30554.pkl,val
30555.pkl,train
30556.pkl,val
30557.pkl,val
30558.pkl,train
30559.pkl,train
30560.pkl,val
30561.pkl,val
30562.pkl,val
30563.pkl,train
30564.pkl,train
30565.pkl,train
30566.pkl,train
30567.pkl,train
30568.pkl,val
30569.pkl,val
30570.pkl,val
30571.pkl,train
30572.pkl,train
30573.pkl,train
30574.pkl,val
30575.pkl,val
30576.pkl,val
30577.pkl,train
30578.pkl,val
30579.pkl,train
30580.pkl,val
30581.pkl,train
30582.pkl,val
30583.pkl,train
30584.pkl,train
30585.pkl,val
30586.pkl,train
30587.pkl,val
30588.pkl,train
30589.pkl,val
30590.pkl,val
30591.pkl,train
30592.pkl,val
30593.pkl,val
30594.pkl,val
30595.pkl,train
30596.pkl,train
30597.pkl,val
30598.pkl,train
30599.pkl,val
30600.pkl,train
30601.pkl,train
30602.pkl,val
30603.pkl,train
30604.pkl,train
30605.pkl,train
30606.pkl,val
30607.pkl,train
30608.pkl,val
30609.pkl,train
30610.pkl,val
30611.pkl,train
30612.pkl,train
30613.pkl,val
30614.pkl,val
30615.pkl,train
30616.pkl,val
30617.pkl,val
30618.pkl,train
30619.pkl,val
30620.pkl,val
30621.pkl,val
30622.pkl,val
30623.pkl,train
30624.pkl,val
30625.pkl,val
30626.pkl,train
30627.pkl,val
30628.pkl,val
30629.pkl,train
30630.pkl,val
30631.pkl,val
30632.pkl,train
30633.pkl,val
30634.pkl,train
30635.pkl,val
30636.pkl,train
30637.pkl,val
30638.pkl,train
30639.pkl,train
30640.pkl,val
30641.pkl,val
30642.pkl,train
30643.pkl,train
30644.pkl,train
30645.pkl,val
30646.pkl,train
30647.pkl,train
30648.pkl,val
30649.pkl,train
30650.pkl,val
30651.pkl,train
30652.pkl,train
30653.pkl,val
30654.pkl,train
30655.pkl,train
30656.pkl,train
30657.pkl,train
30658.pkl,train
30659.pkl,train
30660.pkl,train
30661.pkl,train
30662.pkl,train
30663.pkl,train
30664.pkl,val
30665.pkl,train
30666.pkl,train
30667.pkl,train
30668.pkl,train
30669.pkl,train
30670.pkl,train
30671.pkl,val
30672.pkl,val
30673.pkl,train
30674.pkl,val
30675.pkl,train
30676.pkl,val
30677.pkl,train
30678.pkl,val
30679.pkl,train
30680.pkl,val
30681.pkl,val
30682.pkl,train
30683.pkl,train
30684.pkl,train
30685.pkl,val
30686.pkl,train
30687.pkl,train
30688.pkl,val
30689.pkl,train
30690.pkl,val
30691.pkl,train
30692.pkl,val
30693.pkl,train
30694.pkl,train
30695.pkl,val
30696.pkl,val
30697.pkl,train
30698.pkl,train
30699.pkl,val
30700.pkl,val
30701.pkl,val
30702.pkl,val
30703.pkl,train
30704.pkl,val
30705.pkl,train
30706.pkl,train
30707.pkl,train
30708.pkl,val
30709.pkl,train
30710.pkl,train
30711.pkl,train
30712.pkl,train
30713.pkl,train
30714.pkl,val
30715.pkl,train
30716.pkl,val
30717.pkl,train
30718.pkl,train
30719.pkl,val
30720.pkl,val
30721.pkl,val
30722.pkl,train
30723.pkl,train
30724.pkl,train
30725.pkl,val
30726.pkl,train
30727.pkl,val
30728.pkl,val
30729.pkl,train
30730.pkl,train
30731.pkl,val
30732.pkl,val
30733.pkl,val
30734.pkl,train
30735.pkl,train
30736.pkl,train
30737.pkl,val
30738.pkl,train
30739.pkl,train
30740.pkl,val
30741.pkl,val
30742.pkl,train
30743.pkl,val
30744.pkl,train
30745.pkl,train
30746.pkl,val
30747.pkl,train
30748.pkl,train
30749.pkl,val
30750.pkl,val
30751.pkl,val
30752.pkl,val
30753.pkl,val
30754.pkl,val
30755.pkl,val
30756.pkl,train
30757.pkl,val
30758.pkl,train
30759.pkl,train
30760.pkl,val
30761.pkl,train
30762.pkl,val
30763.pkl,train
30764.pkl,val
30765.pkl,train
30766.pkl,train
30767.pkl,val
30768.pkl,val
30769.pkl,train
30770.pkl,val
30771.pkl,val
30772.pkl,train
30773.pkl,val
30774.pkl,val
30775.pkl,train
30776.pkl,train
30777.pkl,train
30778.pkl,train
30779.pkl,train
30780.pkl,val
30781.pkl,train
30782.pkl,val
30783.pkl,val
30784.pkl,val
30785.pkl,val
30786.pkl,val
30787.pkl,train
30788.pkl,train
30789.pkl,val
30790.pkl,val
30791.pkl,train
30792.pkl,val
30793.pkl,val
30794.pkl,val
30795.pkl,train
30796.pkl,val
30797.pkl,train
30798.pkl,train
30799.pkl,val
30800.pkl,train
30801.pkl,val
30802.pkl,val
30803.pkl,train
30804.pkl,val
30805.pkl,train
30806.pkl,train
30807.pkl,train
30808.pkl,val
30809.pkl,val
30810.pkl,val
30811.pkl,val
30812.pkl,val
30813.pkl,train
30814.pkl,val
30815.pkl,val
30816.pkl,train
30817.pkl,val
30818.pkl,val
30819.pkl,train
30820.pkl,train
30821.pkl,train
30822.pkl,val
30823.pkl,train
30824.pkl,train
30825.pkl,train
30826.pkl,train
30827.pkl,train
30828.pkl,val
30829.pkl,train
30830.pkl,train
30831.pkl,val
30832.pkl,train
30833.pkl,val
30834.pkl,val
30835.pkl,val
30836.pkl,train
30837.pkl,val
30838.pkl,val
30839.pkl,train
30840.pkl,val
30841.pkl,train
30842.pkl,train
30843.pkl,train
30844.pkl,val
30845.pkl,val
30846.pkl,val
30847.pkl,val
30848.pkl,val
30849.pkl,train
30850.pkl,val
30851.pkl,train
30852.pkl,train
30853.pkl,val
30854.pkl,val
30855.pkl,val
30856.pkl,val
30857.pkl,train
30858.pkl,train
30859.pkl,train
30860.pkl,train
30861.pkl,train
30862.pkl,train
30863.pkl,val
30864.pkl,train
30865.pkl,train
30866.pkl,val
30867.pkl,train
30868.pkl,val
30869.pkl,train
30870.pkl,train
30871.pkl,train
30872.pkl,train
30873.pkl,val
30874.pkl,val
30875.pkl,val
30876.pkl,train
30877.pkl,train
30878.pkl,train
30879.pkl,val
30880.pkl,train
30881.pkl,val
30882.pkl,val
30883.pkl,train
30884.pkl,train
30885.pkl,train
30886.pkl,train
30887.pkl,train
30888.pkl,train
30889.pkl,train
30890.pkl,val
30891.pkl,val
30892.pkl,val
30893.pkl,val
30894.pkl,val
30895.pkl,train
30896.pkl,train
30897.pkl,val
30898.pkl,val
30899.pkl,val
30900.pkl,val
30901.pkl,train
30902.pkl,train
30903.pkl,train
30904.pkl,train
30905.pkl,train
30906.pkl,train
30907.pkl,val
30908.pkl,train
30909.pkl,train
30910.pkl,val
30911.pkl,val
30912.pkl,val
30913.pkl,train
30914.pkl,train
30915.pkl,train
30916.pkl,val
30917.pkl,val
30918.pkl,train
30919.pkl,val
30920.pkl,train
30921.pkl,train
30922.pkl,val
30923.pkl,val
30924.pkl,val
30925.pkl,train
30926.pkl,train
30927.pkl,val
30928.pkl,train
30929.pkl,train
30930.pkl,train
30931.pkl,val
30932.pkl,train
30933.pkl,val
30934.pkl,val
30935.pkl,train
30936.pkl,val
30937.pkl,val
30938.pkl,train
30939.pkl,val
30940.pkl,val
30941.pkl,train
30942.pkl,train
30943.pkl,train
30944.pkl,val
30945.pkl,val
30946.pkl,train
30947.pkl,val
30948.pkl,train
30949.pkl,train
30950.pkl,val
30951.pkl,val
30952.pkl,train
30953.pkl,val
30954.pkl,val
30955.pkl,train
30956.pkl,train
30957.pkl,train
30958.pkl,train
30959.pkl,val
30960.pkl,train
30961.pkl,train
30962.pkl,val
30963.pkl,train
30964.pkl,val
30965.pkl,train
30966.pkl,train
30967.pkl,train
30968.pkl,val
30969.pkl,train
30970.pkl,val
30971.pkl,train
30972.pkl,train
30973.pkl,val
30974.pkl,val
30975.pkl,train
30976.pkl,val
30977.pkl,val
30978.pkl,train
30979.pkl,train
30980.pkl,val
30981.pkl,train
30982.pkl,train
30983.pkl,train
30984.pkl,train
30985.pkl,train
30986.pkl,val
30987.pkl,val
30988.pkl,train
30989.pkl,val
30990.pkl,train
30991.pkl,val
30992.pkl,train
30993.pkl,val
30994.pkl,train
30995.pkl,train
30996.pkl,val
30997.pkl,val
30998.pkl,train
30999.pkl,val
31000.pkl,train
31001.pkl,val
31002.pkl,train
31003.pkl,train
31004.pkl,train
31005.pkl,train
31006.pkl,train
31007.pkl,val
31008.pkl,train
31009.pkl,val
31010.pkl,val
31011.pkl,train
31012.pkl,train
31013.pkl,val
31014.pkl,train
31015.pkl,val
31016.pkl,val
31017.pkl,train
31018.pkl,train
31019.pkl,train
31020.pkl,val
31021.pkl,val
31022.pkl,train
31023.pkl,train
31024.pkl,val
31025.pkl,val
31026.pkl,val
31027.pkl,val
31028.pkl,train
31029.pkl,train
31030.pkl,val
31031.pkl,val
31032.pkl,val
31033.pkl,val
31034.pkl,val
31035.pkl,val
31036.pkl,val
31037.pkl,val
31038.pkl,train
31039.pkl,train
31040.pkl,val
31041.pkl,val
31042.pkl,val
31043.pkl,val
31044.pkl,train
31045.pkl,train
31046.pkl,val
31047.pkl,val
31048.pkl,val
31049.pkl,val
31050.pkl,train
31051.pkl,val
31052.pkl,val
31053.pkl,train
31054.pkl,val
31055.pkl,val
31056.pkl,val
31057.pkl,val
31058.pkl,val
31059.pkl,val
31060.pkl,val
31061.pkl,train
31062.pkl,train
31063.pkl,val
31064.pkl,train
31065.pkl,train
31066.pkl,train
31067.pkl,train
31068.pkl,train
31069.pkl,train
31070.pkl,val
31071.pkl,train
31072.pkl,val
31073.pkl,val
31074.pkl,train
31075.pkl,val
31076.pkl,train
31077.pkl,val
31078.pkl,train
31079.pkl,train
31080.pkl,train
31081.pkl,val
31082.pkl,train
31083.pkl,train
31084.pkl,val
31085.pkl,train
31086.pkl,train
31087.pkl,train
31088.pkl,train
31089.pkl,train
31090.pkl,val
31091.pkl,val
31092.pkl,val
31093.pkl,train
31094.pkl,train
31095.pkl,val
31096.pkl,val
31097.pkl,val
31098.pkl,train
31099.pkl,train
31100.pkl,train
31101.pkl,val
31102.pkl,val
31103.pkl,val
31104.pkl,val
31105.pkl,val
31106.pkl,train
31107.pkl,train
31108.pkl,val
31109.pkl,train
31110.pkl,val
31111.pkl,train
31112.pkl,val
31113.pkl,val
31114.pkl,train
31115.pkl,val
31116.pkl,train
31117.pkl,train
31118.pkl,val
31119.pkl,val
31120.pkl,val
31121.pkl,val
31122.pkl,val
31123.pkl,train
31124.pkl,val
31125.pkl,train
31126.pkl,train
31127.pkl,train
31128.pkl,train
31129.pkl,val
31130.pkl,val
31131.pkl,train
31132.pkl,train
31133.pkl,train
31134.pkl,train
31135.pkl,val
31136.pkl,val
31137.pkl,train
31138.pkl,val
31139.pkl,val
31140.pkl,train
31141.pkl,train
31142.pkl,val
31143.pkl,val
31144.pkl,val
31145.pkl,train
31146.pkl,train
31147.pkl,val
31148.pkl,val
31149.pkl,train
31150.pkl,train
31151.pkl,val
31152.pkl,train
31153.pkl,train
31154.pkl,train
31155.pkl,train
31156.pkl,train
31157.pkl,train
31158.pkl,train
31159.pkl,train
31160.pkl,val
31161.pkl,train
31162.pkl,val
31163.pkl,train
31164.pkl,train
31165.pkl,train
31166.pkl,train
31167.pkl,val
31168.pkl,val
31169.pkl,val
31170.pkl,val
31171.pkl,train
31172.pkl,train
31173.pkl,val
31174.pkl,val
31175.pkl,val
31176.pkl,val
31177.pkl,val
31178.pkl,train
31179.pkl,train
31180.pkl,train
31181.pkl,train
31182.pkl,train
31183.pkl,val
31184.pkl,val
31185.pkl,val
31186.pkl,val
31187.pkl,train
31188.pkl,train
31189.pkl,val
31190.pkl,train
31191.pkl,train
31192.pkl,train
31193.pkl,val
31194.pkl,train
31195.pkl,val
31196.pkl,train
31197.pkl,val
31198.pkl,val
31199.pkl,train
31200.pkl,train
31201.pkl,val
31202.pkl,train
31203.pkl,val
31204.pkl,val
31205.pkl,val
31206.pkl,train
31207.pkl,val
31208.pkl,train
31209.pkl,val
31210.pkl,val
31211.pkl,val
31212.pkl,val
31213.pkl,val
31214.pkl,val
31215.pkl,train
31216.pkl,train
31217.pkl,val
31218.pkl,train
31219.pkl,val
31220.pkl,train
31221.pkl,train
31222.pkl,val
31223.pkl,val
31224.pkl,train
31225.pkl,train
31226.pkl,train
31227.pkl,train
31228.pkl,val
31229.pkl,val
31230.pkl,val
31231.pkl,val
31232.pkl,train
31233.pkl,val
31234.pkl,val
31235.pkl,train
31236.pkl,val
31237.pkl,train
31238.pkl,train
31239.pkl,val
31240.pkl,train
31241.pkl,val
31242.pkl,train
31243.pkl,train
31244.pkl,val
31245.pkl,val
31246.pkl,val
31247.pkl,val
31248.pkl,val
31249.pkl,val
31250.pkl,train
31251.pkl,val
31252.pkl,val
31253.pkl,val
31254.pkl,train
31255.pkl,train
31256.pkl,train
31257.pkl,val
31258.pkl,val
31259.pkl,val
31260.pkl,train
31261.pkl,train
31262.pkl,val
31263.pkl,train
31264.pkl,train
31265.pkl,val
31266.pkl,train
31267.pkl,val
31268.pkl,val
31269.pkl,val
31270.pkl,train
31271.pkl,val
31272.pkl,train
31273.pkl,val
31274.pkl,train
31275.pkl,train
31276.pkl,train
31277.pkl,train
31278.pkl,train
31279.pkl,val
31280.pkl,train
31281.pkl,train
31282.pkl,train
31283.pkl,val
31284.pkl,train
31285.pkl,train
31286.pkl,val
31287.pkl,val
31288.pkl,train
31289.pkl,train
31290.pkl,val
31291.pkl,train
31292.pkl,train
31293.pkl,val
31294.pkl,train
31295.pkl,val
31296.pkl,train
31297.pkl,val
31298.pkl,train
31299.pkl,val
31300.pkl,val
31301.pkl,train
31302.pkl,train
31303.pkl,train
31304.pkl,train
31305.pkl,val
31306.pkl,val
31307.pkl,train
31308.pkl,val
31309.pkl,train
31310.pkl,val
31311.pkl,train
31312.pkl,val
31313.pkl,train
31314.pkl,val
31315.pkl,train
31316.pkl,train
31317.pkl,train
31318.pkl,val
31319.pkl,val
31320.pkl,val
31321.pkl,val
31322.pkl,train
31323.pkl,train
31324.pkl,val
31325.pkl,val
31326.pkl,train
31327.pkl,val
31328.pkl,train
31329.pkl,train
31330.pkl,train
31331.pkl,train
31332.pkl,train
31333.pkl,train
31334.pkl,train
31335.pkl,val
31336.pkl,train
31337.pkl,train
31338.pkl,val
31339.pkl,train
31340.pkl,train
31341.pkl,train
31342.pkl,val
31343.pkl,val
31344.pkl,val
31345.pkl,val
31346.pkl,train
31347.pkl,val
31348.pkl,train
31349.pkl,train
31350.pkl,val
31351.pkl,val
31352.pkl,train
31353.pkl,val
31354.pkl,val
31355.pkl,val
31356.pkl,train
31357.pkl,val
31358.pkl,val
31359.pkl,train
31360.pkl,val
31361.pkl,val
31362.pkl,train
31363.pkl,train
31364.pkl,val
31365.pkl,train
31366.pkl,train
31367.pkl,train
31368.pkl,val
31369.pkl,val
31370.pkl,train
31371.pkl,val
31372.pkl,val
31373.pkl,val
31374.pkl,val
31375.pkl,val
31376.pkl,val
31377.pkl,val
31378.pkl,train
31379.pkl,val
31380.pkl,train
31381.pkl,train
31382.pkl,train
31383.pkl,train
31384.pkl,train
31385.pkl,val
31386.pkl,val
31387.pkl,val
31388.pkl,val
31389.pkl,train
31390.pkl,val
31391.pkl,train
31392.pkl,val
31393.pkl,val
31394.pkl,train
31395.pkl,val
31396.pkl,val
31397.pkl,train
31398.pkl,val
31399.pkl,val
31400.pkl,val
31401.pkl,train
31402.pkl,val
31403.pkl,train
31404.pkl,val
31405.pkl,val
31406.pkl,val
31407.pkl,val
31408.pkl,train
31409.pkl,val
31410.pkl,val
31411.pkl,val
31412.pkl,val
31413.pkl,val
31414.pkl,val
31415.pkl,val
31416.pkl,train
31417.pkl,val
31418.pkl,val
31419.pkl,train
31420.pkl,train
31421.pkl,val
31422.pkl,train
31423.pkl,val
31424.pkl,val
31425.pkl,val
31426.pkl,val
31427.pkl,train
31428.pkl,train
31429.pkl,val
31430.pkl,val
31431.pkl,train
31432.pkl,train
31433.pkl,train
31434.pkl,val
31435.pkl,train
31436.pkl,val
31437.pkl,train
31438.pkl,train
31439.pkl,val
31440.pkl,train
31441.pkl,train
31442.pkl,train
31443.pkl,val
31444.pkl,val
31445.pkl,train
31446.pkl,train
31447.pkl,val
31448.pkl,val
31449.pkl,val
31450.pkl,val
31451.pkl,train
31452.pkl,train
31453.pkl,val
31454.pkl,val
31455.pkl,val
31456.pkl,train
31457.pkl,train
31458.pkl,train
31459.pkl,train
31460.pkl,train
31461.pkl,val
31462.pkl,val
31463.pkl,train
31464.pkl,train
31465.pkl,train
31466.pkl,train
31467.pkl,train
31468.pkl,val
31469.pkl,val
31470.pkl,val
31471.pkl,train
31472.pkl,train
31473.pkl,train
31474.pkl,train
31475.pkl,train
31476.pkl,train
31477.pkl,train
31478.pkl,val
31479.pkl,train
31480.pkl,val
31481.pkl,val
31482.pkl,val
31483.pkl,train
31484.pkl,train
31485.pkl,val
31486.pkl,val
31487.pkl,val
31488.pkl,train
31489.pkl,val
31490.pkl,val
31491.pkl,val
31492.pkl,train
31493.pkl,train
31494.pkl,train
31495.pkl,val
31496.pkl,train
31497.pkl,train
31498.pkl,train
31499.pkl,train
31500.pkl,val
31501.pkl,train
31502.pkl,train
31503.pkl,train
31504.pkl,train
31505.pkl,train
31506.pkl,val
31507.pkl,train
31508.pkl,val
31509.pkl,val
31510.pkl,val
31511.pkl,val
31512.pkl,val
31513.pkl,train
31514.pkl,train
31515.pkl,train
31516.pkl,train
31517.pkl,val
31518.pkl,val
31519.pkl,train
31520.pkl,val
31521.pkl,train
31522.pkl,train
31523.pkl,train
31524.pkl,val
31525.pkl,train
31526.pkl,train
31527.pkl,train
31528.pkl,train
31529.pkl,val
31530.pkl,val
31531.pkl,train
31532.pkl,train
31533.pkl,train
31534.pkl,val
31535.pkl,val
31536.pkl,train
31537.pkl,val
31538.pkl,val
31539.pkl,train
31540.pkl,train
31541.pkl,val
31542.pkl,train
31543.pkl,train
31544.pkl,train
31545.pkl,train
31546.pkl,val
31547.pkl,train
31548.pkl,val
31549.pkl,train
31550.pkl,train
31551.pkl,train
31552.pkl,val
31553.pkl,val
31554.pkl,train
31555.pkl,val
31556.pkl,val
31557.pkl,val
31558.pkl,train
31559.pkl,train
31560.pkl,val
31561.pkl,val
31562.pkl,train
31563.pkl,val
31564.pkl,val
31565.pkl,val
31566.pkl,val
31567.pkl,train
31568.pkl,train
31569.pkl,train
31570.pkl,train
31571.pkl,val
31572.pkl,train
31573.pkl,train
31574.pkl,train
31575.pkl,train
31576.pkl,val
31577.pkl,train
31578.pkl,val
31579.pkl,train
31580.pkl,train
31581.pkl,train
31582.pkl,train
31583.pkl,val
31584.pkl,train
31585.pkl,train
31586.pkl,val
31587.pkl,train
31588.pkl,val
31589.pkl,train
31590.pkl,train
31591.pkl,val
31592.pkl,val
31593.pkl,train
31594.pkl,train
31595.pkl,val
31596.pkl,val
31597.pkl,val
31598.pkl,train
31599.pkl,val
31600.pkl,val
31601.pkl,train
31602.pkl,train
31603.pkl,train
31604.pkl,val
31605.pkl,train
31606.pkl,train
31607.pkl,val
31608.pkl,train
31609.pkl,train
31610.pkl,train
31611.pkl,train
31612.pkl,val
31613.pkl,train
31614.pkl,train
31615.pkl,train
31616.pkl,val
31617.pkl,val
31618.pkl,train
31619.pkl,val
31620.pkl,val
31621.pkl,val
31622.pkl,train
31623.pkl,val
31624.pkl,val
31625.pkl,val
31626.pkl,val
31627.pkl,val
31628.pkl,train
31629.pkl,train
31630.pkl,train
31631.pkl,val
31632.pkl,val
31633.pkl,train
31634.pkl,val
31635.pkl,train
31636.pkl,val
31637.pkl,train
31638.pkl,val
31639.pkl,val
31640.pkl,val
31641.pkl,train
31642.pkl,val
31643.pkl,train
31644.pkl,train
31645.pkl,train
31646.pkl,val
31647.pkl,train
31648.pkl,train
31649.pkl,val
31650.pkl,val
31651.pkl,train
31652.pkl,train
31653.pkl,val
31654.pkl,val
31655.pkl,val
31656.pkl,train
31657.pkl,val
31658.pkl,train
31659.pkl,val
31660.pkl,train
31661.pkl,train
31662.pkl,val
31663.pkl,train
31664.pkl,train
31665.pkl,train
31666.pkl,train
31667.pkl,val
31668.pkl,train
31669.pkl,train
31670.pkl,train
31671.pkl,val
31672.pkl,val
31673.pkl,val
31674.pkl,train
31675.pkl,train
31676.pkl,val
31677.pkl,train
31678.pkl,train
31679.pkl,val
31680.pkl,train
31681.pkl,val
31682.pkl,train
31683.pkl,val
31684.pkl,val
31685.pkl,train
31686.pkl,val
31687.pkl,train
31688.pkl,train
31689.pkl,train
31690.pkl,train
31691.pkl,train
31692.pkl,train
31693.pkl,train
31694.pkl,train
31695.pkl,val
31696.pkl,train
31697.pkl,val
31698.pkl,train
31699.pkl,train
31700.pkl,train
31701.pkl,val
31702.pkl,val
31703.pkl,val
31704.pkl,train
31705.pkl,train
31706.pkl,val
31707.pkl,train
31708.pkl,val
31709.pkl,val
31710.pkl,val
31711.pkl,val
31712.pkl,val
31713.pkl,val
31714.pkl,val
31715.pkl,train
31716.pkl,train
31717.pkl,train
31718.pkl,train
31719.pkl,val
31720.pkl,train
31721.pkl,train
31722.pkl,train
31723.pkl,train
31724.pkl,train
31725.pkl,train
31726.pkl,val
31727.pkl,val
31728.pkl,train
31729.pkl,val
31730.pkl,val
31731.pkl,val
31732.pkl,val
31733.pkl,train
31734.pkl,val
31735.pkl,val
31736.pkl,val
31737.pkl,train
31738.pkl,train
31739.pkl,val
31740.pkl,train
31741.pkl,val
31742.pkl,val
31743.pkl,train
31744.pkl,train
31745.pkl,train
31746.pkl,val
31747.pkl,val
31748.pkl,train
31749.pkl,val
31750.pkl,val
31751.pkl,train
31752.pkl,val
31753.pkl,train
31754.pkl,val
31755.pkl,train
31756.pkl,train
31757.pkl,val
31758.pkl,val
31759.pkl,val
31760.pkl,train
31761.pkl,val
31762.pkl,val
31763.pkl,val
31764.pkl,train
31765.pkl,val
31766.pkl,val
31767.pkl,train
31768.pkl,train
31769.pkl,val
31770.pkl,train
31771.pkl,train
31772.pkl,train
31773.pkl,train
31774.pkl,train
31775.pkl,train
31776.pkl,train
31777.pkl,val
31778.pkl,val
31779.pkl,val
31780.pkl,train
31781.pkl,train
31782.pkl,val
31783.pkl,train
31784.pkl,val
31785.pkl,train
31786.pkl,val
31787.pkl,train
31788.pkl,val
31789.pkl,train
31790.pkl,val
31791.pkl,train
31792.pkl,train
31793.pkl,train
31794.pkl,val
31795.pkl,train
31796.pkl,train
31797.pkl,val
31798.pkl,val
31799.pkl,train
31800.pkl,train
31801.pkl,val
31802.pkl,val
31803.pkl,train
31804.pkl,val
31805.pkl,train
31806.pkl,train
31807.pkl,val
31808.pkl,train
31809.pkl,val
31810.pkl,val
31811.pkl,val
31812.pkl,val
31813.pkl,val
31814.pkl,train
31815.pkl,train
31816.pkl,val
31817.pkl,train
31818.pkl,val
31819.pkl,train
31820.pkl,val
31821.pkl,train
31822.pkl,val
31823.pkl,val
31824.pkl,train
31825.pkl,train
31826.pkl,val
31827.pkl,val
31828.pkl,val
31829.pkl,train
31830.pkl,train
31831.pkl,train
31832.pkl,train
31833.pkl,val
31834.pkl,train
31835.pkl,train
31836.pkl,train
31837.pkl,train
31838.pkl,val
31839.pkl,train
31840.pkl,val
31841.pkl,val
31842.pkl,train
31843.pkl,train
31844.pkl,val
31845.pkl,val
31846.pkl,train
31847.pkl,train
31848.pkl,val
31849.pkl,val
31850.pkl,train
31851.pkl,train
31852.pkl,train
31853.pkl,train
31854.pkl,val
31855.pkl,train
31856.pkl,train
31857.pkl,val
31858.pkl,train
31859.pkl,val
31860.pkl,val
31861.pkl,val
31862.pkl,train
31863.pkl,train
31864.pkl,val
31865.pkl,val
31866.pkl,val
31867.pkl,val
31868.pkl,val
31869.pkl,val
31870.pkl,train
31871.pkl,train
31872.pkl,train
31873.pkl,val
31874.pkl,val
31875.pkl,train
31876.pkl,train
31877.pkl,train
31878.pkl,train
31879.pkl,train
31880.pkl,train
31881.pkl,val
31882.pkl,val
31883.pkl,val
31884.pkl,val
31885.pkl,val
31886.pkl,train
31887.pkl,train
31888.pkl,val
31889.pkl,train
31890.pkl,train
31891.pkl,val
31892.pkl,val
31893.pkl,val
31894.pkl,val
31895.pkl,val
31896.pkl,val
31897.pkl,val
31898.pkl,train
31899.pkl,train
31900.pkl,train
31901.pkl,val
31902.pkl,train
31903.pkl,val
31904.pkl,val
31905.pkl,train
31906.pkl,val
31907.pkl,train
31908.pkl,train
31909.pkl,val
31910.pkl,train
31911.pkl,train
31912.pkl,train
31913.pkl,val
31914.pkl,val
31915.pkl,train
31916.pkl,train
31917.pkl,val
31918.pkl,val
31919.pkl,train
31920.pkl,train
31921.pkl,train
31922.pkl,train
31923.pkl,train
31924.pkl,train
31925.pkl,train
31926.pkl,train
31927.pkl,train
31928.pkl,val
31929.pkl,val
31930.pkl,val
31931.pkl,val
31932.pkl,train
31933.pkl,train
31934.pkl,val
31935.pkl,val
31936.pkl,train
31937.pkl,train
31938.pkl,val
31939.pkl,val
31940.pkl,train
31941.pkl,train
31942.pkl,val
31943.pkl,val
31944.pkl,train
31945.pkl,val
31946.pkl,train
31947.pkl,train
31948.pkl,val
31949.pkl,val
31950.pkl,train
31951.pkl,train
31952.pkl,val
31953.pkl,train
31954.pkl,val
31955.pkl,train
31956.pkl,val
31957.pkl,val
31958.pkl,val
31959.pkl,train
31960.pkl,train
31961.pkl,train
31962.pkl,train
31963.pkl,train
31964.pkl,train
31965.pkl,train
31966.pkl,val
31967.pkl,val
31968.pkl,train
31969.pkl,train
31970.pkl,val
31971.pkl,val
31972.pkl,val
31973.pkl,train
31974.pkl,train
31975.pkl,val
31976.pkl,train
31977.pkl,train
31978.pkl,val
31979.pkl,train
31980.pkl,train
31981.pkl,val
31982.pkl,train
31983.pkl,train
31984.pkl,val
31985.pkl,train
31986.pkl,val
31987.pkl,train
31988.pkl,train
31989.pkl,val
31990.pkl,train
31991.pkl,val
31992.pkl,val
31993.pkl,train
31994.pkl,train
31995.pkl,val
31996.pkl,val
31997.pkl,train
31998.pkl,val
31999.pkl,val
32000.pkl,train
32001.pkl,val
32002.pkl,val
32003.pkl,val
32004.pkl,train
32005.pkl,val
32006.pkl,val
32007.pkl,train
32008.pkl,val
32009.pkl,train
32010.pkl,train
32011.pkl,train
32012.pkl,train
32013.pkl,train
32014.pkl,train
32015.pkl,train
32016.pkl,val
32017.pkl,train
32018.pkl,val
32019.pkl,val
32020.pkl,val
32021.pkl,val
32022.pkl,val
32023.pkl,train
32024.pkl,train
32025.pkl,val
32026.pkl,train
32027.pkl,val
32028.pkl,train
32029.pkl,val
32030.pkl,val
32031.pkl,train
32032.pkl,val
32033.pkl,val
32034.pkl,train
32035.pkl,val
32036.pkl,val
32037.pkl,train
32038.pkl,train
32039.pkl,train
32040.pkl,val
32041.pkl,val
32042.pkl,train
32043.pkl,val
32044.pkl,train
32045.pkl,val
32046.pkl,val
32047.pkl,val
32048.pkl,train
32049.pkl,train
32050.pkl,train
32051.pkl,val
32052.pkl,val
32053.pkl,val
32054.pkl,val
32055.pkl,train
32056.pkl,train
32057.pkl,train
32058.pkl,val
32059.pkl,train
32060.pkl,train
32061.pkl,val
32062.pkl,val
32063.pkl,train
32064.pkl,train
32065.pkl,val
32066.pkl,train
32067.pkl,train
32068.pkl,train
32069.pkl,val
32070.pkl,train
32071.pkl,train
32072.pkl,train
32073.pkl,train
32074.pkl,val
32075.pkl,train
32076.pkl,train
32077.pkl,val
32078.pkl,val
32079.pkl,val
32080.pkl,train
32081.pkl,train
32082.pkl,val
32083.pkl,val
32084.pkl,val
32085.pkl,train
32086.pkl,train
32087.pkl,val
32088.pkl,val
32089.pkl,val
32090.pkl,val
32091.pkl,val
32092.pkl,train
32093.pkl,train
32094.pkl,val
32095.pkl,train
32096.pkl,train
32097.pkl,val
32098.pkl,train
32099.pkl,train
32100.pkl,val
32101.pkl,train
32102.pkl,val
32103.pkl,train
32104.pkl,train
32105.pkl,val
32106.pkl,val
32107.pkl,train
32108.pkl,val
32109.pkl,val
32110.pkl,train
32111.pkl,train
32112.pkl,train
32113.pkl,train
32114.pkl,val
32115.pkl,train
32116.pkl,train
32117.pkl,train
32118.pkl,val
32119.pkl,val
32120.pkl,train
32121.pkl,train
32122.pkl,train
32123.pkl,train
32124.pkl,val
32125.pkl,val
32126.pkl,train
32127.pkl,val
32128.pkl,train
32129.pkl,val
32130.pkl,val
32131.pkl,train
32132.pkl,val
32133.pkl,train
32134.pkl,val
32135.pkl,train
32136.pkl,val
32137.pkl,train
32138.pkl,train
32139.pkl,train
32140.pkl,val
32141.pkl,val
32142.pkl,train
32143.pkl,val
32144.pkl,train
32145.pkl,val
32146.pkl,val
32147.pkl,train
32148.pkl,val
32149.pkl,val
32150.pkl,train
32151.pkl,val
32152.pkl,val
32153.pkl,val
32154.pkl,train
32155.pkl,train
32156.pkl,val
32157.pkl,val
32158.pkl,train
32159.pkl,train
32160.pkl,train
32161.pkl,train
32162.pkl,val
32163.pkl,val
32164.pkl,train
32165.pkl,val
32166.pkl,val
32167.pkl,train
32168.pkl,val
32169.pkl,train
32170.pkl,val
32171.pkl,train
32172.pkl,train
32173.pkl,train
32174.pkl,val
32175.pkl,val
32176.pkl,train
32177.pkl,train
32178.pkl,val
32179.pkl,val
32180.pkl,val
32181.pkl,train
32182.pkl,train
32183.pkl,val
32184.pkl,val
32185.pkl,train
32186.pkl,train
32187.pkl,val
32188.pkl,train
32189.pkl,train
32190.pkl,train
32191.pkl,val
32192.pkl,train
32193.pkl,val
32194.pkl,val
32195.pkl,val
32196.pkl,val
32197.pkl,train
32198.pkl,val
32199.pkl,val
32200.pkl,val
32201.pkl,train
32202.pkl,train
32203.pkl,val
32204.pkl,val
32205.pkl,train
32206.pkl,train
32207.pkl,val
32208.pkl,val
32209.pkl,val
32210.pkl,val
32211.pkl,val
32212.pkl,val
32213.pkl,train
32214.pkl,train
32215.pkl,val
32216.pkl,train
32217.pkl,val
32218.pkl,val
32219.pkl,train
32220.pkl,val
32221.pkl,val
32222.pkl,val
32223.pkl,val
32224.pkl,val
32225.pkl,val
32226.pkl,train
32227.pkl,val
32228.pkl,val
32229.pkl,val
32230.pkl,train
32231.pkl,val
32232.pkl,train
32233.pkl,train
32234.pkl,val
32235.pkl,train
32236.pkl,val
32237.pkl,train
32238.pkl,train
32239.pkl,val
32240.pkl,train
32241.pkl,val
32242.pkl,train
32243.pkl,val
32244.pkl,val
32245.pkl,val
32246.pkl,val
32247.pkl,val
32248.pkl,train
32249.pkl,val
32250.pkl,val
32251.pkl,train
32252.pkl,train
32253.pkl,train
32254.pkl,val
32255.pkl,val
32256.pkl,val
32257.pkl,train
32258.pkl,val
32259.pkl,train
32260.pkl,train
32261.pkl,train
32262.pkl,train
32263.pkl,train
32264.pkl,val
32265.pkl,train
32266.pkl,val
32267.pkl,train
32268.pkl,val
32269.pkl,train
32270.pkl,train
32271.pkl,val
32272.pkl,train
32273.pkl,val
32274.pkl,val
32275.pkl,val
32276.pkl,val
32277.pkl,train
32278.pkl,train
32279.pkl,val
32280.pkl,train
32281.pkl,val
32282.pkl,train
32283.pkl,val
32284.pkl,val
32285.pkl,val
32286.pkl,val
32287.pkl,val
32288.pkl,train
32289.pkl,train
32290.pkl,val
32291.pkl,train
32292.pkl,train
32293.pkl,train
32294.pkl,train
32295.pkl,train
32296.pkl,val
32297.pkl,val
32298.pkl,val
32299.pkl,val
32300.pkl,train
32301.pkl,train
32302.pkl,train
32303.pkl,train
32304.pkl,train
32305.pkl,train
32306.pkl,val
32307.pkl,val
32308.pkl,val
32309.pkl,train
32310.pkl,val
32311.pkl,train
32312.pkl,val
32313.pkl,train
32314.pkl,val
32315.pkl,val
32316.pkl,train
32317.pkl,val
32318.pkl,train
32319.pkl,val
32320.pkl,train
32321.pkl,train
32322.pkl,train
32323.pkl,train
32324.pkl,val
32325.pkl,val
32326.pkl,val
32327.pkl,train
32328.pkl,val
32329.pkl,train
32330.pkl,train
32331.pkl,val
32332.pkl,val
32333.pkl,train
32334.pkl,val
32335.pkl,train
32336.pkl,val
32337.pkl,train
32338.pkl,val
32339.pkl,val
32340.pkl,val
32341.pkl,val
32342.pkl,val
32343.pkl,val
32344.pkl,train
32345.pkl,val
32346.pkl,val
32347.pkl,val
32348.pkl,train
32349.pkl,val
32350.pkl,train
32351.pkl,train
32352.pkl,train
32353.pkl,train
32354.pkl,train
32355.pkl,val
32356.pkl,val
32357.pkl,train
32358.pkl,train
32359.pkl,train
32360.pkl,train
32361.pkl,val
32362.pkl,val
32363.pkl,train
32364.pkl,train
32365.pkl,train
32366.pkl,train
32367.pkl,val
32368.pkl,val
32369.pkl,val
32370.pkl,val
32371.pkl,train
32372.pkl,train
32373.pkl,train
32374.pkl,train
32375.pkl,val
32376.pkl,val
32377.pkl,train
32378.pkl,train
32379.pkl,val
32380.pkl,train
32381.pkl,val
32382.pkl,val
32383.pkl,train
32384.pkl,val
32385.pkl,val
32386.pkl,train
32387.pkl,val
32388.pkl,val
32389.pkl,val
32390.pkl,val
32391.pkl,train
32392.pkl,train
32393.pkl,train
32394.pkl,val
32395.pkl,train
32396.pkl,train
32397.pkl,val
32398.pkl,val
32399.pkl,val
32400.pkl,train
32401.pkl,val
32402.pkl,train
32403.pkl,train
32404.pkl,val
32405.pkl,train
32406.pkl,train
32407.pkl,val
32408.pkl,val
32409.pkl,val
32410.pkl,val
32411.pkl,train
32412.pkl,train
32413.pkl,train
32414.pkl,val
32415.pkl,train
32416.pkl,train
32417.pkl,train
32418.pkl,train
32419.pkl,train
32420.pkl,val
32421.pkl,val
32422.pkl,train
32423.pkl,val
32424.pkl,train
32425.pkl,train
32426.pkl,val
32427.pkl,val
32428.pkl,val
32429.pkl,val
32430.pkl,val
32431.pkl,val
32432.pkl,val
32433.pkl,val
32434.pkl,val
32435.pkl,val
32436.pkl,train
32437.pkl,train
32438.pkl,val
32439.pkl,train
32440.pkl,train
32441.pkl,val
32442.pkl,val
32443.pkl,val
32444.pkl,train
32445.pkl,train
32446.pkl,train
32447.pkl,val
32448.pkl,train
32449.pkl,train
32450.pkl,train
32451.pkl,val
32452.pkl,val
32453.pkl,val
32454.pkl,train
32455.pkl,val
32456.pkl,train
32457.pkl,val
32458.pkl,val
32459.pkl,val
32460.pkl,val
32461.pkl,val
32462.pkl,val
32463.pkl,val
32464.pkl,train
32465.pkl,val
32466.pkl,val
32467.pkl,train
32468.pkl,train
32469.pkl,train
32470.pkl,train
32471.pkl,val
32472.pkl,val
32473.pkl,val
32474.pkl,train
32475.pkl,train
32476.pkl,train
32477.pkl,val
32478.pkl,train
32479.pkl,val
32480.pkl,train
32481.pkl,val
32482.pkl,train
32483.pkl,train
32484.pkl,train
32485.pkl,val
32486.pkl,val
32487.pkl,val
32488.pkl,train
32489.pkl,val
32490.pkl,val
32491.pkl,val
32492.pkl,val
32493.pkl,val
32494.pkl,train
32495.pkl,val
32496.pkl,train
32497.pkl,train
32498.pkl,train
32499.pkl,train
32500.pkl,val
32501.pkl,val
32502.pkl,val
32503.pkl,val
32504.pkl,train
32505.pkl,train
32506.pkl,train
32507.pkl,train
32508.pkl,train
32509.pkl,train
32510.pkl,train
32511.pkl,train
32512.pkl,train
32513.pkl,train
32514.pkl,val
32515.pkl,val
32516.pkl,train
32517.pkl,val
32518.pkl,train
32519.pkl,val
32520.pkl,train
32521.pkl,train
32522.pkl,train
32523.pkl,train
32524.pkl,train
32525.pkl,train
32526.pkl,train
32527.pkl,val
32528.pkl,train
32529.pkl,val
32530.pkl,train
32531.pkl,val
32532.pkl,val
32533.pkl,val
32534.pkl,train
32535.pkl,val
32536.pkl,val
32537.pkl,train
32538.pkl,train
32539.pkl,val
32540.pkl,train
32541.pkl,train
32542.pkl,val
32543.pkl,train
32544.pkl,val
32545.pkl,val
32546.pkl,train
32547.pkl,val
32548.pkl,val
32549.pkl,val
32550.pkl,val
32551.pkl,train
32552.pkl,train
32553.pkl,val
32554.pkl,train
32555.pkl,train
32556.pkl,train
32557.pkl,train
32558.pkl,train
32559.pkl,train
32560.pkl,train
32561.pkl,train
32562.pkl,train
32563.pkl,train
32564.pkl,train
32565.pkl,val
32566.pkl,train
32567.pkl,val
32568.pkl,val
32569.pkl,val
32570.pkl,train
32571.pkl,train
32572.pkl,train
32573.pkl,val
32574.pkl,val
32575.pkl,val
32576.pkl,train
32577.pkl,train
32578.pkl,val
32579.pkl,train
32580.pkl,val
32581.pkl,train
32582.pkl,train
32583.pkl,train
32584.pkl,val
32585.pkl,val
32586.pkl,val
32587.pkl,train
32588.pkl,train
32589.pkl,val
32590.pkl,val
32591.pkl,train
32592.pkl,val
32593.pkl,train
32594.pkl,val
32595.pkl,val
32596.pkl,val
32597.pkl,train
32598.pkl,train
32599.pkl,val
32600.pkl,train
32601.pkl,train
32602.pkl,train
32603.pkl,train
32604.pkl,val
32605.pkl,val
32606.pkl,val
32607.pkl,val
32608.pkl,val
32609.pkl,val
32610.pkl,train
32611.pkl,val
32612.pkl,val
32613.pkl,train
32614.pkl,val
32615.pkl,val
32616.pkl,train
32617.pkl,val
32618.pkl,train
32619.pkl,val
32620.pkl,train
32621.pkl,val
32622.pkl,train
32623.pkl,train
32624.pkl,val
32625.pkl,val
32626.pkl,val
32627.pkl,train
32628.pkl,train
32629.pkl,train
32630.pkl,val
32631.pkl,train
32632.pkl,val
32633.pkl,val
32634.pkl,val
32635.pkl,train
32636.pkl,train
32637.pkl,val
32638.pkl,val
32639.pkl,val
32640.pkl,val
32641.pkl,val
32642.pkl,train
32643.pkl,train
32644.pkl,val
32645.pkl,val
32646.pkl,train
32647.pkl,val
32648.pkl,train
32649.pkl,train
32650.pkl,val
32651.pkl,train
32652.pkl,train
32653.pkl,train
32654.pkl,val
32655.pkl,val
32656.pkl,train
32657.pkl,train
32658.pkl,train
32659.pkl,train
32660.pkl,train
32661.pkl,val
32662.pkl,val
32663.pkl,train
32664.pkl,train
32665.pkl,train
32666.pkl,val
32667.pkl,train
32668.pkl,val
32669.pkl,val
32670.pkl,train
32671.pkl,val
32672.pkl,train
32673.pkl,train
32674.pkl,train
32675.pkl,val
32676.pkl,train
32677.pkl,train
32678.pkl,train
32679.pkl,val
32680.pkl,train
32681.pkl,train
32682.pkl,train
32683.pkl,val
32684.pkl,val
32685.pkl,train
32686.pkl,val
32687.pkl,val
32688.pkl,val
32689.pkl,train
32690.pkl,train
32691.pkl,val
32692.pkl,train
32693.pkl,val
32694.pkl,val
32695.pkl,val
32696.pkl,val
32697.pkl,val
32698.pkl,val
32699.pkl,train
32700.pkl,val
32701.pkl,train
32702.pkl,val
32703.pkl,train
32704.pkl,val
32705.pkl,val
32706.pkl,train
32707.pkl,train
32708.pkl,val
32709.pkl,val
32710.pkl,train
32711.pkl,val
32712.pkl,train
32713.pkl,train
32714.pkl,train
32715.pkl,val
32716.pkl,val
32717.pkl,val
32718.pkl,val
32719.pkl,train
32720.pkl,train
32721.pkl,train
32722.pkl,val
32723.pkl,train
32724.pkl,train
32725.pkl,val
32726.pkl,val
32727.pkl,val
32728.pkl,train
32729.pkl,val
32730.pkl,val
32731.pkl,val
32732.pkl,train
32733.pkl,train
32734.pkl,train
32735.pkl,val
32736.pkl,train
32737.pkl,train
32738.pkl,train
32739.pkl,train
32740.pkl,val
32741.pkl,val
32742.pkl,val
32743.pkl,train
32744.pkl,train
32745.pkl,val
32746.pkl,train
32747.pkl,val
32748.pkl,val
32749.pkl,train
32750.pkl,val
32751.pkl,val
32752.pkl,train
32753.pkl,train
32754.pkl,val
32755.pkl,val
32756.pkl,val
32757.pkl,val
32758.pkl,val
32759.pkl,val
32760.pkl,val
32761.pkl,val
32762.pkl,val
32763.pkl,val
32764.pkl,val
32765.pkl,val
32766.pkl,train
32767.pkl,val
32768.pkl,val
32769.pkl,train
32770.pkl,train
32771.pkl,val
32772.pkl,train
32773.pkl,val
32774.pkl,train
32775.pkl,train
32776.pkl,train
32777.pkl,train
32778.pkl,train
32779.pkl,train
32780.pkl,train
32781.pkl,train
32782.pkl,val
32783.pkl,val
32784.pkl,val
32785.pkl,val
32786.pkl,val
32787.pkl,val
32788.pkl,train
32789.pkl,val
32790.pkl,train
32791.pkl,train
32792.pkl,val
32793.pkl,train
32794.pkl,train
32795.pkl,train
32796.pkl,val
32797.pkl,train
32798.pkl,val
32799.pkl,val
32800.pkl,train
32801.pkl,val
32802.pkl,train
32803.pkl,train
32804.pkl,train
32805.pkl,train
32806.pkl,val
32807.pkl,val
32808.pkl,train
32809.pkl,val
32810.pkl,val
32811.pkl,val
32812.pkl,val
32813.pkl,val
32814.pkl,train
32815.pkl,train
32816.pkl,train
32817.pkl,train
32818.pkl,train
32819.pkl,val
32820.pkl,train
32821.pkl,train
32822.pkl,train
32823.pkl,val
32824.pkl,train
32825.pkl,val
32826.pkl,train
32827.pkl,val
32828.pkl,train
32829.pkl,train
32830.pkl,val
32831.pkl,val
32832.pkl,train
32833.pkl,train
32834.pkl,train
32835.pkl,train
32836.pkl,val
32837.pkl,train
32838.pkl,val
32839.pkl,val
32840.pkl,val
32841.pkl,val
32842.pkl,train
32843.pkl,train
32844.pkl,train
32845.pkl,train
32846.pkl,train
32847.pkl,train
32848.pkl,train
32849.pkl,val
32850.pkl,val
32851.pkl,train
32852.pkl,train
32853.pkl,train
32854.pkl,train
32855.pkl,train
32856.pkl,train
32857.pkl,val
32858.pkl,val
32859.pkl,train
32860.pkl,val
32861.pkl,train
32862.pkl,train
32863.pkl,val
32864.pkl,train
32865.pkl,train
32866.pkl,val
32867.pkl,val
32868.pkl,train
32869.pkl,train
32870.pkl,val
32871.pkl,train
32872.pkl,train
32873.pkl,train
32874.pkl,val
32875.pkl,train
32876.pkl,train
32877.pkl,train
32878.pkl,train
32879.pkl,train
32880.pkl,train
32881.pkl,val
32882.pkl,val
32883.pkl,val
32884.pkl,val
32885.pkl,val
32886.pkl,val
32887.pkl,val
32888.pkl,val
32889.pkl,val
32890.pkl,val
32891.pkl,train
32892.pkl,train
32893.pkl,train
32894.pkl,train
32895.pkl,train
32896.pkl,val
32897.pkl,train
32898.pkl,val
32899.pkl,val
32900.pkl,train
32901.pkl,val
32902.pkl,train
32903.pkl,val
32904.pkl,val
32905.pkl,val
32906.pkl,train
32907.pkl,train
32908.pkl,train
32909.pkl,val
32910.pkl,val
32911.pkl,val
32912.pkl,train
32913.pkl,val
32914.pkl,val
32915.pkl,val
32916.pkl,train
32917.pkl,train
32918.pkl,val
32919.pkl,val
32920.pkl,val
32921.pkl,val
32922.pkl,train
32923.pkl,val
32924.pkl,val
32925.pkl,val
32926.pkl,train
32927.pkl,train
32928.pkl,train
32929.pkl,train
32930.pkl,val
32931.pkl,train
32932.pkl,train
32933.pkl,val
32934.pkl,train
32935.pkl,train
32936.pkl,val
32937.pkl,train
32938.pkl,train
32939.pkl,val
32940.pkl,val
32941.pkl,train
32942.pkl,train
32943.pkl,train
32944.pkl,train
32945.pkl,train
32946.pkl,val
32947.pkl,train
32948.pkl,train
32949.pkl,val
32950.pkl,val
32951.pkl,val
32952.pkl,train
32953.pkl,val
32954.pkl,val
32955.pkl,val
32956.pkl,train
32957.pkl,val
32958.pkl,val
32959.pkl,train
32960.pkl,val
32961.pkl,train
32962.pkl,train
32963.pkl,val
32964.pkl,train
32965.pkl,train
32966.pkl,train
32967.pkl,val
32968.pkl,val
32969.pkl,train
32970.pkl,train
32971.pkl,val
32972.pkl,train
32973.pkl,val
32974.pkl,val
32975.pkl,val
32976.pkl,train
32977.pkl,train
32978.pkl,val
32979.pkl,train
32980.pkl,val
32981.pkl,val
32982.pkl,val
32983.pkl,val
32984.pkl,train
32985.pkl,train
32986.pkl,val
32987.pkl,val
32988.pkl,val
32989.pkl,val
32990.pkl,train
32991.pkl,train
32992.pkl,val
32993.pkl,val
32994.pkl,val
32995.pkl,val
32996.pkl,train
32997.pkl,val
32998.pkl,train
32999.pkl,train
33000.pkl,train
33001.pkl,val
33002.pkl,val
33003.pkl,train
33004.pkl,train
33005.pkl,val
33006.pkl,train
33007.pkl,val
33008.pkl,train
33009.pkl,train
33010.pkl,val
33011.pkl,train
33012.pkl,train
33013.pkl,val
33014.pkl,val
33015.pkl,val
33016.pkl,train
33017.pkl,train
33018.pkl,val
33019.pkl,val
33020.pkl,val
33021.pkl,val
33022.pkl,train
33023.pkl,val
33024.pkl,train
33025.pkl,train
33026.pkl,train
33027.pkl,train
33028.pkl,train
33029.pkl,train
33030.pkl,train
33031.pkl,val
33032.pkl,train
33033.pkl,train
33034.pkl,train
33035.pkl,train
33036.pkl,train
33037.pkl,val
33038.pkl,val
33039.pkl,train
33040.pkl,train
33041.pkl,val
33042.pkl,val
33043.pkl,val
33044.pkl,val
33045.pkl,train
33046.pkl,val
33047.pkl,train
33048.pkl,train
33049.pkl,train
33050.pkl,train
33051.pkl,val
33052.pkl,train
33053.pkl,val
33054.pkl,val
33055.pkl,train
33056.pkl,val
33057.pkl,val
33058.pkl,train
33059.pkl,train
33060.pkl,val
33061.pkl,val
33062.pkl,train
33063.pkl,val
33064.pkl,train
33065.pkl,val
33066.pkl,val
33067.pkl,train
33068.pkl,train
33069.pkl,train
33070.pkl,train
33071.pkl,val
33072.pkl,val
33073.pkl,val
33074.pkl,train
33075.pkl,val
33076.pkl,train
33077.pkl,val
33078.pkl,train
33079.pkl,train
33080.pkl,val
33081.pkl,val
33082.pkl,val
33083.pkl,val
33084.pkl,train
33085.pkl,train
33086.pkl,train
33087.pkl,train
33088.pkl,val
33089.pkl,val
33090.pkl,train
33091.pkl,train
33092.pkl,train
33093.pkl,val
33094.pkl,val
33095.pkl,train
33096.pkl,train
33097.pkl,val
33098.pkl,train
33099.pkl,train
33100.pkl,val
33101.pkl,val
33102.pkl,train
33103.pkl,val
33104.pkl,val
33105.pkl,val
33106.pkl,train
33107.pkl,train
33108.pkl,train
33109.pkl,val
33110.pkl,val
33111.pkl,train
33112.pkl,val
33113.pkl,val
33114.pkl,val
33115.pkl,train
33116.pkl,train
33117.pkl,train
33118.pkl,val
33119.pkl,train
33120.pkl,train
33121.pkl,train
33122.pkl,val
33123.pkl,val
33124.pkl,val
33125.pkl,train
33126.pkl,val
33127.pkl,val
33128.pkl,train
33129.pkl,train
33130.pkl,train
33131.pkl,val
33132.pkl,val
33133.pkl,train
33134.pkl,val
33135.pkl,train
33136.pkl,train
33137.pkl,val
33138.pkl,train
33139.pkl,val
33140.pkl,train
33141.pkl,val
33142.pkl,val
33143.pkl,val
33144.pkl,train
33145.pkl,train
33146.pkl,train
33147.pkl,val
33148.pkl,val
33149.pkl,train
33150.pkl,val
33151.pkl,val
33152.pkl,train
33153.pkl,val
33154.pkl,val
33155.pkl,val
33156.pkl,train
33157.pkl,val
33158.pkl,val
33159.pkl,train
33160.pkl,val
33161.pkl,train
33162.pkl,train
33163.pkl,train
33164.pkl,val
33165.pkl,val
33166.pkl,train
33167.pkl,train
33168.pkl,val
33169.pkl,val
33170.pkl,val
33171.pkl,train
33172.pkl,train
33173.pkl,val
33174.pkl,train
33175.pkl,val
33176.pkl,val
33177.pkl,train
33178.pkl,train
33179.pkl,train
33180.pkl,val
33181.pkl,val
33182.pkl,train
33183.pkl,val
33184.pkl,val
33185.pkl,train
33186.pkl,val
33187.pkl,train
33188.pkl,val
33189.pkl,train
33190.pkl,val
33191.pkl,train
33192.pkl,val
33193.pkl,train
33194.pkl,train
33195.pkl,train
33196.pkl,train
33197.pkl,train
33198.pkl,train
33199.pkl,train
33200.pkl,val
33201.pkl,val
33202.pkl,train
33203.pkl,train
33204.pkl,val
33205.pkl,train
33206.pkl,val
33207.pkl,val
33208.pkl,val
33209.pkl,train
33210.pkl,train
33211.pkl,train
33212.pkl,train
33213.pkl,val
33214.pkl,train
33215.pkl,val
33216.pkl,val
33217.pkl,train
33218.pkl,train
33219.pkl,val
33220.pkl,val
33221.pkl,train
33222.pkl,val
33223.pkl,train
33224.pkl,val
33225.pkl,val
33226.pkl,train
33227.pkl,train
33228.pkl,train
33229.pkl,train
33230.pkl,val
33231.pkl,val
33232.pkl,train
33233.pkl,val
33234.pkl,val
33235.pkl,train
33236.pkl,val
33237.pkl,train
33238.pkl,val
33239.pkl,train
33240.pkl,train
33241.pkl,train
33242.pkl,train
33243.pkl,train
33244.pkl,val
33245.pkl,val
33246.pkl,val
33247.pkl,val
33248.pkl,val
33249.pkl,train
33250.pkl,val
33251.pkl,train
33252.pkl,val
33253.pkl,val
33254.pkl,val
33255.pkl,train
33256.pkl,val
33257.pkl,train
33258.pkl,val
33259.pkl,val
33260.pkl,val
33261.pkl,val
33262.pkl,val
33263.pkl,val
33264.pkl,train
33265.pkl,val
33266.pkl,val
33267.pkl,val
33268.pkl,val
33269.pkl,train
33270.pkl,val
33271.pkl,val
33272.pkl,train
33273.pkl,train
33274.pkl,train
33275.pkl,val
33276.pkl,val
33277.pkl,train
33278.pkl,train
33279.pkl,train
33280.pkl,val
33281.pkl,val
33282.pkl,train
33283.pkl,train
33284.pkl,train
33285.pkl,train
33286.pkl,train
33287.pkl,val
33288.pkl,val
33289.pkl,val
33290.pkl,val
33291.pkl,train
33292.pkl,val
33293.pkl,train
33294.pkl,train
33295.pkl,val
33296.pkl,val
33297.pkl,train
33298.pkl,train
33299.pkl,train
33300.pkl,train
33301.pkl,train
33302.pkl,train
33303.pkl,train
33304.pkl,val
33305.pkl,train
33306.pkl,val
33307.pkl,val
33308.pkl,val
33309.pkl,val
33310.pkl,train
33311.pkl,train
33312.pkl,val
33313.pkl,train
33314.pkl,val
33315.pkl,train
33316.pkl,val
33317.pkl,train
33318.pkl,train
33319.pkl,val
33320.pkl,train
33321.pkl,train
33322.pkl,val
33323.pkl,train
33324.pkl,val
33325.pkl,train
33326.pkl,val
33327.pkl,val
33328.pkl,train
33329.pkl,train
33330.pkl,train
33331.pkl,val
33332.pkl,val
33333.pkl,val
33334.pkl,train
33335.pkl,train
33336.pkl,val
33337.pkl,val
33338.pkl,val
33339.pkl,val
33340.pkl,val
33341.pkl,val
33342.pkl,train
33343.pkl,train
33344.pkl,val
33345.pkl,train
33346.pkl,val
33347.pkl,val
33348.pkl,train
33349.pkl,val
33350.pkl,train
33351.pkl,val
33352.pkl,val
33353.pkl,val
33354.pkl,train
33355.pkl,train
33356.pkl,train
33357.pkl,train
33358.pkl,train
33359.pkl,val
33360.pkl,train
33361.pkl,train
33362.pkl,val
33363.pkl,train
33364.pkl,train
33365.pkl,val
33366.pkl,train
33367.pkl,val
33368.pkl,val
33369.pkl,train
33370.pkl,train
33371.pkl,train
33372.pkl,train
33373.pkl,train
33374.pkl,train
33375.pkl,train
33376.pkl,val
33377.pkl,train
33378.pkl,train
33379.pkl,train
33380.pkl,train
33381.pkl,val
33382.pkl,val
33383.pkl,train
33384.pkl,val
33385.pkl,val
33386.pkl,train
33387.pkl,train
33388.pkl,val
33389.pkl,train
33390.pkl,train
33391.pkl,val
33392.pkl,val
33393.pkl,val
33394.pkl,val
33395.pkl,train
33396.pkl,train
33397.pkl,val
33398.pkl,val
33399.pkl,train
33400.pkl,train
33401.pkl,train
33402.pkl,val
33403.pkl,val
33404.pkl,val
33405.pkl,train
33406.pkl,val
33407.pkl,train
33408.pkl,val
33409.pkl,train
33410.pkl,val
33411.pkl,train
33412.pkl,train
33413.pkl,train
33414.pkl,val
33415.pkl,train
33416.pkl,train
33417.pkl,train
33418.pkl,train
33419.pkl,train
33420.pkl,val
33421.pkl,train
33422.pkl,train
33423.pkl,train
33424.pkl,train
33425.pkl,train
33426.pkl,train
33427.pkl,train
33428.pkl,train
33429.pkl,train
33430.pkl,val
33431.pkl,train
33432.pkl,train
33433.pkl,val
33434.pkl,train
33435.pkl,train
33436.pkl,val
33437.pkl,val
33438.pkl,val
33439.pkl,val
33440.pkl,val
33441.pkl,train
33442.pkl,train
33443.pkl,train
33444.pkl,val
33445.pkl,val
33446.pkl,train
33447.pkl,val
33448.pkl,train
33449.pkl,train
33450.pkl,val
33451.pkl,val
33452.pkl,val
33453.pkl,train
33454.pkl,train
33455.pkl,val
33456.pkl,train
33457.pkl,train
33458.pkl,train
33459.pkl,val
33460.pkl,val
33461.pkl,train
33462.pkl,val
33463.pkl,train
33464.pkl,train
33465.pkl,val
33466.pkl,val
33467.pkl,val
33468.pkl,train
33469.pkl,val
33470.pkl,train
33471.pkl,train
33472.pkl,val
33473.pkl,val
33474.pkl,val
33475.pkl,val
33476.pkl,val
33477.pkl,val
33478.pkl,train
33479.pkl,train
33480.pkl,val
33481.pkl,val
33482.pkl,val
33483.pkl,val
33484.pkl,val
33485.pkl,train
33486.pkl,val
33487.pkl,val
33488.pkl,train
33489.pkl,train
33490.pkl,val
33491.pkl,val
33492.pkl,train
33493.pkl,train
33494.pkl,val
33495.pkl,val
33496.pkl,val
33497.pkl,val
33498.pkl,train
33499.pkl,train
33500.pkl,val
33501.pkl,train
33502.pkl,val
33503.pkl,train
33504.pkl,val
33505.pkl,train
33506.pkl,val
33507.pkl,train
33508.pkl,val
33509.pkl,val
33510.pkl,val
33511.pkl,train
33512.pkl,val
33513.pkl,val
33514.pkl,train
33515.pkl,train
33516.pkl,val
33517.pkl,val
33518.pkl,train
33519.pkl,train
33520.pkl,train
33521.pkl,train
33522.pkl,val
33523.pkl,train
33524.pkl,val
33525.pkl,val
33526.pkl,val
33527.pkl,val
33528.pkl,train
33529.pkl,train
33530.pkl,train
33531.pkl,train
33532.pkl,val
33533.pkl,val
33534.pkl,val
33535.pkl,val
33536.pkl,train
33537.pkl,val
33538.pkl,train
33539.pkl,train
33540.pkl,val
33541.pkl,val
33542.pkl,train
33543.pkl,train
33544.pkl,train
33545.pkl,train
33546.pkl,train
33547.pkl,val
33548.pkl,train
33549.pkl,train
33550.pkl,train
33551.pkl,train
33552.pkl,train
33553.pkl,train
33554.pkl,train
33555.pkl,train
33556.pkl,train
33557.pkl,val
33558.pkl,val
33559.pkl,train
33560.pkl,train
33561.pkl,train
33562.pkl,train
33563.pkl,val
33564.pkl,train
33565.pkl,train
33566.pkl,val
33567.pkl,val
33568.pkl,train
33569.pkl,val
33570.pkl,train
33571.pkl,val
33572.pkl,train
33573.pkl,val
33574.pkl,val
33575.pkl,train
33576.pkl,train
33577.pkl,val
33578.pkl,train
33579.pkl,train
33580.pkl,val
33581.pkl,val
33582.pkl,train
33583.pkl,val
33584.pkl,train
33585.pkl,val
33586.pkl,val
33587.pkl,val
33588.pkl,val
33589.pkl,train
33590.pkl,val
33591.pkl,val
33592.pkl,val
33593.pkl,train
33594.pkl,val
33595.pkl,val
33596.pkl,val
33597.pkl,val
33598.pkl,train
33599.pkl,train
33600.pkl,train
33601.pkl,train
33602.pkl,train
33603.pkl,val
33604.pkl,train
33605.pkl,val
33606.pkl,val
33607.pkl,val
33608.pkl,val
33609.pkl,val
33610.pkl,train
33611.pkl,val
33612.pkl,val
33613.pkl,train
33614.pkl,train
33615.pkl,val
33616.pkl,train
33617.pkl,val
33618.pkl,val
33619.pkl,train
33620.pkl,val
33621.pkl,train
33622.pkl,val
33623.pkl,train
33624.pkl,train
33625.pkl,val
33626.pkl,train
33627.pkl,train
33628.pkl,val
33629.pkl,val
33630.pkl,train
33631.pkl,train
33632.pkl,val
33633.pkl,train
33634.pkl,train
33635.pkl,val
33636.pkl,val
33637.pkl,val
33638.pkl,val
33639.pkl,val
33640.pkl,train
33641.pkl,train
33642.pkl,val
33643.pkl,val
33644.pkl,train
33645.pkl,val
33646.pkl,train
33647.pkl,val
33648.pkl,train
33649.pkl,train
33650.pkl,val
33651.pkl,val
33652.pkl,val
33653.pkl,val
33654.pkl,val
33655.pkl,train
33656.pkl,train
33657.pkl,val
33658.pkl,train
33659.pkl,train
33660.pkl,train
33661.pkl,train
33662.pkl,train
33663.pkl,train
33664.pkl,val
33665.pkl,train
33666.pkl,train
33667.pkl,train
33668.pkl,train
33669.pkl,val
33670.pkl,train
33671.pkl,train
33672.pkl,val
33673.pkl,val
33674.pkl,train
33675.pkl,val
33676.pkl,val
33677.pkl,val
33678.pkl,val
33679.pkl,val
33680.pkl,val
33681.pkl,train
33682.pkl,train
33683.pkl,val
33684.pkl,train
33685.pkl,train
33686.pkl,train
33687.pkl,train
33688.pkl,val
33689.pkl,val
33690.pkl,val
33691.pkl,train
33692.pkl,val
33693.pkl,train
33694.pkl,val
33695.pkl,val
33696.pkl,train
33697.pkl,val
33698.pkl,val
33699.pkl,train
33700.pkl,train
33701.pkl,val
33702.pkl,val
33703.pkl,train
33704.pkl,train
33705.pkl,val
33706.pkl,val
33707.pkl,val
33708.pkl,train
33709.pkl,train
33710.pkl,train
33711.pkl,train
33712.pkl,val
33713.pkl,val
33714.pkl,train
33715.pkl,val
33716.pkl,train
33717.pkl,val
33718.pkl,train
33719.pkl,train
33720.pkl,val
33721.pkl,train
33722.pkl,val
33723.pkl,train
33724.pkl,val
33725.pkl,train
33726.pkl,train
33727.pkl,val
33728.pkl,train
33729.pkl,val
33730.pkl,val
33731.pkl,val
33732.pkl,val
33733.pkl,val
33734.pkl,train
33735.pkl,val
33736.pkl,train
33737.pkl,train
33738.pkl,train
33739.pkl,train
33740.pkl,train
33741.pkl,val
33742.pkl,val
33743.pkl,val
33744.pkl,val
33745.pkl,val
33746.pkl,train
33747.pkl,train
33748.pkl,train
33749.pkl,val
33750.pkl,val
33751.pkl,val
33752.pkl,train
33753.pkl,train
33754.pkl,train
33755.pkl,train
33756.pkl,val
33757.pkl,train
33758.pkl,train
33759.pkl,train
33760.pkl,train
33761.pkl,val
33762.pkl,train
33763.pkl,train
33764.pkl,train
33765.pkl,train
33766.pkl,train
33767.pkl,train
33768.pkl,val
33769.pkl,val
33770.pkl,val
33771.pkl,val
33772.pkl,train
33773.pkl,train
33774.pkl,val
33775.pkl,val
33776.pkl,val
33777.pkl,train
33778.pkl,train
33779.pkl,val
33780.pkl,val
33781.pkl,val
33782.pkl,train
33783.pkl,train
33784.pkl,val
33785.pkl,val
33786.pkl,train
33787.pkl,train
33788.pkl,val
33789.pkl,train
33790.pkl,train
33791.pkl,val
33792.pkl,train
33793.pkl,train
33794.pkl,val
33795.pkl,train
33796.pkl,train
33797.pkl,val
33798.pkl,train
33799.pkl,train
33800.pkl,train
33801.pkl,val
33802.pkl,val
33803.pkl,val
33804.pkl,val
33805.pkl,val
33806.pkl,train
33807.pkl,train
33808.pkl,train
33809.pkl,val
33810.pkl,val
33811.pkl,train
33812.pkl,train
33813.pkl,train
33814.pkl,train
33815.pkl,train
33816.pkl,val
33817.pkl,train
33818.pkl,train
33819.pkl,train
33820.pkl,train
33821.pkl,train
33822.pkl,train
33823.pkl,train
33824.pkl,val
33825.pkl,train
33826.pkl,val
33827.pkl,train
33828.pkl,train
33829.pkl,train
33830.pkl,train
33831.pkl,val
33832.pkl,train
33833.pkl,val
33834.pkl,val
33835.pkl,train
33836.pkl,val
33837.pkl,train
33838.pkl,val
33839.pkl,train
33840.pkl,val
33841.pkl,val
33842.pkl,val
33843.pkl,train
33844.pkl,train
33845.pkl,train
33846.pkl,val
33847.pkl,val
33848.pkl,val
33849.pkl,val
33850.pkl,train
33851.pkl,train
33852.pkl,train
33853.pkl,train
33854.pkl,train
33855.pkl,train
33856.pkl,val
33857.pkl,val
33858.pkl,val
33859.pkl,train
33860.pkl,val
33861.pkl,train
33862.pkl,train
33863.pkl,val
33864.pkl,val
33865.pkl,train
33866.pkl,train
33867.pkl,train
33868.pkl,val
33869.pkl,val
33870.pkl,val
33871.pkl,train
33872.pkl,val
33873.pkl,val
33874.pkl,train
33875.pkl,val
33876.pkl,val
33877.pkl,train
33878.pkl,val
33879.pkl,train
33880.pkl,val
33881.pkl,val
33882.pkl,val
33883.pkl,val
33884.pkl,val
33885.pkl,val
33886.pkl,val
33887.pkl,val
33888.pkl,train
33889.pkl,train
33890.pkl,train
33891.pkl,train
33892.pkl,train
33893.pkl,val
33894.pkl,train
33895.pkl,train
33896.pkl,val
33897.pkl,train
33898.pkl,val
33899.pkl,train
33900.pkl,val
33901.pkl,val
33902.pkl,train
33903.pkl,train
33904.pkl,val
33905.pkl,val
33906.pkl,train
33907.pkl,train
33908.pkl,train
33909.pkl,val
33910.pkl,train
33911.pkl,train
33912.pkl,train
33913.pkl,train
33914.pkl,val
33915.pkl,train
33916.pkl,train
33917.pkl,train
33918.pkl,train
33919.pkl,val
33920.pkl,train
33921.pkl,train
33922.pkl,val
33923.pkl,val
33924.pkl,val
33925.pkl,train
33926.pkl,val
33927.pkl,train
33928.pkl,train
33929.pkl,train
33930.pkl,val
33931.pkl,val
33932.pkl,train
33933.pkl,train
33934.pkl,train
33935.pkl,train
33936.pkl,val
33937.pkl,val
33938.pkl,train
33939.pkl,val
33940.pkl,val
33941.pkl,val
33942.pkl,train
33943.pkl,val
33944.pkl,val
33945.pkl,val
33946.pkl,train
33947.pkl,val
33948.pkl,val
33949.pkl,train
33950.pkl,val
33951.pkl,val
33952.pkl,train
33953.pkl,train
33954.pkl,val
33955.pkl,train
33956.pkl,val
33957.pkl,val
33958.pkl,val
33959.pkl,val
33960.pkl,train
33961.pkl,val
33962.pkl,val
33963.pkl,val
33964.pkl,train
33965.pkl,val
33966.pkl,val
33967.pkl,train
33968.pkl,val
33969.pkl,train
33970.pkl,train
33971.pkl,train
33972.pkl,val
33973.pkl,train
33974.pkl,train
33975.pkl,train
33976.pkl,val
33977.pkl,train
33978.pkl,val
33979.pkl,val
33980.pkl,val
33981.pkl,train
33982.pkl,val
33983.pkl,train
33984.pkl,train
33985.pkl,val
33986.pkl,val
33987.pkl,train
33988.pkl,val
33989.pkl,train
33990.pkl,val
33991.pkl,train
33992.pkl,val
33993.pkl,val
33994.pkl,train
33995.pkl,train
33996.pkl,val
33997.pkl,val
33998.pkl,train
33999.pkl,val
34000.pkl,train
34001.pkl,val
34002.pkl,train
34003.pkl,train
34004.pkl,val
34005.pkl,train
34006.pkl,val
34007.pkl,val
34008.pkl,val
34009.pkl,val
34010.pkl,val
34011.pkl,val
34012.pkl,train
34013.pkl,train
34014.pkl,val
34015.pkl,train
34016.pkl,train
34017.pkl,val
34018.pkl,train
34019.pkl,val
34020.pkl,val
34021.pkl,train
34022.pkl,val
34023.pkl,val
34024.pkl,train
34025.pkl,train
34026.pkl,val
34027.pkl,train
34028.pkl,train
34029.pkl,train
34030.pkl,train
34031.pkl,val
34032.pkl,train
34033.pkl,val
34034.pkl,val
34035.pkl,val
34036.pkl,val
34037.pkl,train
34038.pkl,val
34039.pkl,train
34040.pkl,train
34041.pkl,val
34042.pkl,val
34043.pkl,train
34044.pkl,val
34045.pkl,train
34046.pkl,val
34047.pkl,train
34048.pkl,train
34049.pkl,train
34050.pkl,val
34051.pkl,val
34052.pkl,train
34053.pkl,val
34054.pkl,val
34055.pkl,train
34056.pkl,val
34057.pkl,val
34058.pkl,val
34059.pkl,val
34060.pkl,val
34061.pkl,train
34062.pkl,val
34063.pkl,val
34064.pkl,val
34065.pkl,train
34066.pkl,val
34067.pkl,val
34068.pkl,val
34069.pkl,train
34070.pkl,train
34071.pkl,train
34072.pkl,train
34073.pkl,val
34074.pkl,val
34075.pkl,val
34076.pkl,train
34077.pkl,val
34078.pkl,val
34079.pkl,train
34080.pkl,train
34081.pkl,val
34082.pkl,val
34083.pkl,val
34084.pkl,train
34085.pkl,train
34086.pkl,val
34087.pkl,train
34088.pkl,train
34089.pkl,val
34090.pkl,train
34091.pkl,train
34092.pkl,val
34093.pkl,train
34094.pkl,val
34095.pkl,val
34096.pkl,val
34097.pkl,val
34098.pkl,val
34099.pkl,train
34100.pkl,val
34101.pkl,val
34102.pkl,val
34103.pkl,train
34104.pkl,val
34105.pkl,train
34106.pkl,val
34107.pkl,val
34108.pkl,train
34109.pkl,val
34110.pkl,train
34111.pkl,train
34112.pkl,val
34113.pkl,train
34114.pkl,train
34115.pkl,train
34116.pkl,val
34117.pkl,val
34118.pkl,val
34119.pkl,val
34120.pkl,val
34121.pkl,val
34122.pkl,val
34123.pkl,val
34124.pkl,val
34125.pkl,val
34126.pkl,train
34127.pkl,train
34128.pkl,train
34129.pkl,train
34130.pkl,train
34131.pkl,val
34132.pkl,val
34133.pkl,val
34134.pkl,train
34135.pkl,val
34136.pkl,val
34137.pkl,val
34138.pkl,train
34139.pkl,val
34140.pkl,val
34141.pkl,train
34142.pkl,train
34143.pkl,val
34144.pkl,val
34145.pkl,train
34146.pkl,train
34147.pkl,train
34148.pkl,train
34149.pkl,val
34150.pkl,val
34151.pkl,val
34152.pkl,train
34153.pkl,val
34154.pkl,train
34155.pkl,train
34156.pkl,train
34157.pkl,train
34158.pkl,train
34159.pkl,train
34160.pkl,val
34161.pkl,val
34162.pkl,val
34163.pkl,val
34164.pkl,train
34165.pkl,train
34166.pkl,val
34167.pkl,val
34168.pkl,val
34169.pkl,train
34170.pkl,train
34171.pkl,train
34172.pkl,train
34173.pkl,val
34174.pkl,val
34175.pkl,val
34176.pkl,train
34177.pkl,val
34178.pkl,train
34179.pkl,val
34180.pkl,train
34181.pkl,train
34182.pkl,train
34183.pkl,train
34184.pkl,train
34185.pkl,train
34186.pkl,train
34187.pkl,val
34188.pkl,val
34189.pkl,val
34190.pkl,val
34191.pkl,val
34192.pkl,train
34193.pkl,val
34194.pkl,val
34195.pkl,val
34196.pkl,train
34197.pkl,val
34198.pkl,train
34199.pkl,train
34200.pkl,train
34201.pkl,train
34202.pkl,train
34203.pkl,val
34204.pkl,train
34205.pkl,train
34206.pkl,val
34207.pkl,val
34208.pkl,val
34209.pkl,train
34210.pkl,train
34211.pkl,val
34212.pkl,val
34213.pkl,train
34214.pkl,train
34215.pkl,val
34216.pkl,train
34217.pkl,train
34218.pkl,val
34219.pkl,train
34220.pkl,train
34221.pkl,train
34222.pkl,train
34223.pkl,val
34224.pkl,val
34225.pkl,val
34226.pkl,val
34227.pkl,val
34228.pkl,train
34229.pkl,train
34230.pkl,val
34231.pkl,val
34232.pkl,val
34233.pkl,train
34234.pkl,train
34235.pkl,train
34236.pkl,train
34237.pkl,train
34238.pkl,train
34239.pkl,train
34240.pkl,train
34241.pkl,val
34242.pkl,train
34243.pkl,val
34244.pkl,val
34245.pkl,val
34246.pkl,val
34247.pkl,val
34248.pkl,train
34249.pkl,train
34250.pkl,train
34251.pkl,train
34252.pkl,val
34253.pkl,val
34254.pkl,train
34255.pkl,val
34256.pkl,val
34257.pkl,val
34258.pkl,val
34259.pkl,val
34260.pkl,val
34261.pkl,val
34262.pkl,train
34263.pkl,train
34264.pkl,val
34265.pkl,val
34266.pkl,train
34267.pkl,val
34268.pkl,train
34269.pkl,val
34270.pkl,train
34271.pkl,val
34272.pkl,train
34273.pkl,val
34274.pkl,val
34275.pkl,val
34276.pkl,val
34277.pkl,train
34278.pkl,val
34279.pkl,train
34280.pkl,val
34281.pkl,val
34282.pkl,val
34283.pkl,val
34284.pkl,val
34285.pkl,train
34286.pkl,val
34287.pkl,val
34288.pkl,val
34289.pkl,train
34290.pkl,train
34291.pkl,val
34292.pkl,val
34293.pkl,train
34294.pkl,val
34295.pkl,train
34296.pkl,val
34297.pkl,val
34298.pkl,val
34299.pkl,train
34300.pkl,train
34301.pkl,val
34302.pkl,train
34303.pkl,train
34304.pkl,train
34305.pkl,val
34306.pkl,val
34307.pkl,val
34308.pkl,val
34309.pkl,val
34310.pkl,train
34311.pkl,val
34312.pkl,train
34313.pkl,val
34314.pkl,val
34315.pkl,train
34316.pkl,val
34317.pkl,train
34318.pkl,train
34319.pkl,train
34320.pkl,train
34321.pkl,train
34322.pkl,val
34323.pkl,train
34324.pkl,val
34325.pkl,val
34326.pkl,train
34327.pkl,train
34328.pkl,val
34329.pkl,train
34330.pkl,train
34331.pkl,val
34332.pkl,val
34333.pkl,train
34334.pkl,train
34335.pkl,train
34336.pkl,val
34337.pkl,val
34338.pkl,val
34339.pkl,val
34340.pkl,train
34341.pkl,train
34342.pkl,train
34343.pkl,train
34344.pkl,train
34345.pkl,val
34346.pkl,val
34347.pkl,train
34348.pkl,val
34349.pkl,train
34350.pkl,train
34351.pkl,train
34352.pkl,val
34353.pkl,val
34354.pkl,train
34355.pkl,train
34356.pkl,val
34357.pkl,val
34358.pkl,train
34359.pkl,val
34360.pkl,train
34361.pkl,val
34362.pkl,train
34363.pkl,train
34364.pkl,val
34365.pkl,val
34366.pkl,val
34367.pkl,val
34368.pkl,train
34369.pkl,train
34370.pkl,val
34371.pkl,val
34372.pkl,train
34373.pkl,val
34374.pkl,train
34375.pkl,val
34376.pkl,train
34377.pkl,val
34378.pkl,train
34379.pkl,val
34380.pkl,train
34381.pkl,val
34382.pkl,val
34383.pkl,val
34384.pkl,train
34385.pkl,val
34386.pkl,train
34387.pkl,train
34388.pkl,train
34389.pkl,train
34390.pkl,train
34391.pkl,val
34392.pkl,val
34393.pkl,train
34394.pkl,val
34395.pkl,train
34396.pkl,train
34397.pkl,train
34398.pkl,train
34399.pkl,train
34400.pkl,train
34401.pkl,val
34402.pkl,train
34403.pkl,val
34404.pkl,val
34405.pkl,val
34406.pkl,train
34407.pkl,train
34408.pkl,train
34409.pkl,val
34410.pkl,val
34411.pkl,val
34412.pkl,val
34413.pkl,train
34414.pkl,train
34415.pkl,train
34416.pkl,train
34417.pkl,val
34418.pkl,train
34419.pkl,val
34420.pkl,train
34421.pkl,val
34422.pkl,train
34423.pkl,val
34424.pkl,val
34425.pkl,train
34426.pkl,val
34427.pkl,train
34428.pkl,train
34429.pkl,train
34430.pkl,train
34431.pkl,val
34432.pkl,val
34433.pkl,train
34434.pkl,val
34435.pkl,train
34436.pkl,train
34437.pkl,val
34438.pkl,train
34439.pkl,val
34440.pkl,val
34441.pkl,train
34442.pkl,train
34443.pkl,train
34444.pkl,val
34445.pkl,train
34446.pkl,train
34447.pkl,train
34448.pkl,train
34449.pkl,val
34450.pkl,train
34451.pkl,val
34452.pkl,train
34453.pkl,train
34454.pkl,val
34455.pkl,train
34456.pkl,train
34457.pkl,train
34458.pkl,train
34459.pkl,val
34460.pkl,val
34461.pkl,val
34462.pkl,val
34463.pkl,train
34464.pkl,train
34465.pkl,train
34466.pkl,train
34467.pkl,train
34468.pkl,val
34469.pkl,val
34470.pkl,train
34471.pkl,val
34472.pkl,val
34473.pkl,train
34474.pkl,train
34475.pkl,val
34476.pkl,train
34477.pkl,val
34478.pkl,train
34479.pkl,train
34480.pkl,train
34481.pkl,val
34482.pkl,train
34483.pkl,train
34484.pkl,val
34485.pkl,val
34486.pkl,val
34487.pkl,train
34488.pkl,val
34489.pkl,val
34490.pkl,val
34491.pkl,val
34492.pkl,train
34493.pkl,train
34494.pkl,val
34495.pkl,train
34496.pkl,train
34497.pkl,val
34498.pkl,val
34499.pkl,train
34500.pkl,val
34501.pkl,val
34502.pkl,train
34503.pkl,val
34504.pkl,train
34505.pkl,train
34506.pkl,val
34507.pkl,train
34508.pkl,val
34509.pkl,val
34510.pkl,train
34511.pkl,val
34512.pkl,val
34513.pkl,val
34514.pkl,val
34515.pkl,train
34516.pkl,val
34517.pkl,val
34518.pkl,val
34519.pkl,train
34520.pkl,val
34521.pkl,train
34522.pkl,val
34523.pkl,val
34524.pkl,val
34525.pkl,train
34526.pkl,train
34527.pkl,val
34528.pkl,train
34529.pkl,train
34530.pkl,train
34531.pkl,val
34532.pkl,val
34533.pkl,val
34534.pkl,train
34535.pkl,train
34536.pkl,train
34537.pkl,val
34538.pkl,train
34539.pkl,val
34540.pkl,val
34541.pkl,train
34542.pkl,train
34543.pkl,val
34544.pkl,train
34545.pkl,train
34546.pkl,val
34547.pkl,val
34548.pkl,train
34549.pkl,train
34550.pkl,train
34551.pkl,val
34552.pkl,train
34553.pkl,val
34554.pkl,val
34555.pkl,val
34556.pkl,train
34557.pkl,train
34558.pkl,train
34559.pkl,val
34560.pkl,train
34561.pkl,train
34562.pkl,val
34563.pkl,train
34564.pkl,val
34565.pkl,train
34566.pkl,val
34567.pkl,val
34568.pkl,train
34569.pkl,train
34570.pkl,train
34571.pkl,val
34572.pkl,train
34573.pkl,val
34574.pkl,train
34575.pkl,train
34576.pkl,val
34577.pkl,train
34578.pkl,train
34579.pkl,val
34580.pkl,train
34581.pkl,val
34582.pkl,train
34583.pkl,train
34584.pkl,val
34585.pkl,train
34586.pkl,train
34587.pkl,val
34588.pkl,val
34589.pkl,val
34590.pkl,val
34591.pkl,val
34592.pkl,val
34593.pkl,train
34594.pkl,train
34595.pkl,val
34596.pkl,val
34597.pkl,train
34598.pkl,train
34599.pkl,train
34600.pkl,train
34601.pkl,train
34602.pkl,train
34603.pkl,train
34604.pkl,train
34605.pkl,train
34606.pkl,train
34607.pkl,train
34608.pkl,val
34609.pkl,val
34610.pkl,val
34611.pkl,val
34612.pkl,train
34613.pkl,val
34614.pkl,val
34615.pkl,train
34616.pkl,train
34617.pkl,train
34618.pkl,val
34619.pkl,train
34620.pkl,train
34621.pkl,val
34622.pkl,train
34623.pkl,val
34624.pkl,val
34625.pkl,train
34626.pkl,train
34627.pkl,train
34628.pkl,train
34629.pkl,val
34630.pkl,train
34631.pkl,train
34632.pkl,train
34633.pkl,train
34634.pkl,train
34635.pkl,train
34636.pkl,val
34637.pkl,val
34638.pkl,train
34639.pkl,val
34640.pkl,val
34641.pkl,train
34642.pkl,val
34643.pkl,train
34644.pkl,train
34645.pkl,train
34646.pkl,train
34647.pkl,train
34648.pkl,train
34649.pkl,train
34650.pkl,train
34651.pkl,val
34652.pkl,train
34653.pkl,train
34654.pkl,train
34655.pkl,train
34656.pkl,val
34657.pkl,val
34658.pkl,val
34659.pkl,val
34660.pkl,train
34661.pkl,val
34662.pkl,train
34663.pkl,train
34664.pkl,val
34665.pkl,val
34666.pkl,train
34667.pkl,train
34668.pkl,train
34669.pkl,val
34670.pkl,train
34671.pkl,train
34672.pkl,train
34673.pkl,train
34674.pkl,val
34675.pkl,train
34676.pkl,val
34677.pkl,val
34678.pkl,val
34679.pkl,train
34680.pkl,val
34681.pkl,train
34682.pkl,val
34683.pkl,val
34684.pkl,train
34685.pkl,val
34686.pkl,train
34687.pkl,val
34688.pkl,val
34689.pkl,val
34690.pkl,val
34691.pkl,val
34692.pkl,train
34693.pkl,train
34694.pkl,train
34695.pkl,val
34696.pkl,val
34697.pkl,train
34698.pkl,val
34699.pkl,train
34700.pkl,train
34701.pkl,train
34702.pkl,train
34703.pkl,train
34704.pkl,train
34705.pkl,val
34706.pkl,val
34707.pkl,val
34708.pkl,val
34709.pkl,train
34710.pkl,val
34711.pkl,val
34712.pkl,train
34713.pkl,val
34714.pkl,val
34715.pkl,train
34716.pkl,train
34717.pkl,val
34718.pkl,train
34719.pkl,val
34720.pkl,train
34721.pkl,val
34722.pkl,val
34723.pkl,val
34724.pkl,train
34725.pkl,train
34726.pkl,val
34727.pkl,train
34728.pkl,val
34729.pkl,val
34730.pkl,train
34731.pkl,val
34732.pkl,train
34733.pkl,val
34734.pkl,train
34735.pkl,train
34736.pkl,val
34737.pkl,train
34738.pkl,train
34739.pkl,val
34740.pkl,train
34741.pkl,val
34742.pkl,train
34743.pkl,train
34744.pkl,val
34745.pkl,train
34746.pkl,train
34747.pkl,val
34748.pkl,train
34749.pkl,train
34750.pkl,val
34751.pkl,train
34752.pkl,train
34753.pkl,train
34754.pkl,train
34755.pkl,train
34756.pkl,train
34757.pkl,val
34758.pkl,val
34759.pkl,train
34760.pkl,val
34761.pkl,val
34762.pkl,train
34763.pkl,val
34764.pkl,val
34765.pkl,val
34766.pkl,val
34767.pkl,val
34768.pkl,val
34769.pkl,val
34770.pkl,val
34771.pkl,train
34772.pkl,val
34773.pkl,val
34774.pkl,train
34775.pkl,val
34776.pkl,train
34777.pkl,train
34778.pkl,train
34779.pkl,val
34780.pkl,train
34781.pkl,train
34782.pkl,val
34783.pkl,train
34784.pkl,train
34785.pkl,train
34786.pkl,train
34787.pkl,train
34788.pkl,train
34789.pkl,val
34790.pkl,val
34791.pkl,val
34792.pkl,val
34793.pkl,train
34794.pkl,val
34795.pkl,val
34796.pkl,train
34797.pkl,val
34798.pkl,val
34799.pkl,train
34800.pkl,train
34801.pkl,val
34802.pkl,val
34803.pkl,val
34804.pkl,val
34805.pkl,train
34806.pkl,train
34807.pkl,val
34808.pkl,val
34809.pkl,train
34810.pkl,val
34811.pkl,train
34812.pkl,val
34813.pkl,train
34814.pkl,train
34815.pkl,train
34816.pkl,val
34817.pkl,val
34818.pkl,val
34819.pkl,train
34820.pkl,val
34821.pkl,train
34822.pkl,val
34823.pkl,train
34824.pkl,val
34825.pkl,val
34826.pkl,val
34827.pkl,val
34828.pkl,train
34829.pkl,train
34830.pkl,val
34831.pkl,train
34832.pkl,train
34833.pkl,train
34834.pkl,val
34835.pkl,train
34836.pkl,val
34837.pkl,train
34838.pkl,train
34839.pkl,train
34840.pkl,train
34841.pkl,val
34842.pkl,val
34843.pkl,val
34844.pkl,val
34845.pkl,train
34846.pkl,val
34847.pkl,train
34848.pkl,train
34849.pkl,val
34850.pkl,train
34851.pkl,val
34852.pkl,train
34853.pkl,train
34854.pkl,train
34855.pkl,val
34856.pkl,train
34857.pkl,val
34858.pkl,val
34859.pkl,train
34860.pkl,val
34861.pkl,val
34862.pkl,val
34863.pkl,train
34864.pkl,train
34865.pkl,train
34866.pkl,val
34867.pkl,train
34868.pkl,train
34869.pkl,train
34870.pkl,val
34871.pkl,val
34872.pkl,train
34873.pkl,val
34874.pkl,val
34875.pkl,val
34876.pkl,val
34877.pkl,val
34878.pkl,val
34879.pkl,val
34880.pkl,val
34881.pkl,val
34882.pkl,train
34883.pkl,val
34884.pkl,val
34885.pkl,val
34886.pkl,train
34887.pkl,val
34888.pkl,train
34889.pkl,val
34890.pkl,train
34891.pkl,val
34892.pkl,val
34893.pkl,val
34894.pkl,train
34895.pkl,val
34896.pkl,val
34897.pkl,val
34898.pkl,val
34899.pkl,val
34900.pkl,val
34901.pkl,val
34902.pkl,train
34903.pkl,val
34904.pkl,train
34905.pkl,val
34906.pkl,val
34907.pkl,val
34908.pkl,val
34909.pkl,val
34910.pkl,train
34911.pkl,val
34912.pkl,val
34913.pkl,val
34914.pkl,val
34915.pkl,train
34916.pkl,train
34917.pkl,train
34918.pkl,val
34919.pkl,val
34920.pkl,val
34921.pkl,val
34922.pkl,train
34923.pkl,train
34924.pkl,train
34925.pkl,train
34926.pkl,val
34927.pkl,train
34928.pkl,val
34929.pkl,train
34930.pkl,train
34931.pkl,train
34932.pkl,val
34933.pkl,val
34934.pkl,train
34935.pkl,train
34936.pkl,train
34937.pkl,val
34938.pkl,train
34939.pkl,val
34940.pkl,val
34941.pkl,train
34942.pkl,train
34943.pkl,val
34944.pkl,val
34945.pkl,train
34946.pkl,train
34947.pkl,train
34948.pkl,train
34949.pkl,val
34950.pkl,train
34951.pkl,train
34952.pkl,val
34953.pkl,train
34954.pkl,train
34955.pkl,train
34956.pkl,train
34957.pkl,train
34958.pkl,val
34959.pkl,val
34960.pkl,train
34961.pkl,val
34962.pkl,val
34963.pkl,train
34964.pkl,train
34965.pkl,val
34966.pkl,val
34967.pkl,val
34968.pkl,train
34969.pkl,val
34970.pkl,val
34971.pkl,val
34972.pkl,val
34973.pkl,val
34974.pkl,train
34975.pkl,val
34976.pkl,val
34977.pkl,train
34978.pkl,train
34979.pkl,train
34980.pkl,val
34981.pkl,val
34982.pkl,val
34983.pkl,train
34984.pkl,train
34985.pkl,train
34986.pkl,train
34987.pkl,val
34988.pkl,train
34989.pkl,val
34990.pkl,train
34991.pkl,train
34992.pkl,val
34993.pkl,val
34994.pkl,train
34995.pkl,val
34996.pkl,val
34997.pkl,train
34998.pkl,train
34999.pkl,train
35000.pkl,train
35001.pkl,val
35002.pkl,val
35003.pkl,val
35004.pkl,val
35005.pkl,val
35006.pkl,train
35007.pkl,val
35008.pkl,val
35009.pkl,train
35010.pkl,train
35011.pkl,train
35012.pkl,train
35013.pkl,val
35014.pkl,val
35015.pkl,val
35016.pkl,train
35017.pkl,val
35018.pkl,train
35019.pkl,train
35020.pkl,val
35021.pkl,val
35022.pkl,val
35023.pkl,val
35024.pkl,val
35025.pkl,train
35026.pkl,train
35027.pkl,val
35028.pkl,val
35029.pkl,train
35030.pkl,train
35031.pkl,val
35032.pkl,train
35033.pkl,train
35034.pkl,val
35035.pkl,val
35036.pkl,train
35037.pkl,val
35038.pkl,train
35039.pkl,val
35040.pkl,train
35041.pkl,train
35042.pkl,train
35043.pkl,val
35044.pkl,val
35045.pkl,val
35046.pkl,val
35047.pkl,val
35048.pkl,train
35049.pkl,val
35050.pkl,val
35051.pkl,val
35052.pkl,train
35053.pkl,train
35054.pkl,train
35055.pkl,val
35056.pkl,train
35057.pkl,train
35058.pkl,val
35059.pkl,val
35060.pkl,val
35061.pkl,val
35062.pkl,val
35063.pkl,val
35064.pkl,train
35065.pkl,train
35066.pkl,train
35067.pkl,val
35068.pkl,val
35069.pkl,val
35070.pkl,val
35071.pkl,val
35072.pkl,train
35073.pkl,train
35074.pkl,train
35075.pkl,val
35076.pkl,val
35077.pkl,train
35078.pkl,val
35079.pkl,val
35080.pkl,val
35081.pkl,val
35082.pkl,val
35083.pkl,train
35084.pkl,train
35085.pkl,val
35086.pkl,train
35087.pkl,train
35088.pkl,train
35089.pkl,val
35090.pkl,val
35091.pkl,val
35092.pkl,val
35093.pkl,train
35094.pkl,val
35095.pkl,val
35096.pkl,train
35097.pkl,train
35098.pkl,train
35099.pkl,train
35100.pkl,train
35101.pkl,val
35102.pkl,val
35103.pkl,val
35104.pkl,val
35105.pkl,val
35106.pkl,train
35107.pkl,val
35108.pkl,train
35109.pkl,train
35110.pkl,val
35111.pkl,train
35112.pkl,train
35113.pkl,train
35114.pkl,train
35115.pkl,train
35116.pkl,val
35117.pkl,val
35118.pkl,val
35119.pkl,val
35120.pkl,train
35121.pkl,val
35122.pkl,val
35123.pkl,train
35124.pkl,val
35125.pkl,train
35126.pkl,train
35127.pkl,train
35128.pkl,val
35129.pkl,train
35130.pkl,val
35131.pkl,train
35132.pkl,train
35133.pkl,train
35134.pkl,val
35135.pkl,train
35136.pkl,train
35137.pkl,val
35138.pkl,train
35139.pkl,val
35140.pkl,train
35141.pkl,val
35142.pkl,val
35143.pkl,val
35144.pkl,val
35145.pkl,train
35146.pkl,val
35147.pkl,val
35148.pkl,train
35149.pkl,val
35150.pkl,val
35151.pkl,train
35152.pkl,val
35153.pkl,train
35154.pkl,val
35155.pkl,val
35156.pkl,val
35157.pkl,val
35158.pkl,train
35159.pkl,train
35160.pkl,train
35161.pkl,train
35162.pkl,train
35163.pkl,val
35164.pkl,val
35165.pkl,train
35166.pkl,train
35167.pkl,train
35168.pkl,train
35169.pkl,val
35170.pkl,val
35171.pkl,train
35172.pkl,val
35173.pkl,train
35174.pkl,val
35175.pkl,train
35176.pkl,train
35177.pkl,train
35178.pkl,val
35179.pkl,train
35180.pkl,train
35181.pkl,val
35182.pkl,train
35183.pkl,train
35184.pkl,train
35185.pkl,val
35186.pkl,val
35187.pkl,val
35188.pkl,val
35189.pkl,train
35190.pkl,val
35191.pkl,train
35192.pkl,val
35193.pkl,train
35194.pkl,train
35195.pkl,val
35196.pkl,val
35197.pkl,val
35198.pkl,val
35199.pkl,train
35200.pkl,train
35201.pkl,val
35202.pkl,val
35203.pkl,val
35204.pkl,train
35205.pkl,val
35206.pkl,val
35207.pkl,train
35208.pkl,val
35209.pkl,val
35210.pkl,train
35211.pkl,train
35212.pkl,train
35213.pkl,train
35214.pkl,train
35215.pkl,val
35216.pkl,val
35217.pkl,val
35218.pkl,val
35219.pkl,val
35220.pkl,train
35221.pkl,val
35222.pkl,train
35223.pkl,train
35224.pkl,train
35225.pkl,train
35226.pkl,val
35227.pkl,val
35228.pkl,val
35229.pkl,val
35230.pkl,train
35231.pkl,val
35232.pkl,val
35233.pkl,val
35234.pkl,val
35235.pkl,val
35236.pkl,val
35237.pkl,train
35238.pkl,train
35239.pkl,train
35240.pkl,val
35241.pkl,val
35242.pkl,val
35243.pkl,train
35244.pkl,train
35245.pkl,train
35246.pkl,train
35247.pkl,val
35248.pkl,train
35249.pkl,val
35250.pkl,train
35251.pkl,val
35252.pkl,val
35253.pkl,val
35254.pkl,train
35255.pkl,val
35256.pkl,val
35257.pkl,train
35258.pkl,val
35259.pkl,train
35260.pkl,val
35261.pkl,train
35262.pkl,train
35263.pkl,train
35264.pkl,train
35265.pkl,train
35266.pkl,val
35267.pkl,val
35268.pkl,train
35269.pkl,val
35270.pkl,train
35271.pkl,train
35272.pkl,val
35273.pkl,val
35274.pkl,train
35275.pkl,val
35276.pkl,val
35277.pkl,val
35278.pkl,train
35279.pkl,train
35280.pkl,train
35281.pkl,val
35282.pkl,train
35283.pkl,train
35284.pkl,val
35285.pkl,val
35286.pkl,train
35287.pkl,val
35288.pkl,train
35289.pkl,train
35290.pkl,train
35291.pkl,val
35292.pkl,val
35293.pkl,train
35294.pkl,val
35295.pkl,train
35296.pkl,val
35297.pkl,val
35298.pkl,val
35299.pkl,train
35300.pkl,val
35301.pkl,train
35302.pkl,train
35303.pkl,train
35304.pkl,train
35305.pkl,val
35306.pkl,train
35307.pkl,val
35308.pkl,val
35309.pkl,val
35310.pkl,val
35311.pkl,val
35312.pkl,train
35313.pkl,train
35314.pkl,train
35315.pkl,train
35316.pkl,train
35317.pkl,val
35318.pkl,val
35319.pkl,train
35320.pkl,train
35321.pkl,val
35322.pkl,val
35323.pkl,train
35324.pkl,val
35325.pkl,val
35326.pkl,val
35327.pkl,train
35328.pkl,val
35329.pkl,train
35330.pkl,val
35331.pkl,val
35332.pkl,val
35333.pkl,train
35334.pkl,val
35335.pkl,train
35336.pkl,val
35337.pkl,val
35338.pkl,val
35339.pkl,val
35340.pkl,train
35341.pkl,val
35342.pkl,val
35343.pkl,val
35344.pkl,val
35345.pkl,train
35346.pkl,train
35347.pkl,val
35348.pkl,val
35349.pkl,val
35350.pkl,val
35351.pkl,val
35352.pkl,train
35353.pkl,val
35354.pkl,train
35355.pkl,val
35356.pkl,train
35357.pkl,train
35358.pkl,train
35359.pkl,val
35360.pkl,train
35361.pkl,train
35362.pkl,train
35363.pkl,train
35364.pkl,val
35365.pkl,val
35366.pkl,val
35367.pkl,val
35368.pkl,val
35369.pkl,train
35370.pkl,train
35371.pkl,val
35372.pkl,train
35373.pkl,val
35374.pkl,val
35375.pkl,train
35376.pkl,train
35377.pkl,train
35378.pkl,val
35379.pkl,train
35380.pkl,val
35381.pkl,train
35382.pkl,train
35383.pkl,train
35384.pkl,val
35385.pkl,val
35386.pkl,val
35387.pkl,train
35388.pkl,val
35389.pkl,train
35390.pkl,val
35391.pkl,train
35392.pkl,train
35393.pkl,train
35394.pkl,val
35395.pkl,train
35396.pkl,train
35397.pkl,val
35398.pkl,train
35399.pkl,val
35400.pkl,train
35401.pkl,train
35402.pkl,val
35403.pkl,val
35404.pkl,val
35405.pkl,train
35406.pkl,val
35407.pkl,train
35408.pkl,val
35409.pkl,train
35410.pkl,train
35411.pkl,train
35412.pkl,val
35413.pkl,val
35414.pkl,train
35415.pkl,train
35416.pkl,train
35417.pkl,train
35418.pkl,val
35419.pkl,val
35420.pkl,val
35421.pkl,train
35422.pkl,val
35423.pkl,train
35424.pkl,val
35425.pkl,val
35426.pkl,val
35427.pkl,val
35428.pkl,train
35429.pkl,val
35430.pkl,val
35431.pkl,train
35432.pkl,train
35433.pkl,val
35434.pkl,train
35435.pkl,train
35436.pkl,train
35437.pkl,train
35438.pkl,train
35439.pkl,val
35440.pkl,val
35441.pkl,val
35442.pkl,train
35443.pkl,val
35444.pkl,train
35445.pkl,train
35446.pkl,train
35447.pkl,val
35448.pkl,train
35449.pkl,train
35450.pkl,val
35451.pkl,train
35452.pkl,train
35453.pkl,train
35454.pkl,val
35455.pkl,train
35456.pkl,val
35457.pkl,train
35458.pkl,val
35459.pkl,val
35460.pkl,train
35461.pkl,train
35462.pkl,train
35463.pkl,train
35464.pkl,val
35465.pkl,val
35466.pkl,val
35467.pkl,train
35468.pkl,train
35469.pkl,train
35470.pkl,train
35471.pkl,val
35472.pkl,val
35473.pkl,val
35474.pkl,train
35475.pkl,val
35476.pkl,train
35477.pkl,train
35478.pkl,val
35479.pkl,train
35480.pkl,val
35481.pkl,val
35482.pkl,val
35483.pkl,val
35484.pkl,val
35485.pkl,val
35486.pkl,val
35487.pkl,val
35488.pkl,train
35489.pkl,train
35490.pkl,val
35491.pkl,train
35492.pkl,val
35493.pkl,train
35494.pkl,val
35495.pkl,train
35496.pkl,train
35497.pkl,val
35498.pkl,train
35499.pkl,val
35500.pkl,val
35501.pkl,val
35502.pkl,train
35503.pkl,train
35504.pkl,train
35505.pkl,val
35506.pkl,val
35507.pkl,train
35508.pkl,val
35509.pkl,val
35510.pkl,train
35511.pkl,val
35512.pkl,train
35513.pkl,train
35514.pkl,train
35515.pkl,train
35516.pkl,val
35517.pkl,train
35518.pkl,val
35519.pkl,train
35520.pkl,val
35521.pkl,train
35522.pkl,train
35523.pkl,val
35524.pkl,train
35525.pkl,train
35526.pkl,train
35527.pkl,train
35528.pkl,val
35529.pkl,val
35530.pkl,train
35531.pkl,val
35532.pkl,train
35533.pkl,val
35534.pkl,val
35535.pkl,val
35536.pkl,train
35537.pkl,train
35538.pkl,val
35539.pkl,val
35540.pkl,train
35541.pkl,val
35542.pkl,train
35543.pkl,train
35544.pkl,val
35545.pkl,train
35546.pkl,train
35547.pkl,train
35548.pkl,train
35549.pkl,val
35550.pkl,train
35551.pkl,val
35552.pkl,val
35553.pkl,train
35554.pkl,train
35555.pkl,val
35556.pkl,train
35557.pkl,train
35558.pkl,train
35559.pkl,val
35560.pkl,val
35561.pkl,train
35562.pkl,train
35563.pkl,val
35564.pkl,train
35565.pkl,train
35566.pkl,train
35567.pkl,train
35568.pkl,val
35569.pkl,val
35570.pkl,val
35571.pkl,val
35572.pkl,val
35573.pkl,val
35574.pkl,val
35575.pkl,train
35576.pkl,train
35577.pkl,train
35578.pkl,train
35579.pkl,val
35580.pkl,train
35581.pkl,train
35582.pkl,val
35583.pkl,train
35584.pkl,train
35585.pkl,train
35586.pkl,train
35587.pkl,val
35588.pkl,val
35589.pkl,train
35590.pkl,val
35591.pkl,val
35592.pkl,train
35593.pkl,val
35594.pkl,val
35595.pkl,val
35596.pkl,val
35597.pkl,val
35598.pkl,val
35599.pkl,train
35600.pkl,val
35601.pkl,train
35602.pkl,train
35603.pkl,val
35604.pkl,train
35605.pkl,val
35606.pkl,val
35607.pkl,train
35608.pkl,train
35609.pkl,train
35610.pkl,train
35611.pkl,train
35612.pkl,train
35613.pkl,val
35614.pkl,val
35615.pkl,train
35616.pkl,val
35617.pkl,val
35618.pkl,val
35619.pkl,val
35620.pkl,val
35621.pkl,val
35622.pkl,train
35623.pkl,train
35624.pkl,train
35625.pkl,train
35626.pkl,val
35627.pkl,val
35628.pkl,val
35629.pkl,val
35630.pkl,val
35631.pkl,train
35632.pkl,val
35633.pkl,val
35634.pkl,val
35635.pkl,train
35636.pkl,train
35637.pkl,train
35638.pkl,train
35639.pkl,val
35640.pkl,train
35641.pkl,val
35642.pkl,train
35643.pkl,train
35644.pkl,train
35645.pkl,val
35646.pkl,train
35647.pkl,train
35648.pkl,train
35649.pkl,val
35650.pkl,train
35651.pkl,val
35652.pkl,train
35653.pkl,train
35654.pkl,train
35655.pkl,train
35656.pkl,val
35657.pkl,val
35658.pkl,train
35659.pkl,val
35660.pkl,train
35661.pkl,train
35662.pkl,train
35663.pkl,train
35664.pkl,train
35665.pkl,train
35666.pkl,train
35667.pkl,train
35668.pkl,train
35669.pkl,val
35670.pkl,val
35671.pkl,train
35672.pkl,train
35673.pkl,train
35674.pkl,val
35675.pkl,train
35676.pkl,val
35677.pkl,train
35678.pkl,train
35679.pkl,val
35680.pkl,val
35681.pkl,train
35682.pkl,val
35683.pkl,train
35684.pkl,val
35685.pkl,val
35686.pkl,val
35687.pkl,val
35688.pkl,val
35689.pkl,val
35690.pkl,val
35691.pkl,train
35692.pkl,val
35693.pkl,val
35694.pkl,train
35695.pkl,train
35696.pkl,val
35697.pkl,val
35698.pkl,train
35699.pkl,val
35700.pkl,train
35701.pkl,val
35702.pkl,train
35703.pkl,val
35704.pkl,train
35705.pkl,train
35706.pkl,train
35707.pkl,train
35708.pkl,train
35709.pkl,val
35710.pkl,val
35711.pkl,val
35712.pkl,val
35713.pkl,val
35714.pkl,train
35715.pkl,train
35716.pkl,val
35717.pkl,train
35718.pkl,train
35719.pkl,train
35720.pkl,train
35721.pkl,val
35722.pkl,val
35723.pkl,train
35724.pkl,val
35725.pkl,train
35726.pkl,train
35727.pkl,val
35728.pkl,val
35729.pkl,val
35730.pkl,val
35731.pkl,train
35732.pkl,train
35733.pkl,train
35734.pkl,train
35735.pkl,train
35736.pkl,train
35737.pkl,val
35738.pkl,train
35739.pkl,train
35740.pkl,train
35741.pkl,val
35742.pkl,val
35743.pkl,train
35744.pkl,train
35745.pkl,train
35746.pkl,train
35747.pkl,val
35748.pkl,val
35749.pkl,train
35750.pkl,train
35751.pkl,train
35752.pkl,val
35753.pkl,train
35754.pkl,val
35755.pkl,val
35756.pkl,train
35757.pkl,val
35758.pkl,val
35759.pkl,train
35760.pkl,val
35761.pkl,train
35762.pkl,train
35763.pkl,val
35764.pkl,val
35765.pkl,val
35766.pkl,train
35767.pkl,val
35768.pkl,train
35769.pkl,val
35770.pkl,train
35771.pkl,val
35772.pkl,train
35773.pkl,val
35774.pkl,val
35775.pkl,val
35776.pkl,train
35777.pkl,val
35778.pkl,val
35779.pkl,train
35780.pkl,train
35781.pkl,train
35782.pkl,train
35783.pkl,val
35784.pkl,val
35785.pkl,train
35786.pkl,val
35787.pkl,train
35788.pkl,val
35789.pkl,train
35790.pkl,val
35791.pkl,val
35792.pkl,val
35793.pkl,val
35794.pkl,train
35795.pkl,train
35796.pkl,train
35797.pkl,train
35798.pkl,train
35799.pkl,train
35800.pkl,val
35801.pkl,train
35802.pkl,train
35803.pkl,val
35804.pkl,train
35805.pkl,val
35806.pkl,val
35807.pkl,val
35808.pkl,train
35809.pkl,val
35810.pkl,val
35811.pkl,train
35812.pkl,train
35813.pkl,train
35814.pkl,val
35815.pkl,train
35816.pkl,val
35817.pkl,train
35818.pkl,val
35819.pkl,val
35820.pkl,val
35821.pkl,val
35822.pkl,val
35823.pkl,val
35824.pkl,train
35825.pkl,val
35826.pkl,train
35827.pkl,val
35828.pkl,train
35829.pkl,val
35830.pkl,val
35831.pkl,train
35832.pkl,train
35833.pkl,val
35834.pkl,train
35835.pkl,train
35836.pkl,train
35837.pkl,train
35838.pkl,val
35839.pkl,val
35840.pkl,train
35841.pkl,train
35842.pkl,train
35843.pkl,train
35844.pkl,val
35845.pkl,train
35846.pkl,val
35847.pkl,val
35848.pkl,val
35849.pkl,train
35850.pkl,val
35851.pkl,val
35852.pkl,train
35853.pkl,val
35854.pkl,val
35855.pkl,train
35856.pkl,val
35857.pkl,val
35858.pkl,val
35859.pkl,train
35860.pkl,val
35861.pkl,train
35862.pkl,train
35863.pkl,train
35864.pkl,train
35865.pkl,train
35866.pkl,val
35867.pkl,train
35868.pkl,val
35869.pkl,train
35870.pkl,val
35871.pkl,train
35872.pkl,train
35873.pkl,train
35874.pkl,train
35875.pkl,train
35876.pkl,val
35877.pkl,train
35878.pkl,val
35879.pkl,val
35880.pkl,train
35881.pkl,val
35882.pkl,val
35883.pkl,val
35884.pkl,val
35885.pkl,val
35886.pkl,train
35887.pkl,train
35888.pkl,val
35889.pkl,train
35890.pkl,val
35891.pkl,train
35892.pkl,val
35893.pkl,val
35894.pkl,train
35895.pkl,val
35896.pkl,train
35897.pkl,train
35898.pkl,train
35899.pkl,val
35900.pkl,train
35901.pkl,val
35902.pkl,train
35903.pkl,train
35904.pkl,val
35905.pkl,val
35906.pkl,train
35907.pkl,train
35908.pkl,val
35909.pkl,val
35910.pkl,val
35911.pkl,train
35912.pkl,val
35913.pkl,val
35914.pkl,val
35915.pkl,train
35916.pkl,val
35917.pkl,train
35918.pkl,val
35919.pkl,train
35920.pkl,val
35921.pkl,train
35922.pkl,val
35923.pkl,val
35924.pkl,train
35925.pkl,train
35926.pkl,train
35927.pkl,val
35928.pkl,val
35929.pkl,train
35930.pkl,train
35931.pkl,train
35932.pkl,train
35933.pkl,train
35934.pkl,val
35935.pkl,train
35936.pkl,val
35937.pkl,val
35938.pkl,train
35939.pkl,train
35940.pkl,train
35941.pkl,val
35942.pkl,val
35943.pkl,val
35944.pkl,val
35945.pkl,val
35946.pkl,train
35947.pkl,val
35948.pkl,train
35949.pkl,val
35950.pkl,val
35951.pkl,train
35952.pkl,train
35953.pkl,train
35954.pkl,val
35955.pkl,train
35956.pkl,train
35957.pkl,train
35958.pkl,val
35959.pkl,train
35960.pkl,train
35961.pkl,train
35962.pkl,val
35963.pkl,train
35964.pkl,val
35965.pkl,train
35966.pkl,val
35967.pkl,train
35968.pkl,train
35969.pkl,val
35970.pkl,train
35971.pkl,val
35972.pkl,val
35973.pkl,val
35974.pkl,train
35975.pkl,val
35976.pkl,train
35977.pkl,train
35978.pkl,val
35979.pkl,train
35980.pkl,train
35981.pkl,train
35982.pkl,train
35983.pkl,train
35984.pkl,train
35985.pkl,val
35986.pkl,val
35987.pkl,train
35988.pkl,val
35989.pkl,train
35990.pkl,train
35991.pkl,train
35992.pkl,train
35993.pkl,val
35994.pkl,val
35995.pkl,train
35996.pkl,val
35997.pkl,val
35998.pkl,train
35999.pkl,train
36000.pkl,val
36001.pkl,val
36002.pkl,train
36003.pkl,val
36004.pkl,train
36005.pkl,val
36006.pkl,train
36007.pkl,val
36008.pkl,val
36009.pkl,train
36010.pkl,train
36011.pkl,val
36012.pkl,train
36013.pkl,train
36014.pkl,val
36015.pkl,train
36016.pkl,train
36017.pkl,val
36018.pkl,val
36019.pkl,val
36020.pkl,train
36021.pkl,train
36022.pkl,val
36023.pkl,train
36024.pkl,train
36025.pkl,val
36026.pkl,val
36027.pkl,val
36028.pkl,train
36029.pkl,val
36030.pkl,val
36031.pkl,val
36032.pkl,val
36033.pkl,val
36034.pkl,val
36035.pkl,val
36036.pkl,train
36037.pkl,train
36038.pkl,train
36039.pkl,train
36040.pkl,train
36041.pkl,train
36042.pkl,val
36043.pkl,train
36044.pkl,val
36045.pkl,train
36046.pkl,val
36047.pkl,train
36048.pkl,val
36049.pkl,val
36050.pkl,val
36051.pkl,val
36052.pkl,val
36053.pkl,val
36054.pkl,train
36055.pkl,val
36056.pkl,train
36057.pkl,train
36058.pkl,val
36059.pkl,train
36060.pkl,val
36061.pkl,train
36062.pkl,train
36063.pkl,val
36064.pkl,val
36065.pkl,val
36066.pkl,val
36067.pkl,val
36068.pkl,val
36069.pkl,val
36070.pkl,val
36071.pkl,train
36072.pkl,train
36073.pkl,train
36074.pkl,val
36075.pkl,val
36076.pkl,train
36077.pkl,val
36078.pkl,val
36079.pkl,train
36080.pkl,val
36081.pkl,train
36082.pkl,val
36083.pkl,train
36084.pkl,train
36085.pkl,val
36086.pkl,val
36087.pkl,val
36088.pkl,train
36089.pkl,val
36090.pkl,train
36091.pkl,val
36092.pkl,train
36093.pkl,train
36094.pkl,train
36095.pkl,train
36096.pkl,train
36097.pkl,train
36098.pkl,train
36099.pkl,val
36100.pkl,val
36101.pkl,train
36102.pkl,val
36103.pkl,train
36104.pkl,train
36105.pkl,val
36106.pkl,train
36107.pkl,val
36108.pkl,train
36109.pkl,val
36110.pkl,train
36111.pkl,val
36112.pkl,val
36113.pkl,train
36114.pkl,train
36115.pkl,train
36116.pkl,train
36117.pkl,val
36118.pkl,train
36119.pkl,train
36120.pkl,train
36121.pkl,train
36122.pkl,train
36123.pkl,train
36124.pkl,train
36125.pkl,val
36126.pkl,train
36127.pkl,val
36128.pkl,val
36129.pkl,train
36130.pkl,val
36131.pkl,train
36132.pkl,val
36133.pkl,train
36134.pkl,train
36135.pkl,train
36136.pkl,val
36137.pkl,val
36138.pkl,val
36139.pkl,val
36140.pkl,val
36141.pkl,train
36142.pkl,val
36143.pkl,val
36144.pkl,train
36145.pkl,val
36146.pkl,train
36147.pkl,train
36148.pkl,val
36149.pkl,val
36150.pkl,val
36151.pkl,train
36152.pkl,val
36153.pkl,val
36154.pkl,val
36155.pkl,val
36156.pkl,train
36157.pkl,train
36158.pkl,val
36159.pkl,val
36160.pkl,val
36161.pkl,val
36162.pkl,train
36163.pkl,train
36164.pkl,train
36165.pkl,train
36166.pkl,train
36167.pkl,train
36168.pkl,train
36169.pkl,val
36170.pkl,val
36171.pkl,train
36172.pkl,train
36173.pkl,val
36174.pkl,val
36175.pkl,val
36176.pkl,train
36177.pkl,val
36178.pkl,val
36179.pkl,val
36180.pkl,val
36181.pkl,val
36182.pkl,val
36183.pkl,val
36184.pkl,val
36185.pkl,val
36186.pkl,val
36187.pkl,val
36188.pkl,train
36189.pkl,train
36190.pkl,train
36191.pkl,val
36192.pkl,val
36193.pkl,train
36194.pkl,val
36195.pkl,train
36196.pkl,val
36197.pkl,train
36198.pkl,train
36199.pkl,val
36200.pkl,val
36201.pkl,train
36202.pkl,train
36203.pkl,train
36204.pkl,train
36205.pkl,train
36206.pkl,train
36207.pkl,train
36208.pkl,val
36209.pkl,train
36210.pkl,val
36211.pkl,val
36212.pkl,val
36213.pkl,val
36214.pkl,val
36215.pkl,val
36216.pkl,val
36217.pkl,train
36218.pkl,train
36219.pkl,val
36220.pkl,train
36221.pkl,val
36222.pkl,train
36223.pkl,val
36224.pkl,train
36225.pkl,val
36226.pkl,train
36227.pkl,train
36228.pkl,train
36229.pkl,val
36230.pkl,train
36231.pkl,val
36232.pkl,val
36233.pkl,val
36234.pkl,val
36235.pkl,val
36236.pkl,val
36237.pkl,train
36238.pkl,val
36239.pkl,val
36240.pkl,train
36241.pkl,train
36242.pkl,train
36243.pkl,val
36244.pkl,train
36245.pkl,train
36246.pkl,val
36247.pkl,val
36248.pkl,train
36249.pkl,val
36250.pkl,train
36251.pkl,train
36252.pkl,train
36253.pkl,val
36254.pkl,train
36255.pkl,train
36256.pkl,val
36257.pkl,val
36258.pkl,val
36259.pkl,train
36260.pkl,val
36261.pkl,val
36262.pkl,train
36263.pkl,train
36264.pkl,val
36265.pkl,val
36266.pkl,train
36267.pkl,val
36268.pkl,val
36269.pkl,train
36270.pkl,val
36271.pkl,train
36272.pkl,val
36273.pkl,val
36274.pkl,train
36275.pkl,val
36276.pkl,val
36277.pkl,train
36278.pkl,train
36279.pkl,val
36280.pkl,val
36281.pkl,val
36282.pkl,train
36283.pkl,train
36284.pkl,val
36285.pkl,train
36286.pkl,train
36287.pkl,val
36288.pkl,train
36289.pkl,train
36290.pkl,train
36291.pkl,train
36292.pkl,val
36293.pkl,train
36294.pkl,train
36295.pkl,train
36296.pkl,train
36297.pkl,train
36298.pkl,val
36299.pkl,train
36300.pkl,val
36301.pkl,val
36302.pkl,train
36303.pkl,val
36304.pkl,train
36305.pkl,train
36306.pkl,val
36307.pkl,train
36308.pkl,val
36309.pkl,train
36310.pkl,train
36311.pkl,val
36312.pkl,train
36313.pkl,train
36314.pkl,val
36315.pkl,val
36316.pkl,val
36317.pkl,val
36318.pkl,val
36319.pkl,train
36320.pkl,val
36321.pkl,val
36322.pkl,train
36323.pkl,val
36324.pkl,train
36325.pkl,val
36326.pkl,val
36327.pkl,val
36328.pkl,train
36329.pkl,train
36330.pkl,val
36331.pkl,train
36332.pkl,train
36333.pkl,val
36334.pkl,train
36335.pkl,train
36336.pkl,train
36337.pkl,val
36338.pkl,val
36339.pkl,train
36340.pkl,val
36341.pkl,val
36342.pkl,val
36343.pkl,val
36344.pkl,val
36345.pkl,train
36346.pkl,val
36347.pkl,train
36348.pkl,train
36349.pkl,train
36350.pkl,val
36351.pkl,train
36352.pkl,val
36353.pkl,val
36354.pkl,val
36355.pkl,val
36356.pkl,val
36357.pkl,train
36358.pkl,train
36359.pkl,val
36360.pkl,train
36361.pkl,train
36362.pkl,train
36363.pkl,val
36364.pkl,val
36365.pkl,train
36366.pkl,val
36367.pkl,train
36368.pkl,val
36369.pkl,val
36370.pkl,train
36371.pkl,train
36372.pkl,val
36373.pkl,val
36374.pkl,train
36375.pkl,train
36376.pkl,train
36377.pkl,val
36378.pkl,val
36379.pkl,val
36380.pkl,train
36381.pkl,train
36382.pkl,val
36383.pkl,train
36384.pkl,val
36385.pkl,train
36386.pkl,train
36387.pkl,train
36388.pkl,val
36389.pkl,val
36390.pkl,train
36391.pkl,train
36392.pkl,train
36393.pkl,train
36394.pkl,val
36395.pkl,val
36396.pkl,val
36397.pkl,val
36398.pkl,train
36399.pkl,train
36400.pkl,val
36401.pkl,train
36402.pkl,train
36403.pkl,train
36404.pkl,train
36405.pkl,train
36406.pkl,train
36407.pkl,val
36408.pkl,val
36409.pkl,train
36410.pkl,val
36411.pkl,train
36412.pkl,train
36413.pkl,val
36414.pkl,val
36415.pkl,train
36416.pkl,val
36417.pkl,train
36418.pkl,train
36419.pkl,train
36420.pkl,val
36421.pkl,train
36422.pkl,val
36423.pkl,val
36424.pkl,val
36425.pkl,val
36426.pkl,train
36427.pkl,train
36428.pkl,val
36429.pkl,train
36430.pkl,train
36431.pkl,train
36432.pkl,train
36433.pkl,train
36434.pkl,val
36435.pkl,val
36436.pkl,val
36437.pkl,train
36438.pkl,train
36439.pkl,train
36440.pkl,train
36441.pkl,val
36442.pkl,train
36443.pkl,val
36444.pkl,val
36445.pkl,train
36446.pkl,train
36447.pkl,val
36448.pkl,val
36449.pkl,val
36450.pkl,val
36451.pkl,train
36452.pkl,train
36453.pkl,train
36454.pkl,train
36455.pkl,val
36456.pkl,val
36457.pkl,train
36458.pkl,val
36459.pkl,val
36460.pkl,train
36461.pkl,val
36462.pkl,val
36463.pkl,train
36464.pkl,train
36465.pkl,val
36466.pkl,val
36467.pkl,val
36468.pkl,val
36469.pkl,val
36470.pkl,train
36471.pkl,train
36472.pkl,train
36473.pkl,val
36474.pkl,train
36475.pkl,train
36476.pkl,val
36477.pkl,val
36478.pkl,train
36479.pkl,val
36480.pkl,val
36481.pkl,val
36482.pkl,val
36483.pkl,val
36484.pkl,train
36485.pkl,val
36486.pkl,val
36487.pkl,train
36488.pkl,val
36489.pkl,train
36490.pkl,val
36491.pkl,train
36492.pkl,val
36493.pkl,val
36494.pkl,train
36495.pkl,train
36496.pkl,train
36497.pkl,train
36498.pkl,train
36499.pkl,val
36500.pkl,val
36501.pkl,train
36502.pkl,val
36503.pkl,val
36504.pkl,train
36505.pkl,val
36506.pkl,val
36507.pkl,train
36508.pkl,val
36509.pkl,val
36510.pkl,train
36511.pkl,val
36512.pkl,val
36513.pkl,val
36514.pkl,val
36515.pkl,train
36516.pkl,train
36517.pkl,val
36518.pkl,train
36519.pkl,train
36520.pkl,train
36521.pkl,train
36522.pkl,val
36523.pkl,train
36524.pkl,val
36525.pkl,val
36526.pkl,val
36527.pkl,val
36528.pkl,train
36529.pkl,train
36530.pkl,val
36531.pkl,train
36532.pkl,val
36533.pkl,val
36534.pkl,train
36535.pkl,val
36536.pkl,val
36537.pkl,train
36538.pkl,train
36539.pkl,val
36540.pkl,val
36541.pkl,train
36542.pkl,train
36543.pkl,train
36544.pkl,val
36545.pkl,train
36546.pkl,val
36547.pkl,train
36548.pkl,val
36549.pkl,val
36550.pkl,val
36551.pkl,val
36552.pkl,train
36553.pkl,train
36554.pkl,train
36555.pkl,train
36556.pkl,train
36557.pkl,train
36558.pkl,val
36559.pkl,train
36560.pkl,val
36561.pkl,val
36562.pkl,val
36563.pkl,val
36564.pkl,val
36565.pkl,val
36566.pkl,val
36567.pkl,train
36568.pkl,val
36569.pkl,val
36570.pkl,val
36571.pkl,train
36572.pkl,val
36573.pkl,val
36574.pkl,val
36575.pkl,train
36576.pkl,train
36577.pkl,val
36578.pkl,val
36579.pkl,train
36580.pkl,val
36581.pkl,train
36582.pkl,train
36583.pkl,val
36584.pkl,train
36585.pkl,val
36586.pkl,train
36587.pkl,train
36588.pkl,val
36589.pkl,train
36590.pkl,train
36591.pkl,val
36592.pkl,val
36593.pkl,val
36594.pkl,train
36595.pkl,val
36596.pkl,val
36597.pkl,val
36598.pkl,val
36599.pkl,val
36600.pkl,val
36601.pkl,val
36602.pkl,val
36603.pkl,val
36604.pkl,val
36605.pkl,val
36606.pkl,val
36607.pkl,train
36608.pkl,train
36609.pkl,train
36610.pkl,val
36611.pkl,train
36612.pkl,val
36613.pkl,train
36614.pkl,val
36615.pkl,train
36616.pkl,val
36617.pkl,train
36618.pkl,train
36619.pkl,train
36620.pkl,val
36621.pkl,val
36622.pkl,train
36623.pkl,val
36624.pkl,val
36625.pkl,train
36626.pkl,train
36627.pkl,train
36628.pkl,val
36629.pkl,val
36630.pkl,val
36631.pkl,train
36632.pkl,val
36633.pkl,train
36634.pkl,val
36635.pkl,val
36636.pkl,val
36637.pkl,train
36638.pkl,val
36639.pkl,val
36640.pkl,val
36641.pkl,train
36642.pkl,val
36643.pkl,train
36644.pkl,val
36645.pkl,val
36646.pkl,train
36647.pkl,train
36648.pkl,train
36649.pkl,train
36650.pkl,train
36651.pkl,val
36652.pkl,train
36653.pkl,val
36654.pkl,val
36655.pkl,train
36656.pkl,val
36657.pkl,val
36658.pkl,val
36659.pkl,train
36660.pkl,train
36661.pkl,train
36662.pkl,train
36663.pkl,train
36664.pkl,val
36665.pkl,val
36666.pkl,train
36667.pkl,train
36668.pkl,train
36669.pkl,val
36670.pkl,train
36671.pkl,val
36672.pkl,train
36673.pkl,train
36674.pkl,train
36675.pkl,val
36676.pkl,val
36677.pkl,train
36678.pkl,val
36679.pkl,train
36680.pkl,val
36681.pkl,train
36682.pkl,val
36683.pkl,train
36684.pkl,train
36685.pkl,train
36686.pkl,val
36687.pkl,train
36688.pkl,val
36689.pkl,train
36690.pkl,val
36691.pkl,train
36692.pkl,val
36693.pkl,val
36694.pkl,val
36695.pkl,train
36696.pkl,val
36697.pkl,val
36698.pkl,val
36699.pkl,val
36700.pkl,val
36701.pkl,train
36702.pkl,val
36703.pkl,train
36704.pkl,val
36705.pkl,train
36706.pkl,train
36707.pkl,val
36708.pkl,train
36709.pkl,val
36710.pkl,val
36711.pkl,train
36712.pkl,val
36713.pkl,train
36714.pkl,train
36715.pkl,train
36716.pkl,train
36717.pkl,train
36718.pkl,train
36719.pkl,train
36720.pkl,train
36721.pkl,train
36722.pkl,val
36723.pkl,val
36724.pkl,val
36725.pkl,train
36726.pkl,train
36727.pkl,val
36728.pkl,train
36729.pkl,train
36730.pkl,val
36731.pkl,val
36732.pkl,val
36733.pkl,val
36734.pkl,train
36735.pkl,train
36736.pkl,val
36737.pkl,train
36738.pkl,train
36739.pkl,train
36740.pkl,train
36741.pkl,val
36742.pkl,val
36743.pkl,train
36744.pkl,val
36745.pkl,val
36746.pkl,train
36747.pkl,train
36748.pkl,train
36749.pkl,val
36750.pkl,train
36751.pkl,train
36752.pkl,val
36753.pkl,train
36754.pkl,val
36755.pkl,train
36756.pkl,val
36757.pkl,val
36758.pkl,val
36759.pkl,val
36760.pkl,train
36761.pkl,val
36762.pkl,val
36763.pkl,val
36764.pkl,train
36765.pkl,val
36766.pkl,val
36767.pkl,val
36768.pkl,val
36769.pkl,val
36770.pkl,train
36771.pkl,val
36772.pkl,train
36773.pkl,val
36774.pkl,val
36775.pkl,val
36776.pkl,val
36777.pkl,train
36778.pkl,val
36779.pkl,train
36780.pkl,train
36781.pkl,val
36782.pkl,val
36783.pkl,val
36784.pkl,train
36785.pkl,train
36786.pkl,train
36787.pkl,val
36788.pkl,train
36789.pkl,val
36790.pkl,train
36791.pkl,train
36792.pkl,val
36793.pkl,train
36794.pkl,val
36795.pkl,val
36796.pkl,train
36797.pkl,train
36798.pkl,train
36799.pkl,train
36800.pkl,train
36801.pkl,train
36802.pkl,train
36803.pkl,val
36804.pkl,val
36805.pkl,train
36806.pkl,train
36807.pkl,val
36808.pkl,val
36809.pkl,val
36810.pkl,val
36811.pkl,train
36812.pkl,train
36813.pkl,train
36814.pkl,val
36815.pkl,val
36816.pkl,train
36817.pkl,train
36818.pkl,train
36819.pkl,val
36820.pkl,val
36821.pkl,val
36822.pkl,val
36823.pkl,val
36824.pkl,val
36825.pkl,val
36826.pkl,train
36827.pkl,train
36828.pkl,train
36829.pkl,val
36830.pkl,val
36831.pkl,val
36832.pkl,val
36833.pkl,train
36834.pkl,val
36835.pkl,train
36836.pkl,val
36837.pkl,train
36838.pkl,val
36839.pkl,train
36840.pkl,val
36841.pkl,train
36842.pkl,val
36843.pkl,train
36844.pkl,train
36845.pkl,train
36846.pkl,train
36847.pkl,val
36848.pkl,val
36849.pkl,val
36850.pkl,train
36851.pkl,train
36852.pkl,val
36853.pkl,val
36854.pkl,train
36855.pkl,train
36856.pkl,val
36857.pkl,train
36858.pkl,val
36859.pkl,train
36860.pkl,train
36861.pkl,train
36862.pkl,val
36863.pkl,val
36864.pkl,train
36865.pkl,val
36866.pkl,train
36867.pkl,train
36868.pkl,train
36869.pkl,train
36870.pkl,val
36871.pkl,train
36872.pkl,val
36873.pkl,val
36874.pkl,train
36875.pkl,train
36876.pkl,val
36877.pkl,val
36878.pkl,train
36879.pkl,val
36880.pkl,train
36881.pkl,val
36882.pkl,train
36883.pkl,train
36884.pkl,val
36885.pkl,train
36886.pkl,val
36887.pkl,val
36888.pkl,train
36889.pkl,val
36890.pkl,train
36891.pkl,val
36892.pkl,train
36893.pkl,train
36894.pkl,train
36895.pkl,train
36896.pkl,val
36897.pkl,train
36898.pkl,train
36899.pkl,val
36900.pkl,val
36901.pkl,train
36902.pkl,val
36903.pkl,val
36904.pkl,train
36905.pkl,train
36906.pkl,val
36907.pkl,val
36908.pkl,train
36909.pkl,train
36910.pkl,val
36911.pkl,val
36912.pkl,val
36913.pkl,train
36914.pkl,train
36915.pkl,val
36916.pkl,val
36917.pkl,val
36918.pkl,val
36919.pkl,train
36920.pkl,val
36921.pkl,train
36922.pkl,train
36923.pkl,train
36924.pkl,train
36925.pkl,train
36926.pkl,train
36927.pkl,train
36928.pkl,val
36929.pkl,val
36930.pkl,val
36931.pkl,train
36932.pkl,val
36933.pkl,train
36934.pkl,train
36935.pkl,train
36936.pkl,val
36937.pkl,val
36938.pkl,val
36939.pkl,train
36940.pkl,val
36941.pkl,val
36942.pkl,train
36943.pkl,val
36944.pkl,val
36945.pkl,val
36946.pkl,train
36947.pkl,val
36948.pkl,train
36949.pkl,val
36950.pkl,train
36951.pkl,train
36952.pkl,val
36953.pkl,train
36954.pkl,train
36955.pkl,train
36956.pkl,val
36957.pkl,train
36958.pkl,val
36959.pkl,val
36960.pkl,val
36961.pkl,val
36962.pkl,train
36963.pkl,train
36964.pkl,train
36965.pkl,val
36966.pkl,train
36967.pkl,train
36968.pkl,train
36969.pkl,train
36970.pkl,val
36971.pkl,train
36972.pkl,val
36973.pkl,val
36974.pkl,train
36975.pkl,val
36976.pkl,val
36977.pkl,train
36978.pkl,val
36979.pkl,train
36980.pkl,val
36981.pkl,train
36982.pkl,train
36983.pkl,val
36984.pkl,train
36985.pkl,val
36986.pkl,train
36987.pkl,val
36988.pkl,train
36989.pkl,train
36990.pkl,train
36991.pkl,val
36992.pkl,train
36993.pkl,train
36994.pkl,val
36995.pkl,val
36996.pkl,train
36997.pkl,train
36998.pkl,train
36999.pkl,train
37000.pkl,val
37001.pkl,train
37002.pkl,val
37003.pkl,train
37004.pkl,train
37005.pkl,train
37006.pkl,val
37007.pkl,train
37008.pkl,train
37009.pkl,train
37010.pkl,train
37011.pkl,train
37012.pkl,train
37013.pkl,train
37014.pkl,val
37015.pkl,train
37016.pkl,val
37017.pkl,val
37018.pkl,train
37019.pkl,train
37020.pkl,val
37021.pkl,train
37022.pkl,val
37023.pkl,train
37024.pkl,val
37025.pkl,val
37026.pkl,train
37027.pkl,val
37028.pkl,val
37029.pkl,val
37030.pkl,val
37031.pkl,val
37032.pkl,val
37033.pkl,train
37034.pkl,train
37035.pkl,train
37036.pkl,val
37037.pkl,val
37038.pkl,train
37039.pkl,train
37040.pkl,val
37041.pkl,train
37042.pkl,val
37043.pkl,val
37044.pkl,train
37045.pkl,train
37046.pkl,train
37047.pkl,val
37048.pkl,val
37049.pkl,val
37050.pkl,val
37051.pkl,val
37052.pkl,train
37053.pkl,val
37054.pkl,val
37055.pkl,train
37056.pkl,val
37057.pkl,train
37058.pkl,train
37059.pkl,train
37060.pkl,val
37061.pkl,train
37062.pkl,train
37063.pkl,val
37064.pkl,val
37065.pkl,val
37066.pkl,val
37067.pkl,val
37068.pkl,val
37069.pkl,train
37070.pkl,val
37071.pkl,train
37072.pkl,train
37073.pkl,train
37074.pkl,val
37075.pkl,train
37076.pkl,val
37077.pkl,val
37078.pkl,train
37079.pkl,train
37080.pkl,val
37081.pkl,val
37082.pkl,train
37083.pkl,val
37084.pkl,train
37085.pkl,val
37086.pkl,train
37087.pkl,train
37088.pkl,val
37089.pkl,train
37090.pkl,val
37091.pkl,train
37092.pkl,train
37093.pkl,val
37094.pkl,val
37095.pkl,train
37096.pkl,train
37097.pkl,val
37098.pkl,train
37099.pkl,val
37100.pkl,train
37101.pkl,val
37102.pkl,val
37103.pkl,val
37104.pkl,val
37105.pkl,val
37106.pkl,val
37107.pkl,train
37108.pkl,train
37109.pkl,train
37110.pkl,train
37111.pkl,train
37112.pkl,train
37113.pkl,train
37114.pkl,val
37115.pkl,train
37116.pkl,val
37117.pkl,train
37118.pkl,train
37119.pkl,train
37120.pkl,train
37121.pkl,val
37122.pkl,train
37123.pkl,train
37124.pkl,val
37125.pkl,train
37126.pkl,train
37127.pkl,val
37128.pkl,train
37129.pkl,train
37130.pkl,val
37131.pkl,train
37132.pkl,val
37133.pkl,train
37134.pkl,train
37135.pkl,val
37136.pkl,val
37137.pkl,train
37138.pkl,val
37139.pkl,val
37140.pkl,train
37141.pkl,train
37142.pkl,train
37143.pkl,train
37144.pkl,val
37145.pkl,val
37146.pkl,train
37147.pkl,train
37148.pkl,val
37149.pkl,val
37150.pkl,train
37151.pkl,val
37152.pkl,val
37153.pkl,train
37154.pkl,val
37155.pkl,val
37156.pkl,train
37157.pkl,val
37158.pkl,train
37159.pkl,val
37160.pkl,train
37161.pkl,val
37162.pkl,train
37163.pkl,train
37164.pkl,val
37165.pkl,train
37166.pkl,train
37167.pkl,train
37168.pkl,val
37169.pkl,train
37170.pkl,val
37171.pkl,val
37172.pkl,val
37173.pkl,val
37174.pkl,val
37175.pkl,val
37176.pkl,val
37177.pkl,train
37178.pkl,val
37179.pkl,val
37180.pkl,train
37181.pkl,train
37182.pkl,val
37183.pkl,val
37184.pkl,val
37185.pkl,train
37186.pkl,train
37187.pkl,train
37188.pkl,val
37189.pkl,val
37190.pkl,val
37191.pkl,train
37192.pkl,train
37193.pkl,train
37194.pkl,train
37195.pkl,val
37196.pkl,val
37197.pkl,val
37198.pkl,train
37199.pkl,train
37200.pkl,val
37201.pkl,val
37202.pkl,val
37203.pkl,val
37204.pkl,train
37205.pkl,train
37206.pkl,train
37207.pkl,train
37208.pkl,train
37209.pkl,train
37210.pkl,val
37211.pkl,train
37212.pkl,val
37213.pkl,val
37214.pkl,train
37215.pkl,train
37216.pkl,train
37217.pkl,train
37218.pkl,val
37219.pkl,train
37220.pkl,train
37221.pkl,val
37222.pkl,train
37223.pkl,val
37224.pkl,train
37225.pkl,train
37226.pkl,train
37227.pkl,val
37228.pkl,train
37229.pkl,val
37230.pkl,val
37231.pkl,val
37232.pkl,val
37233.pkl,train
37234.pkl,val
37235.pkl,val
37236.pkl,val
37237.pkl,val
37238.pkl,val
37239.pkl,val
37240.pkl,val
37241.pkl,train
37242.pkl,train
37243.pkl,val
37244.pkl,val
37245.pkl,train
37246.pkl,train
37247.pkl,train
37248.pkl,val
37249.pkl,val
37250.pkl,train
37251.pkl,train
37252.pkl,train
37253.pkl,val
37254.pkl,train
37255.pkl,val
37256.pkl,train
37257.pkl,val
37258.pkl,train
37259.pkl,val
37260.pkl,val
37261.pkl,train
37262.pkl,train
37263.pkl,val
37264.pkl,val
37265.pkl,val
37266.pkl,train
37267.pkl,train
37268.pkl,val
37269.pkl,train
37270.pkl,train
37271.pkl,val
37272.pkl,val
37273.pkl,train
37274.pkl,train
37275.pkl,val
37276.pkl,val
37277.pkl,train
37278.pkl,train
37279.pkl,val
37280.pkl,val
37281.pkl,train
37282.pkl,train
37283.pkl,val
37284.pkl,val
37285.pkl,val
37286.pkl,val
37287.pkl,train
37288.pkl,train
37289.pkl,train
37290.pkl,train
37291.pkl,val
37292.pkl,val
37293.pkl,train
37294.pkl,val
37295.pkl,train
37296.pkl,val
37297.pkl,train
37298.pkl,train
37299.pkl,val
37300.pkl,val
37301.pkl,val
37302.pkl,train
37303.pkl,val
37304.pkl,val
37305.pkl,train
37306.pkl,train
37307.pkl,train
37308.pkl,train
37309.pkl,val
37310.pkl,val
37311.pkl,val
37312.pkl,val
37313.pkl,train
37314.pkl,train
37315.pkl,val
37316.pkl,val
37317.pkl,val
37318.pkl,val
37319.pkl,train
37320.pkl,train
37321.pkl,val
37322.pkl,train
37323.pkl,val
37324.pkl,val
37325.pkl,train
37326.pkl,train
37327.pkl,train
37328.pkl,train
37329.pkl,train
37330.pkl,train
37331.pkl,val
37332.pkl,train
37333.pkl,val
37334.pkl,val
37335.pkl,val
37336.pkl,val
37337.pkl,val
37338.pkl,train
37339.pkl,val
37340.pkl,train
37341.pkl,val
37342.pkl,train
37343.pkl,train
37344.pkl,val
37345.pkl,val
37346.pkl,val
37347.pkl,val
37348.pkl,train
37349.pkl,val
37350.pkl,val
37351.pkl,val
37352.pkl,train
37353.pkl,train
37354.pkl,train
37355.pkl,train
37356.pkl,train
37357.pkl,val
37358.pkl,train
37359.pkl,train
37360.pkl,val
37361.pkl,val
37362.pkl,val
37363.pkl,val
37364.pkl,val
37365.pkl,train
37366.pkl,val
37367.pkl,train
37368.pkl,val
37369.pkl,val
37370.pkl,val
37371.pkl,val
37372.pkl,val
37373.pkl,val
37374.pkl,train
37375.pkl,train
37376.pkl,val
37377.pkl,train
37378.pkl,val
37379.pkl,val
37380.pkl,val
37381.pkl,val
37382.pkl,train
37383.pkl,val
37384.pkl,val
37385.pkl,train
37386.pkl,train
37387.pkl,val
37388.pkl,train
37389.pkl,train
37390.pkl,val
37391.pkl,val
37392.pkl,train
37393.pkl,val
37394.pkl,train
37395.pkl,val
37396.pkl,val
37397.pkl,val
37398.pkl,train
37399.pkl,val
37400.pkl,train
37401.pkl,train
37402.pkl,train
37403.pkl,train
37404.pkl,val
37405.pkl,train
37406.pkl,val
37407.pkl,val
37408.pkl,val
37409.pkl,val
37410.pkl,train
37411.pkl,train
37412.pkl,train
37413.pkl,train
37414.pkl,val
37415.pkl,train
37416.pkl,train
37417.pkl,train
37418.pkl,train
37419.pkl,val
37420.pkl,train
37421.pkl,val
37422.pkl,val
37423.pkl,val
37424.pkl,train
37425.pkl,train
37426.pkl,val
37427.pkl,val
37428.pkl,train
37429.pkl,train
37430.pkl,val
37431.pkl,val
37432.pkl,train
37433.pkl,train
37434.pkl,train
37435.pkl,val
37436.pkl,val
37437.pkl,train
37438.pkl,train
37439.pkl,val
37440.pkl,train
37441.pkl,val
37442.pkl,val
37443.pkl,val
37444.pkl,train
37445.pkl,val
37446.pkl,train
37447.pkl,val
37448.pkl,val
37449.pkl,val
37450.pkl,train
37451.pkl,train
37452.pkl,val
37453.pkl,val
37454.pkl,val
37455.pkl,val
37456.pkl,val
37457.pkl,train
37458.pkl,train
37459.pkl,val
37460.pkl,val
37461.pkl,val
37462.pkl,val
37463.pkl,train
37464.pkl,val
37465.pkl,train
37466.pkl,train
37467.pkl,train
37468.pkl,train
37469.pkl,train
37470.pkl,train
37471.pkl,val
37472.pkl,train
37473.pkl,val
37474.pkl,val
37475.pkl,train
37476.pkl,train
37477.pkl,train
37478.pkl,train
37479.pkl,val
37480.pkl,val
37481.pkl,val
37482.pkl,val
37483.pkl,val
37484.pkl,val
37485.pkl,train
37486.pkl,val
37487.pkl,train
37488.pkl,val
37489.pkl,val
37490.pkl,val
37491.pkl,val
37492.pkl,val
37493.pkl,train
37494.pkl,val
37495.pkl,val
37496.pkl,val
37497.pkl,val
37498.pkl,val
37499.pkl,train
37500.pkl,val
37501.pkl,train
37502.pkl,train
37503.pkl,val
37504.pkl,val
37505.pkl,val
37506.pkl,val
37507.pkl,val
37508.pkl,train
37509.pkl,val
37510.pkl,train
37511.pkl,train
37512.pkl,train
37513.pkl,val
37514.pkl,val
37515.pkl,val
37516.pkl,train
37517.pkl,val
37518.pkl,train
37519.pkl,val
37520.pkl,train
37521.pkl,val
37522.pkl,val
37523.pkl,val
37524.pkl,train
37525.pkl,val
37526.pkl,val
37527.pkl,val
37528.pkl,train
37529.pkl,train
37530.pkl,val
37531.pkl,train
37532.pkl,val
37533.pkl,val
37534.pkl,val
37535.pkl,train
37536.pkl,val
37537.pkl,train
37538.pkl,train
37539.pkl,train
37540.pkl,train
37541.pkl,val
37542.pkl,val
37543.pkl,val
37544.pkl,val
37545.pkl,val
37546.pkl,train
37547.pkl,train
37548.pkl,train
37549.pkl,val
37550.pkl,val
37551.pkl,train
37552.pkl,train
37553.pkl,train
37554.pkl,val
37555.pkl,train
37556.pkl,val
37557.pkl,train
37558.pkl,train
37559.pkl,train
37560.pkl,train
37561.pkl,train
37562.pkl,train
37563.pkl,val
37564.pkl,train
37565.pkl,val
37566.pkl,val
37567.pkl,train
37568.pkl,train
37569.pkl,train
37570.pkl,train
37571.pkl,val
37572.pkl,val
37573.pkl,train
37574.pkl,val
37575.pkl,train
37576.pkl,train
37577.pkl,train
37578.pkl,val
37579.pkl,train
37580.pkl,train
37581.pkl,train
37582.pkl,train
37583.pkl,val
37584.pkl,val
37585.pkl,train
37586.pkl,val
37587.pkl,train
37588.pkl,train
37589.pkl,train
37590.pkl,val
37591.pkl,train
37592.pkl,train
37593.pkl,val
37594.pkl,val
37595.pkl,train
37596.pkl,train
37597.pkl,val
37598.pkl,val
37599.pkl,val
37600.pkl,val
37601.pkl,train
37602.pkl,train
37603.pkl,val
37604.pkl,val
37605.pkl,val
37606.pkl,train
37607.pkl,val
37608.pkl,train
37609.pkl,val
37610.pkl,val
37611.pkl,val
37612.pkl,val
37613.pkl,train
37614.pkl,val
37615.pkl,val
37616.pkl,val
37617.pkl,val
37618.pkl,train
37619.pkl,train
37620.pkl,train
37621.pkl,val
37622.pkl,train
37623.pkl,val
37624.pkl,val
37625.pkl,train
37626.pkl,val
37627.pkl,val
37628.pkl,train
37629.pkl,train
37630.pkl,val
37631.pkl,train
37632.pkl,train
37633.pkl,train
37634.pkl,val
37635.pkl,train
37636.pkl,val
37637.pkl,train
37638.pkl,train
37639.pkl,train
37640.pkl,train
37641.pkl,train
37642.pkl,train
37643.pkl,train
37644.pkl,val
37645.pkl,train
37646.pkl,val
37647.pkl,train
37648.pkl,val
37649.pkl,train
37650.pkl,train
37651.pkl,val
37652.pkl,val
37653.pkl,val
37654.pkl,val
37655.pkl,train
37656.pkl,train
37657.pkl,train
37658.pkl,train
37659.pkl,val
37660.pkl,val
37661.pkl,val
37662.pkl,val
37663.pkl,val
37664.pkl,val
37665.pkl,train
37666.pkl,val
37667.pkl,train
37668.pkl,train
37669.pkl,train
37670.pkl,val
37671.pkl,val
37672.pkl,train
37673.pkl,train
37674.pkl,train
37675.pkl,val
37676.pkl,val
37677.pkl,val
37678.pkl,val
37679.pkl,train
37680.pkl,val
37681.pkl,train
37682.pkl,train
37683.pkl,train
37684.pkl,train
37685.pkl,val
37686.pkl,val
37687.pkl,val
37688.pkl,val
37689.pkl,val
37690.pkl,train
37691.pkl,train
37692.pkl,val
37693.pkl,train
37694.pkl,train
37695.pkl,train
37696.pkl,val
37697.pkl,val
37698.pkl,val
37699.pkl,val
37700.pkl,val
37701.pkl,train
37702.pkl,train
37703.pkl,val
37704.pkl,train
37705.pkl,train
37706.pkl,val
37707.pkl,train
37708.pkl,train
37709.pkl,train
37710.pkl,train
37711.pkl,val
37712.pkl,val
37713.pkl,val
37714.pkl,train
37715.pkl,train
37716.pkl,train
37717.pkl,train
37718.pkl,train
37719.pkl,train
37720.pkl,val
37721.pkl,train
37722.pkl,train
37723.pkl,train
37724.pkl,val
37725.pkl,val
37726.pkl,val
37727.pkl,val
37728.pkl,val
37729.pkl,train
37730.pkl,train
37731.pkl,train
37732.pkl,val
37733.pkl,train
37734.pkl,train
37735.pkl,val
37736.pkl,val
37737.pkl,train
37738.pkl,train
37739.pkl,train
37740.pkl,val
37741.pkl,val
37742.pkl,val
37743.pkl,train
37744.pkl,val
37745.pkl,train
37746.pkl,val
37747.pkl,train
37748.pkl,val
37749.pkl,val
37750.pkl,train
37751.pkl,val
37752.pkl,val
37753.pkl,val
37754.pkl,train
37755.pkl,val
37756.pkl,val
37757.pkl,val
37758.pkl,val
37759.pkl,train
37760.pkl,train
37761.pkl,val
37762.pkl,val
37763.pkl,val
37764.pkl,val
37765.pkl,train
37766.pkl,train
37767.pkl,val
37768.pkl,train
37769.pkl,train
37770.pkl,val
37771.pkl,val
37772.pkl,train
37773.pkl,val
37774.pkl,val
37775.pkl,val
37776.pkl,val
37777.pkl,train
37778.pkl,train
37779.pkl,train
37780.pkl,val
37781.pkl,train
37782.pkl,val
37783.pkl,train
37784.pkl,train
37785.pkl,val
37786.pkl,train
37787.pkl,val
37788.pkl,train
37789.pkl,val
37790.pkl,val
37791.pkl,val
37792.pkl,val
37793.pkl,train
37794.pkl,train
37795.pkl,train
37796.pkl,train
37797.pkl,train
37798.pkl,val
37799.pkl,val
37800.pkl,val
37801.pkl,train
37802.pkl,val
37803.pkl,val
37804.pkl,val
37805.pkl,train
37806.pkl,train
37807.pkl,train
37808.pkl,val
37809.pkl,val
37810.pkl,train
37811.pkl,val
37812.pkl,train
37813.pkl,train
37814.pkl,train
37815.pkl,val
37816.pkl,train
37817.pkl,train
37818.pkl,val
37819.pkl,val
37820.pkl,val
37821.pkl,train
37822.pkl,train
37823.pkl,train
37824.pkl,val
37825.pkl,val
37826.pkl,val
37827.pkl,val
37828.pkl,val
37829.pkl,train
37830.pkl,val
37831.pkl,train
37832.pkl,train
37833.pkl,train
37834.pkl,val
37835.pkl,train
37836.pkl,train
37837.pkl,val
37838.pkl,val
37839.pkl,val
37840.pkl,val
37841.pkl,train
37842.pkl,val
37843.pkl,train
37844.pkl,train
37845.pkl,val
37846.pkl,val
37847.pkl,val
37848.pkl,train
37849.pkl,train
37850.pkl,val
37851.pkl,train
37852.pkl,val
37853.pkl,val
37854.pkl,train
37855.pkl,val
37856.pkl,val
37857.pkl,train
37858.pkl,train
37859.pkl,val
37860.pkl,train
37861.pkl,train
37862.pkl,train
37863.pkl,val
37864.pkl,train
37865.pkl,train
37866.pkl,train
37867.pkl,train
37868.pkl,train
37869.pkl,val
37870.pkl,val
37871.pkl,val
37872.pkl,val
37873.pkl,val
37874.pkl,val
37875.pkl,val
37876.pkl,train
37877.pkl,val
37878.pkl,val
37879.pkl,train
37880.pkl,val
37881.pkl,train
37882.pkl,val
37883.pkl,val
37884.pkl,val
37885.pkl,val
37886.pkl,train
37887.pkl,val
37888.pkl,val
37889.pkl,val
37890.pkl,val
37891.pkl,val
37892.pkl,val
37893.pkl,train
37894.pkl,train
37895.pkl,train
37896.pkl,train
37897.pkl,train
37898.pkl,val
37899.pkl,val
37900.pkl,val
37901.pkl,val
37902.pkl,val
37903.pkl,train
37904.pkl,val
37905.pkl,train
37906.pkl,val
37907.pkl,train
37908.pkl,val
37909.pkl,train
37910.pkl,val
37911.pkl,val
37912.pkl,train
37913.pkl,train
37914.pkl,train
37915.pkl,train
37916.pkl,val
37917.pkl,train
37918.pkl,train
37919.pkl,val
37920.pkl,train
37921.pkl,val
37922.pkl,train
37923.pkl,val
37924.pkl,val
37925.pkl,val
37926.pkl,train
37927.pkl,val
37928.pkl,val
37929.pkl,train
37930.pkl,val
37931.pkl,train
37932.pkl,val
37933.pkl,val
37934.pkl,train
37935.pkl,train
37936.pkl,train
37937.pkl,train
37938.pkl,val
37939.pkl,train
37940.pkl,val
37941.pkl,val
37942.pkl,val
37943.pkl,val
37944.pkl,train
37945.pkl,train
37946.pkl,train
37947.pkl,train
37948.pkl,train
37949.pkl,train
37950.pkl,val
37951.pkl,train
37952.pkl,train
37953.pkl,train
37954.pkl,val
37955.pkl,train
37956.pkl,train
37957.pkl,val
37958.pkl,train
37959.pkl,train
37960.pkl,val
37961.pkl,val
37962.pkl,train
37963.pkl,train
37964.pkl,val
37965.pkl,train
37966.pkl,train
37967.pkl,val
37968.pkl,val
37969.pkl,val
37970.pkl,val
37971.pkl,train
37972.pkl,val
37973.pkl,train
37974.pkl,train
37975.pkl,val
37976.pkl,val
37977.pkl,train
37978.pkl,train
37979.pkl,val
37980.pkl,train
37981.pkl,val
37982.pkl,val
37983.pkl,train
37984.pkl,val
37985.pkl,train
37986.pkl,val
37987.pkl,train
37988.pkl,train
37989.pkl,train
37990.pkl,train
37991.pkl,val
37992.pkl,train
37993.pkl,train
37994.pkl,val
37995.pkl,val
37996.pkl,val
37997.pkl,train
37998.pkl,val
37999.pkl,val
38000.pkl,train
38001.pkl,train
38002.pkl,train
38003.pkl,val
38004.pkl,val
38005.pkl,val
38006.pkl,train
38007.pkl,val
38008.pkl,val
38009.pkl,val
38010.pkl,train
38011.pkl,train
38012.pkl,train
38013.pkl,val
38014.pkl,val
38015.pkl,train
38016.pkl,train
38017.pkl,val
38018.pkl,val
38019.pkl,val
38020.pkl,train
38021.pkl,val
38022.pkl,train
38023.pkl,val
38024.pkl,val
38025.pkl,train
38026.pkl,val
38027.pkl,val
38028.pkl,val
38029.pkl,train
38030.pkl,train
38031.pkl,val
38032.pkl,val
38033.pkl,val
38034.pkl,train
38035.pkl,train
38036.pkl,val
38037.pkl,val
38038.pkl,val
38039.pkl,val
38040.pkl,train
38041.pkl,train
38042.pkl,val
38043.pkl,train
38044.pkl,val
38045.pkl,train
38046.pkl,val
38047.pkl,train
38048.pkl,train
38049.pkl,val
38050.pkl,train
38051.pkl,train
38052.pkl,train
38053.pkl,val
38054.pkl,train
38055.pkl,train
38056.pkl,val
38057.pkl,train
38058.pkl,val
38059.pkl,train
38060.pkl,train
38061.pkl,val
38062.pkl,train
38063.pkl,train
38064.pkl,train
38065.pkl,train
38066.pkl,train
38067.pkl,val
38068.pkl,train
38069.pkl,val
38070.pkl,train
38071.pkl,train
38072.pkl,train
38073.pkl,train
38074.pkl,val
38075.pkl,train
38076.pkl,val
38077.pkl,train
38078.pkl,val
38079.pkl,train
38080.pkl,val
38081.pkl,val
38082.pkl,train
38083.pkl,train
38084.pkl,train
38085.pkl,val
38086.pkl,val
38087.pkl,train
38088.pkl,val
38089.pkl,train
38090.pkl,train
38091.pkl,val
38092.pkl,train
38093.pkl,train
38094.pkl,val
38095.pkl,train
38096.pkl,train
38097.pkl,train
38098.pkl,train
38099.pkl,train
38100.pkl,train
38101.pkl,val
38102.pkl,train
38103.pkl,val
38104.pkl,train
38105.pkl,train
38106.pkl,val
38107.pkl,train
38108.pkl,val
38109.pkl,val
38110.pkl,val
38111.pkl,train
38112.pkl,val
38113.pkl,train
38114.pkl,val
38115.pkl,val
38116.pkl,val
38117.pkl,val
38118.pkl,val
38119.pkl,val
38120.pkl,val
38121.pkl,train
38122.pkl,val
38123.pkl,val
38124.pkl,train
38125.pkl,train
38126.pkl,train
38127.pkl,train
38128.pkl,train
38129.pkl,train
38130.pkl,train
38131.pkl,val
38132.pkl,train
38133.pkl,val
38134.pkl,val
38135.pkl,val
38136.pkl,val
38137.pkl,train
38138.pkl,val
38139.pkl,val
38140.pkl,train
38141.pkl,val
38142.pkl,train
38143.pkl,train
38144.pkl,val
38145.pkl,val
38146.pkl,val
38147.pkl,train
38148.pkl,train
38149.pkl,val
38150.pkl,train
38151.pkl,train
38152.pkl,val
38153.pkl,train
38154.pkl,train
38155.pkl,train
38156.pkl,train
38157.pkl,val
38158.pkl,train
38159.pkl,train
38160.pkl,train
38161.pkl,val
38162.pkl,val
38163.pkl,val
38164.pkl,train
38165.pkl,train
38166.pkl,val
38167.pkl,train
38168.pkl,val
38169.pkl,train
38170.pkl,val
38171.pkl,val
38172.pkl,val
38173.pkl,train
38174.pkl,train
38175.pkl,val
38176.pkl,train
38177.pkl,val
38178.pkl,val
38179.pkl,val
38180.pkl,train
38181.pkl,train
38182.pkl,train
38183.pkl,train
38184.pkl,val
38185.pkl,train
38186.pkl,val
38187.pkl,train
38188.pkl,train
38189.pkl,val
38190.pkl,val
38191.pkl,val
38192.pkl,val
38193.pkl,val
38194.pkl,val
38195.pkl,val
38196.pkl,val
38197.pkl,train
38198.pkl,train
38199.pkl,train
38200.pkl,train
38201.pkl,val
38202.pkl,train
38203.pkl,val
38204.pkl,train
38205.pkl,train
38206.pkl,val
38207.pkl,val
38208.pkl,train
38209.pkl,val
38210.pkl,train
38211.pkl,train
38212.pkl,train
38213.pkl,train
38214.pkl,train
38215.pkl,train
38216.pkl,train
38217.pkl,val
38218.pkl,train
38219.pkl,train
38220.pkl,train
38221.pkl,val
38222.pkl,val
38223.pkl,train
38224.pkl,val
38225.pkl,val
38226.pkl,val
38227.pkl,train
38228.pkl,train
38229.pkl,train
38230.pkl,val
38231.pkl,train
38232.pkl,train
38233.pkl,train
38234.pkl,train
38235.pkl,val
38236.pkl,val
38237.pkl,val
38238.pkl,train
38239.pkl,val
38240.pkl,train
38241.pkl,val
38242.pkl,val
38243.pkl,val
38244.pkl,val
38245.pkl,val
38246.pkl,val
38247.pkl,train
38248.pkl,train
38249.pkl,val
38250.pkl,val
38251.pkl,val
38252.pkl,val
38253.pkl,val
38254.pkl,val
38255.pkl,val
38256.pkl,val
38257.pkl,val
38258.pkl,train
38259.pkl,train
38260.pkl,val
38261.pkl,train
38262.pkl,train
38263.pkl,val
38264.pkl,train
38265.pkl,train
38266.pkl,val
38267.pkl,train
38268.pkl,val
38269.pkl,train
38270.pkl,val
38271.pkl,val
38272.pkl,val
38273.pkl,train
38274.pkl,train
38275.pkl,val
38276.pkl,train
38277.pkl,train
38278.pkl,val
38279.pkl,val
38280.pkl,val
38281.pkl,val
38282.pkl,train
38283.pkl,train
38284.pkl,val
38285.pkl,train
38286.pkl,train
38287.pkl,val
38288.pkl,val
38289.pkl,train
38290.pkl,train
38291.pkl,train
38292.pkl,val
38293.pkl,train
38294.pkl,val
38295.pkl,train
38296.pkl,val
38297.pkl,val
38298.pkl,val
38299.pkl,val
38300.pkl,train
38301.pkl,train
38302.pkl,train
38303.pkl,val
38304.pkl,val
38305.pkl,val
38306.pkl,val
38307.pkl,val
38308.pkl,val
38309.pkl,val
38310.pkl,train
38311.pkl,val
38312.pkl,train
38313.pkl,val
38314.pkl,train
38315.pkl,train
38316.pkl,train
38317.pkl,train
38318.pkl,val
38319.pkl,val
38320.pkl,val
38321.pkl,val
38322.pkl,val
38323.pkl,train
38324.pkl,train
38325.pkl,val
38326.pkl,train
38327.pkl,val
38328.pkl,val
38329.pkl,train
38330.pkl,val
38331.pkl,val
38332.pkl,train
38333.pkl,val
38334.pkl,val
38335.pkl,train
38336.pkl,train
38337.pkl,val
38338.pkl,train
38339.pkl,val
38340.pkl,val
38341.pkl,train
38342.pkl,val
38343.pkl,train
38344.pkl,val
38345.pkl,val
38346.pkl,val
38347.pkl,train
38348.pkl,val
38349.pkl,train
38350.pkl,val
38351.pkl,val
38352.pkl,val
38353.pkl,val
38354.pkl,train
38355.pkl,val
38356.pkl,val
38357.pkl,train
38358.pkl,val
38359.pkl,val
38360.pkl,val
38361.pkl,train
38362.pkl,val
38363.pkl,train
38364.pkl,train
38365.pkl,val
38366.pkl,val
38367.pkl,val
38368.pkl,train
38369.pkl,train
38370.pkl,train
38371.pkl,train
38372.pkl,train
38373.pkl,train
38374.pkl,train
38375.pkl,val
38376.pkl,train
38377.pkl,val
38378.pkl,val
38379.pkl,train
38380.pkl,val
38381.pkl,train
38382.pkl,val
38383.pkl,val
38384.pkl,train
38385.pkl,train
38386.pkl,val
38387.pkl,train
38388.pkl,train
38389.pkl,val
38390.pkl,train
38391.pkl,train
38392.pkl,train
38393.pkl,val
38394.pkl,train
38395.pkl,val
38396.pkl,train
38397.pkl,val
38398.pkl,train
38399.pkl,val
38400.pkl,train
38401.pkl,val
38402.pkl,train
38403.pkl,train
38404.pkl,val
38405.pkl,val
38406.pkl,val
38407.pkl,train
38408.pkl,train
38409.pkl,val
38410.pkl,train
38411.pkl,val
38412.pkl,train
38413.pkl,val
38414.pkl,val
38415.pkl,val
38416.pkl,val
38417.pkl,train
38418.pkl,train
38419.pkl,train
38420.pkl,train
38421.pkl,train
38422.pkl,train
38423.pkl,train
38424.pkl,val
38425.pkl,train
38426.pkl,val
38427.pkl,val
38428.pkl,train
38429.pkl,val
38430.pkl,val
38431.pkl,val
38432.pkl,val
38433.pkl,train
38434.pkl,val
38435.pkl,train
38436.pkl,train
38437.pkl,train
38438.pkl,train
38439.pkl,train
38440.pkl,val
38441.pkl,train
38442.pkl,train
38443.pkl,train
38444.pkl,val
38445.pkl,train
38446.pkl,train
38447.pkl,train
38448.pkl,train
38449.pkl,train
38450.pkl,val
38451.pkl,val
38452.pkl,train
38453.pkl,train
38454.pkl,train
38455.pkl,train
38456.pkl,train
38457.pkl,val
38458.pkl,val
38459.pkl,val
38460.pkl,val
38461.pkl,val
38462.pkl,train
38463.pkl,train
38464.pkl,val
38465.pkl,val
38466.pkl,val
38467.pkl,train
38468.pkl,train
38469.pkl,val
38470.pkl,train
38471.pkl,val
38472.pkl,train
38473.pkl,train
38474.pkl,val
38475.pkl,val
38476.pkl,val
38477.pkl,val
38478.pkl,val
38479.pkl,val
38480.pkl,train
38481.pkl,val
38482.pkl,val
38483.pkl,val
38484.pkl,val
38485.pkl,val
38486.pkl,train
38487.pkl,train
38488.pkl,val
38489.pkl,val
38490.pkl,val
38491.pkl,val
38492.pkl,train
38493.pkl,val
38494.pkl,val
38495.pkl,val
38496.pkl,val
38497.pkl,val
38498.pkl,val
38499.pkl,train
38500.pkl,val
38501.pkl,val
38502.pkl,train
38503.pkl,train
38504.pkl,train
38505.pkl,train
38506.pkl,train
38507.pkl,val
38508.pkl,val
38509.pkl,val
38510.pkl,train
38511.pkl,train
38512.pkl,val
38513.pkl,train
38514.pkl,val
38515.pkl,train
38516.pkl,train
38517.pkl,train
38518.pkl,train
38519.pkl,train
38520.pkl,train
38521.pkl,val
38522.pkl,val
38523.pkl,train
38524.pkl,train
38525.pkl,train
38526.pkl,val
38527.pkl,train
38528.pkl,train
38529.pkl,val
38530.pkl,val
38531.pkl,val
38532.pkl,train
38533.pkl,train
38534.pkl,val
38535.pkl,train
38536.pkl,val
38537.pkl,train
38538.pkl,train
38539.pkl,val
38540.pkl,val
38541.pkl,train
38542.pkl,train
38543.pkl,train
38544.pkl,val
38545.pkl,val
38546.pkl,val
38547.pkl,val
38548.pkl,train
38549.pkl,train
38550.pkl,val
38551.pkl,train
38552.pkl,train
38553.pkl,train
38554.pkl,train
38555.pkl,val
38556.pkl,train
38557.pkl,train
38558.pkl,train
38559.pkl,val
38560.pkl,val
38561.pkl,train
38562.pkl,train
38563.pkl,train
38564.pkl,val
38565.pkl,train
38566.pkl,val
38567.pkl,val
38568.pkl,train
38569.pkl,val
38570.pkl,train
38571.pkl,val
38572.pkl,train
38573.pkl,val
38574.pkl,train
38575.pkl,val
38576.pkl,train
38577.pkl,train
38578.pkl,train
38579.pkl,val
38580.pkl,train
38581.pkl,train
38582.pkl,val
38583.pkl,val
38584.pkl,train
38585.pkl,val
38586.pkl,train
38587.pkl,val
38588.pkl,val
38589.pkl,val
38590.pkl,val
38591.pkl,val
38592.pkl,val
38593.pkl,val
38594.pkl,val
38595.pkl,train
38596.pkl,val
38597.pkl,val
38598.pkl,train
38599.pkl,train
38600.pkl,train
38601.pkl,train
38602.pkl,train
38603.pkl,val
38604.pkl,val
38605.pkl,train
38606.pkl,train
38607.pkl,train
38608.pkl,val
38609.pkl,train
38610.pkl,val
38611.pkl,val
38612.pkl,train
38613.pkl,train
38614.pkl,train
38615.pkl,val
38616.pkl,train
38617.pkl,train
38618.pkl,val
38619.pkl,train
38620.pkl,val
38621.pkl,val
38622.pkl,val
38623.pkl,train
38624.pkl,train
38625.pkl,val
38626.pkl,val
38627.pkl,train
38628.pkl,val
38629.pkl,train
38630.pkl,train
38631.pkl,train
38632.pkl,val
38633.pkl,train
38634.pkl,val
38635.pkl,train
38636.pkl,train
38637.pkl,val
38638.pkl,val
38639.pkl,val
38640.pkl,val
38641.pkl,val
38642.pkl,train
38643.pkl,train
38644.pkl,train
38645.pkl,val
38646.pkl,val
38647.pkl,train
38648.pkl,val
38649.pkl,train
38650.pkl,train
38651.pkl,train
38652.pkl,val
38653.pkl,val
38654.pkl,val
38655.pkl,train
38656.pkl,train
38657.pkl,train
38658.pkl,train
38659.pkl,train
38660.pkl,train
38661.pkl,train
38662.pkl,train
38663.pkl,train
38664.pkl,train
38665.pkl,train
38666.pkl,train
38667.pkl,train
38668.pkl,val
38669.pkl,train
38670.pkl,val
38671.pkl,train
38672.pkl,val
38673.pkl,val
38674.pkl,train
38675.pkl,train
38676.pkl,val
38677.pkl,val
38678.pkl,val
38679.pkl,train
38680.pkl,val
38681.pkl,train
38682.pkl,train
38683.pkl,train
38684.pkl,val
38685.pkl,val
38686.pkl,val
38687.pkl,val
38688.pkl,val
38689.pkl,train
38690.pkl,train
38691.pkl,train
38692.pkl,train
38693.pkl,train
38694.pkl,train
38695.pkl,train
38696.pkl,val
38697.pkl,train
38698.pkl,val
38699.pkl,train
38700.pkl,val
38701.pkl,val
38702.pkl,val
38703.pkl,train
38704.pkl,train
38705.pkl,val
38706.pkl,train
38707.pkl,train
38708.pkl,val
38709.pkl,train
38710.pkl,val
38711.pkl,val
38712.pkl,train
38713.pkl,train
38714.pkl,train
38715.pkl,val
38716.pkl,train
38717.pkl,val
38718.pkl,val
38719.pkl,train
38720.pkl,val
38721.pkl,train
38722.pkl,train
38723.pkl,train
38724.pkl,val
38725.pkl,train
38726.pkl,val
38727.pkl,val
38728.pkl,val
38729.pkl,val
38730.pkl,train
38731.pkl,train
38732.pkl,train
38733.pkl,train
38734.pkl,val
38735.pkl,val
38736.pkl,val
38737.pkl,val
38738.pkl,val
38739.pkl,train
38740.pkl,val
38741.pkl,val
38742.pkl,val
38743.pkl,train
38744.pkl,val
38745.pkl,train
38746.pkl,val
38747.pkl,train
38748.pkl,val
38749.pkl,train
38750.pkl,val
38751.pkl,train
38752.pkl,train
38753.pkl,train
38754.pkl,val
38755.pkl,train
38756.pkl,train
38757.pkl,train
38758.pkl,train
38759.pkl,val
38760.pkl,train
38761.pkl,train
38762.pkl,train
38763.pkl,val
38764.pkl,train
38765.pkl,train
38766.pkl,train
38767.pkl,val
38768.pkl,val
38769.pkl,val
38770.pkl,train
38771.pkl,train
38772.pkl,train
38773.pkl,train
38774.pkl,train
38775.pkl,val
38776.pkl,train
38777.pkl,val
38778.pkl,train
38779.pkl,val
38780.pkl,train
38781.pkl,train
38782.pkl,val
38783.pkl,val
38784.pkl,val
38785.pkl,val
38786.pkl,val
38787.pkl,train
38788.pkl,val
38789.pkl,train
38790.pkl,val
38791.pkl,train
38792.pkl,train
38793.pkl,val
38794.pkl,train
38795.pkl,val
38796.pkl,train
38797.pkl,val
38798.pkl,train
38799.pkl,train
38800.pkl,train
38801.pkl,train
38802.pkl,train
38803.pkl,val
38804.pkl,val
38805.pkl,val
38806.pkl,train
38807.pkl,train
38808.pkl,val
38809.pkl,train
38810.pkl,val
38811.pkl,train
38812.pkl,val
38813.pkl,train
38814.pkl,train
38815.pkl,train
38816.pkl,train
38817.pkl,val
38818.pkl,train
38819.pkl,train
38820.pkl,val
38821.pkl,train
38822.pkl,val
38823.pkl,train
38824.pkl,train
38825.pkl,val
38826.pkl,val
38827.pkl,train
38828.pkl,val
38829.pkl,train
38830.pkl,val
38831.pkl,val
38832.pkl,val
38833.pkl,val
38834.pkl,train
38835.pkl,train
38836.pkl,train
38837.pkl,train
38838.pkl,val
38839.pkl,val
38840.pkl,train
38841.pkl,train
38842.pkl,train
38843.pkl,val
38844.pkl,train
38845.pkl,train
38846.pkl,val
38847.pkl,train
38848.pkl,train
38849.pkl,train
38850.pkl,train
38851.pkl,train
38852.pkl,train
38853.pkl,train
38854.pkl,val
38855.pkl,val
38856.pkl,val
38857.pkl,train
38858.pkl,val
38859.pkl,val
38860.pkl,train
38861.pkl,train
38862.pkl,train
38863.pkl,train
38864.pkl,val
38865.pkl,train
38866.pkl,val
38867.pkl,val
38868.pkl,val
38869.pkl,train
38870.pkl,train
38871.pkl,val
38872.pkl,val
38873.pkl,train
38874.pkl,val
38875.pkl,val
38876.pkl,train
38877.pkl,train
38878.pkl,train
38879.pkl,train
38880.pkl,train
38881.pkl,val
38882.pkl,train
38883.pkl,train
38884.pkl,val
38885.pkl,train
38886.pkl,val
38887.pkl,train
38888.pkl,val
38889.pkl,val
38890.pkl,train
38891.pkl,train
38892.pkl,train
38893.pkl,train
38894.pkl,val
38895.pkl,train
38896.pkl,val
38897.pkl,train
38898.pkl,train
38899.pkl,val
38900.pkl,val
38901.pkl,train
38902.pkl,val
38903.pkl,val
38904.pkl,val
38905.pkl,val
38906.pkl,val
38907.pkl,val
38908.pkl,train
38909.pkl,val
38910.pkl,val
38911.pkl,train
38912.pkl,train
38913.pkl,val
38914.pkl,train
38915.pkl,val
38916.pkl,val
38917.pkl,train
38918.pkl,train
38919.pkl,val
38920.pkl,val
38921.pkl,train
38922.pkl,val
38923.pkl,val
38924.pkl,val
38925.pkl,train
38926.pkl,val
38927.pkl,val
38928.pkl,val
38929.pkl,val
38930.pkl,val
38931.pkl,val
38932.pkl,train
38933.pkl,val
38934.pkl,train
38935.pkl,train
38936.pkl,train
38937.pkl,val
38938.pkl,train
38939.pkl,train
38940.pkl,val
38941.pkl,val
38942.pkl,train
38943.pkl,train
38944.pkl,train
38945.pkl,train
38946.pkl,train
38947.pkl,val
38948.pkl,train
38949.pkl,train
38950.pkl,val
38951.pkl,train
38952.pkl,train
38953.pkl,val
38954.pkl,val
38955.pkl,val
38956.pkl,val
38957.pkl,train
38958.pkl,val
38959.pkl,val
38960.pkl,train
38961.pkl,train
38962.pkl,val
38963.pkl,train
38964.pkl,train
38965.pkl,train
38966.pkl,val
38967.pkl,train
38968.pkl,val
38969.pkl,train
38970.pkl,train
38971.pkl,val
38972.pkl,train
38973.pkl,train
38974.pkl,train
38975.pkl,val
38976.pkl,val
38977.pkl,train
38978.pkl,train
38979.pkl,train
38980.pkl,train
38981.pkl,train
38982.pkl,train
38983.pkl,train
38984.pkl,train
38985.pkl,val
38986.pkl,val
38987.pkl,train
38988.pkl,train
38989.pkl,train
38990.pkl,train
38991.pkl,val
38992.pkl,val
38993.pkl,val
38994.pkl,train
38995.pkl,train
38996.pkl,val
38997.pkl,val
38998.pkl,val
38999.pkl,train
39000.pkl,val
39001.pkl,train
39002.pkl,val
39003.pkl,train
39004.pkl,val
39005.pkl,val
39006.pkl,val
39007.pkl,train
39008.pkl,val
39009.pkl,val
39010.pkl,train
39011.pkl,train
39012.pkl,train
39013.pkl,train
39014.pkl,train
39015.pkl,train
39016.pkl,train
39017.pkl,train
39018.pkl,train
39019.pkl,train
39020.pkl,train
39021.pkl,train
39022.pkl,train
39023.pkl,val
39024.pkl,val
39025.pkl,val
39026.pkl,train
39027.pkl,train
39028.pkl,train
39029.pkl,val
39030.pkl,train
39031.pkl,train
39032.pkl,train
39033.pkl,val
39034.pkl,val
39035.pkl,train
39036.pkl,val
39037.pkl,train
39038.pkl,val
39039.pkl,train
39040.pkl,val
39041.pkl,train
39042.pkl,val
39043.pkl,val
39044.pkl,val
39045.pkl,val
39046.pkl,val
39047.pkl,val
39048.pkl,val
39049.pkl,train
39050.pkl,train
39051.pkl,train
39052.pkl,val
39053.pkl,train
39054.pkl,train
39055.pkl,val
39056.pkl,train
39057.pkl,train
39058.pkl,val
39059.pkl,val
39060.pkl,val
39061.pkl,val
39062.pkl,train
39063.pkl,val
39064.pkl,val
39065.pkl,train
39066.pkl,train
39067.pkl,val
39068.pkl,train
39069.pkl,val
39070.pkl,train
39071.pkl,train
39072.pkl,val
39073.pkl,val
39074.pkl,val
39075.pkl,train
39076.pkl,train
39077.pkl,val
39078.pkl,train
39079.pkl,val
39080.pkl,train
39081.pkl,val
39082.pkl,val
39083.pkl,val
39084.pkl,train
39085.pkl,train
39086.pkl,val
39087.pkl,val
39088.pkl,val
39089.pkl,train
39090.pkl,train
39091.pkl,train
39092.pkl,train
39093.pkl,train
39094.pkl,val
39095.pkl,train
39096.pkl,val
39097.pkl,train
39098.pkl,train
39099.pkl,train
39100.pkl,train
39101.pkl,train
39102.pkl,val
39103.pkl,train
39104.pkl,train
39105.pkl,train
39106.pkl,val
39107.pkl,val
39108.pkl,train
39109.pkl,train
39110.pkl,train
39111.pkl,val
39112.pkl,val
39113.pkl,train
39114.pkl,val
39115.pkl,val
39116.pkl,val
39117.pkl,val
39118.pkl,train
39119.pkl,val
39120.pkl,val
39121.pkl,train
39122.pkl,train
39123.pkl,val
39124.pkl,train
39125.pkl,val
39126.pkl,train
39127.pkl,val
39128.pkl,train
39129.pkl,train
39130.pkl,val
39131.pkl,val
39132.pkl,val
39133.pkl,val
39134.pkl,val
39135.pkl,train
39136.pkl,train
39137.pkl,val
39138.pkl,train
39139.pkl,val
39140.pkl,train
39141.pkl,val
39142.pkl,train
39143.pkl,train
39144.pkl,train
39145.pkl,val
39146.pkl,val
39147.pkl,val
39148.pkl,train
39149.pkl,train
39150.pkl,val
39151.pkl,val
39152.pkl,val
39153.pkl,train
39154.pkl,val
39155.pkl,val
39156.pkl,train
39157.pkl,val
39158.pkl,val
39159.pkl,train
39160.pkl,train
39161.pkl,train
39162.pkl,train
39163.pkl,val
39164.pkl,val
39165.pkl,train
39166.pkl,val
39167.pkl,val
39168.pkl,train
39169.pkl,train
39170.pkl,train
39171.pkl,val
39172.pkl,train
39173.pkl,val
39174.pkl,train
39175.pkl,val
39176.pkl,val
39177.pkl,val
39178.pkl,train
39179.pkl,train
39180.pkl,val
39181.pkl,val
39182.pkl,train
39183.pkl,val
39184.pkl,val
39185.pkl,val
39186.pkl,val
39187.pkl,train
39188.pkl,val
39189.pkl,val
39190.pkl,val
39191.pkl,train
39192.pkl,val
39193.pkl,val
39194.pkl,train
39195.pkl,val
39196.pkl,train
39197.pkl,val
39198.pkl,val
39199.pkl,train
39200.pkl,val
39201.pkl,val
39202.pkl,train
39203.pkl,val
39204.pkl,train
39205.pkl,val
39206.pkl,train
39207.pkl,val
39208.pkl,train
39209.pkl,val
39210.pkl,train
39211.pkl,train
39212.pkl,train
39213.pkl,train
39214.pkl,train
39215.pkl,train
39216.pkl,val
39217.pkl,train
39218.pkl,val
39219.pkl,val
39220.pkl,val
39221.pkl,train
39222.pkl,train
39223.pkl,val
39224.pkl,val
39225.pkl,train
39226.pkl,train
39227.pkl,train
39228.pkl,train
39229.pkl,val
39230.pkl,val
39231.pkl,train
39232.pkl,train
39233.pkl,train
39234.pkl,val
39235.pkl,val
39236.pkl,train
39237.pkl,train
39238.pkl,val
39239.pkl,train
39240.pkl,val
39241.pkl,train
39242.pkl,train
39243.pkl,train
39244.pkl,train
39245.pkl,train
39246.pkl,train
39247.pkl,val
39248.pkl,val
39249.pkl,val
39250.pkl,val
39251.pkl,train
39252.pkl,val
39253.pkl,val
39254.pkl,train
39255.pkl,train
39256.pkl,train
39257.pkl,val
39258.pkl,train
39259.pkl,val
39260.pkl,train
39261.pkl,val
39262.pkl,val
39263.pkl,val
39264.pkl,train
39265.pkl,train
39266.pkl,val
39267.pkl,val
39268.pkl,train
39269.pkl,val
39270.pkl,train
39271.pkl,train
39272.pkl,val
39273.pkl,train
39274.pkl,train
39275.pkl,train
39276.pkl,train
39277.pkl,val
39278.pkl,val
39279.pkl,val
39280.pkl,val
39281.pkl,val
39282.pkl,train
39283.pkl,val
39284.pkl,train
39285.pkl,train
39286.pkl,val
39287.pkl,val
39288.pkl,train
39289.pkl,val
39290.pkl,train
39291.pkl,train
39292.pkl,val
39293.pkl,val
39294.pkl,train
39295.pkl,train
39296.pkl,val
39297.pkl,val
39298.pkl,train
39299.pkl,train
39300.pkl,train
39301.pkl,train
39302.pkl,val
39303.pkl,train
39304.pkl,train
39305.pkl,val
39306.pkl,val
39307.pkl,train
39308.pkl,train
39309.pkl,val
39310.pkl,train
39311.pkl,train
39312.pkl,val
39313.pkl,train
39314.pkl,val
39315.pkl,train
39316.pkl,val
39317.pkl,train
39318.pkl,val
39319.pkl,val
39320.pkl,val
39321.pkl,val
39322.pkl,val
39323.pkl,val
39324.pkl,train
39325.pkl,train
39326.pkl,val
39327.pkl,val
39328.pkl,val
39329.pkl,train
39330.pkl,val
39331.pkl,val
39332.pkl,train
39333.pkl,train
39334.pkl,val
39335.pkl,val
39336.pkl,val
39337.pkl,val
39338.pkl,train
39339.pkl,train
39340.pkl,val
39341.pkl,train
39342.pkl,train
39343.pkl,val
39344.pkl,val
39345.pkl,val
39346.pkl,val
39347.pkl,val
39348.pkl,val
39349.pkl,train
39350.pkl,train
39351.pkl,val
39352.pkl,train
39353.pkl,val
39354.pkl,train
39355.pkl,train
39356.pkl,train
39357.pkl,val
39358.pkl,train
39359.pkl,val
39360.pkl,train
39361.pkl,train
39362.pkl,train
39363.pkl,train
39364.pkl,val
39365.pkl,train
39366.pkl,val
39367.pkl,train
39368.pkl,train
39369.pkl,train
39370.pkl,train
39371.pkl,train
39372.pkl,train
39373.pkl,train
39374.pkl,train
39375.pkl,train
39376.pkl,val
39377.pkl,train
39378.pkl,val
39379.pkl,train
39380.pkl,train
39381.pkl,val
39382.pkl,val
39383.pkl,val
39384.pkl,train
39385.pkl,train
39386.pkl,train
39387.pkl,val
39388.pkl,train
39389.pkl,train
39390.pkl,val
39391.pkl,val
39392.pkl,val
39393.pkl,train
39394.pkl,train
39395.pkl,train
39396.pkl,val
39397.pkl,train
39398.pkl,train
39399.pkl,val
39400.pkl,train
39401.pkl,val
39402.pkl,val
39403.pkl,train
39404.pkl,train
39405.pkl,train
39406.pkl,train
39407.pkl,val
39408.pkl,train
39409.pkl,val
39410.pkl,val
39411.pkl,train
39412.pkl,train
39413.pkl,train
39414.pkl,train
39415.pkl,val
39416.pkl,val
39417.pkl,val
39418.pkl,train
39419.pkl,val
39420.pkl,train
39421.pkl,val
39422.pkl,val
39423.pkl,train
39424.pkl,val
39425.pkl,train
39426.pkl,val
39427.pkl,val
39428.pkl,val
39429.pkl,val
39430.pkl,val
39431.pkl,train
39432.pkl,train
39433.pkl,train
39434.pkl,val
39435.pkl,val
39436.pkl,train
39437.pkl,train
39438.pkl,val
39439.pkl,val
39440.pkl,val
39441.pkl,val
39442.pkl,train
39443.pkl,train
39444.pkl,train
39445.pkl,val
39446.pkl,val
39447.pkl,val
39448.pkl,val
39449.pkl,val
39450.pkl,train
39451.pkl,train
39452.pkl,train
39453.pkl,val
39454.pkl,val
39455.pkl,val
39456.pkl,train
39457.pkl,train
39458.pkl,train
39459.pkl,val
39460.pkl,val
39461.pkl,val
39462.pkl,val
39463.pkl,train
39464.pkl,val
39465.pkl,train
39466.pkl,train
39467.pkl,val
39468.pkl,val
39469.pkl,train
39470.pkl,train
39471.pkl,val
39472.pkl,val
39473.pkl,train
39474.pkl,train
39475.pkl,train
39476.pkl,val
39477.pkl,train
39478.pkl,val
39479.pkl,val
39480.pkl,val
39481.pkl,train
39482.pkl,val
39483.pkl,val
39484.pkl,train
39485.pkl,train
39486.pkl,train
39487.pkl,val
39488.pkl,train
39489.pkl,val
39490.pkl,val
39491.pkl,train
39492.pkl,val
39493.pkl,val
39494.pkl,train
39495.pkl,train
39496.pkl,val
39497.pkl,train
39498.pkl,val
39499.pkl,val
39500.pkl,train
39501.pkl,train
39502.pkl,val
39503.pkl,val
39504.pkl,val
39505.pkl,train
39506.pkl,train
39507.pkl,train
39508.pkl,train
39509.pkl,train
39510.pkl,train
39511.pkl,train
39512.pkl,train
39513.pkl,val
39514.pkl,val
39515.pkl,train
39516.pkl,val
39517.pkl,val
39518.pkl,val
39519.pkl,train
39520.pkl,val
39521.pkl,train
39522.pkl,train
39523.pkl,train
39524.pkl,train
39525.pkl,train
39526.pkl,train
39527.pkl,train
39528.pkl,train
39529.pkl,val
39530.pkl,val
39531.pkl,train
39532.pkl,val
39533.pkl,train
39534.pkl,val
39535.pkl,val
39536.pkl,val
39537.pkl,val
39538.pkl,val
39539.pkl,val
39540.pkl,train
39541.pkl,train
39542.pkl,val
39543.pkl,val
39544.pkl,train
39545.pkl,val
39546.pkl,train
39547.pkl,train
39548.pkl,train
39549.pkl,val
39550.pkl,val
39551.pkl,val
39552.pkl,val
39553.pkl,val
39554.pkl,train
39555.pkl,train
39556.pkl,train
39557.pkl,train
39558.pkl,val
39559.pkl,val
39560.pkl,train
39561.pkl,train
39562.pkl,train
39563.pkl,train
39564.pkl,val
39565.pkl,val
39566.pkl,train
39567.pkl,train
39568.pkl,train
39569.pkl,val
39570.pkl,val
39571.pkl,train
39572.pkl,val
39573.pkl,train
39574.pkl,train
39575.pkl,train
39576.pkl,val
39577.pkl,train
39578.pkl,train
39579.pkl,val
39580.pkl,train
39581.pkl,val
39582.pkl,train
39583.pkl,train
39584.pkl,val
39585.pkl,val
39586.pkl,val
39587.pkl,val
39588.pkl,val
39589.pkl,train
39590.pkl,train
39591.pkl,val
39592.pkl,val
39593.pkl,val
39594.pkl,train
39595.pkl,val
39596.pkl,train
39597.pkl,val
39598.pkl,train
39599.pkl,val
39600.pkl,train
39601.pkl,train
39602.pkl,val
39603.pkl,val
39604.pkl,train
39605.pkl,train
39606.pkl,val
39607.pkl,val
39608.pkl,val
39609.pkl,train
39610.pkl,val
39611.pkl,val
39612.pkl,val
39613.pkl,val
39614.pkl,val
39615.pkl,train
39616.pkl,val
39617.pkl,val
39618.pkl,train
39619.pkl,train
39620.pkl,val
39621.pkl,val
39622.pkl,val
39623.pkl,train
39624.pkl,val
39625.pkl,val
39626.pkl,val
39627.pkl,val
39628.pkl,val
39629.pkl,val
39630.pkl,val
39631.pkl,train
39632.pkl,train
39633.pkl,val
39634.pkl,val
39635.pkl,val
39636.pkl,train
39637.pkl,train
39638.pkl,val
39639.pkl,val
39640.pkl,val
39641.pkl,val
39642.pkl,train
39643.pkl,val
39644.pkl,val
39645.pkl,val
39646.pkl,val
39647.pkl,val
39648.pkl,val
39649.pkl,val
39650.pkl,train
39651.pkl,train
39652.pkl,train
39653.pkl,train
39654.pkl,val
39655.pkl,val
39656.pkl,train
39657.pkl,train
39658.pkl,val
39659.pkl,val
39660.pkl,val
39661.pkl,train
39662.pkl,train
39663.pkl,val
39664.pkl,train
39665.pkl,train
39666.pkl,train
39667.pkl,train
39668.pkl,train
39669.pkl,train
39670.pkl,val
39671.pkl,train
39672.pkl,val
39673.pkl,val
39674.pkl,val
39675.pkl,train
39676.pkl,train
39677.pkl,val
39678.pkl,train
39679.pkl,train
39680.pkl,train
39681.pkl,train
39682.pkl,val
39683.pkl,train
39684.pkl,train
39685.pkl,val
39686.pkl,val
39687.pkl,val
39688.pkl,val
39689.pkl,train
39690.pkl,val
39691.pkl,train
39692.pkl,train
39693.pkl,val
39694.pkl,val
39695.pkl,val
39696.pkl,train
39697.pkl,val
39698.pkl,val
39699.pkl,train
39700.pkl,val
39701.pkl,val
39702.pkl,val
39703.pkl,train
39704.pkl,val
39705.pkl,val
39706.pkl,train
39707.pkl,val
39708.pkl,train
39709.pkl,val
39710.pkl,train
39711.pkl,val
39712.pkl,train
39713.pkl,train
39714.pkl,train
39715.pkl,val
39716.pkl,val
39717.pkl,val
39718.pkl,train
39719.pkl,train
39720.pkl,train
39721.pkl,val
39722.pkl,val
39723.pkl,val
39724.pkl,train
39725.pkl,val
39726.pkl,val
39727.pkl,train
39728.pkl,val
39729.pkl,train
39730.pkl,train
39731.pkl,val
39732.pkl,train
39733.pkl,train
39734.pkl,train
39735.pkl,val
39736.pkl,train
39737.pkl,train
39738.pkl,val
39739.pkl,val
39740.pkl,val
39741.pkl,val
39742.pkl,train
39743.pkl,train
39744.pkl,train
39745.pkl,val
39746.pkl,train
39747.pkl,train
39748.pkl,train
39749.pkl,val
39750.pkl,train
39751.pkl,val
39752.pkl,val
39753.pkl,val
39754.pkl,train
39755.pkl,val
39756.pkl,train
39757.pkl,val
39758.pkl,val
39759.pkl,train
39760.pkl,train
39761.pkl,val
39762.pkl,train
39763.pkl,train
39764.pkl,val
39765.pkl,val
39766.pkl,train
39767.pkl,train
39768.pkl,train
39769.pkl,train
39770.pkl,val
39771.pkl,train
39772.pkl,val
39773.pkl,train
39774.pkl,train
39775.pkl,val
39776.pkl,train
39777.pkl,train
39778.pkl,val
39779.pkl,val
39780.pkl,train
39781.pkl,val
39782.pkl,val
39783.pkl,train
39784.pkl,val
39785.pkl,val
39786.pkl,train
39787.pkl,val
39788.pkl,val
39789.pkl,val
39790.pkl,train
39791.pkl,val
39792.pkl,train
39793.pkl,train
39794.pkl,val
39795.pkl,val
39796.pkl,val
39797.pkl,train
39798.pkl,train
39799.pkl,val
39800.pkl,val
39801.pkl,val
39802.pkl,train
39803.pkl,val
39804.pkl,val
39805.pkl,train
39806.pkl,train
39807.pkl,val
39808.pkl,val
39809.pkl,val
39810.pkl,val
39811.pkl,train
39812.pkl,val
39813.pkl,val
39814.pkl,val
39815.pkl,val
39816.pkl,val
39817.pkl,val
39818.pkl,val
39819.pkl,val
39820.pkl,val
39821.pkl,train
39822.pkl,train
39823.pkl,val
39824.pkl,train
39825.pkl,train
39826.pkl,val
39827.pkl,val
39828.pkl,train
39829.pkl,train
39830.pkl,val
39831.pkl,train
39832.pkl,train
39833.pkl,train
39834.pkl,val
39835.pkl,val
39836.pkl,train
39837.pkl,train
39838.pkl,train
39839.pkl,val
39840.pkl,train
39841.pkl,val
39842.pkl,train
39843.pkl,train
39844.pkl,val
39845.pkl,val
39846.pkl,train
39847.pkl,val
39848.pkl,train
39849.pkl,val
39850.pkl,val
39851.pkl,train
39852.pkl,val
39853.pkl,val
39854.pkl,val
39855.pkl,val
39856.pkl,train
39857.pkl,train
39858.pkl,train
39859.pkl,val
39860.pkl,train
39861.pkl,train
39862.pkl,train
39863.pkl,train
39864.pkl,train
39865.pkl,val
39866.pkl,train
39867.pkl,train
39868.pkl,val
39869.pkl,val
39870.pkl,train
39871.pkl,train
39872.pkl,val
39873.pkl,train
39874.pkl,train
39875.pkl,val
39876.pkl,train
39877.pkl,train
39878.pkl,val
39879.pkl,train
39880.pkl,val
39881.pkl,train
39882.pkl,train
39883.pkl,val
39884.pkl,train
39885.pkl,train
39886.pkl,train
39887.pkl,val
39888.pkl,val
39889.pkl,train
39890.pkl,train
39891.pkl,val
39892.pkl,val
39893.pkl,train
39894.pkl,val
39895.pkl,val
39896.pkl,train
39897.pkl,val
39898.pkl,val
39899.pkl,train
39900.pkl,val
39901.pkl,val
39902.pkl,train
39903.pkl,val
39904.pkl,val
39905.pkl,train
39906.pkl,train
39907.pkl,train
39908.pkl,val
39909.pkl,val
39910.pkl,train
39911.pkl,val
39912.pkl,train
39913.pkl,val
39914.pkl,val
39915.pkl,val
39916.pkl,train
39917.pkl,val
39918.pkl,train
39919.pkl,train
39920.pkl,val
39921.pkl,train
39922.pkl,train
39923.pkl,train
39924.pkl,val
39925.pkl,train
39926.pkl,train
39927.pkl,train
39928.pkl,train
39929.pkl,train
39930.pkl,train
39931.pkl,train
39932.pkl,val
39933.pkl,train
39934.pkl,val
39935.pkl,train
39936.pkl,train
39937.pkl,val
39938.pkl,val
39939.pkl,val
39940.pkl,train
39941.pkl,val
39942.pkl,val
39943.pkl,val
39944.pkl,train
39945.pkl,val
39946.pkl,train
39947.pkl,val
39948.pkl,val
39949.pkl,train
39950.pkl,train
39951.pkl,val
39952.pkl,val
39953.pkl,train
39954.pkl,val
39955.pkl,train
39956.pkl,val
39957.pkl,val
39958.pkl,train
39959.pkl,train
39960.pkl,val
39961.pkl,val
39962.pkl,train
39963.pkl,train
39964.pkl,val
39965.pkl,val
39966.pkl,train
39967.pkl,val
39968.pkl,train
39969.pkl,val
39970.pkl,train
39971.pkl,val
39972.pkl,train
39973.pkl,train
39974.pkl,train
39975.pkl,train
39976.pkl,val
39977.pkl,val
39978.pkl,train
39979.pkl,train
39980.pkl,train
39981.pkl,val
39982.pkl,val
39983.pkl,val
39984.pkl,val
39985.pkl,val
39986.pkl,val
39987.pkl,train
39988.pkl,train
39989.pkl,val
39990.pkl,train
39991.pkl,train
39992.pkl,val
39993.pkl,train
39994.pkl,val
39995.pkl,train
39996.pkl,val
39997.pkl,val
39998.pkl,val
39999.pkl,train
40000.pkl,train
40001.pkl,train
40002.pkl,val
40003.pkl,val
40004.pkl,train
40005.pkl,train
40006.pkl,val
40007.pkl,val
40008.pkl,val
40009.pkl,val
40010.pkl,val
40011.pkl,val
40012.pkl,val
40013.pkl,val
40014.pkl,val
40015.pkl,val
40016.pkl,train
40017.pkl,train
40018.pkl,train
40019.pkl,train
40020.pkl,train
40021.pkl,train
40022.pkl,train
40023.pkl,train
40024.pkl,train
40025.pkl,val
40026.pkl,val
40027.pkl,train
40028.pkl,val
40029.pkl,val
40030.pkl,train
40031.pkl,train
40032.pkl,val
40033.pkl,train
40034.pkl,val
40035.pkl,train
40036.pkl,train
40037.pkl,val
40038.pkl,train
40039.pkl,val
40040.pkl,train
40041.pkl,val
40042.pkl,train
40043.pkl,train
40044.pkl,train
40045.pkl,val
40046.pkl,train
40047.pkl,train
40048.pkl,val
40049.pkl,val
40050.pkl,train
40051.pkl,train
40052.pkl,train
40053.pkl,train
40054.pkl,train
40055.pkl,train
40056.pkl,val
40057.pkl,val
40058.pkl,val
40059.pkl,train
40060.pkl,val
40061.pkl,train
40062.pkl,val
40063.pkl,val
40064.pkl,train
40065.pkl,val
40066.pkl,train
40067.pkl,val
40068.pkl,val
40069.pkl,val
40070.pkl,train
40071.pkl,train
40072.pkl,train
40073.pkl,val
40074.pkl,val
40075.pkl,val
40076.pkl,train
40077.pkl,val
40078.pkl,train
40079.pkl,train
40080.pkl,val
40081.pkl,train
40082.pkl,train
40083.pkl,val
40084.pkl,train
40085.pkl,train
40086.pkl,val
40087.pkl,train
40088.pkl,val
40089.pkl,train
40090.pkl,train
40091.pkl,train
40092.pkl,val
40093.pkl,train
40094.pkl,train
40095.pkl,val
40096.pkl,train
40097.pkl,val
40098.pkl,val
40099.pkl,val
40100.pkl,val
40101.pkl,val
40102.pkl,train
40103.pkl,train
40104.pkl,val
40105.pkl,train
40106.pkl,val
40107.pkl,train
40108.pkl,val
40109.pkl,train
40110.pkl,train
40111.pkl,val
40112.pkl,val
40113.pkl,train
40114.pkl,train
40115.pkl,val
40116.pkl,train
40117.pkl,train
40118.pkl,train
40119.pkl,val
40120.pkl,train
40121.pkl,train
40122.pkl,train
40123.pkl,train
40124.pkl,train
40125.pkl,train
40126.pkl,train
40127.pkl,val
40128.pkl,val
40129.pkl,val
40130.pkl,train
40131.pkl,val
40132.pkl,val
40133.pkl,train
40134.pkl,train
40135.pkl,val
40136.pkl,val
40137.pkl,val
40138.pkl,val
40139.pkl,val
40140.pkl,val
40141.pkl,train
40142.pkl,train
40143.pkl,train
40144.pkl,train
40145.pkl,train
40146.pkl,val
40147.pkl,train
40148.pkl,val
40149.pkl,train
40150.pkl,val
40151.pkl,train
40152.pkl,val
40153.pkl,train
40154.pkl,train
40155.pkl,train
40156.pkl,val
40157.pkl,val
40158.pkl,train
40159.pkl,val
40160.pkl,train
40161.pkl,train
40162.pkl,train
40163.pkl,train
40164.pkl,train
40165.pkl,train
40166.pkl,train
40167.pkl,val
40168.pkl,val
40169.pkl,val
40170.pkl,val
40171.pkl,train
40172.pkl,val
40173.pkl,val
40174.pkl,train
40175.pkl,val
40176.pkl,val
40177.pkl,train
40178.pkl,val
40179.pkl,val
40180.pkl,train
40181.pkl,val
40182.pkl,val
40183.pkl,val
40184.pkl,train
40185.pkl,val
40186.pkl,train
40187.pkl,val
40188.pkl,train
40189.pkl,train
40190.pkl,val
40191.pkl,val
40192.pkl,val
40193.pkl,val
40194.pkl,train
40195.pkl,val
40196.pkl,train
40197.pkl,train
40198.pkl,val
40199.pkl,val
40200.pkl,train
40201.pkl,val
40202.pkl,val
40203.pkl,train
40204.pkl,train
40205.pkl,train
40206.pkl,train
40207.pkl,train
40208.pkl,train
40209.pkl,train
40210.pkl,train
40211.pkl,val
40212.pkl,train
40213.pkl,val
40214.pkl,train
40215.pkl,val
40216.pkl,train
40217.pkl,val
40218.pkl,train
40219.pkl,val
40220.pkl,val
40221.pkl,train
40222.pkl,val
40223.pkl,train
40224.pkl,train
40225.pkl,train
40226.pkl,train
40227.pkl,val
40228.pkl,train
40229.pkl,train
40230.pkl,val
40231.pkl,train
40232.pkl,val
40233.pkl,train
40234.pkl,train
40235.pkl,train
40236.pkl,val
40237.pkl,train
40238.pkl,train
40239.pkl,val
40240.pkl,val
40241.pkl,val
40242.pkl,train
40243.pkl,train
40244.pkl,val
40245.pkl,train
40246.pkl,val
40247.pkl,val
40248.pkl,train
40249.pkl,train
40250.pkl,train
40251.pkl,train
40252.pkl,train
40253.pkl,val
40254.pkl,train
40255.pkl,train
40256.pkl,train
40257.pkl,val
40258.pkl,val
40259.pkl,train
40260.pkl,train
40261.pkl,train
40262.pkl,train
40263.pkl,train
40264.pkl,train
40265.pkl,train
40266.pkl,val
40267.pkl,val
40268.pkl,val
40269.pkl,val
40270.pkl,val
40271.pkl,train
40272.pkl,train
40273.pkl,val
40274.pkl,val
40275.pkl,train
40276.pkl,train
40277.pkl,train
40278.pkl,val
40279.pkl,train
40280.pkl,val
40281.pkl,train
40282.pkl,train
40283.pkl,train
40284.pkl,train
40285.pkl,train
40286.pkl,val
40287.pkl,train
40288.pkl,val
40289.pkl,val
40290.pkl,train
40291.pkl,train
40292.pkl,val
40293.pkl,val
40294.pkl,val
40295.pkl,val
40296.pkl,train
40297.pkl,val
40298.pkl,train
40299.pkl,val
40300.pkl,train
40301.pkl,train
40302.pkl,train
40303.pkl,train
40304.pkl,val
40305.pkl,val
40306.pkl,val
40307.pkl,train
40308.pkl,train
40309.pkl,train
40310.pkl,train
40311.pkl,val
40312.pkl,val
40313.pkl,train
40314.pkl,train
40315.pkl,train
40316.pkl,train
40317.pkl,val
40318.pkl,val
40319.pkl,val
40320.pkl,train
40321.pkl,val
40322.pkl,val
40323.pkl,train
40324.pkl,val
40325.pkl,train
40326.pkl,val
40327.pkl,val
40328.pkl,train
40329.pkl,val
40330.pkl,train
40331.pkl,train
40332.pkl,train
40333.pkl,val
40334.pkl,train
40335.pkl,val
40336.pkl,train
40337.pkl,train
40338.pkl,val
40339.pkl,val
40340.pkl,val
40341.pkl,train
40342.pkl,val
40343.pkl,train
40344.pkl,val
40345.pkl,val
40346.pkl,val
40347.pkl,val
40348.pkl,val
40349.pkl,val
40350.pkl,val
40351.pkl,train
40352.pkl,val
40353.pkl,train
40354.pkl,train
40355.pkl,train
40356.pkl,val
40357.pkl,val
40358.pkl,train
40359.pkl,train
40360.pkl,train
40361.pkl,train
40362.pkl,val
40363.pkl,train
40364.pkl,val
40365.pkl,train
40366.pkl,val
40367.pkl,train
40368.pkl,train
40369.pkl,val
40370.pkl,train
40371.pkl,train
40372.pkl,val
40373.pkl,val
40374.pkl,train
40375.pkl,val
40376.pkl,val
40377.pkl,val
40378.pkl,val
40379.pkl,train
40380.pkl,val
40381.pkl,val
40382.pkl,val
40383.pkl,train
40384.pkl,val
40385.pkl,train
40386.pkl,train
40387.pkl,val
40388.pkl,val
40389.pkl,train
40390.pkl,val
40391.pkl,train
40392.pkl,val
40393.pkl,val
40394.pkl,train
40395.pkl,val
40396.pkl,train
40397.pkl,train
40398.pkl,train
40399.pkl,train
40400.pkl,val
40401.pkl,val
40402.pkl,val
40403.pkl,val
40404.pkl,val
40405.pkl,train
40406.pkl,train
40407.pkl,val
40408.pkl,val
40409.pkl,train
40410.pkl,val
40411.pkl,val
40412.pkl,train
40413.pkl,train
40414.pkl,val
40415.pkl,train
40416.pkl,val
40417.pkl,train
40418.pkl,val
40419.pkl,train
40420.pkl,train
40421.pkl,val
40422.pkl,train
40423.pkl,val
40424.pkl,train
40425.pkl,train
40426.pkl,train
40427.pkl,train
40428.pkl,val
40429.pkl,train
40430.pkl,train
40431.pkl,val
40432.pkl,val
40433.pkl,train
40434.pkl,val
40435.pkl,val
40436.pkl,train
40437.pkl,train
40438.pkl,train
40439.pkl,val
40440.pkl,train
40441.pkl,val
40442.pkl,train
40443.pkl,train
40444.pkl,val
40445.pkl,val
40446.pkl,val
40447.pkl,train
40448.pkl,train
40449.pkl,train
40450.pkl,val
40451.pkl,val
40452.pkl,train
40453.pkl,val
40454.pkl,train
40455.pkl,val
40456.pkl,val
40457.pkl,train
40458.pkl,train
40459.pkl,val
40460.pkl,train
40461.pkl,val
40462.pkl,train
40463.pkl,val
40464.pkl,train
40465.pkl,val
40466.pkl,val
40467.pkl,train
40468.pkl,train
40469.pkl,val
40470.pkl,train
40471.pkl,val
40472.pkl,val
40473.pkl,val
40474.pkl,val
40475.pkl,val
40476.pkl,train
40477.pkl,train
40478.pkl,val
40479.pkl,val
40480.pkl,val
40481.pkl,val
40482.pkl,train
40483.pkl,val
40484.pkl,val
40485.pkl,val
40486.pkl,val
40487.pkl,val
40488.pkl,train
40489.pkl,val
40490.pkl,val
40491.pkl,val
40492.pkl,val
40493.pkl,train
40494.pkl,val
40495.pkl,train
40496.pkl,val
40497.pkl,val
40498.pkl,val
40499.pkl,val
40500.pkl,val
40501.pkl,val
40502.pkl,train
40503.pkl,val
40504.pkl,val
40505.pkl,train
40506.pkl,val
40507.pkl,val
40508.pkl,val
40509.pkl,val
40510.pkl,train
40511.pkl,train
40512.pkl,val
40513.pkl,val
40514.pkl,train
40515.pkl,train
40516.pkl,val
40517.pkl,val
40518.pkl,train
40519.pkl,val
40520.pkl,val
40521.pkl,train
40522.pkl,val
40523.pkl,train
40524.pkl,val
40525.pkl,val
40526.pkl,val
40527.pkl,train
40528.pkl,val
40529.pkl,train
40530.pkl,val
40531.pkl,train
40532.pkl,val
40533.pkl,val
40534.pkl,train
40535.pkl,val
40536.pkl,train
40537.pkl,train
40538.pkl,train
40539.pkl,train
40540.pkl,val
40541.pkl,val
40542.pkl,val
40543.pkl,val
40544.pkl,train
40545.pkl,train
40546.pkl,train
40547.pkl,val
40548.pkl,val
40549.pkl,val
40550.pkl,val
40551.pkl,val
40552.pkl,val
40553.pkl,train
40554.pkl,train
40555.pkl,val
40556.pkl,train
40557.pkl,val
40558.pkl,val
40559.pkl,train
40560.pkl,train
40561.pkl,val
40562.pkl,train
40563.pkl,train
40564.pkl,train
40565.pkl,train
40566.pkl,train
40567.pkl,val
40568.pkl,train
40569.pkl,val
40570.pkl,train
40571.pkl,val
40572.pkl,train
40573.pkl,train
40574.pkl,train
40575.pkl,val
40576.pkl,val
40577.pkl,val
40578.pkl,val
40579.pkl,val
40580.pkl,train
40581.pkl,val
40582.pkl,val
40583.pkl,val
40584.pkl,train
40585.pkl,train
40586.pkl,train
40587.pkl,val
40588.pkl,train
40589.pkl,train
40590.pkl,val
40591.pkl,val
40592.pkl,val
40593.pkl,val
40594.pkl,val
40595.pkl,train
40596.pkl,val
40597.pkl,val
40598.pkl,val
40599.pkl,train
40600.pkl,val
40601.pkl,train
40602.pkl,val
40603.pkl,val
40604.pkl,train
40605.pkl,val
40606.pkl,train
40607.pkl,train
40608.pkl,val
40609.pkl,val
40610.pkl,train
40611.pkl,val
40612.pkl,train
40613.pkl,val
40614.pkl,val
40615.pkl,val
40616.pkl,val
40617.pkl,val
40618.pkl,train
40619.pkl,train
40620.pkl,val
40621.pkl,val
40622.pkl,train
40623.pkl,train
40624.pkl,val
40625.pkl,train
40626.pkl,train
40627.pkl,val
40628.pkl,train
40629.pkl,train
40630.pkl,val
40631.pkl,train
40632.pkl,val
40633.pkl,train
40634.pkl,train
40635.pkl,train
40636.pkl,train
40637.pkl,train
40638.pkl,train
40639.pkl,train
40640.pkl,train
40641.pkl,train
40642.pkl,train
40643.pkl,train
40644.pkl,val
40645.pkl,val
40646.pkl,val
40647.pkl,train
40648.pkl,train
40649.pkl,train
40650.pkl,val
40651.pkl,val
40652.pkl,train
40653.pkl,train
40654.pkl,train
40655.pkl,train
40656.pkl,val
40657.pkl,val
40658.pkl,train
40659.pkl,train
40660.pkl,train
40661.pkl,train
40662.pkl,val
40663.pkl,val
40664.pkl,train
40665.pkl,train
40666.pkl,val
40667.pkl,train
40668.pkl,val
40669.pkl,val
40670.pkl,train
40671.pkl,train
40672.pkl,val
40673.pkl,val
40674.pkl,train
40675.pkl,val
40676.pkl,val
40677.pkl,val
40678.pkl,val
40679.pkl,train
40680.pkl,val
40681.pkl,train
40682.pkl,train
40683.pkl,train
40684.pkl,train
40685.pkl,train
40686.pkl,train
40687.pkl,train
40688.pkl,val
40689.pkl,val
40690.pkl,val
40691.pkl,val
40692.pkl,train
40693.pkl,train
40694.pkl,val
40695.pkl,train
40696.pkl,train
40697.pkl,train
40698.pkl,val
40699.pkl,val
40700.pkl,train
40701.pkl,val
40702.pkl,val
40703.pkl,train
40704.pkl,train
40705.pkl,train
40706.pkl,val
40707.pkl,val
40708.pkl,val
40709.pkl,train
40710.pkl,train
40711.pkl,train
40712.pkl,train
40713.pkl,val
40714.pkl,train
40715.pkl,val
40716.pkl,train
40717.pkl,train
40718.pkl,train
40719.pkl,val
40720.pkl,train
40721.pkl,val
40722.pkl,val
40723.pkl,val
40724.pkl,train
40725.pkl,train
40726.pkl,val
40727.pkl,val
40728.pkl,train
40729.pkl,val
40730.pkl,train
40731.pkl,train
40732.pkl,val
40733.pkl,train
40734.pkl,train
40735.pkl,val
40736.pkl,train
40737.pkl,val
40738.pkl,train
40739.pkl,train
40740.pkl,val
40741.pkl,train
40742.pkl,train
40743.pkl,val
40744.pkl,train
40745.pkl,val
40746.pkl,train
40747.pkl,val
40748.pkl,train
40749.pkl,val
40750.pkl,val
40751.pkl,train
40752.pkl,val
40753.pkl,val
40754.pkl,val
40755.pkl,train
40756.pkl,train
40757.pkl,val
40758.pkl,val
40759.pkl,train
40760.pkl,train
40761.pkl,val
40762.pkl,train
40763.pkl,val
40764.pkl,train
40765.pkl,train
40766.pkl,train
40767.pkl,train
40768.pkl,train
40769.pkl,train
40770.pkl,val
40771.pkl,val
40772.pkl,train
40773.pkl,val
40774.pkl,train
40775.pkl,val
40776.pkl,train
40777.pkl,val
40778.pkl,train
40779.pkl,val
40780.pkl,val
40781.pkl,train
40782.pkl,val
40783.pkl,val
40784.pkl,train
40785.pkl,val
40786.pkl,train
40787.pkl,val
40788.pkl,train
40789.pkl,train
40790.pkl,val
40791.pkl,train
40792.pkl,train
40793.pkl,train
40794.pkl,train
40795.pkl,train
40796.pkl,train
40797.pkl,val
40798.pkl,train
40799.pkl,train
40800.pkl,val
40801.pkl,train
40802.pkl,train
40803.pkl,train
40804.pkl,val
40805.pkl,train
40806.pkl,val
40807.pkl,val
40808.pkl,train
40809.pkl,val
40810.pkl,val
40811.pkl,train
40812.pkl,val
40813.pkl,val
40814.pkl,val
40815.pkl,val
40816.pkl,val
40817.pkl,train
40818.pkl,train
40819.pkl,train
40820.pkl,train
40821.pkl,val
40822.pkl,train
40823.pkl,val
40824.pkl,train
40825.pkl,val
40826.pkl,val
40827.pkl,val
40828.pkl,val
40829.pkl,val
40830.pkl,train
40831.pkl,val
40832.pkl,val
40833.pkl,train
40834.pkl,train
40835.pkl,train
40836.pkl,val
40837.pkl,val
40838.pkl,train
40839.pkl,val
40840.pkl,val
40841.pkl,train
40842.pkl,val
40843.pkl,val
40844.pkl,val
40845.pkl,val
40846.pkl,train
40847.pkl,train
40848.pkl,train
40849.pkl,train
40850.pkl,val
40851.pkl,train
40852.pkl,train
40853.pkl,val
40854.pkl,val
40855.pkl,train
40856.pkl,train
40857.pkl,train
40858.pkl,train
40859.pkl,val
40860.pkl,val
40861.pkl,train
40862.pkl,val
40863.pkl,train
40864.pkl,train
40865.pkl,train
40866.pkl,train
40867.pkl,val
40868.pkl,val
40869.pkl,val
40870.pkl,train
40871.pkl,train
40872.pkl,val
40873.pkl,val
40874.pkl,train
40875.pkl,train
40876.pkl,train
40877.pkl,val
40878.pkl,train
40879.pkl,train
40880.pkl,val
40881.pkl,val
40882.pkl,val
40883.pkl,val
40884.pkl,train
40885.pkl,train
40886.pkl,train
40887.pkl,train
40888.pkl,val
40889.pkl,val
40890.pkl,val
40891.pkl,train
40892.pkl,val
40893.pkl,val
40894.pkl,val
40895.pkl,train
40896.pkl,train
40897.pkl,train
40898.pkl,train
40899.pkl,val
40900.pkl,val
40901.pkl,train
40902.pkl,train
40903.pkl,train
40904.pkl,train
40905.pkl,val
40906.pkl,val
40907.pkl,val
40908.pkl,train
40909.pkl,train
40910.pkl,train
40911.pkl,train
40912.pkl,val
40913.pkl,val
40914.pkl,train
40915.pkl,val
40916.pkl,val
40917.pkl,val
40918.pkl,val
40919.pkl,val
40920.pkl,val
40921.pkl,train
40922.pkl,val
40923.pkl,train
40924.pkl,train
40925.pkl,val
40926.pkl,train
40927.pkl,val
40928.pkl,val
40929.pkl,val
40930.pkl,train
40931.pkl,val
40932.pkl,val
40933.pkl,train
40934.pkl,train
40935.pkl,val
40936.pkl,train
40937.pkl,train
40938.pkl,val
40939.pkl,val
40940.pkl,train
40941.pkl,val
40942.pkl,val
40943.pkl,val
40944.pkl,val
40945.pkl,train
40946.pkl,val
40947.pkl,val
40948.pkl,train
40949.pkl,train
40950.pkl,train
40951.pkl,train
40952.pkl,train
40953.pkl,val
40954.pkl,val
40955.pkl,val
40956.pkl,train
40957.pkl,val
40958.pkl,val
40959.pkl,train
40960.pkl,train
40961.pkl,val
40962.pkl,val
40963.pkl,val
40964.pkl,train
40965.pkl,val
40966.pkl,train
40967.pkl,train
40968.pkl,val
40969.pkl,train
40970.pkl,val
40971.pkl,train
40972.pkl,train
40973.pkl,val
40974.pkl,val
40975.pkl,val
40976.pkl,train
40977.pkl,val
40978.pkl,val
40979.pkl,val
40980.pkl,train
40981.pkl,val
40982.pkl,val
40983.pkl,train
40984.pkl,val
40985.pkl,train
40986.pkl,val
40987.pkl,val
40988.pkl,train
40989.pkl,train
40990.pkl,val
40991.pkl,val
40992.pkl,val
40993.pkl,val
40994.pkl,val
40995.pkl,train
40996.pkl,train
40997.pkl,val
40998.pkl,train
40999.pkl,val
41000.pkl,train
41001.pkl,val
41002.pkl,train
41003.pkl,train
41004.pkl,val
41005.pkl,val
41006.pkl,train
41007.pkl,val
41008.pkl,val
41009.pkl,train
41010.pkl,train
41011.pkl,val
41012.pkl,val
41013.pkl,train
41014.pkl,train
41015.pkl,train
41016.pkl,val
41017.pkl,val
41018.pkl,train
41019.pkl,train
41020.pkl,train
41021.pkl,train
41022.pkl,val
41023.pkl,val
41024.pkl,train
41025.pkl,val
41026.pkl,train
41027.pkl,train
41028.pkl,val
41029.pkl,val
41030.pkl,val
41031.pkl,train
41032.pkl,train
41033.pkl,train
41034.pkl,val
41035.pkl,train
41036.pkl,val
41037.pkl,val
41038.pkl,val
41039.pkl,train
41040.pkl,val
41041.pkl,val
41042.pkl,train
41043.pkl,val
41044.pkl,train
41045.pkl,val
41046.pkl,train
41047.pkl,train
41048.pkl,train
41049.pkl,train
41050.pkl,train
41051.pkl,val
41052.pkl,train
41053.pkl,val
41054.pkl,train
41055.pkl,val
41056.pkl,train
41057.pkl,val
41058.pkl,train
41059.pkl,val
41060.pkl,train
41061.pkl,train
41062.pkl,train
41063.pkl,train
41064.pkl,train
41065.pkl,val
41066.pkl,val
41067.pkl,train
41068.pkl,val
41069.pkl,train
41070.pkl,val
41071.pkl,train
41072.pkl,train
41073.pkl,train
41074.pkl,val
41075.pkl,val
41076.pkl,train
41077.pkl,val
41078.pkl,val
41079.pkl,train
41080.pkl,val
41081.pkl,train
41082.pkl,train
41083.pkl,val
41084.pkl,train
41085.pkl,val
41086.pkl,val
41087.pkl,train
41088.pkl,train
41089.pkl,val
41090.pkl,val
41091.pkl,val
41092.pkl,train
41093.pkl,train
41094.pkl,train
41095.pkl,val
41096.pkl,val
41097.pkl,train
41098.pkl,val
41099.pkl,train
41100.pkl,val
41101.pkl,val
41102.pkl,train
41103.pkl,val
41104.pkl,val
41105.pkl,val
41106.pkl,val
41107.pkl,train
41108.pkl,train
41109.pkl,val
41110.pkl,train
41111.pkl,val
41112.pkl,train
41113.pkl,train
41114.pkl,train
41115.pkl,train
41116.pkl,val
41117.pkl,train
41118.pkl,train
41119.pkl,val
41120.pkl,val
41121.pkl,val
41122.pkl,val
41123.pkl,train
41124.pkl,val
41125.pkl,val
41126.pkl,val
41127.pkl,train
41128.pkl,train
41129.pkl,val
41130.pkl,val
41131.pkl,train
41132.pkl,val
41133.pkl,train
41134.pkl,val
41135.pkl,train
41136.pkl,train
41137.pkl,train
41138.pkl,train
41139.pkl,val
41140.pkl,train
41141.pkl,val
41142.pkl,val
41143.pkl,train
41144.pkl,val
41145.pkl,val
41146.pkl,val
41147.pkl,train
41148.pkl,train
41149.pkl,train
41150.pkl,val
41151.pkl,val
41152.pkl,train
41153.pkl,val
41154.pkl,train
41155.pkl,train
41156.pkl,val
41157.pkl,train
41158.pkl,val
41159.pkl,train
41160.pkl,train
41161.pkl,val
41162.pkl,val
41163.pkl,val
41164.pkl,train
41165.pkl,train
41166.pkl,val
41167.pkl,train
41168.pkl,train
41169.pkl,val
41170.pkl,val
41171.pkl,train
41172.pkl,val
41173.pkl,val
41174.pkl,train
41175.pkl,train
41176.pkl,val
41177.pkl,val
41178.pkl,val
41179.pkl,val
41180.pkl,val
41181.pkl,val
41182.pkl,train
41183.pkl,train
41184.pkl,val
41185.pkl,train
41186.pkl,train
41187.pkl,val
41188.pkl,train
41189.pkl,train
41190.pkl,train
41191.pkl,val
41192.pkl,train
41193.pkl,train
41194.pkl,val
41195.pkl,train
41196.pkl,val
41197.pkl,val
41198.pkl,val
41199.pkl,val
41200.pkl,val
41201.pkl,val
41202.pkl,train
41203.pkl,train
41204.pkl,train
41205.pkl,train
41206.pkl,train
41207.pkl,train
41208.pkl,train
41209.pkl,train
41210.pkl,train
41211.pkl,train
41212.pkl,train
41213.pkl,train
41214.pkl,train
41215.pkl,val
41216.pkl,val
41217.pkl,val
41218.pkl,train
41219.pkl,train
41220.pkl,val
41221.pkl,val
41222.pkl,val
41223.pkl,val
41224.pkl,train
41225.pkl,train
41226.pkl,val
41227.pkl,train
41228.pkl,train
41229.pkl,val
41230.pkl,train
41231.pkl,val
41232.pkl,val
41233.pkl,train
41234.pkl,train
41235.pkl,train
41236.pkl,train
41237.pkl,val
41238.pkl,train
41239.pkl,val
41240.pkl,val
41241.pkl,val
41242.pkl,train
41243.pkl,val
41244.pkl,train
41245.pkl,train
41246.pkl,train
41247.pkl,val
41248.pkl,train
41249.pkl,train
41250.pkl,train
41251.pkl,val
41252.pkl,val
41253.pkl,train
41254.pkl,val
41255.pkl,val
41256.pkl,train
41257.pkl,val
41258.pkl,val
41259.pkl,val
41260.pkl,val
41261.pkl,train
41262.pkl,train
41263.pkl,train
41264.pkl,train
41265.pkl,val
41266.pkl,val
41267.pkl,val
41268.pkl,train
41269.pkl,train
41270.pkl,train
41271.pkl,val
41272.pkl,val
41273.pkl,val
41274.pkl,val
41275.pkl,val
41276.pkl,val
41277.pkl,val
41278.pkl,val
41279.pkl,train
41280.pkl,val
41281.pkl,train
41282.pkl,val
41283.pkl,train
41284.pkl,train
41285.pkl,train
41286.pkl,val
41287.pkl,train
41288.pkl,train
41289.pkl,val
41290.pkl,train
41291.pkl,train
41292.pkl,train
41293.pkl,train
41294.pkl,val
41295.pkl,train
41296.pkl,val
41297.pkl,val
41298.pkl,val
41299.pkl,train
41300.pkl,train
41301.pkl,val
41302.pkl,train
41303.pkl,train
41304.pkl,val
41305.pkl,val
41306.pkl,val
41307.pkl,val
41308.pkl,val
41309.pkl,val
41310.pkl,train
41311.pkl,train
41312.pkl,val
41313.pkl,val
41314.pkl,val
41315.pkl,val
41316.pkl,train
41317.pkl,train
41318.pkl,val
41319.pkl,train
41320.pkl,train
41321.pkl,val
41322.pkl,train
41323.pkl,train
41324.pkl,train
41325.pkl,train
41326.pkl,train
41327.pkl,train
41328.pkl,val
41329.pkl,train
41330.pkl,val
41331.pkl,val
41332.pkl,val
41333.pkl,val
41334.pkl,train
41335.pkl,val
41336.pkl,train
41337.pkl,val
41338.pkl,train
41339.pkl,val
41340.pkl,val
41341.pkl,val
41342.pkl,val
41343.pkl,train
41344.pkl,val
41345.pkl,val
41346.pkl,train
41347.pkl,train
41348.pkl,train
41349.pkl,train
41350.pkl,val
41351.pkl,train
41352.pkl,train
41353.pkl,train
41354.pkl,val
41355.pkl,val
41356.pkl,val
41357.pkl,train
41358.pkl,val
41359.pkl,val
41360.pkl,train
41361.pkl,val
41362.pkl,train
41363.pkl,val
41364.pkl,val
41365.pkl,train
41366.pkl,val
41367.pkl,val
41368.pkl,train
41369.pkl,val
41370.pkl,val
41371.pkl,val
41372.pkl,val
41373.pkl,train
41374.pkl,train
41375.pkl,val
41376.pkl,val
41377.pkl,train
41378.pkl,val
41379.pkl,val
41380.pkl,train
41381.pkl,train
41382.pkl,val
41383.pkl,train
41384.pkl,val
41385.pkl,train
41386.pkl,val
41387.pkl,train
41388.pkl,val
41389.pkl,val
41390.pkl,train
41391.pkl,train
41392.pkl,val
41393.pkl,val
41394.pkl,val
41395.pkl,train
41396.pkl,train
41397.pkl,val
41398.pkl,train
41399.pkl,val
41400.pkl,val
41401.pkl,val
41402.pkl,val
41403.pkl,train
41404.pkl,val
41405.pkl,val
41406.pkl,train
41407.pkl,train
41408.pkl,val
41409.pkl,val
41410.pkl,train
41411.pkl,train
41412.pkl,train
41413.pkl,train
41414.pkl,train
41415.pkl,val
41416.pkl,val
41417.pkl,train
41418.pkl,train
41419.pkl,val
41420.pkl,val
41421.pkl,train
41422.pkl,train
41423.pkl,val
41424.pkl,val
41425.pkl,train
41426.pkl,val
41427.pkl,train
41428.pkl,train
41429.pkl,train
41430.pkl,train
41431.pkl,val
41432.pkl,val
41433.pkl,train
41434.pkl,train
41435.pkl,train
41436.pkl,val
41437.pkl,train
41438.pkl,train
41439.pkl,train
41440.pkl,val
41441.pkl,val
41442.pkl,train
41443.pkl,val
41444.pkl,train
41445.pkl,val
41446.pkl,train
41447.pkl,train
41448.pkl,train
41449.pkl,val
41450.pkl,train
41451.pkl,train
41452.pkl,train
41453.pkl,train
41454.pkl,val
41455.pkl,train
41456.pkl,val
41457.pkl,train
41458.pkl,val
41459.pkl,train
41460.pkl,val
41461.pkl,val
41462.pkl,val
41463.pkl,val
41464.pkl,val
41465.pkl,train
41466.pkl,train
41467.pkl,train
41468.pkl,val
41469.pkl,val
41470.pkl,val
41471.pkl,val
41472.pkl,train
41473.pkl,val
41474.pkl,train
41475.pkl,train
41476.pkl,val
41477.pkl,val
41478.pkl,val
41479.pkl,train
41480.pkl,val
41481.pkl,train
41482.pkl,train
41483.pkl,train
41484.pkl,train
41485.pkl,train
41486.pkl,train
41487.pkl,val
41488.pkl,val
41489.pkl,val
41490.pkl,train
41491.pkl,train
41492.pkl,val
41493.pkl,train
41494.pkl,val
41495.pkl,val
41496.pkl,train
41497.pkl,train
41498.pkl,val
41499.pkl,val
41500.pkl,val
41501.pkl,train
41502.pkl,val
41503.pkl,val
41504.pkl,val
41505.pkl,train
41506.pkl,val
41507.pkl,train
41508.pkl,val
41509.pkl,val
41510.pkl,val
41511.pkl,train
41512.pkl,train
41513.pkl,train
41514.pkl,train
41515.pkl,val
41516.pkl,val
41517.pkl,train
41518.pkl,val
41519.pkl,val
41520.pkl,val
41521.pkl,val
41522.pkl,train
41523.pkl,train
41524.pkl,train
41525.pkl,val
41526.pkl,train
41527.pkl,val
41528.pkl,train
41529.pkl,val
41530.pkl,val
41531.pkl,train
41532.pkl,train
41533.pkl,val
41534.pkl,train
41535.pkl,val
41536.pkl,val
41537.pkl,train
41538.pkl,val
41539.pkl,train
41540.pkl,train
41541.pkl,train
41542.pkl,val
41543.pkl,val
41544.pkl,val
41545.pkl,val
41546.pkl,train
41547.pkl,val
41548.pkl,train
41549.pkl,val
41550.pkl,val
41551.pkl,train
41552.pkl,val
41553.pkl,train
41554.pkl,val
41555.pkl,train
41556.pkl,val
41557.pkl,val
41558.pkl,val
41559.pkl,train
41560.pkl,val
41561.pkl,val
41562.pkl,train
41563.pkl,train
41564.pkl,train
41565.pkl,val
41566.pkl,train
41567.pkl,val
41568.pkl,val
41569.pkl,val
41570.pkl,train
41571.pkl,train
41572.pkl,val
41573.pkl,val
41574.pkl,val
41575.pkl,val
41576.pkl,train
41577.pkl,train
41578.pkl,train
41579.pkl,train
41580.pkl,val
41581.pkl,val
41582.pkl,val
41583.pkl,train
41584.pkl,train
41585.pkl,train
41586.pkl,train
41587.pkl,train
41588.pkl,train
41589.pkl,train
41590.pkl,train
41591.pkl,train
41592.pkl,train
41593.pkl,train
41594.pkl,val
41595.pkl,val
41596.pkl,train
41597.pkl,train
41598.pkl,train
41599.pkl,train
41600.pkl,val
41601.pkl,val
41602.pkl,train
41603.pkl,train
41604.pkl,val
41605.pkl,val
41606.pkl,val
41607.pkl,train
41608.pkl,val
41609.pkl,val
41610.pkl,train
41611.pkl,train
41612.pkl,train
41613.pkl,val
41614.pkl,val
41615.pkl,train
41616.pkl,train
41617.pkl,train
41618.pkl,train
41619.pkl,val
41620.pkl,val
41621.pkl,train
41622.pkl,val
41623.pkl,train
41624.pkl,train
41625.pkl,train
41626.pkl,val
41627.pkl,val
41628.pkl,val
41629.pkl,train
41630.pkl,val
41631.pkl,train
41632.pkl,val
41633.pkl,val
41634.pkl,val
41635.pkl,train
41636.pkl,train
41637.pkl,train
41638.pkl,val
41639.pkl,train
41640.pkl,val
41641.pkl,val
41642.pkl,val
41643.pkl,train
41644.pkl,val
41645.pkl,val
41646.pkl,train
41647.pkl,train
41648.pkl,val
41649.pkl,train
41650.pkl,train
41651.pkl,train
41652.pkl,train
41653.pkl,val
41654.pkl,val
41655.pkl,train
41656.pkl,val
41657.pkl,val
41658.pkl,val
41659.pkl,val
41660.pkl,val
41661.pkl,train
41662.pkl,train
41663.pkl,val
41664.pkl,val
41665.pkl,train
41666.pkl,train
41667.pkl,val
41668.pkl,train
41669.pkl,train
41670.pkl,train
41671.pkl,val
41672.pkl,val
41673.pkl,val
41674.pkl,train
41675.pkl,val
41676.pkl,train
41677.pkl,val
41678.pkl,train
41679.pkl,val
41680.pkl,train
41681.pkl,val
41682.pkl,train
41683.pkl,train
41684.pkl,val
41685.pkl,train
41686.pkl,val
41687.pkl,train
41688.pkl,val
41689.pkl,val
41690.pkl,val
41691.pkl,train
41692.pkl,val
41693.pkl,val
41694.pkl,val
41695.pkl,val
41696.pkl,val
41697.pkl,val
41698.pkl,val
41699.pkl,val
41700.pkl,train
41701.pkl,train
41702.pkl,train
41703.pkl,train
41704.pkl,train
41705.pkl,train
41706.pkl,train
41707.pkl,train
41708.pkl,val
41709.pkl,val
41710.pkl,train
41711.pkl,val
41712.pkl,train
41713.pkl,train
41714.pkl,train
41715.pkl,train
41716.pkl,train
41717.pkl,val
41718.pkl,train
41719.pkl,val
41720.pkl,val
41721.pkl,val
41722.pkl,val
41723.pkl,val
41724.pkl,val
41725.pkl,train
41726.pkl,train
41727.pkl,val
41728.pkl,train
41729.pkl,val
41730.pkl,train
41731.pkl,train
41732.pkl,train
41733.pkl,train
41734.pkl,train
41735.pkl,val
41736.pkl,val
41737.pkl,train
41738.pkl,val
41739.pkl,val
41740.pkl,val
41741.pkl,val
41742.pkl,val
41743.pkl,train
41744.pkl,train
41745.pkl,train
41746.pkl,train
41747.pkl,val
41748.pkl,val
41749.pkl,val
41750.pkl,train
41751.pkl,val
41752.pkl,train
41753.pkl,val
41754.pkl,train
41755.pkl,train
41756.pkl,train
41757.pkl,train
41758.pkl,train
41759.pkl,train
41760.pkl,val
41761.pkl,val
41762.pkl,train
41763.pkl,train
41764.pkl,val
41765.pkl,val
41766.pkl,train
41767.pkl,train
41768.pkl,train
41769.pkl,val
41770.pkl,val
41771.pkl,val
41772.pkl,val
41773.pkl,val
41774.pkl,val
41775.pkl,val
41776.pkl,val
41777.pkl,train
41778.pkl,train
41779.pkl,val
41780.pkl,val
41781.pkl,val
41782.pkl,val
41783.pkl,train
41784.pkl,val
41785.pkl,train
41786.pkl,train
41787.pkl,val
41788.pkl,train
41789.pkl,val
41790.pkl,train
41791.pkl,val
41792.pkl,val
41793.pkl,train
41794.pkl,val
41795.pkl,train
41796.pkl,train
41797.pkl,train
41798.pkl,val
41799.pkl,train
41800.pkl,train
41801.pkl,train
41802.pkl,train
41803.pkl,val
41804.pkl,train
41805.pkl,val
41806.pkl,train
41807.pkl,val
41808.pkl,val
41809.pkl,train
41810.pkl,train
41811.pkl,val
41812.pkl,train
41813.pkl,val
41814.pkl,train
41815.pkl,train
41816.pkl,val
41817.pkl,val
41818.pkl,val
41819.pkl,val
41820.pkl,train
41821.pkl,train
41822.pkl,train
41823.pkl,val
41824.pkl,val
41825.pkl,val
41826.pkl,train
41827.pkl,train
41828.pkl,train
41829.pkl,train
41830.pkl,val
41831.pkl,val
41832.pkl,val
41833.pkl,train
41834.pkl,train
41835.pkl,train
41836.pkl,train
41837.pkl,val
41838.pkl,train
41839.pkl,train
41840.pkl,val
41841.pkl,train
41842.pkl,train
41843.pkl,train
41844.pkl,val
41845.pkl,train
41846.pkl,val
41847.pkl,val
41848.pkl,train
41849.pkl,train
41850.pkl,train
41851.pkl,val
41852.pkl,val
41853.pkl,val
41854.pkl,train
41855.pkl,val
41856.pkl,train
41857.pkl,train
41858.pkl,val
41859.pkl,val
41860.pkl,val
41861.pkl,train
41862.pkl,val
41863.pkl,val
41864.pkl,val
41865.pkl,train
41866.pkl,train
41867.pkl,val
41868.pkl,val
41869.pkl,train
41870.pkl,train
41871.pkl,train
41872.pkl,val
41873.pkl,val
41874.pkl,val
41875.pkl,train
41876.pkl,val
41877.pkl,val
41878.pkl,train
41879.pkl,train
41880.pkl,val
41881.pkl,train
41882.pkl,train
41883.pkl,val
41884.pkl,val
41885.pkl,val
41886.pkl,train
41887.pkl,train
41888.pkl,train
41889.pkl,train
41890.pkl,val
41891.pkl,train
41892.pkl,val
41893.pkl,train
41894.pkl,val
41895.pkl,train
41896.pkl,val
41897.pkl,val
41898.pkl,train
41899.pkl,train
41900.pkl,train
41901.pkl,val
41902.pkl,val
41903.pkl,val
41904.pkl,val
41905.pkl,val
41906.pkl,train
41907.pkl,train
41908.pkl,val
41909.pkl,val
41910.pkl,val
41911.pkl,train
41912.pkl,val
41913.pkl,train
41914.pkl,val
41915.pkl,train
41916.pkl,val
41917.pkl,val
41918.pkl,train
41919.pkl,val
41920.pkl,val
41921.pkl,val
41922.pkl,val
41923.pkl,train
41924.pkl,val
41925.pkl,train
41926.pkl,train
41927.pkl,train
41928.pkl,train
41929.pkl,val
41930.pkl,val
41931.pkl,val
41932.pkl,train
41933.pkl,train
41934.pkl,train
41935.pkl,train
41936.pkl,train
41937.pkl,train
41938.pkl,val
41939.pkl,train
41940.pkl,train
41941.pkl,train
41942.pkl,train
41943.pkl,val
41944.pkl,train
41945.pkl,train
41946.pkl,val
41947.pkl,train
41948.pkl,val
41949.pkl,train
41950.pkl,val
41951.pkl,val
41952.pkl,val
41953.pkl,train
41954.pkl,val
41955.pkl,val
41956.pkl,train
41957.pkl,val
41958.pkl,val
41959.pkl,val
41960.pkl,train
41961.pkl,val
41962.pkl,val
41963.pkl,train
41964.pkl,val
41965.pkl,val
41966.pkl,train
41967.pkl,train
41968.pkl,val
41969.pkl,train
41970.pkl,train
41971.pkl,train
41972.pkl,train
41973.pkl,train
41974.pkl,val
41975.pkl,val
41976.pkl,train
41977.pkl,val
41978.pkl,val
41979.pkl,val
41980.pkl,train
41981.pkl,val
41982.pkl,val
41983.pkl,val
41984.pkl,train
41985.pkl,train
41986.pkl,train
41987.pkl,train
41988.pkl,train
41989.pkl,train
41990.pkl,train
41991.pkl,train
41992.pkl,val
41993.pkl,train
41994.pkl,val
41995.pkl,train
41996.pkl,train
41997.pkl,val
41998.pkl,val
41999.pkl,train
42000.pkl,train
42001.pkl,train
42002.pkl,val
42003.pkl,train
42004.pkl,train
42005.pkl,train
42006.pkl,val
42007.pkl,val
42008.pkl,train
42009.pkl,val
42010.pkl,val
42011.pkl,val
42012.pkl,train
42013.pkl,val
42014.pkl,val
42015.pkl,val
42016.pkl,val
42017.pkl,train
42018.pkl,val
42019.pkl,val
42020.pkl,val
42021.pkl,train
42022.pkl,train
42023.pkl,train
42024.pkl,train
42025.pkl,train
42026.pkl,train
42027.pkl,val
42028.pkl,val
42029.pkl,val
42030.pkl,train
42031.pkl,train
42032.pkl,train
42033.pkl,val
42034.pkl,val
42035.pkl,val
42036.pkl,val
42037.pkl,train
42038.pkl,val
42039.pkl,val
42040.pkl,val
42041.pkl,val
42042.pkl,val
42043.pkl,val
42044.pkl,train
42045.pkl,train
42046.pkl,val
42047.pkl,val
42048.pkl,train
42049.pkl,train
42050.pkl,train
42051.pkl,train
42052.pkl,val
42053.pkl,train
42054.pkl,val
42055.pkl,train
42056.pkl,val
42057.pkl,val
42058.pkl,train
42059.pkl,train
42060.pkl,train
42061.pkl,val
42062.pkl,train
42063.pkl,train
42064.pkl,train
42065.pkl,val
42066.pkl,val
42067.pkl,train
42068.pkl,val
42069.pkl,train
42070.pkl,train
42071.pkl,train
42072.pkl,train
42073.pkl,train
42074.pkl,val
42075.pkl,train
42076.pkl,val
42077.pkl,train
42078.pkl,train
42079.pkl,train
42080.pkl,val
42081.pkl,train
42082.pkl,val
42083.pkl,train
42084.pkl,val
42085.pkl,val
42086.pkl,train
42087.pkl,train
42088.pkl,train
42089.pkl,train
42090.pkl,val
42091.pkl,val
42092.pkl,train
42093.pkl,train
42094.pkl,train
42095.pkl,train
42096.pkl,val
42097.pkl,train
42098.pkl,train
42099.pkl,val
42100.pkl,train
42101.pkl,val
42102.pkl,val
42103.pkl,val
42104.pkl,val
42105.pkl,val
42106.pkl,train
42107.pkl,val
42108.pkl,train
42109.pkl,train
42110.pkl,train
42111.pkl,val
42112.pkl,train
42113.pkl,train
42114.pkl,val
42115.pkl,train
42116.pkl,val
42117.pkl,val
42118.pkl,train
42119.pkl,val
42120.pkl,train
42121.pkl,train
42122.pkl,val
42123.pkl,val
42124.pkl,val
42125.pkl,train
42126.pkl,val
42127.pkl,val
42128.pkl,val
42129.pkl,val
42130.pkl,train
42131.pkl,train
42132.pkl,train
42133.pkl,train
42134.pkl,train
42135.pkl,train
42136.pkl,train
42137.pkl,val
42138.pkl,train
42139.pkl,val
42140.pkl,train
42141.pkl,val
42142.pkl,val
42143.pkl,train
42144.pkl,train
42145.pkl,train
42146.pkl,train
42147.pkl,train
42148.pkl,val
42149.pkl,val
42150.pkl,train
42151.pkl,train
42152.pkl,train
42153.pkl,train
42154.pkl,val
42155.pkl,train
42156.pkl,train
42157.pkl,val
42158.pkl,val
42159.pkl,val
42160.pkl,val
42161.pkl,val
42162.pkl,train
42163.pkl,val
42164.pkl,val
42165.pkl,val
42166.pkl,val
42167.pkl,train
42168.pkl,val
42169.pkl,train
42170.pkl,val
42171.pkl,val
42172.pkl,train
42173.pkl,train
42174.pkl,train
42175.pkl,train
42176.pkl,train
42177.pkl,val
42178.pkl,val
42179.pkl,val
42180.pkl,train
42181.pkl,val
42182.pkl,val
42183.pkl,val
42184.pkl,train
42185.pkl,train
42186.pkl,train
42187.pkl,train
42188.pkl,val
42189.pkl,train
42190.pkl,train
42191.pkl,train
42192.pkl,train
42193.pkl,train
42194.pkl,val
42195.pkl,val
42196.pkl,val
42197.pkl,val
42198.pkl,train
42199.pkl,val
42200.pkl,val
42201.pkl,train
42202.pkl,val
42203.pkl,train
42204.pkl,val
42205.pkl,val
42206.pkl,train
42207.pkl,train
42208.pkl,train
42209.pkl,val
42210.pkl,val
42211.pkl,train
42212.pkl,val
42213.pkl,val
42214.pkl,train
42215.pkl,val
42216.pkl,train
42217.pkl,train
42218.pkl,train
42219.pkl,val
42220.pkl,train
42221.pkl,val
42222.pkl,train
42223.pkl,val
42224.pkl,val
42225.pkl,train
42226.pkl,train
42227.pkl,val
42228.pkl,val
42229.pkl,train
42230.pkl,train
42231.pkl,val
42232.pkl,val
42233.pkl,val
42234.pkl,val
42235.pkl,train
42236.pkl,val
42237.pkl,val
42238.pkl,val
42239.pkl,train
42240.pkl,val
42241.pkl,train
42242.pkl,val
42243.pkl,train
42244.pkl,val
42245.pkl,val
42246.pkl,val
42247.pkl,val
42248.pkl,val
42249.pkl,val
42250.pkl,val
42251.pkl,val
42252.pkl,train
42253.pkl,train
42254.pkl,train
42255.pkl,val
42256.pkl,val
42257.pkl,train
42258.pkl,train
42259.pkl,val
42260.pkl,val
42261.pkl,val
42262.pkl,train
42263.pkl,train
42264.pkl,val
42265.pkl,val
42266.pkl,val
42267.pkl,train
42268.pkl,val
42269.pkl,train
42270.pkl,val
42271.pkl,train
42272.pkl,val
42273.pkl,train
42274.pkl,train
42275.pkl,val
42276.pkl,val
42277.pkl,val
42278.pkl,val
42279.pkl,val
42280.pkl,val
42281.pkl,val
42282.pkl,train
42283.pkl,train
42284.pkl,train
42285.pkl,train
42286.pkl,train
42287.pkl,val
42288.pkl,val
42289.pkl,val
42290.pkl,train
42291.pkl,train
42292.pkl,val
42293.pkl,val
42294.pkl,train
42295.pkl,val
42296.pkl,val
42297.pkl,train
42298.pkl,val
42299.pkl,val
42300.pkl,train
42301.pkl,val
42302.pkl,val
42303.pkl,val
42304.pkl,val
42305.pkl,val
42306.pkl,val
42307.pkl,val
42308.pkl,val
42309.pkl,val
42310.pkl,train
42311.pkl,val
42312.pkl,train
42313.pkl,val
42314.pkl,val
42315.pkl,train
42316.pkl,val
42317.pkl,train
42318.pkl,val
42319.pkl,train
42320.pkl,train
42321.pkl,train
42322.pkl,val
42323.pkl,val
42324.pkl,val
42325.pkl,train
42326.pkl,val
42327.pkl,train
42328.pkl,val
42329.pkl,val
42330.pkl,val
42331.pkl,val
42332.pkl,train
42333.pkl,train
42334.pkl,train
42335.pkl,val
42336.pkl,val
42337.pkl,val
42338.pkl,train
42339.pkl,val
42340.pkl,train
42341.pkl,train
42342.pkl,val
42343.pkl,train
42344.pkl,val
42345.pkl,train
42346.pkl,train
42347.pkl,val
42348.pkl,val
42349.pkl,train
42350.pkl,val
42351.pkl,train
42352.pkl,train
42353.pkl,val
42354.pkl,train
42355.pkl,val
42356.pkl,train
42357.pkl,train
42358.pkl,val
42359.pkl,train
42360.pkl,val
42361.pkl,train
42362.pkl,train
42363.pkl,val
42364.pkl,train
42365.pkl,val
42366.pkl,val
42367.pkl,val
42368.pkl,train
42369.pkl,train
42370.pkl,val
42371.pkl,val
42372.pkl,train
42373.pkl,val
42374.pkl,train
42375.pkl,val
42376.pkl,train
42377.pkl,val
42378.pkl,val
42379.pkl,train
42380.pkl,train
42381.pkl,val
42382.pkl,val
42383.pkl,train
42384.pkl,val
42385.pkl,train
42386.pkl,val
42387.pkl,val
42388.pkl,train
42389.pkl,train
42390.pkl,val
42391.pkl,val
42392.pkl,train
42393.pkl,train
42394.pkl,train
42395.pkl,val
42396.pkl,val
42397.pkl,val
42398.pkl,train
42399.pkl,train
42400.pkl,val
42401.pkl,val
42402.pkl,val
42403.pkl,val
42404.pkl,train
42405.pkl,train
42406.pkl,val
42407.pkl,val
42408.pkl,val
42409.pkl,val
42410.pkl,val
42411.pkl,train
42412.pkl,val
42413.pkl,val
42414.pkl,val
42415.pkl,train
42416.pkl,val
42417.pkl,val
42418.pkl,val
42419.pkl,train
42420.pkl,val
42421.pkl,val
42422.pkl,train
42423.pkl,train
42424.pkl,val
42425.pkl,val
42426.pkl,val
42427.pkl,train
42428.pkl,val
42429.pkl,train
42430.pkl,train
42431.pkl,train
42432.pkl,val
42433.pkl,train
42434.pkl,val
42435.pkl,val
42436.pkl,train
42437.pkl,val
42438.pkl,val
42439.pkl,train
42440.pkl,val
42441.pkl,val
42442.pkl,train
42443.pkl,val
42444.pkl,val
42445.pkl,val
42446.pkl,val
42447.pkl,train
42448.pkl,val
42449.pkl,train
42450.pkl,train
42451.pkl,val
42452.pkl,val
42453.pkl,val
42454.pkl,train
42455.pkl,train
42456.pkl,train
42457.pkl,train
42458.pkl,train
42459.pkl,train
42460.pkl,train
42461.pkl,val
42462.pkl,train
42463.pkl,val
42464.pkl,train
42465.pkl,val
42466.pkl,train
42467.pkl,train
42468.pkl,train
42469.pkl,val
42470.pkl,val
42471.pkl,val
42472.pkl,val
42473.pkl,train
42474.pkl,val
42475.pkl,train
42476.pkl,train
42477.pkl,val
42478.pkl,val
42479.pkl,train
42480.pkl,train
42481.pkl,train
42482.pkl,val
42483.pkl,train
42484.pkl,val
42485.pkl,val
42486.pkl,val
42487.pkl,val
42488.pkl,train
42489.pkl,train
42490.pkl,val
42491.pkl,train
42492.pkl,val
42493.pkl,val
42494.pkl,val
42495.pkl,train
42496.pkl,val
42497.pkl,val
42498.pkl,train
42499.pkl,train
42500.pkl,train
42501.pkl,val
42502.pkl,val
42503.pkl,val
42504.pkl,train
42505.pkl,val
42506.pkl,train
42507.pkl,train
42508.pkl,val
42509.pkl,val
42510.pkl,train
42511.pkl,train
42512.pkl,val
42513.pkl,val
42514.pkl,val
42515.pkl,train
42516.pkl,val
42517.pkl,val
42518.pkl,val
42519.pkl,train
42520.pkl,val
42521.pkl,train
42522.pkl,val
42523.pkl,train
42524.pkl,train
42525.pkl,train
42526.pkl,train
42527.pkl,val
42528.pkl,train
42529.pkl,train
42530.pkl,val
42531.pkl,val
42532.pkl,train
42533.pkl,val
42534.pkl,train
42535.pkl,val
42536.pkl,train
42537.pkl,train
42538.pkl,train
42539.pkl,val
42540.pkl,val
42541.pkl,val
42542.pkl,val
42543.pkl,train
42544.pkl,val
42545.pkl,train
42546.pkl,val
42547.pkl,train
42548.pkl,val
42549.pkl,train
42550.pkl,val
42551.pkl,train
42552.pkl,val
42553.pkl,train
42554.pkl,train
42555.pkl,train
42556.pkl,train
42557.pkl,val
42558.pkl,train
42559.pkl,val
42560.pkl,val
42561.pkl,train
42562.pkl,val
42563.pkl,train
42564.pkl,train
42565.pkl,train
42566.pkl,train
42567.pkl,train
42568.pkl,train
42569.pkl,val
42570.pkl,val
42571.pkl,val
42572.pkl,train
42573.pkl,val
42574.pkl,val
42575.pkl,val
42576.pkl,train
42577.pkl,train
42578.pkl,train
42579.pkl,train
42580.pkl,train
42581.pkl,val
42582.pkl,train
42583.pkl,val
42584.pkl,train
42585.pkl,val
42586.pkl,train
42587.pkl,val
42588.pkl,train
42589.pkl,val
42590.pkl,val
42591.pkl,val
42592.pkl,train
42593.pkl,train
42594.pkl,val
42595.pkl,val
42596.pkl,train
42597.pkl,train
42598.pkl,val
42599.pkl,val
42600.pkl,val
42601.pkl,train
42602.pkl,train
42603.pkl,train
42604.pkl,val
42605.pkl,train
42606.pkl,val
42607.pkl,val
42608.pkl,train
42609.pkl,train
42610.pkl,train
42611.pkl,val
42612.pkl,train
42613.pkl,train
42614.pkl,val
42615.pkl,val
42616.pkl,train
42617.pkl,val
42618.pkl,val
42619.pkl,train
42620.pkl,train
42621.pkl,train
42622.pkl,train
42623.pkl,train
42624.pkl,train
42625.pkl,val
42626.pkl,val
42627.pkl,val
42628.pkl,val
42629.pkl,train
42630.pkl,val
42631.pkl,train
42632.pkl,train
42633.pkl,val
42634.pkl,train
42635.pkl,val
42636.pkl,val
42637.pkl,val
42638.pkl,val
42639.pkl,train
42640.pkl,train
42641.pkl,train
42642.pkl,train
42643.pkl,train
42644.pkl,train
42645.pkl,train
42646.pkl,train
42647.pkl,val
42648.pkl,train
42649.pkl,train
42650.pkl,train
42651.pkl,train
42652.pkl,train
42653.pkl,train
42654.pkl,train
42655.pkl,train
42656.pkl,val
42657.pkl,val
42658.pkl,val
42659.pkl,val
42660.pkl,val
42661.pkl,val
42662.pkl,train
42663.pkl,val
42664.pkl,val
42665.pkl,train
42666.pkl,val
42667.pkl,train
42668.pkl,train
42669.pkl,train
42670.pkl,val
42671.pkl,val
42672.pkl,val
42673.pkl,val
42674.pkl,train
42675.pkl,train
42676.pkl,train
42677.pkl,val
42678.pkl,train
42679.pkl,val
42680.pkl,train
42681.pkl,val
42682.pkl,val
42683.pkl,val
42684.pkl,train
42685.pkl,val
42686.pkl,train
42687.pkl,train
42688.pkl,val
42689.pkl,val
42690.pkl,train
42691.pkl,val
42692.pkl,train
42693.pkl,train
42694.pkl,val
42695.pkl,train
42696.pkl,train
42697.pkl,val
42698.pkl,val
42699.pkl,val
42700.pkl,val
42701.pkl,val
42702.pkl,val
42703.pkl,train
42704.pkl,train
42705.pkl,val
42706.pkl,train
42707.pkl,train
42708.pkl,train
42709.pkl,val
42710.pkl,val
42711.pkl,train
42712.pkl,train
42713.pkl,val
42714.pkl,train
42715.pkl,train
42716.pkl,val
42717.pkl,train
42718.pkl,val
42719.pkl,train
42720.pkl,train
42721.pkl,train
42722.pkl,train
42723.pkl,train
42724.pkl,val
42725.pkl,val
42726.pkl,train
42727.pkl,train
42728.pkl,train
42729.pkl,train
42730.pkl,val
42731.pkl,val
42732.pkl,train
42733.pkl,val
42734.pkl,train
42735.pkl,val
42736.pkl,train
42737.pkl,train
42738.pkl,val
42739.pkl,val
42740.pkl,train
42741.pkl,val
42742.pkl,train
42743.pkl,val
42744.pkl,train
42745.pkl,val
42746.pkl,val
42747.pkl,train
42748.pkl,val
42749.pkl,val
42750.pkl,train
42751.pkl,train
42752.pkl,val
42753.pkl,train
42754.pkl,val
42755.pkl,train
42756.pkl,val
42757.pkl,train
42758.pkl,train
42759.pkl,train
42760.pkl,val
42761.pkl,val
42762.pkl,val
42763.pkl,val
42764.pkl,val
42765.pkl,train
42766.pkl,train
42767.pkl,val
42768.pkl,train
42769.pkl,train
42770.pkl,val
42771.pkl,val
42772.pkl,train
42773.pkl,val
42774.pkl,train
42775.pkl,val
42776.pkl,train
42777.pkl,train
42778.pkl,train
42779.pkl,val
42780.pkl,val
42781.pkl,val
42782.pkl,val
42783.pkl,val
42784.pkl,train
42785.pkl,train
42786.pkl,val
42787.pkl,val
42788.pkl,train
42789.pkl,train
42790.pkl,train
42791.pkl,train
42792.pkl,train
42793.pkl,train
42794.pkl,val
42795.pkl,val
42796.pkl,train
42797.pkl,train
42798.pkl,val
42799.pkl,val
42800.pkl,train
42801.pkl,train
42802.pkl,train
42803.pkl,val
42804.pkl,train
42805.pkl,val
42806.pkl,train
42807.pkl,val
42808.pkl,train
42809.pkl,val
42810.pkl,train
42811.pkl,train
42812.pkl,val
42813.pkl,val
42814.pkl,train
42815.pkl,val
42816.pkl,val
42817.pkl,val
42818.pkl,train
42819.pkl,val
42820.pkl,val
42821.pkl,train
42822.pkl,val
42823.pkl,train
42824.pkl,val
42825.pkl,train
42826.pkl,val
42827.pkl,train
42828.pkl,val
42829.pkl,train
42830.pkl,val
42831.pkl,train
42832.pkl,val
42833.pkl,train
42834.pkl,train
42835.pkl,train
42836.pkl,val
42837.pkl,train
42838.pkl,train
42839.pkl,val
42840.pkl,train
42841.pkl,train
42842.pkl,train
42843.pkl,val
42844.pkl,val
42845.pkl,train
42846.pkl,val
42847.pkl,train
42848.pkl,val
42849.pkl,val
42850.pkl,val
42851.pkl,train
42852.pkl,val
42853.pkl,val
42854.pkl,val
42855.pkl,val
42856.pkl,val
42857.pkl,val
42858.pkl,val
42859.pkl,train
42860.pkl,val
42861.pkl,val
42862.pkl,train
42863.pkl,train
42864.pkl,val
42865.pkl,train
42866.pkl,val
42867.pkl,train
42868.pkl,train
42869.pkl,train
42870.pkl,val
42871.pkl,val
42872.pkl,val
42873.pkl,val
42874.pkl,val
42875.pkl,train
42876.pkl,train
42877.pkl,val
42878.pkl,train
42879.pkl,train
42880.pkl,train
42881.pkl,train
42882.pkl,train
42883.pkl,val
42884.pkl,train
42885.pkl,val
42886.pkl,val
42887.pkl,train
42888.pkl,train
42889.pkl,val
42890.pkl,train
42891.pkl,val
42892.pkl,val
42893.pkl,train
42894.pkl,val
42895.pkl,train
42896.pkl,val
42897.pkl,train
42898.pkl,train
42899.pkl,val
42900.pkl,val
42901.pkl,train
42902.pkl,val
42903.pkl,val
42904.pkl,train
42905.pkl,train
42906.pkl,val
42907.pkl,val
42908.pkl,train
42909.pkl,val
42910.pkl,val
42911.pkl,val
42912.pkl,val
42913.pkl,train
42914.pkl,train
42915.pkl,val
42916.pkl,train
42917.pkl,val
42918.pkl,val
42919.pkl,train
42920.pkl,val
42921.pkl,train
42922.pkl,train
42923.pkl,train
42924.pkl,val
42925.pkl,train
42926.pkl,val
42927.pkl,val
42928.pkl,train
42929.pkl,val
42930.pkl,val
42931.pkl,train
42932.pkl,train
42933.pkl,val
42934.pkl,train
42935.pkl,train
42936.pkl,train
42937.pkl,train
42938.pkl,val
42939.pkl,val
42940.pkl,val
42941.pkl,train
42942.pkl,train
42943.pkl,train
42944.pkl,train
42945.pkl,train
42946.pkl,val
42947.pkl,train
42948.pkl,val
42949.pkl,val
42950.pkl,val
42951.pkl,train
42952.pkl,val
42953.pkl,val
42954.pkl,val
42955.pkl,val
42956.pkl,val
42957.pkl,val
42958.pkl,val
42959.pkl,val
42960.pkl,train
42961.pkl,train
42962.pkl,val
42963.pkl,val
42964.pkl,val
42965.pkl,train
42966.pkl,train
42967.pkl,val
42968.pkl,train
42969.pkl,val
42970.pkl,train
42971.pkl,train
42972.pkl,val
42973.pkl,train
42974.pkl,val
42975.pkl,val
42976.pkl,train
42977.pkl,train
42978.pkl,val
42979.pkl,train
42980.pkl,train
42981.pkl,val
42982.pkl,val
42983.pkl,train
42984.pkl,val
42985.pkl,val
42986.pkl,val
42987.pkl,val
42988.pkl,train
42989.pkl,val
42990.pkl,val
42991.pkl,val
42992.pkl,train
42993.pkl,val
42994.pkl,val
42995.pkl,val
42996.pkl,train
42997.pkl,train
42998.pkl,train
42999.pkl,val
43000.pkl,train
43001.pkl,train
43002.pkl,val
43003.pkl,val
43004.pkl,train
43005.pkl,train
43006.pkl,val
43007.pkl,train
43008.pkl,val
43009.pkl,val
43010.pkl,train
43011.pkl,train
43012.pkl,val
43013.pkl,val
43014.pkl,train
43015.pkl,train
43016.pkl,train
43017.pkl,val
43018.pkl,train
43019.pkl,train
43020.pkl,train
43021.pkl,train
43022.pkl,train
43023.pkl,train
43024.pkl,val
43025.pkl,train
43026.pkl,train
43027.pkl,train
43028.pkl,val
43029.pkl,val
43030.pkl,val
43031.pkl,val
43032.pkl,train
43033.pkl,val
43034.pkl,val
43035.pkl,val
43036.pkl,val
43037.pkl,val
43038.pkl,train
43039.pkl,val
43040.pkl,train
43041.pkl,train
43042.pkl,val
43043.pkl,train
43044.pkl,val
43045.pkl,train
43046.pkl,train
43047.pkl,train
43048.pkl,val
43049.pkl,val
43050.pkl,train
43051.pkl,train
43052.pkl,val
43053.pkl,train
43054.pkl,val
43055.pkl,val
43056.pkl,train
43057.pkl,train
43058.pkl,val
43059.pkl,val
43060.pkl,val
43061.pkl,train
43062.pkl,train
43063.pkl,val
43064.pkl,train
43065.pkl,train
43066.pkl,train
43067.pkl,val
43068.pkl,val
43069.pkl,train
43070.pkl,val
43071.pkl,val
43072.pkl,train
43073.pkl,train
43074.pkl,train
43075.pkl,train
43076.pkl,train
43077.pkl,val
43078.pkl,val
43079.pkl,val
43080.pkl,val
43081.pkl,val
43082.pkl,train
43083.pkl,train
43084.pkl,val
43085.pkl,val
43086.pkl,train
43087.pkl,train
43088.pkl,val
43089.pkl,train
43090.pkl,train
43091.pkl,val
43092.pkl,val
43093.pkl,val
43094.pkl,val
43095.pkl,train
43096.pkl,val
43097.pkl,val
43098.pkl,train
43099.pkl,train
43100.pkl,val
43101.pkl,val
43102.pkl,train
43103.pkl,val
43104.pkl,val
43105.pkl,train
43106.pkl,train
43107.pkl,val
43108.pkl,train
43109.pkl,train
43110.pkl,train
43111.pkl,val
43112.pkl,val
43113.pkl,val
43114.pkl,val
43115.pkl,val
43116.pkl,val
43117.pkl,val
43118.pkl,train
43119.pkl,train
43120.pkl,val
43121.pkl,train
43122.pkl,train
43123.pkl,val
43124.pkl,train
43125.pkl,train
43126.pkl,val
43127.pkl,train
43128.pkl,val
43129.pkl,val
43130.pkl,train
43131.pkl,train
43132.pkl,val
43133.pkl,val
43134.pkl,val
43135.pkl,train
43136.pkl,val
43137.pkl,val
43138.pkl,train
43139.pkl,val
43140.pkl,train
43141.pkl,val
43142.pkl,val
43143.pkl,train
43144.pkl,val
43145.pkl,val
43146.pkl,val
43147.pkl,train
43148.pkl,train
43149.pkl,val
43150.pkl,train
43151.pkl,val
43152.pkl,val
43153.pkl,val
43154.pkl,val
43155.pkl,train
43156.pkl,val
43157.pkl,val
43158.pkl,val
43159.pkl,train
43160.pkl,val
43161.pkl,train
43162.pkl,val
43163.pkl,val
43164.pkl,train
43165.pkl,val
43166.pkl,val
43167.pkl,train
43168.pkl,train
43169.pkl,train
43170.pkl,val
43171.pkl,val
43172.pkl,train
43173.pkl,train
43174.pkl,train
43175.pkl,val
43176.pkl,val
43177.pkl,train
43178.pkl,val
43179.pkl,val
43180.pkl,val
43181.pkl,val
43182.pkl,val
43183.pkl,train
43184.pkl,train
43185.pkl,train
43186.pkl,train
43187.pkl,val
43188.pkl,train
43189.pkl,train
43190.pkl,train
43191.pkl,train
43192.pkl,train
43193.pkl,val
43194.pkl,train
43195.pkl,train
43196.pkl,train
43197.pkl,train
43198.pkl,val
43199.pkl,train
43200.pkl,val
43201.pkl,train
43202.pkl,train
43203.pkl,train
43204.pkl,val
43205.pkl,train
43206.pkl,val
43207.pkl,val
43208.pkl,train
43209.pkl,val
43210.pkl,train
43211.pkl,val
43212.pkl,train
43213.pkl,val
43214.pkl,val
43215.pkl,val
43216.pkl,train
43217.pkl,train
43218.pkl,train
43219.pkl,val
43220.pkl,val
43221.pkl,val
43222.pkl,val
43223.pkl,val
43224.pkl,train
43225.pkl,val
43226.pkl,train
43227.pkl,val
43228.pkl,train
43229.pkl,train
43230.pkl,val
43231.pkl,train
43232.pkl,train
43233.pkl,val
43234.pkl,train
43235.pkl,val
43236.pkl,train
43237.pkl,val
43238.pkl,val
43239.pkl,val
43240.pkl,train
43241.pkl,train
43242.pkl,train
43243.pkl,val
43244.pkl,val
43245.pkl,val
43246.pkl,train
43247.pkl,val
43248.pkl,val
43249.pkl,val
43250.pkl,train
43251.pkl,train
43252.pkl,train
43253.pkl,val
43254.pkl,val
43255.pkl,val
43256.pkl,val
43257.pkl,train
43258.pkl,val
43259.pkl,train
43260.pkl,val
43261.pkl,train
43262.pkl,val
43263.pkl,train
43264.pkl,val
43265.pkl,val
43266.pkl,val
43267.pkl,val
43268.pkl,val
43269.pkl,train
43270.pkl,val
43271.pkl,val
43272.pkl,train
43273.pkl,train
43274.pkl,train
43275.pkl,val
43276.pkl,val
43277.pkl,val
43278.pkl,val
43279.pkl,train
43280.pkl,val
43281.pkl,val
43282.pkl,train
43283.pkl,train
43284.pkl,train
43285.pkl,val
43286.pkl,val
43287.pkl,train
43288.pkl,val
43289.pkl,train
43290.pkl,train
43291.pkl,val
43292.pkl,val
43293.pkl,train
43294.pkl,train
43295.pkl,val
43296.pkl,train
43297.pkl,val
43298.pkl,train
43299.pkl,train
43300.pkl,train
43301.pkl,val
43302.pkl,train
43303.pkl,val
43304.pkl,train
43305.pkl,val
43306.pkl,val
43307.pkl,train
43308.pkl,val
43309.pkl,val
43310.pkl,val
43311.pkl,val
43312.pkl,val
43313.pkl,val
43314.pkl,val
43315.pkl,val
43316.pkl,train
43317.pkl,val
43318.pkl,train
43319.pkl,train
43320.pkl,train
43321.pkl,val
43322.pkl,val
43323.pkl,val
43324.pkl,val
43325.pkl,train
43326.pkl,val
43327.pkl,train
43328.pkl,train
43329.pkl,train
43330.pkl,val
43331.pkl,val
43332.pkl,train
43333.pkl,train
43334.pkl,train
43335.pkl,val
43336.pkl,val
43337.pkl,val
43338.pkl,train
43339.pkl,train
43340.pkl,train
43341.pkl,val
43342.pkl,train
43343.pkl,train
43344.pkl,train
43345.pkl,train
43346.pkl,train
43347.pkl,train
43348.pkl,val
43349.pkl,train
43350.pkl,train
43351.pkl,train
43352.pkl,train
43353.pkl,val
43354.pkl,train
43355.pkl,train
43356.pkl,train
43357.pkl,val
43358.pkl,train
43359.pkl,train
43360.pkl,train
43361.pkl,val
43362.pkl,val
43363.pkl,train
43364.pkl,train
43365.pkl,train
43366.pkl,val
43367.pkl,val
43368.pkl,val
43369.pkl,train
43370.pkl,train
43371.pkl,val
43372.pkl,train
43373.pkl,train
43374.pkl,train
43375.pkl,train
43376.pkl,val
43377.pkl,val
43378.pkl,val
43379.pkl,train
43380.pkl,val
43381.pkl,val
43382.pkl,val
43383.pkl,val
43384.pkl,train
43385.pkl,train
43386.pkl,val
43387.pkl,train
43388.pkl,train
43389.pkl,train
43390.pkl,val
43391.pkl,val
43392.pkl,train
43393.pkl,val
43394.pkl,val
43395.pkl,val
43396.pkl,val
43397.pkl,train
43398.pkl,train
43399.pkl,val
43400.pkl,val
43401.pkl,val
43402.pkl,val
43403.pkl,val
43404.pkl,val
43405.pkl,train
43406.pkl,val
43407.pkl,train
43408.pkl,val
43409.pkl,train
43410.pkl,train
43411.pkl,train
43412.pkl,train
43413.pkl,val
43414.pkl,train
43415.pkl,train
43416.pkl,val
43417.pkl,train
43418.pkl,val
43419.pkl,train
43420.pkl,val
43421.pkl,train
43422.pkl,val
43423.pkl,val
43424.pkl,val
43425.pkl,val
43426.pkl,val
43427.pkl,train
43428.pkl,val
43429.pkl,val
43430.pkl,val
43431.pkl,train
43432.pkl,val
43433.pkl,train
43434.pkl,val
43435.pkl,val
43436.pkl,train
43437.pkl,val
43438.pkl,train
43439.pkl,train
43440.pkl,train
43441.pkl,train
43442.pkl,train
43443.pkl,train
43444.pkl,val
43445.pkl,train
43446.pkl,val
43447.pkl,train
43448.pkl,val
43449.pkl,val
43450.pkl,val
43451.pkl,train
43452.pkl,val
43453.pkl,train
43454.pkl,val
43455.pkl,train
43456.pkl,train
43457.pkl,train
43458.pkl,train
43459.pkl,val
43460.pkl,train
43461.pkl,val
43462.pkl,train
43463.pkl,train
43464.pkl,val
43465.pkl,val
43466.pkl,train
43467.pkl,train
43468.pkl,train
43469.pkl,val
43470.pkl,train
43471.pkl,train
43472.pkl,val
43473.pkl,val
43474.pkl,train
43475.pkl,val
43476.pkl,train
43477.pkl,val
43478.pkl,val
43479.pkl,train
43480.pkl,val
43481.pkl,train
43482.pkl,train
43483.pkl,val
43484.pkl,val
43485.pkl,val
43486.pkl,val
43487.pkl,train
43488.pkl,train
43489.pkl,train
43490.pkl,val
43491.pkl,val
43492.pkl,train
43493.pkl,train
43494.pkl,train
43495.pkl,val
43496.pkl,val
43497.pkl,train
43498.pkl,val
43499.pkl,val
43500.pkl,train
43501.pkl,val
43502.pkl,train
43503.pkl,train
43504.pkl,train
43505.pkl,train
43506.pkl,val
43507.pkl,val
43508.pkl,train
43509.pkl,train
43510.pkl,train
43511.pkl,val
43512.pkl,train
43513.pkl,val
43514.pkl,val
43515.pkl,train
43516.pkl,train
43517.pkl,train
43518.pkl,train
43519.pkl,train
43520.pkl,train
43521.pkl,train
43522.pkl,val
43523.pkl,val
43524.pkl,val
43525.pkl,val
43526.pkl,train
43527.pkl,train
43528.pkl,val
43529.pkl,train
43530.pkl,val
43531.pkl,val
43532.pkl,train
43533.pkl,train
43534.pkl,train
43535.pkl,train
43536.pkl,train
43537.pkl,train
43538.pkl,val
43539.pkl,train
43540.pkl,val
43541.pkl,train
43542.pkl,train
43543.pkl,train
43544.pkl,train
43545.pkl,val
43546.pkl,train
43547.pkl,val
43548.pkl,val
43549.pkl,val
43550.pkl,train
43551.pkl,train
43552.pkl,val
43553.pkl,val
43554.pkl,train
43555.pkl,val
43556.pkl,train
43557.pkl,train
43558.pkl,train
43559.pkl,val
43560.pkl,val
43561.pkl,val
43562.pkl,train
43563.pkl,train
43564.pkl,train
43565.pkl,val
43566.pkl,train
43567.pkl,val
43568.pkl,val
43569.pkl,train
43570.pkl,val
43571.pkl,train
43572.pkl,val
43573.pkl,train
43574.pkl,val
43575.pkl,train
43576.pkl,val
43577.pkl,train
43578.pkl,val
43579.pkl,val
43580.pkl,val
43581.pkl,val
43582.pkl,train
43583.pkl,val
43584.pkl,val
43585.pkl,val
43586.pkl,val
43587.pkl,train
43588.pkl,val
43589.pkl,train
43590.pkl,train
43591.pkl,val
43592.pkl,train
43593.pkl,val
43594.pkl,train
43595.pkl,train
43596.pkl,train
43597.pkl,val
43598.pkl,train
43599.pkl,train
43600.pkl,val
43601.pkl,train
43602.pkl,val
43603.pkl,val
43604.pkl,val
43605.pkl,train
43606.pkl,train
43607.pkl,train
43608.pkl,train
43609.pkl,train
43610.pkl,val
43611.pkl,train
43612.pkl,val
43613.pkl,train
43614.pkl,train
43615.pkl,val
43616.pkl,val
43617.pkl,val
43618.pkl,train
43619.pkl,val
43620.pkl,train
43621.pkl,val
43622.pkl,train
43623.pkl,val
43624.pkl,train
43625.pkl,val
43626.pkl,val
43627.pkl,train
43628.pkl,train
43629.pkl,train
43630.pkl,val
43631.pkl,val
43632.pkl,train
43633.pkl,train
43634.pkl,train
43635.pkl,train
43636.pkl,train
43637.pkl,val
43638.pkl,train
43639.pkl,val
43640.pkl,train
43641.pkl,val
43642.pkl,val
43643.pkl,train
43644.pkl,val
43645.pkl,train
43646.pkl,val
43647.pkl,val
43648.pkl,val
43649.pkl,train
43650.pkl,train
43651.pkl,train
43652.pkl,val
43653.pkl,val
43654.pkl,train
43655.pkl,val
43656.pkl,train
43657.pkl,val
43658.pkl,train
43659.pkl,train
43660.pkl,val
43661.pkl,train
43662.pkl,train
43663.pkl,train
43664.pkl,train
43665.pkl,train
43666.pkl,train
43667.pkl,train
43668.pkl,val
43669.pkl,train
43670.pkl,val
43671.pkl,val
43672.pkl,val
43673.pkl,train
43674.pkl,val
43675.pkl,train
43676.pkl,train
43677.pkl,val
43678.pkl,train
43679.pkl,val
43680.pkl,val
43681.pkl,train
43682.pkl,train
43683.pkl,val
43684.pkl,train
43685.pkl,val
43686.pkl,train
43687.pkl,train
43688.pkl,train
43689.pkl,train
43690.pkl,val
43691.pkl,val
43692.pkl,val
43693.pkl,train
43694.pkl,train
43695.pkl,val
43696.pkl,val
43697.pkl,val
43698.pkl,train
43699.pkl,train
43700.pkl,train
43701.pkl,train
43702.pkl,val
43703.pkl,train
43704.pkl,train
43705.pkl,val
43706.pkl,val
43707.pkl,val
43708.pkl,val
43709.pkl,train
43710.pkl,train
43711.pkl,val
43712.pkl,val
43713.pkl,val
43714.pkl,val
43715.pkl,train
43716.pkl,val
43717.pkl,train
43718.pkl,val
43719.pkl,train
43720.pkl,val
43721.pkl,val
43722.pkl,val
43723.pkl,train
43724.pkl,train
43725.pkl,val
43726.pkl,val
43727.pkl,train
43728.pkl,train
43729.pkl,train
43730.pkl,train
43731.pkl,train
43732.pkl,val
43733.pkl,val
43734.pkl,val
43735.pkl,train
43736.pkl,val
43737.pkl,val
43738.pkl,train
43739.pkl,val
43740.pkl,val
43741.pkl,train
43742.pkl,train
43743.pkl,val
43744.pkl,val
43745.pkl,train
43746.pkl,train
43747.pkl,train
43748.pkl,val
43749.pkl,val
43750.pkl,val
43751.pkl,train
43752.pkl,train
43753.pkl,train
43754.pkl,train
43755.pkl,val
43756.pkl,train
43757.pkl,train
43758.pkl,val
43759.pkl,train
43760.pkl,train
43761.pkl,val
43762.pkl,train
43763.pkl,train
43764.pkl,val
43765.pkl,train
43766.pkl,train
43767.pkl,val
43768.pkl,val
43769.pkl,val
43770.pkl,val
43771.pkl,train
43772.pkl,train
43773.pkl,train
43774.pkl,train
43775.pkl,train
43776.pkl,train
43777.pkl,train
43778.pkl,val
43779.pkl,val
43780.pkl,train
43781.pkl,val
43782.pkl,train
43783.pkl,train
43784.pkl,train
43785.pkl,train
43786.pkl,val
43787.pkl,val
43788.pkl,train
43789.pkl,train
43790.pkl,val
43791.pkl,train
43792.pkl,val
43793.pkl,train
43794.pkl,train
43795.pkl,val
43796.pkl,train
43797.pkl,train
43798.pkl,val
43799.pkl,val
43800.pkl,train
43801.pkl,val
43802.pkl,train
43803.pkl,val
43804.pkl,train
43805.pkl,val
43806.pkl,train
43807.pkl,train
43808.pkl,train
43809.pkl,train
43810.pkl,val
43811.pkl,train
43812.pkl,train
43813.pkl,train
43814.pkl,train
43815.pkl,train
43816.pkl,val
43817.pkl,train
43818.pkl,train
43819.pkl,val
43820.pkl,train
43821.pkl,train
43822.pkl,train
43823.pkl,train
43824.pkl,train
43825.pkl,val
43826.pkl,train
43827.pkl,train
43828.pkl,train
43829.pkl,val
43830.pkl,train
43831.pkl,val
43832.pkl,val
43833.pkl,train
43834.pkl,train
43835.pkl,val
43836.pkl,train
43837.pkl,train
43838.pkl,train
43839.pkl,val
43840.pkl,val
43841.pkl,train
43842.pkl,val
43843.pkl,train
43844.pkl,train
43845.pkl,val
43846.pkl,train
43847.pkl,train
43848.pkl,train
43849.pkl,train
43850.pkl,train
43851.pkl,train
43852.pkl,train
43853.pkl,train
43854.pkl,train
43855.pkl,train
43856.pkl,train
43857.pkl,train
43858.pkl,train
43859.pkl,train
43860.pkl,val
43861.pkl,train
43862.pkl,train
43863.pkl,train
43864.pkl,val
43865.pkl,train
43866.pkl,val
43867.pkl,train
43868.pkl,val
43869.pkl,train
43870.pkl,train
43871.pkl,train
43872.pkl,train
43873.pkl,val
43874.pkl,train
43875.pkl,val
43876.pkl,val
43877.pkl,train
43878.pkl,val
43879.pkl,train
43880.pkl,train
43881.pkl,train
43882.pkl,train
43883.pkl,val
43884.pkl,train
43885.pkl,train
43886.pkl,val
43887.pkl,val
43888.pkl,train
43889.pkl,train
43890.pkl,train
43891.pkl,val
43892.pkl,train
43893.pkl,val
43894.pkl,train
43895.pkl,train
43896.pkl,train
43897.pkl,val
43898.pkl,val
43899.pkl,train
43900.pkl,train
43901.pkl,val
43902.pkl,train
43903.pkl,val
43904.pkl,val
43905.pkl,val
43906.pkl,val
43907.pkl,val
43908.pkl,val
43909.pkl,val
43910.pkl,val
43911.pkl,train
43912.pkl,train
43913.pkl,val
43914.pkl,val
43915.pkl,train
43916.pkl,val
43917.pkl,val
43918.pkl,val
43919.pkl,train
43920.pkl,val
43921.pkl,train
43922.pkl,val
43923.pkl,train
43924.pkl,train
43925.pkl,val
43926.pkl,val
43927.pkl,train
43928.pkl,val
43929.pkl,train
43930.pkl,train
43931.pkl,val
43932.pkl,train
43933.pkl,train
43934.pkl,train
43935.pkl,train
43936.pkl,train
43937.pkl,val
43938.pkl,val
43939.pkl,val
43940.pkl,val
43941.pkl,val
43942.pkl,val
43943.pkl,val
43944.pkl,train
43945.pkl,val
43946.pkl,train
43947.pkl,val
43948.pkl,val
43949.pkl,val
43950.pkl,val
43951.pkl,train
43952.pkl,val
43953.pkl,train
43954.pkl,train
43955.pkl,val
43956.pkl,train
43957.pkl,val
43958.pkl,train
43959.pkl,val
43960.pkl,val
43961.pkl,train
43962.pkl,train
43963.pkl,train
43964.pkl,train
43965.pkl,train
43966.pkl,val
43967.pkl,train
43968.pkl,train
43969.pkl,val
43970.pkl,train
43971.pkl,train
43972.pkl,train
43973.pkl,val
43974.pkl,train
43975.pkl,train
43976.pkl,val
43977.pkl,train
43978.pkl,val
43979.pkl,train
43980.pkl,val
43981.pkl,train
43982.pkl,val
43983.pkl,train
43984.pkl,train
43985.pkl,train
43986.pkl,val
43987.pkl,train
43988.pkl,val
43989.pkl,train
43990.pkl,train
43991.pkl,val
43992.pkl,train
43993.pkl,train
43994.pkl,val
43995.pkl,train
43996.pkl,val
43997.pkl,val
43998.pkl,val
43999.pkl,val
44000.pkl,val
44001.pkl,train
44002.pkl,val
44003.pkl,val
44004.pkl,val
44005.pkl,val
44006.pkl,train
44007.pkl,train
44008.pkl,train
44009.pkl,train
44010.pkl,val
44011.pkl,val
44012.pkl,train
44013.pkl,val
44014.pkl,val
44015.pkl,val
44016.pkl,val
44017.pkl,train
44018.pkl,val
44019.pkl,val
44020.pkl,train
44021.pkl,train
44022.pkl,train
44023.pkl,val
44024.pkl,train
44025.pkl,train
44026.pkl,val
44027.pkl,train
44028.pkl,train
44029.pkl,val
44030.pkl,train
44031.pkl,val
44032.pkl,val
44033.pkl,train
44034.pkl,val
44035.pkl,val
44036.pkl,val
44037.pkl,val
44038.pkl,train
44039.pkl,train
44040.pkl,train
44041.pkl,val
44042.pkl,val
44043.pkl,val
44044.pkl,train
44045.pkl,train
44046.pkl,val
44047.pkl,val
44048.pkl,train
44049.pkl,val
44050.pkl,val
44051.pkl,val
44052.pkl,train
44053.pkl,train
44054.pkl,train
44055.pkl,train
44056.pkl,val
44057.pkl,train
44058.pkl,val
44059.pkl,val
44060.pkl,train
44061.pkl,train
44062.pkl,val
44063.pkl,val
44064.pkl,val
44065.pkl,train
44066.pkl,val
44067.pkl,val
44068.pkl,val
44069.pkl,val
44070.pkl,train
44071.pkl,val
44072.pkl,train
44073.pkl,train
44074.pkl,val
44075.pkl,val
44076.pkl,train
44077.pkl,train
44078.pkl,train
44079.pkl,train
44080.pkl,train
44081.pkl,train
44082.pkl,val
44083.pkl,train
44084.pkl,val
44085.pkl,train
44086.pkl,val
44087.pkl,val
44088.pkl,train
44089.pkl,train
44090.pkl,val
44091.pkl,val
44092.pkl,val
44093.pkl,train
44094.pkl,val
44095.pkl,train
44096.pkl,train
44097.pkl,train
44098.pkl,train
44099.pkl,train
44100.pkl,train
44101.pkl,train
44102.pkl,train
44103.pkl,val
44104.pkl,val
44105.pkl,train
44106.pkl,train
44107.pkl,train
44108.pkl,train
44109.pkl,val
44110.pkl,val
44111.pkl,val
44112.pkl,val
44113.pkl,train
44114.pkl,train
44115.pkl,train
44116.pkl,train
44117.pkl,val
44118.pkl,val
44119.pkl,val
44120.pkl,val
44121.pkl,train
44122.pkl,train
44123.pkl,val
44124.pkl,val
44125.pkl,val
44126.pkl,val
44127.pkl,val
44128.pkl,train
44129.pkl,val
44130.pkl,train
44131.pkl,train
44132.pkl,val
44133.pkl,train
44134.pkl,train
44135.pkl,train
44136.pkl,train
44137.pkl,train
44138.pkl,val
44139.pkl,train
44140.pkl,val
44141.pkl,train
44142.pkl,val
44143.pkl,train
44144.pkl,val
44145.pkl,val
44146.pkl,train
44147.pkl,val
44148.pkl,train
44149.pkl,val
44150.pkl,train
44151.pkl,val
44152.pkl,val
44153.pkl,val
44154.pkl,train
44155.pkl,val
44156.pkl,train
44157.pkl,val
44158.pkl,val
44159.pkl,val
44160.pkl,val
44161.pkl,val
44162.pkl,train
44163.pkl,val
44164.pkl,train
44165.pkl,train
44166.pkl,val
44167.pkl,train
44168.pkl,val
44169.pkl,val
44170.pkl,train
44171.pkl,train
44172.pkl,val
44173.pkl,val
44174.pkl,train
44175.pkl,train
44176.pkl,val
44177.pkl,val
44178.pkl,val
44179.pkl,val
44180.pkl,train
44181.pkl,val
44182.pkl,train
44183.pkl,val
44184.pkl,train
44185.pkl,train
44186.pkl,train
44187.pkl,val
44188.pkl,val
44189.pkl,val
44190.pkl,val
44191.pkl,train
44192.pkl,train
44193.pkl,train
44194.pkl,val
44195.pkl,train
44196.pkl,val
44197.pkl,val
44198.pkl,val
44199.pkl,val
44200.pkl,train
44201.pkl,val
44202.pkl,train
44203.pkl,val
44204.pkl,train
44205.pkl,val
44206.pkl,train
44207.pkl,train
44208.pkl,train
44209.pkl,train
44210.pkl,train
44211.pkl,val
44212.pkl,train
44213.pkl,val
44214.pkl,val
44215.pkl,val
44216.pkl,val
44217.pkl,val
44218.pkl,train
44219.pkl,val
44220.pkl,val
44221.pkl,train
44222.pkl,train
44223.pkl,train
44224.pkl,train
44225.pkl,train
44226.pkl,val
44227.pkl,train
44228.pkl,val
44229.pkl,val
44230.pkl,train
44231.pkl,train
44232.pkl,train
44233.pkl,val
44234.pkl,val
44235.pkl,val
44236.pkl,val
44237.pkl,train
44238.pkl,val
44239.pkl,val
44240.pkl,val
44241.pkl,val
44242.pkl,val
44243.pkl,val
44244.pkl,val
44245.pkl,train
44246.pkl,train
44247.pkl,val
44248.pkl,val
44249.pkl,train
44250.pkl,val
44251.pkl,val
44252.pkl,train
44253.pkl,train
44254.pkl,train
44255.pkl,val
44256.pkl,train
44257.pkl,train
44258.pkl,val
44259.pkl,train
44260.pkl,train
44261.pkl,train
44262.pkl,train
44263.pkl,val
44264.pkl,train
44265.pkl,val
44266.pkl,train
44267.pkl,train
44268.pkl,train
44269.pkl,val
44270.pkl,train
44271.pkl,val
44272.pkl,train
44273.pkl,train
44274.pkl,train
44275.pkl,train
44276.pkl,val
44277.pkl,val
44278.pkl,val
44279.pkl,val
44280.pkl,train
44281.pkl,val
44282.pkl,train
44283.pkl,train
44284.pkl,train
44285.pkl,train
44286.pkl,train
44287.pkl,val
44288.pkl,train
44289.pkl,train
44290.pkl,val
44291.pkl,val
44292.pkl,val
44293.pkl,val
44294.pkl,val
44295.pkl,val
44296.pkl,train
44297.pkl,train
44298.pkl,train
44299.pkl,train
44300.pkl,train
44301.pkl,train
44302.pkl,train
44303.pkl,train
44304.pkl,val
44305.pkl,train
44306.pkl,val
44307.pkl,val
44308.pkl,val
44309.pkl,train
44310.pkl,train
44311.pkl,train
44312.pkl,train
44313.pkl,train
44314.pkl,val
44315.pkl,train
44316.pkl,train
44317.pkl,val
44318.pkl,train
44319.pkl,train
44320.pkl,train
44321.pkl,val
44322.pkl,train
44323.pkl,val
44324.pkl,train
44325.pkl,train
44326.pkl,val
44327.pkl,val
44328.pkl,train
44329.pkl,train
44330.pkl,val
44331.pkl,val
44332.pkl,train
44333.pkl,val
44334.pkl,val
44335.pkl,train
44336.pkl,val
44337.pkl,val
44338.pkl,train
44339.pkl,val
44340.pkl,val
44341.pkl,val
44342.pkl,train
44343.pkl,val
44344.pkl,train
44345.pkl,train
44346.pkl,val
44347.pkl,val
44348.pkl,val
44349.pkl,val
44350.pkl,train
44351.pkl,val
44352.pkl,val
44353.pkl,train
44354.pkl,val
44355.pkl,train
44356.pkl,val
44357.pkl,train
44358.pkl,val
44359.pkl,val
44360.pkl,train
44361.pkl,val
44362.pkl,val
44363.pkl,val
44364.pkl,val
44365.pkl,val
44366.pkl,train
44367.pkl,train
44368.pkl,train
44369.pkl,train
44370.pkl,val
44371.pkl,val
44372.pkl,val
44373.pkl,train
44374.pkl,train
44375.pkl,train
44376.pkl,val
44377.pkl,val
44378.pkl,train
44379.pkl,val
44380.pkl,val
44381.pkl,train
44382.pkl,val
44383.pkl,train
44384.pkl,val
44385.pkl,val
44386.pkl,val
44387.pkl,train
44388.pkl,val
44389.pkl,val
44390.pkl,val
44391.pkl,train
44392.pkl,val
44393.pkl,train
44394.pkl,train
44395.pkl,train
44396.pkl,val
44397.pkl,val
44398.pkl,val
44399.pkl,train
44400.pkl,val
44401.pkl,train
44402.pkl,val
44403.pkl,train
44404.pkl,val
44405.pkl,train
44406.pkl,train
44407.pkl,val
44408.pkl,train
44409.pkl,train
44410.pkl,train
44411.pkl,val
44412.pkl,train
44413.pkl,val
44414.pkl,val
44415.pkl,train
44416.pkl,val
44417.pkl,val
44418.pkl,train
44419.pkl,train
44420.pkl,train
44421.pkl,train
44422.pkl,val
44423.pkl,train
44424.pkl,val
44425.pkl,val
44426.pkl,val
44427.pkl,val
44428.pkl,val
44429.pkl,train
44430.pkl,val
44431.pkl,train
44432.pkl,val
44433.pkl,val
44434.pkl,train
44435.pkl,train
44436.pkl,train
44437.pkl,train
44438.pkl,val
44439.pkl,val
44440.pkl,val
44441.pkl,train
44442.pkl,train
44443.pkl,train
44444.pkl,val
44445.pkl,train
44446.pkl,val
44447.pkl,val
44448.pkl,train
44449.pkl,train
44450.pkl,train
44451.pkl,train
44452.pkl,train
44453.pkl,val
44454.pkl,train
44455.pkl,val
44456.pkl,val
44457.pkl,train
44458.pkl,val
44459.pkl,val
44460.pkl,train
44461.pkl,val
44462.pkl,val
44463.pkl,val
44464.pkl,train
44465.pkl,val
44466.pkl,train
44467.pkl,train
44468.pkl,val
44469.pkl,train
44470.pkl,val
44471.pkl,train
44472.pkl,train
44473.pkl,val
44474.pkl,train
44475.pkl,val
44476.pkl,val
44477.pkl,val
44478.pkl,train
44479.pkl,val
44480.pkl,train
44481.pkl,train
44482.pkl,val
44483.pkl,train
44484.pkl,train
44485.pkl,train
44486.pkl,val
44487.pkl,val
44488.pkl,train
44489.pkl,train
44490.pkl,train
44491.pkl,train
44492.pkl,val
44493.pkl,train
44494.pkl,train
44495.pkl,val
44496.pkl,train
44497.pkl,val
44498.pkl,train
44499.pkl,train
44500.pkl,train
44501.pkl,train
44502.pkl,train
44503.pkl,val
44504.pkl,train
44505.pkl,train
44506.pkl,val
44507.pkl,val
44508.pkl,val
44509.pkl,train
44510.pkl,val
44511.pkl,val
44512.pkl,val
44513.pkl,val
44514.pkl,train
44515.pkl,train
44516.pkl,train
44517.pkl,train
44518.pkl,val
44519.pkl,train
44520.pkl,train
44521.pkl,train
44522.pkl,train
44523.pkl,val
44524.pkl,val
44525.pkl,val
44526.pkl,train
44527.pkl,train
44528.pkl,train
44529.pkl,train
44530.pkl,train
44531.pkl,train
44532.pkl,val
44533.pkl,val
44534.pkl,train
44535.pkl,val
44536.pkl,val
44537.pkl,val
44538.pkl,val
44539.pkl,train
44540.pkl,val
44541.pkl,train
44542.pkl,val
44543.pkl,train
44544.pkl,val
44545.pkl,val
44546.pkl,train
44547.pkl,train
44548.pkl,train
44549.pkl,val
44550.pkl,train
44551.pkl,train
44552.pkl,val
44553.pkl,train
44554.pkl,train
44555.pkl,train
44556.pkl,val
44557.pkl,val
44558.pkl,train
44559.pkl,val
44560.pkl,val
44561.pkl,val
44562.pkl,train
44563.pkl,val
44564.pkl,val
44565.pkl,train
44566.pkl,train
44567.pkl,val
44568.pkl,train
44569.pkl,train
44570.pkl,val
44571.pkl,val
44572.pkl,train
44573.pkl,train
44574.pkl,val
44575.pkl,val
44576.pkl,train
44577.pkl,train
44578.pkl,train
44579.pkl,val
44580.pkl,train
44581.pkl,train
44582.pkl,val
44583.pkl,val
44584.pkl,val
44585.pkl,val
44586.pkl,val
44587.pkl,train
44588.pkl,val
44589.pkl,val
44590.pkl,val
44591.pkl,train
44592.pkl,train
44593.pkl,train
44594.pkl,val
44595.pkl,train
44596.pkl,val
44597.pkl,val
44598.pkl,val
44599.pkl,train
44600.pkl,val
44601.pkl,train
44602.pkl,train
44603.pkl,val
44604.pkl,val
44605.pkl,train
44606.pkl,val
44607.pkl,train
44608.pkl,val
44609.pkl,val
44610.pkl,val
44611.pkl,val
44612.pkl,val
44613.pkl,val
44614.pkl,val
44615.pkl,train
44616.pkl,val
44617.pkl,val
44618.pkl,train
44619.pkl,train
44620.pkl,val
44621.pkl,val
44622.pkl,train
44623.pkl,train
44624.pkl,train
44625.pkl,val
44626.pkl,train
44627.pkl,train
44628.pkl,train
44629.pkl,train
44630.pkl,val
44631.pkl,val
44632.pkl,train
44633.pkl,val
44634.pkl,val
44635.pkl,val
44636.pkl,train
44637.pkl,val
44638.pkl,val
44639.pkl,train
44640.pkl,train
44641.pkl,val
44642.pkl,val
44643.pkl,train
44644.pkl,val
44645.pkl,val
44646.pkl,train
44647.pkl,train
44648.pkl,val
44649.pkl,val
44650.pkl,val
44651.pkl,train
44652.pkl,train
44653.pkl,train
44654.pkl,train
44655.pkl,train
44656.pkl,train
44657.pkl,val
44658.pkl,train
44659.pkl,val
44660.pkl,train
44661.pkl,val
44662.pkl,val
44663.pkl,val
44664.pkl,val
44665.pkl,train
44666.pkl,val
44667.pkl,train
44668.pkl,val
44669.pkl,val
44670.pkl,train
44671.pkl,train
44672.pkl,train
44673.pkl,val
44674.pkl,train
44675.pkl,train
44676.pkl,val
44677.pkl,train
44678.pkl,val
44679.pkl,train
44680.pkl,val
44681.pkl,train
44682.pkl,val
44683.pkl,train
44684.pkl,val
44685.pkl,val
44686.pkl,train
44687.pkl,train
44688.pkl,train
44689.pkl,train
44690.pkl,val
44691.pkl,val
44692.pkl,train
44693.pkl,train
44694.pkl,train
44695.pkl,train
44696.pkl,val
44697.pkl,train
44698.pkl,train
44699.pkl,val
44700.pkl,train
44701.pkl,train
44702.pkl,val
44703.pkl,train
44704.pkl,val
44705.pkl,train
44706.pkl,train
44707.pkl,train
44708.pkl,val
44709.pkl,train
44710.pkl,val
44711.pkl,train
44712.pkl,val
44713.pkl,train
44714.pkl,val
44715.pkl,train
44716.pkl,train
44717.pkl,val
44718.pkl,val
44719.pkl,train
44720.pkl,val
44721.pkl,val
44722.pkl,val
44723.pkl,train
44724.pkl,train
44725.pkl,val
44726.pkl,train
44727.pkl,train
44728.pkl,val
44729.pkl,val
44730.pkl,val
44731.pkl,val
44732.pkl,val
44733.pkl,train
44734.pkl,val
44735.pkl,val
44736.pkl,train
44737.pkl,val
44738.pkl,val
44739.pkl,train
44740.pkl,val
44741.pkl,train
44742.pkl,train
44743.pkl,val
44744.pkl,train
44745.pkl,val
44746.pkl,val
44747.pkl,train
44748.pkl,val
44749.pkl,val
44750.pkl,train
44751.pkl,train
44752.pkl,val
44753.pkl,train
44754.pkl,train
44755.pkl,train
44756.pkl,train
44757.pkl,val
44758.pkl,train
44759.pkl,train
44760.pkl,val
44761.pkl,train
44762.pkl,train
44763.pkl,val
44764.pkl,train
44765.pkl,train
44766.pkl,train
44767.pkl,train
44768.pkl,val
44769.pkl,val
44770.pkl,val
44771.pkl,val
44772.pkl,train
44773.pkl,val
44774.pkl,val
44775.pkl,val
44776.pkl,train
44777.pkl,val
44778.pkl,train
44779.pkl,val
44780.pkl,train
44781.pkl,train
44782.pkl,val
44783.pkl,train
44784.pkl,train
44785.pkl,train
44786.pkl,val
44787.pkl,train
44788.pkl,val
44789.pkl,train
44790.pkl,val
44791.pkl,val
44792.pkl,train
44793.pkl,train
44794.pkl,val
44795.pkl,train
44796.pkl,val
44797.pkl,val
44798.pkl,val
44799.pkl,train
44800.pkl,train
44801.pkl,train
44802.pkl,train
44803.pkl,val
44804.pkl,train
44805.pkl,val
44806.pkl,train
44807.pkl,train
44808.pkl,train
44809.pkl,train
44810.pkl,train
44811.pkl,train
44812.pkl,train
44813.pkl,val
44814.pkl,train
44815.pkl,train
44816.pkl,train
44817.pkl,train
44818.pkl,val
44819.pkl,train
44820.pkl,val
44821.pkl,val
44822.pkl,train
44823.pkl,train
44824.pkl,train
44825.pkl,train
44826.pkl,val
44827.pkl,train
44828.pkl,train
44829.pkl,val
44830.pkl,train
44831.pkl,val
44832.pkl,val
44833.pkl,val
44834.pkl,train
44835.pkl,train
44836.pkl,train
44837.pkl,val
44838.pkl,val
44839.pkl,train
44840.pkl,train
44841.pkl,train
44842.pkl,val
44843.pkl,val
44844.pkl,val
44845.pkl,val
44846.pkl,val
44847.pkl,val
44848.pkl,val
44849.pkl,train
44850.pkl,val
44851.pkl,train
44852.pkl,val
44853.pkl,val
44854.pkl,val
44855.pkl,train
44856.pkl,train
44857.pkl,val
44858.pkl,val
44859.pkl,val
44860.pkl,val
44861.pkl,train
44862.pkl,train
44863.pkl,val
44864.pkl,val
44865.pkl,train
44866.pkl,val
44867.pkl,val
44868.pkl,val
44869.pkl,val
44870.pkl,val
44871.pkl,val
44872.pkl,val
44873.pkl,train
44874.pkl,val
44875.pkl,train
44876.pkl,train
44877.pkl,train
44878.pkl,val
44879.pkl,val
44880.pkl,train
44881.pkl,val
44882.pkl,val
44883.pkl,val
44884.pkl,val
44885.pkl,val
44886.pkl,val
44887.pkl,train
44888.pkl,train
44889.pkl,val
44890.pkl,val
44891.pkl,val
44892.pkl,train
44893.pkl,val
44894.pkl,train
44895.pkl,train
44896.pkl,val
44897.pkl,train
44898.pkl,train
44899.pkl,train
44900.pkl,val
44901.pkl,val
44902.pkl,train
44903.pkl,train
44904.pkl,val
44905.pkl,train
44906.pkl,val
44907.pkl,train
44908.pkl,val
44909.pkl,val
44910.pkl,train
44911.pkl,val
44912.pkl,val
44913.pkl,val
44914.pkl,train
44915.pkl,val
44916.pkl,val
44917.pkl,train
44918.pkl,val
44919.pkl,val
44920.pkl,train
44921.pkl,val
44922.pkl,val
44923.pkl,train
44924.pkl,val
44925.pkl,val
44926.pkl,val
44927.pkl,train
44928.pkl,train
44929.pkl,train
44930.pkl,val
44931.pkl,train
44932.pkl,val
44933.pkl,train
44934.pkl,val
44935.pkl,val
44936.pkl,val
44937.pkl,train
44938.pkl,val
44939.pkl,val
44940.pkl,val
44941.pkl,val
44942.pkl,val
44943.pkl,train
44944.pkl,val
44945.pkl,train
44946.pkl,val
44947.pkl,val
44948.pkl,train
44949.pkl,val
44950.pkl,train
44951.pkl,val
44952.pkl,train
44953.pkl,train
44954.pkl,val
44955.pkl,train
44956.pkl,train
44957.pkl,train
44958.pkl,val
44959.pkl,train
44960.pkl,val
44961.pkl,val
44962.pkl,val
44963.pkl,train
44964.pkl,val
44965.pkl,val
44966.pkl,train
44967.pkl,train
44968.pkl,val
44969.pkl,val
44970.pkl,train
44971.pkl,train
44972.pkl,val
44973.pkl,val
44974.pkl,val
44975.pkl,val
44976.pkl,val
44977.pkl,train
44978.pkl,val
44979.pkl,val
44980.pkl,train
44981.pkl,train
44982.pkl,train
44983.pkl,train
44984.pkl,train
44985.pkl,train
44986.pkl,train
44987.pkl,val
44988.pkl,train
44989.pkl,val
44990.pkl,train
44991.pkl,val
44992.pkl,val
44993.pkl,train
44994.pkl,val
44995.pkl,val
44996.pkl,val
44997.pkl,val
44998.pkl,train
44999.pkl,train
45000.pkl,train
45001.pkl,train
45002.pkl,train
45003.pkl,val
45004.pkl,val
45005.pkl,val
45006.pkl,train
45007.pkl,train
45008.pkl,val
45009.pkl,val
45010.pkl,val
45011.pkl,val
45012.pkl,train
45013.pkl,val
45014.pkl,train
45015.pkl,train
45016.pkl,val
45017.pkl,val
45018.pkl,train
45019.pkl,val
45020.pkl,train
45021.pkl,val
45022.pkl,train
45023.pkl,train
45024.pkl,val
45025.pkl,train
45026.pkl,val
45027.pkl,val
45028.pkl,val
45029.pkl,val
45030.pkl,train
45031.pkl,val
45032.pkl,train
45033.pkl,val
45034.pkl,train
45035.pkl,train
45036.pkl,train
45037.pkl,train
45038.pkl,val
45039.pkl,val
45040.pkl,train
45041.pkl,train
45042.pkl,train
45043.pkl,val
45044.pkl,val
45045.pkl,train
45046.pkl,train
45047.pkl,val
45048.pkl,val
45049.pkl,train
45050.pkl,val
45051.pkl,train
45052.pkl,train
45053.pkl,val
45054.pkl,train
45055.pkl,val
45056.pkl,val
45057.pkl,train
45058.pkl,val
45059.pkl,train
45060.pkl,train
45061.pkl,train
45062.pkl,train
45063.pkl,train
45064.pkl,val
45065.pkl,train
45066.pkl,val
45067.pkl,val
45068.pkl,train
45069.pkl,train
45070.pkl,train
45071.pkl,train
45072.pkl,val
45073.pkl,val
45074.pkl,train
45075.pkl,val
45076.pkl,val
45077.pkl,train
45078.pkl,val
45079.pkl,val
45080.pkl,val
45081.pkl,train
45082.pkl,val
45083.pkl,train
45084.pkl,val
45085.pkl,train
45086.pkl,train
45087.pkl,train
45088.pkl,val
45089.pkl,train
45090.pkl,val
45091.pkl,val
45092.pkl,val
45093.pkl,train
45094.pkl,val
45095.pkl,val
45096.pkl,train
45097.pkl,val
45098.pkl,val
45099.pkl,val
45100.pkl,train
45101.pkl,val
45102.pkl,val
45103.pkl,train
45104.pkl,val
45105.pkl,train
45106.pkl,val
45107.pkl,val
45108.pkl,train
45109.pkl,val
45110.pkl,val
45111.pkl,val
45112.pkl,val
45113.pkl,val
45114.pkl,val
45115.pkl,val
45116.pkl,train
45117.pkl,train
45118.pkl,val
45119.pkl,val
45120.pkl,val
45121.pkl,val
45122.pkl,train
45123.pkl,val
45124.pkl,train
45125.pkl,train
45126.pkl,train
45127.pkl,val
45128.pkl,val
45129.pkl,val
45130.pkl,train
45131.pkl,val
45132.pkl,val
45133.pkl,val
45134.pkl,train
45135.pkl,train
45136.pkl,train
45137.pkl,val
45138.pkl,train
45139.pkl,train
45140.pkl,train
45141.pkl,train
45142.pkl,train
45143.pkl,val
45144.pkl,val
45145.pkl,train
45146.pkl,train
45147.pkl,train
45148.pkl,train
45149.pkl,train
45150.pkl,val
45151.pkl,train
45152.pkl,val
45153.pkl,train
45154.pkl,train
45155.pkl,val
45156.pkl,val
45157.pkl,train
45158.pkl,val
45159.pkl,train
45160.pkl,train
45161.pkl,train
45162.pkl,train
45163.pkl,val
45164.pkl,train
45165.pkl,val
45166.pkl,val
45167.pkl,train
45168.pkl,val
45169.pkl,train
45170.pkl,val
45171.pkl,val
45172.pkl,train
45173.pkl,train
45174.pkl,val
45175.pkl,train
45176.pkl,train
45177.pkl,train
45178.pkl,val
45179.pkl,val
45180.pkl,train
45181.pkl,train
45182.pkl,val
45183.pkl,train
45184.pkl,train
45185.pkl,train
45186.pkl,train
45187.pkl,val
45188.pkl,val
45189.pkl,val
45190.pkl,val
45191.pkl,train
45192.pkl,val
45193.pkl,val
45194.pkl,val
45195.pkl,val
45196.pkl,train
45197.pkl,val
45198.pkl,train
45199.pkl,train
45200.pkl,val
45201.pkl,val
45202.pkl,val
45203.pkl,val
45204.pkl,val
45205.pkl,val
45206.pkl,train
45207.pkl,train
45208.pkl,val
45209.pkl,train
45210.pkl,train
45211.pkl,val
45212.pkl,train
45213.pkl,val
45214.pkl,val
45215.pkl,val
45216.pkl,val
45217.pkl,val
45218.pkl,train
45219.pkl,val
45220.pkl,val
45221.pkl,train
45222.pkl,train
45223.pkl,train
45224.pkl,train
45225.pkl,val
45226.pkl,train
45227.pkl,train
45228.pkl,val
45229.pkl,val
45230.pkl,val
45231.pkl,val
45232.pkl,train
45233.pkl,train
45234.pkl,train
45235.pkl,val
45236.pkl,train
45237.pkl,train
45238.pkl,val
45239.pkl,val
45240.pkl,val
45241.pkl,train
45242.pkl,val
45243.pkl,train
45244.pkl,train
45245.pkl,train
45246.pkl,train
45247.pkl,train
45248.pkl,val
45249.pkl,val
45250.pkl,train
45251.pkl,val
45252.pkl,val
45253.pkl,val
45254.pkl,train
45255.pkl,val
45256.pkl,train
45257.pkl,val
45258.pkl,val
45259.pkl,val
45260.pkl,val
45261.pkl,train
45262.pkl,train
45263.pkl,val
45264.pkl,val
45265.pkl,val
45266.pkl,train
45267.pkl,val
45268.pkl,val
45269.pkl,val
45270.pkl,val
45271.pkl,val
45272.pkl,train
45273.pkl,val
45274.pkl,train
45275.pkl,train
45276.pkl,val
45277.pkl,val
45278.pkl,train
45279.pkl,train
45280.pkl,val
45281.pkl,train
45282.pkl,train
45283.pkl,train
45284.pkl,train
45285.pkl,val
45286.pkl,val
45287.pkl,train
45288.pkl,val
45289.pkl,train
45290.pkl,train
45291.pkl,train
45292.pkl,train
45293.pkl,train
45294.pkl,val
45295.pkl,train
45296.pkl,val
45297.pkl,train
45298.pkl,val
45299.pkl,train
45300.pkl,train
45301.pkl,val
45302.pkl,train
45303.pkl,train
45304.pkl,train
45305.pkl,val
45306.pkl,val
45307.pkl,train
45308.pkl,val
45309.pkl,train
45310.pkl,train
45311.pkl,train
45312.pkl,train
45313.pkl,train
45314.pkl,train
45315.pkl,train
45316.pkl,val
45317.pkl,train
45318.pkl,train
45319.pkl,val
45320.pkl,train
45321.pkl,train
45322.pkl,train
45323.pkl,val
45324.pkl,train
45325.pkl,train
45326.pkl,val
45327.pkl,val
45328.pkl,val
45329.pkl,val
45330.pkl,train
45331.pkl,val
45332.pkl,val
45333.pkl,train
45334.pkl,train
45335.pkl,train
45336.pkl,val
45337.pkl,val
45338.pkl,val
45339.pkl,train
45340.pkl,val
45341.pkl,val
45342.pkl,val
45343.pkl,val
45344.pkl,val
45345.pkl,train
45346.pkl,val
45347.pkl,train
45348.pkl,val
45349.pkl,val
45350.pkl,train
45351.pkl,train
45352.pkl,val
45353.pkl,train
45354.pkl,val
45355.pkl,val
45356.pkl,val
45357.pkl,val
45358.pkl,train
45359.pkl,train
45360.pkl,train
45361.pkl,train
45362.pkl,train
45363.pkl,val
45364.pkl,val
45365.pkl,val
45366.pkl,train
45367.pkl,val
45368.pkl,train
45369.pkl,val
45370.pkl,train
45371.pkl,train
45372.pkl,train
45373.pkl,train
45374.pkl,val
45375.pkl,val
45376.pkl,train
45377.pkl,val
45378.pkl,val
45379.pkl,train
45380.pkl,train
45381.pkl,val
45382.pkl,train
45383.pkl,train
45384.pkl,val
45385.pkl,val
45386.pkl,val
45387.pkl,train
45388.pkl,train
45389.pkl,train
45390.pkl,train
45391.pkl,val
45392.pkl,train
45393.pkl,train
45394.pkl,train
45395.pkl,val
45396.pkl,train
45397.pkl,val
45398.pkl,val
45399.pkl,train
45400.pkl,val
45401.pkl,val
45402.pkl,train
45403.pkl,train
45404.pkl,train
45405.pkl,val
45406.pkl,val
45407.pkl,val
45408.pkl,train
45409.pkl,val
45410.pkl,train
45411.pkl,train
45412.pkl,val
45413.pkl,train
45414.pkl,train
45415.pkl,val
45416.pkl,val
45417.pkl,val
45418.pkl,val
45419.pkl,train
45420.pkl,val
45421.pkl,train
45422.pkl,val
45423.pkl,val
45424.pkl,val
45425.pkl,val
45426.pkl,val
45427.pkl,val
45428.pkl,val
45429.pkl,train
45430.pkl,val
45431.pkl,val
45432.pkl,train
45433.pkl,train
45434.pkl,val
45435.pkl,train
45436.pkl,val
45437.pkl,train
45438.pkl,train
45439.pkl,train
45440.pkl,val
45441.pkl,val
45442.pkl,val
45443.pkl,val
45444.pkl,val
45445.pkl,val
45446.pkl,val
45447.pkl,val
45448.pkl,val
45449.pkl,val
45450.pkl,val
45451.pkl,train
45452.pkl,train
45453.pkl,val
45454.pkl,train
45455.pkl,train
45456.pkl,val
45457.pkl,train
45458.pkl,train
45459.pkl,val
45460.pkl,val
45461.pkl,train
45462.pkl,val
45463.pkl,val
45464.pkl,train
45465.pkl,train
45466.pkl,train
45467.pkl,train
45468.pkl,val
45469.pkl,val
45470.pkl,val
45471.pkl,val
45472.pkl,val
45473.pkl,train
45474.pkl,train
45475.pkl,train
45476.pkl,train
45477.pkl,val
45478.pkl,val
45479.pkl,val
45480.pkl,val
45481.pkl,train
45482.pkl,val
45483.pkl,train
45484.pkl,val
45485.pkl,val
45486.pkl,train
45487.pkl,train
45488.pkl,train
45489.pkl,train
45490.pkl,val
45491.pkl,train
45492.pkl,train
45493.pkl,train
45494.pkl,val
45495.pkl,val
45496.pkl,val
45497.pkl,val
45498.pkl,val
45499.pkl,train
45500.pkl,val
45501.pkl,train
45502.pkl,val
45503.pkl,train
45504.pkl,val
45505.pkl,train
45506.pkl,train
45507.pkl,val
45508.pkl,val
45509.pkl,train
45510.pkl,train
45511.pkl,train
45512.pkl,val
45513.pkl,train
45514.pkl,train
45515.pkl,train
45516.pkl,val
45517.pkl,val
45518.pkl,val
45519.pkl,train
45520.pkl,train
45521.pkl,train
45522.pkl,val
45523.pkl,val
45524.pkl,train
45525.pkl,train
45526.pkl,val
45527.pkl,val
45528.pkl,val
45529.pkl,train
45530.pkl,val
45531.pkl,train
45532.pkl,train
45533.pkl,train
45534.pkl,train
45535.pkl,train
45536.pkl,train
45537.pkl,train
45538.pkl,val
45539.pkl,val
45540.pkl,val
45541.pkl,train
45542.pkl,train
45543.pkl,train
45544.pkl,val
45545.pkl,train
45546.pkl,val
45547.pkl,train
45548.pkl,train
45549.pkl,val
45550.pkl,val
45551.pkl,val
45552.pkl,val
45553.pkl,val
45554.pkl,val
45555.pkl,val
45556.pkl,val
45557.pkl,train
45558.pkl,val
45559.pkl,val
45560.pkl,val
45561.pkl,val
45562.pkl,val
45563.pkl,val
45564.pkl,val
45565.pkl,val
45566.pkl,val
45567.pkl,val
45568.pkl,train
45569.pkl,train
45570.pkl,train
45571.pkl,train
45572.pkl,train
45573.pkl,val
45574.pkl,train
45575.pkl,val
45576.pkl,train
45577.pkl,val
45578.pkl,train
45579.pkl,val
45580.pkl,val
45581.pkl,val
45582.pkl,val
45583.pkl,train
45584.pkl,train
45585.pkl,train
45586.pkl,val
45587.pkl,train
45588.pkl,val
45589.pkl,train
45590.pkl,val
45591.pkl,train
45592.pkl,val
45593.pkl,val
45594.pkl,train
45595.pkl,val
45596.pkl,train
45597.pkl,train
45598.pkl,val
45599.pkl,val
45600.pkl,val
45601.pkl,val
45602.pkl,val
45603.pkl,train
45604.pkl,val
45605.pkl,val
45606.pkl,val
45607.pkl,val
45608.pkl,train
45609.pkl,val
45610.pkl,val
45611.pkl,train
45612.pkl,val
45613.pkl,val
45614.pkl,val
45615.pkl,val
45616.pkl,train
45617.pkl,val
45618.pkl,train
45619.pkl,val
45620.pkl,val
45621.pkl,val
45622.pkl,train
45623.pkl,val
45624.pkl,val
45625.pkl,val
45626.pkl,train
45627.pkl,val
45628.pkl,train
45629.pkl,val
45630.pkl,train
45631.pkl,val
45632.pkl,val
45633.pkl,val
45634.pkl,train
45635.pkl,val
45636.pkl,val
45637.pkl,train
45638.pkl,train
45639.pkl,train
45640.pkl,train
45641.pkl,train
45642.pkl,val
45643.pkl,val
45644.pkl,val
45645.pkl,val
45646.pkl,train
45647.pkl,val
45648.pkl,val
45649.pkl,train
45650.pkl,train
45651.pkl,val
45652.pkl,val
45653.pkl,val
45654.pkl,train
45655.pkl,val
45656.pkl,train
45657.pkl,val
45658.pkl,train
45659.pkl,val
45660.pkl,val
45661.pkl,train
45662.pkl,train
45663.pkl,val
45664.pkl,val
45665.pkl,train
45666.pkl,val
45667.pkl,train
45668.pkl,val
45669.pkl,val
45670.pkl,val
45671.pkl,train
45672.pkl,train
45673.pkl,train
45674.pkl,val
45675.pkl,val
45676.pkl,val
45677.pkl,train
45678.pkl,val
45679.pkl,train
45680.pkl,train
45681.pkl,val
45682.pkl,val
45683.pkl,val
45684.pkl,train
45685.pkl,train
45686.pkl,val
45687.pkl,train
45688.pkl,val
45689.pkl,train
45690.pkl,val
45691.pkl,val
45692.pkl,val
45693.pkl,train
45694.pkl,val
45695.pkl,val
45696.pkl,train
45697.pkl,val
45698.pkl,train
45699.pkl,train
45700.pkl,train
45701.pkl,train
45702.pkl,train
45703.pkl,train
45704.pkl,train
45705.pkl,val
45706.pkl,val
45707.pkl,train
45708.pkl,train
45709.pkl,val
45710.pkl,val
45711.pkl,val
45712.pkl,val
45713.pkl,train
45714.pkl,train
45715.pkl,val
45716.pkl,train
45717.pkl,train
45718.pkl,train
45719.pkl,val
45720.pkl,val
45721.pkl,train
45722.pkl,val
45723.pkl,val
45724.pkl,train
45725.pkl,train
45726.pkl,train
45727.pkl,val
45728.pkl,val
45729.pkl,train
45730.pkl,val
45731.pkl,train
45732.pkl,train
45733.pkl,train
45734.pkl,val
45735.pkl,val
45736.pkl,val
45737.pkl,val
45738.pkl,train
45739.pkl,train
45740.pkl,val
45741.pkl,val
45742.pkl,train
45743.pkl,train
45744.pkl,train
45745.pkl,val
45746.pkl,train
45747.pkl,val
45748.pkl,train
45749.pkl,train
45750.pkl,val
45751.pkl,val
45752.pkl,val
45753.pkl,val
45754.pkl,val
45755.pkl,val
45756.pkl,train
45757.pkl,val
45758.pkl,train
45759.pkl,train
45760.pkl,val
45761.pkl,train
45762.pkl,train
45763.pkl,train
45764.pkl,train
45765.pkl,train
45766.pkl,val
45767.pkl,val
45768.pkl,train
45769.pkl,train
45770.pkl,train
45771.pkl,train
45772.pkl,train
45773.pkl,val
45774.pkl,train
45775.pkl,val
45776.pkl,train
45777.pkl,train
45778.pkl,train
45779.pkl,val
45780.pkl,val
45781.pkl,train
45782.pkl,val
45783.pkl,val
45784.pkl,train
45785.pkl,val
45786.pkl,val
45787.pkl,train
45788.pkl,val
45789.pkl,train
45790.pkl,val
45791.pkl,train
45792.pkl,train
45793.pkl,val
45794.pkl,train
45795.pkl,train
45796.pkl,train
45797.pkl,val
45798.pkl,val
45799.pkl,train
45800.pkl,train
45801.pkl,train
45802.pkl,train
45803.pkl,val
45804.pkl,train
45805.pkl,val
45806.pkl,train
45807.pkl,val
45808.pkl,train
45809.pkl,val
45810.pkl,val
45811.pkl,val
45812.pkl,val
45813.pkl,val
45814.pkl,train
45815.pkl,train
45816.pkl,val
45817.pkl,train
45818.pkl,train
45819.pkl,train
45820.pkl,val
45821.pkl,train
45822.pkl,val
45823.pkl,val
45824.pkl,val
45825.pkl,train
45826.pkl,val
45827.pkl,val
45828.pkl,val
45829.pkl,train
45830.pkl,val
45831.pkl,val
45832.pkl,train
45833.pkl,val
45834.pkl,val
45835.pkl,train
45836.pkl,train
45837.pkl,train
45838.pkl,val
45839.pkl,train
45840.pkl,val
45841.pkl,train
45842.pkl,train
45843.pkl,val
45844.pkl,train
45845.pkl,val
45846.pkl,val
45847.pkl,train
45848.pkl,train
45849.pkl,val
45850.pkl,val
45851.pkl,train
45852.pkl,train
45853.pkl,train
45854.pkl,val
45855.pkl,train
45856.pkl,val
45857.pkl,val
45858.pkl,train
45859.pkl,train
45860.pkl,val
45861.pkl,val
45862.pkl,val
45863.pkl,val
45864.pkl,val
45865.pkl,val
45866.pkl,train
45867.pkl,train
45868.pkl,train
45869.pkl,train
45870.pkl,train
45871.pkl,train
45872.pkl,train
45873.pkl,train
45874.pkl,train
45875.pkl,val
45876.pkl,val
45877.pkl,train
45878.pkl,val
45879.pkl,train
45880.pkl,train
45881.pkl,train
45882.pkl,val
45883.pkl,train
45884.pkl,train
45885.pkl,val
45886.pkl,val
45887.pkl,val
45888.pkl,train
45889.pkl,val
45890.pkl,train
45891.pkl,train
45892.pkl,train
45893.pkl,train
45894.pkl,val
45895.pkl,val
45896.pkl,train
45897.pkl,train
45898.pkl,train
45899.pkl,train
45900.pkl,val
45901.pkl,train
45902.pkl,val
45903.pkl,train
45904.pkl,val
45905.pkl,val
45906.pkl,val
45907.pkl,train
45908.pkl,train
45909.pkl,val
45910.pkl,train
45911.pkl,val
45912.pkl,train
45913.pkl,val
45914.pkl,val
45915.pkl,val
45916.pkl,val
45917.pkl,val
45918.pkl,train
45919.pkl,train
45920.pkl,val
45921.pkl,val
45922.pkl,val
45923.pkl,val
45924.pkl,train
45925.pkl,val
45926.pkl,val
45927.pkl,train
45928.pkl,val
45929.pkl,train
45930.pkl,val
45931.pkl,train
45932.pkl,train
45933.pkl,val
45934.pkl,val
45935.pkl,val
45936.pkl,train
45937.pkl,val
45938.pkl,val
45939.pkl,train
45940.pkl,train
45941.pkl,train
45942.pkl,train
45943.pkl,train
45944.pkl,train
45945.pkl,val
45946.pkl,val
45947.pkl,val
45948.pkl,val
45949.pkl,train
45950.pkl,train
45951.pkl,val
45952.pkl,val
45953.pkl,train
45954.pkl,train
45955.pkl,val
45956.pkl,train
45957.pkl,val
45958.pkl,val
45959.pkl,val
45960.pkl,val
45961.pkl,val
45962.pkl,val
45963.pkl,val
45964.pkl,train
45965.pkl,val
45966.pkl,val
45967.pkl,train
45968.pkl,val
45969.pkl,train
45970.pkl,val
45971.pkl,val
45972.pkl,val
45973.pkl,val
45974.pkl,train
45975.pkl,train
45976.pkl,train
45977.pkl,val
45978.pkl,train
45979.pkl,train
45980.pkl,val
45981.pkl,val
45982.pkl,val
45983.pkl,train
45984.pkl,val
45985.pkl,val
45986.pkl,val
45987.pkl,train
45988.pkl,val
45989.pkl,val
45990.pkl,train
45991.pkl,val
45992.pkl,train
45993.pkl,val
45994.pkl,val
45995.pkl,train
45996.pkl,train
45997.pkl,val
45998.pkl,val
45999.pkl,train
46000.pkl,train
46001.pkl,val
46002.pkl,val
46003.pkl,train
46004.pkl,train
46005.pkl,train
46006.pkl,val
46007.pkl,val
46008.pkl,train
46009.pkl,val
46010.pkl,train
46011.pkl,val
46012.pkl,val
46013.pkl,val
46014.pkl,train
46015.pkl,train
46016.pkl,train
46017.pkl,train
46018.pkl,val
46019.pkl,train
46020.pkl,val
46021.pkl,train
46022.pkl,train
46023.pkl,val
46024.pkl,train
46025.pkl,val
46026.pkl,val
46027.pkl,train
46028.pkl,train
46029.pkl,train
46030.pkl,val
46031.pkl,val
46032.pkl,val
46033.pkl,val
46034.pkl,train
46035.pkl,train
46036.pkl,val
46037.pkl,train
46038.pkl,train
46039.pkl,train
46040.pkl,train
46041.pkl,train
46042.pkl,val
46043.pkl,train
46044.pkl,train
46045.pkl,val
46046.pkl,val
46047.pkl,val
46048.pkl,train
46049.pkl,val
46050.pkl,val
46051.pkl,train
46052.pkl,val
46053.pkl,val
46054.pkl,val
46055.pkl,train
46056.pkl,train
46057.pkl,val
46058.pkl,train
46059.pkl,val
46060.pkl,val
46061.pkl,val
46062.pkl,val
46063.pkl,train
46064.pkl,train
46065.pkl,val
46066.pkl,train
46067.pkl,train
46068.pkl,val
46069.pkl,val
46070.pkl,val
46071.pkl,val
46072.pkl,train
46073.pkl,train
46074.pkl,train
46075.pkl,val
46076.pkl,train
46077.pkl,train
46078.pkl,train
46079.pkl,train
46080.pkl,val
46081.pkl,train
46082.pkl,train
46083.pkl,train
46084.pkl,val
46085.pkl,val
46086.pkl,val
46087.pkl,train
46088.pkl,val
46089.pkl,train
46090.pkl,val
46091.pkl,val
46092.pkl,val
46093.pkl,val
46094.pkl,train
46095.pkl,val
46096.pkl,val
46097.pkl,val
46098.pkl,train
46099.pkl,train
46100.pkl,val
46101.pkl,val
46102.pkl,train
46103.pkl,val
46104.pkl,train
46105.pkl,val
46106.pkl,train
46107.pkl,val
46108.pkl,val
46109.pkl,train
46110.pkl,train
46111.pkl,train
46112.pkl,val
46113.pkl,train
46114.pkl,train
46115.pkl,val
46116.pkl,val
46117.pkl,val
46118.pkl,val
46119.pkl,train
46120.pkl,val
46121.pkl,val
46122.pkl,val
46123.pkl,val
46124.pkl,val
46125.pkl,val
46126.pkl,train
46127.pkl,val
46128.pkl,train
46129.pkl,train
46130.pkl,val
46131.pkl,train
46132.pkl,val
46133.pkl,train
46134.pkl,train
46135.pkl,train
46136.pkl,train
46137.pkl,val
46138.pkl,train
46139.pkl,val
46140.pkl,val
46141.pkl,val
46142.pkl,val
46143.pkl,val
46144.pkl,val
46145.pkl,train
46146.pkl,val
46147.pkl,train
46148.pkl,val
46149.pkl,train
46150.pkl,train
46151.pkl,val
46152.pkl,val
46153.pkl,train
46154.pkl,train
46155.pkl,val
46156.pkl,val
46157.pkl,train
46158.pkl,train
46159.pkl,train
46160.pkl,val
46161.pkl,train
46162.pkl,val
46163.pkl,train
46164.pkl,val
46165.pkl,val
46166.pkl,train
46167.pkl,train
46168.pkl,train
46169.pkl,val
46170.pkl,val
46171.pkl,train
46172.pkl,val
46173.pkl,train
46174.pkl,val
46175.pkl,train
46176.pkl,train
46177.pkl,train
46178.pkl,val
46179.pkl,train
46180.pkl,train
46181.pkl,val
46182.pkl,val
46183.pkl,val
46184.pkl,val
46185.pkl,val
46186.pkl,val
46187.pkl,val
46188.pkl,train
46189.pkl,val
46190.pkl,train
46191.pkl,train
46192.pkl,val
46193.pkl,val
46194.pkl,val
46195.pkl,val
46196.pkl,val
46197.pkl,train
46198.pkl,train
46199.pkl,val
46200.pkl,train
46201.pkl,train
46202.pkl,val
46203.pkl,train
46204.pkl,train
46205.pkl,train
46206.pkl,train
46207.pkl,train
46208.pkl,val
46209.pkl,val
46210.pkl,val
46211.pkl,val
46212.pkl,val
46213.pkl,train
46214.pkl,val
46215.pkl,train
46216.pkl,val
46217.pkl,val
46218.pkl,train
46219.pkl,train
46220.pkl,val
46221.pkl,train
46222.pkl,val
46223.pkl,val
46224.pkl,train
46225.pkl,train
46226.pkl,val
46227.pkl,val
46228.pkl,train
46229.pkl,val
46230.pkl,val
46231.pkl,val
46232.pkl,val
46233.pkl,val
46234.pkl,train
46235.pkl,val
46236.pkl,train
46237.pkl,train
46238.pkl,val
46239.pkl,val
46240.pkl,train
46241.pkl,train
46242.pkl,val
46243.pkl,train
46244.pkl,val
46245.pkl,train
46246.pkl,val
46247.pkl,train
46248.pkl,train
46249.pkl,train
46250.pkl,train
46251.pkl,train
46252.pkl,train
46253.pkl,val
46254.pkl,train
46255.pkl,val
46256.pkl,train
46257.pkl,val
46258.pkl,train
46259.pkl,train
46260.pkl,train
46261.pkl,val
46262.pkl,train
46263.pkl,train
46264.pkl,val
46265.pkl,val
46266.pkl,train
46267.pkl,val
46268.pkl,val
46269.pkl,train
46270.pkl,val
46271.pkl,train
46272.pkl,val
46273.pkl,val
46274.pkl,val
46275.pkl,train
46276.pkl,train
46277.pkl,train
46278.pkl,val
46279.pkl,train
46280.pkl,train
46281.pkl,train
46282.pkl,train
46283.pkl,val
46284.pkl,train
46285.pkl,val
46286.pkl,val
46287.pkl,train
46288.pkl,train
46289.pkl,val
46290.pkl,train
46291.pkl,train
46292.pkl,val
46293.pkl,val
46294.pkl,val
46295.pkl,val
46296.pkl,train
46297.pkl,train
46298.pkl,val
46299.pkl,train
46300.pkl,val
46301.pkl,val
46302.pkl,val
46303.pkl,train
46304.pkl,train
46305.pkl,train
46306.pkl,train
46307.pkl,val
46308.pkl,val
46309.pkl,val
46310.pkl,train
46311.pkl,val
46312.pkl,val
46313.pkl,train
46314.pkl,val
46315.pkl,val
46316.pkl,val
46317.pkl,train
46318.pkl,train
46319.pkl,val
46320.pkl,val
46321.pkl,val
46322.pkl,train
46323.pkl,val
46324.pkl,val
46325.pkl,val
46326.pkl,val
46327.pkl,train
46328.pkl,val
46329.pkl,val
46330.pkl,val
46331.pkl,val
46332.pkl,train
46333.pkl,train
46334.pkl,train
46335.pkl,val
46336.pkl,val
46337.pkl,train
46338.pkl,train
46339.pkl,train
46340.pkl,train
46341.pkl,val
46342.pkl,val
46343.pkl,train
46344.pkl,val
46345.pkl,val
46346.pkl,train
46347.pkl,val
46348.pkl,val
46349.pkl,val
46350.pkl,train
46351.pkl,val
46352.pkl,val
46353.pkl,val
46354.pkl,val
46355.pkl,val
46356.pkl,train
46357.pkl,train
46358.pkl,val
46359.pkl,val
46360.pkl,train
46361.pkl,val
46362.pkl,train
46363.pkl,train
46364.pkl,val
46365.pkl,train
46366.pkl,train
46367.pkl,train
46368.pkl,train
46369.pkl,train
46370.pkl,train
46371.pkl,val
46372.pkl,val
46373.pkl,val
46374.pkl,val
46375.pkl,val
46376.pkl,val
46377.pkl,train
46378.pkl,val
46379.pkl,train
46380.pkl,val
46381.pkl,train
46382.pkl,val
46383.pkl,val
46384.pkl,val
46385.pkl,train
46386.pkl,train
46387.pkl,val
46388.pkl,train
46389.pkl,val
46390.pkl,val
46391.pkl,train
46392.pkl,val
46393.pkl,train
46394.pkl,train
46395.pkl,val
46396.pkl,val
46397.pkl,val
46398.pkl,train
46399.pkl,val
46400.pkl,val
46401.pkl,train
46402.pkl,train
46403.pkl,train
46404.pkl,val
46405.pkl,val
46406.pkl,val
46407.pkl,val
46408.pkl,train
46409.pkl,train
46410.pkl,train
46411.pkl,val
46412.pkl,val
46413.pkl,val
46414.pkl,val
46415.pkl,train
46416.pkl,train
46417.pkl,train
46418.pkl,train
46419.pkl,train
46420.pkl,val
46421.pkl,val
46422.pkl,train
46423.pkl,val
46424.pkl,val
46425.pkl,train
46426.pkl,val
46427.pkl,val
46428.pkl,train
46429.pkl,val
46430.pkl,train
46431.pkl,train
46432.pkl,val
46433.pkl,val
46434.pkl,val
46435.pkl,val
46436.pkl,val
46437.pkl,val
46438.pkl,val
46439.pkl,train
46440.pkl,train
46441.pkl,val
46442.pkl,train
46443.pkl,val
46444.pkl,train
46445.pkl,train
46446.pkl,val
46447.pkl,val
46448.pkl,train
46449.pkl,train
46450.pkl,val
46451.pkl,train
46452.pkl,train
46453.pkl,val
46454.pkl,val
46455.pkl,train
46456.pkl,val
46457.pkl,train
46458.pkl,train
46459.pkl,train
46460.pkl,train
46461.pkl,train
46462.pkl,val
46463.pkl,train
46464.pkl,val
46465.pkl,train
46466.pkl,val
46467.pkl,train
46468.pkl,val
46469.pkl,train
46470.pkl,train
46471.pkl,val
46472.pkl,train
46473.pkl,train
46474.pkl,val
46475.pkl,val
46476.pkl,val
46477.pkl,train
46478.pkl,train
46479.pkl,val
46480.pkl,train
46481.pkl,train
46482.pkl,train
46483.pkl,train
46484.pkl,train
46485.pkl,val
46486.pkl,val
46487.pkl,val
46488.pkl,val
46489.pkl,val
46490.pkl,val
46491.pkl,train
46492.pkl,train
46493.pkl,val
46494.pkl,train
46495.pkl,val
46496.pkl,train
46497.pkl,val
46498.pkl,train
46499.pkl,val
46500.pkl,val
46501.pkl,val
46502.pkl,val
46503.pkl,train
46504.pkl,train
46505.pkl,val
46506.pkl,train
46507.pkl,train
46508.pkl,val
46509.pkl,train
46510.pkl,val
46511.pkl,train
46512.pkl,train
46513.pkl,train
46514.pkl,train
46515.pkl,val
46516.pkl,val
46517.pkl,train
46518.pkl,val
46519.pkl,val
46520.pkl,val
46521.pkl,train
46522.pkl,val
46523.pkl,val
46524.pkl,train
46525.pkl,train
46526.pkl,val
46527.pkl,train
46528.pkl,val
46529.pkl,val
46530.pkl,val
46531.pkl,train
46532.pkl,val
46533.pkl,val
46534.pkl,val
46535.pkl,val
46536.pkl,train
46537.pkl,val
46538.pkl,val
46539.pkl,val
46540.pkl,val
46541.pkl,val
46542.pkl,train
46543.pkl,train
46544.pkl,val
46545.pkl,train
46546.pkl,val
46547.pkl,val
46548.pkl,val
46549.pkl,train
46550.pkl,train
46551.pkl,train
46552.pkl,train
46553.pkl,val
46554.pkl,val
46555.pkl,val
46556.pkl,val
46557.pkl,train
46558.pkl,val
46559.pkl,val
46560.pkl,train
46561.pkl,val
46562.pkl,val
46563.pkl,val
46564.pkl,train
46565.pkl,train
46566.pkl,train
46567.pkl,train
46568.pkl,val
46569.pkl,val
46570.pkl,train
46571.pkl,train
46572.pkl,val
46573.pkl,val
46574.pkl,train
46575.pkl,val
46576.pkl,train
46577.pkl,train
46578.pkl,val
46579.pkl,val
46580.pkl,train
46581.pkl,val
46582.pkl,val
46583.pkl,val
46584.pkl,train
46585.pkl,train
46586.pkl,train
46587.pkl,train
46588.pkl,train
46589.pkl,train
46590.pkl,train
46591.pkl,val
46592.pkl,val
46593.pkl,train
46594.pkl,train
46595.pkl,train
46596.pkl,val
46597.pkl,train
46598.pkl,train
46599.pkl,train
46600.pkl,train
46601.pkl,train
46602.pkl,val
46603.pkl,val
46604.pkl,val
46605.pkl,val
46606.pkl,val
46607.pkl,train
46608.pkl,train
46609.pkl,val
46610.pkl,val
46611.pkl,train
46612.pkl,train
46613.pkl,train
46614.pkl,train
46615.pkl,train
46616.pkl,train
46617.pkl,val
46618.pkl,train
46619.pkl,train
46620.pkl,train
46621.pkl,val
46622.pkl,val
46623.pkl,val
46624.pkl,val
46625.pkl,train
46626.pkl,val
46627.pkl,val
46628.pkl,train
46629.pkl,train
46630.pkl,train
46631.pkl,train
46632.pkl,val
46633.pkl,train
46634.pkl,val
46635.pkl,val
46636.pkl,val
46637.pkl,train
46638.pkl,val
46639.pkl,val
46640.pkl,val
46641.pkl,train
46642.pkl,val
46643.pkl,val
46644.pkl,train
46645.pkl,train
46646.pkl,val
46647.pkl,train
46648.pkl,train
46649.pkl,val
46650.pkl,train
46651.pkl,val
46652.pkl,val
46653.pkl,val
46654.pkl,val
46655.pkl,val
46656.pkl,train
46657.pkl,train
46658.pkl,train
46659.pkl,train
46660.pkl,train
46661.pkl,val
46662.pkl,val
46663.pkl,val
46664.pkl,val
46665.pkl,train
46666.pkl,train
46667.pkl,train
46668.pkl,train
46669.pkl,train
46670.pkl,val
46671.pkl,val
46672.pkl,train
46673.pkl,val
46674.pkl,val
46675.pkl,train
46676.pkl,val
46677.pkl,train
46678.pkl,train
46679.pkl,val
46680.pkl,val
46681.pkl,train
46682.pkl,val
46683.pkl,train
46684.pkl,train
46685.pkl,train
46686.pkl,train
46687.pkl,val
46688.pkl,val
46689.pkl,val
46690.pkl,train
46691.pkl,val
46692.pkl,val
46693.pkl,train
46694.pkl,val
46695.pkl,train
46696.pkl,train
46697.pkl,val
46698.pkl,train
46699.pkl,train
46700.pkl,train
46701.pkl,train
46702.pkl,val
46703.pkl,val
46704.pkl,val
46705.pkl,val
46706.pkl,train
46707.pkl,train
46708.pkl,val
46709.pkl,train
46710.pkl,val
46711.pkl,val
46712.pkl,train
46713.pkl,val
46714.pkl,train
46715.pkl,train
46716.pkl,train
46717.pkl,train
46718.pkl,train
46719.pkl,val
46720.pkl,val
46721.pkl,val
46722.pkl,train
46723.pkl,val
46724.pkl,val
46725.pkl,val
46726.pkl,val
46727.pkl,train
46728.pkl,train
46729.pkl,train
46730.pkl,val
46731.pkl,val
46732.pkl,train
46733.pkl,train
46734.pkl,val
46735.pkl,train
46736.pkl,train
46737.pkl,train
46738.pkl,train
46739.pkl,train
46740.pkl,val
46741.pkl,val
46742.pkl,train
46743.pkl,val
46744.pkl,train
46745.pkl,train
46746.pkl,train
46747.pkl,val
46748.pkl,val
46749.pkl,val
46750.pkl,train
46751.pkl,val
46752.pkl,val
46753.pkl,train
46754.pkl,val
46755.pkl,train
46756.pkl,val
46757.pkl,train
46758.pkl,train
46759.pkl,val
46760.pkl,train
46761.pkl,val
46762.pkl,val
46763.pkl,train
46764.pkl,val
46765.pkl,val
46766.pkl,val
46767.pkl,train
46768.pkl,val
46769.pkl,val
46770.pkl,train
46771.pkl,val
46772.pkl,val
46773.pkl,train
46774.pkl,train
46775.pkl,train
46776.pkl,train
46777.pkl,train
46778.pkl,train
46779.pkl,val
46780.pkl,val
46781.pkl,val
46782.pkl,train
46783.pkl,val
46784.pkl,train
46785.pkl,train
46786.pkl,train
46787.pkl,train
46788.pkl,train
46789.pkl,val
46790.pkl,val
46791.pkl,train
46792.pkl,train
46793.pkl,train
46794.pkl,val
46795.pkl,train
46796.pkl,train
46797.pkl,train
46798.pkl,train
46799.pkl,train
46800.pkl,train
46801.pkl,val
46802.pkl,train
46803.pkl,train
46804.pkl,train
46805.pkl,train
46806.pkl,train
46807.pkl,train
46808.pkl,val
46809.pkl,val
46810.pkl,val
46811.pkl,train
46812.pkl,val
46813.pkl,val
46814.pkl,train
46815.pkl,train
46816.pkl,train
46817.pkl,val
46818.pkl,val
46819.pkl,train
46820.pkl,val
46821.pkl,val
46822.pkl,val
46823.pkl,val
46824.pkl,val
46825.pkl,train
46826.pkl,train
46827.pkl,train
46828.pkl,val
46829.pkl,train
46830.pkl,val
46831.pkl,val
46832.pkl,train
46833.pkl,val
46834.pkl,train
46835.pkl,train
46836.pkl,train
46837.pkl,val
46838.pkl,val
46839.pkl,train
46840.pkl,train
46841.pkl,val
46842.pkl,train
46843.pkl,train
46844.pkl,val
46845.pkl,train
46846.pkl,train
46847.pkl,val
46848.pkl,train
46849.pkl,val
46850.pkl,train
46851.pkl,train
46852.pkl,train
46853.pkl,train
46854.pkl,val
46855.pkl,val
46856.pkl,val
46857.pkl,train
46858.pkl,train
46859.pkl,val
46860.pkl,train
46861.pkl,train
46862.pkl,val
46863.pkl,val
46864.pkl,train
46865.pkl,val
46866.pkl,val
46867.pkl,train
46868.pkl,train
46869.pkl,train
46870.pkl,train
46871.pkl,val
46872.pkl,train
46873.pkl,val
46874.pkl,train
46875.pkl,train
46876.pkl,val
46877.pkl,train
46878.pkl,train
46879.pkl,train
46880.pkl,train
46881.pkl,train
46882.pkl,val
46883.pkl,val
46884.pkl,val
46885.pkl,val
46886.pkl,train
46887.pkl,val
46888.pkl,val
46889.pkl,train
46890.pkl,train
46891.pkl,val
46892.pkl,train
46893.pkl,train
46894.pkl,val
46895.pkl,val
46896.pkl,train
46897.pkl,val
46898.pkl,train
46899.pkl,val
46900.pkl,val
46901.pkl,train
46902.pkl,val
46903.pkl,train
46904.pkl,val
46905.pkl,val
46906.pkl,train
46907.pkl,val
46908.pkl,train
46909.pkl,train
46910.pkl,train
46911.pkl,val
46912.pkl,train
46913.pkl,train
46914.pkl,train
46915.pkl,train
46916.pkl,train
46917.pkl,train
46918.pkl,val
46919.pkl,train
46920.pkl,val
46921.pkl,val
46922.pkl,val
46923.pkl,val
46924.pkl,train
46925.pkl,val
46926.pkl,val
46927.pkl,train
46928.pkl,train
46929.pkl,val
46930.pkl,train
46931.pkl,train
46932.pkl,val
46933.pkl,train
46934.pkl,val
46935.pkl,train
46936.pkl,val
46937.pkl,val
46938.pkl,train
46939.pkl,train
46940.pkl,val
46941.pkl,val
46942.pkl,train
46943.pkl,train
46944.pkl,train
46945.pkl,train
46946.pkl,train
46947.pkl,train
46948.pkl,train
46949.pkl,val
46950.pkl,val
46951.pkl,train
46952.pkl,val
46953.pkl,val
46954.pkl,val
46955.pkl,train
46956.pkl,train
46957.pkl,val
46958.pkl,val
46959.pkl,train
46960.pkl,train
46961.pkl,val
46962.pkl,train
46963.pkl,val
46964.pkl,val
46965.pkl,val
46966.pkl,val
46967.pkl,val
46968.pkl,train
46969.pkl,val
46970.pkl,train
46971.pkl,train
46972.pkl,val
46973.pkl,val
46974.pkl,train
46975.pkl,val
46976.pkl,train
46977.pkl,train
46978.pkl,train
46979.pkl,val
46980.pkl,val
46981.pkl,train
46982.pkl,train
46983.pkl,val
46984.pkl,val
46985.pkl,val
46986.pkl,train
46987.pkl,val
46988.pkl,val
46989.pkl,val
46990.pkl,val
46991.pkl,train
46992.pkl,train
46993.pkl,train
46994.pkl,val
46995.pkl,train
46996.pkl,val
46997.pkl,train
46998.pkl,val
46999.pkl,val
47000.pkl,val
47001.pkl,train
47002.pkl,val
47003.pkl,train
47004.pkl,train
47005.pkl,train
47006.pkl,train
47007.pkl,val
47008.pkl,train
47009.pkl,val
47010.pkl,train
47011.pkl,train
47012.pkl,val
47013.pkl,val
47014.pkl,train
47015.pkl,train
47016.pkl,val
47017.pkl,val
47018.pkl,val
47019.pkl,train
47020.pkl,train
47021.pkl,val
47022.pkl,train
47023.pkl,train
47024.pkl,train
47025.pkl,train
47026.pkl,train
47027.pkl,train
47028.pkl,train
47029.pkl,val
47030.pkl,train
47031.pkl,val
47032.pkl,val
47033.pkl,train
47034.pkl,val
47035.pkl,train
47036.pkl,val
47037.pkl,train
47038.pkl,train
47039.pkl,val
47040.pkl,val
47041.pkl,val
47042.pkl,val
47043.pkl,val
47044.pkl,val
47045.pkl,train
47046.pkl,train
47047.pkl,train
47048.pkl,val
47049.pkl,val
47050.pkl,train
47051.pkl,train
47052.pkl,val
47053.pkl,train
47054.pkl,val
47055.pkl,train
47056.pkl,train
47057.pkl,val
47058.pkl,train
47059.pkl,train
47060.pkl,train
47061.pkl,val
47062.pkl,train
47063.pkl,val
47064.pkl,train
47065.pkl,train
47066.pkl,val
47067.pkl,train
47068.pkl,train
47069.pkl,train
47070.pkl,train
47071.pkl,train
47072.pkl,val
47073.pkl,train
47074.pkl,val
47075.pkl,train
47076.pkl,train
47077.pkl,val
47078.pkl,val
47079.pkl,val
47080.pkl,train
47081.pkl,val
47082.pkl,val
47083.pkl,val
47084.pkl,val
47085.pkl,train
47086.pkl,train
47087.pkl,train
47088.pkl,val
47089.pkl,train
47090.pkl,val
47091.pkl,train
47092.pkl,val
47093.pkl,val
47094.pkl,val
47095.pkl,train
47096.pkl,val
47097.pkl,val
47098.pkl,train
47099.pkl,val
47100.pkl,val
47101.pkl,val
47102.pkl,val
47103.pkl,train
47104.pkl,train
47105.pkl,val
47106.pkl,train
47107.pkl,train
47108.pkl,val
47109.pkl,train
47110.pkl,train
47111.pkl,val
47112.pkl,train
47113.pkl,train
47114.pkl,train
47115.pkl,train
47116.pkl,train
47117.pkl,train
47118.pkl,train
47119.pkl,val
47120.pkl,train
47121.pkl,val
47122.pkl,train
47123.pkl,train
47124.pkl,val
47125.pkl,val
47126.pkl,val
47127.pkl,val
47128.pkl,val
47129.pkl,train
47130.pkl,val
47131.pkl,val
47132.pkl,train
47133.pkl,train
47134.pkl,val
47135.pkl,train
47136.pkl,val
47137.pkl,train
47138.pkl,val
47139.pkl,train
47140.pkl,val
47141.pkl,train
47142.pkl,val
47143.pkl,train
47144.pkl,train
47145.pkl,train
47146.pkl,val
47147.pkl,train
47148.pkl,val
47149.pkl,val
47150.pkl,train
47151.pkl,val
47152.pkl,val
47153.pkl,val
47154.pkl,train
47155.pkl,val
47156.pkl,val
47157.pkl,train
47158.pkl,val
47159.pkl,train
47160.pkl,train
47161.pkl,train
47162.pkl,val
47163.pkl,train
47164.pkl,val
47165.pkl,val
47166.pkl,val
47167.pkl,train
47168.pkl,val
47169.pkl,val
47170.pkl,train
47171.pkl,val
47172.pkl,train
47173.pkl,train
47174.pkl,val
47175.pkl,train
47176.pkl,val
47177.pkl,val
47178.pkl,train
47179.pkl,val
47180.pkl,train
47181.pkl,val
47182.pkl,val
47183.pkl,train
47184.pkl,train
47185.pkl,train
47186.pkl,val
47187.pkl,val
47188.pkl,val
47189.pkl,train
47190.pkl,val
47191.pkl,train
47192.pkl,val
47193.pkl,val
47194.pkl,train
47195.pkl,train
47196.pkl,train
47197.pkl,val
47198.pkl,train
47199.pkl,val
47200.pkl,train
47201.pkl,val
47202.pkl,val
47203.pkl,val
47204.pkl,val
47205.pkl,val
47206.pkl,val
47207.pkl,train
47208.pkl,train
47209.pkl,val
47210.pkl,val
47211.pkl,val
47212.pkl,train
47213.pkl,val
47214.pkl,train
47215.pkl,val
47216.pkl,train
47217.pkl,train
47218.pkl,train
47219.pkl,train
47220.pkl,train
47221.pkl,train
47222.pkl,val
47223.pkl,train
47224.pkl,train
47225.pkl,val
47226.pkl,train
47227.pkl,val
47228.pkl,train
47229.pkl,val
47230.pkl,val
47231.pkl,train
47232.pkl,val
47233.pkl,val
47234.pkl,train
47235.pkl,val
47236.pkl,val
47237.pkl,train
47238.pkl,train
47239.pkl,val
47240.pkl,val
47241.pkl,val
47242.pkl,val
47243.pkl,val
47244.pkl,val
47245.pkl,train
47246.pkl,val
47247.pkl,train
47248.pkl,train
47249.pkl,val
47250.pkl,train
47251.pkl,val
47252.pkl,val
47253.pkl,val
47254.pkl,val
47255.pkl,val
47256.pkl,train
47257.pkl,train
47258.pkl,val
47259.pkl,val
47260.pkl,train
47261.pkl,train
47262.pkl,val
47263.pkl,val
47264.pkl,val
47265.pkl,train
47266.pkl,val
47267.pkl,train
47268.pkl,train
47269.pkl,train
47270.pkl,val
47271.pkl,val
47272.pkl,val
47273.pkl,val
47274.pkl,train
47275.pkl,train
47276.pkl,val
47277.pkl,val
47278.pkl,train
47279.pkl,val
47280.pkl,train
47281.pkl,val
47282.pkl,val
47283.pkl,val
47284.pkl,train
47285.pkl,val
47286.pkl,train
47287.pkl,train
47288.pkl,val
47289.pkl,val
47290.pkl,val
47291.pkl,val
47292.pkl,train
47293.pkl,train
47294.pkl,val
47295.pkl,val
47296.pkl,train
47297.pkl,val
47298.pkl,train
47299.pkl,val
47300.pkl,val
47301.pkl,train
47302.pkl,train
47303.pkl,val
47304.pkl,train
47305.pkl,val
47306.pkl,train
47307.pkl,val
47308.pkl,train
47309.pkl,val
47310.pkl,val
47311.pkl,train
47312.pkl,train
47313.pkl,train
47314.pkl,train
47315.pkl,train
47316.pkl,val
47317.pkl,train
47318.pkl,train
47319.pkl,val
47320.pkl,train
47321.pkl,train
47322.pkl,train
47323.pkl,val
47324.pkl,val
47325.pkl,train
47326.pkl,val
47327.pkl,train
47328.pkl,train
47329.pkl,val
47330.pkl,train
47331.pkl,val
47332.pkl,train
47333.pkl,train
47334.pkl,train
47335.pkl,train
47336.pkl,train
47337.pkl,train
47338.pkl,train
47339.pkl,train
47340.pkl,train
47341.pkl,train
47342.pkl,val
47343.pkl,train
47344.pkl,val
47345.pkl,val
47346.pkl,val
47347.pkl,train
47348.pkl,train
47349.pkl,train
47350.pkl,val
47351.pkl,train
47352.pkl,train
47353.pkl,train
47354.pkl,train
47355.pkl,train
47356.pkl,train
47357.pkl,val
47358.pkl,train
47359.pkl,val
47360.pkl,train
47361.pkl,train
47362.pkl,train
47363.pkl,train
47364.pkl,val
47365.pkl,train
47366.pkl,val
47367.pkl,val
47368.pkl,val
47369.pkl,val
47370.pkl,val
47371.pkl,train
47372.pkl,train
47373.pkl,train
47374.pkl,val
47375.pkl,val
47376.pkl,train
47377.pkl,train
47378.pkl,train
47379.pkl,train
47380.pkl,train
47381.pkl,train
47382.pkl,val
47383.pkl,val
47384.pkl,train
47385.pkl,val
47386.pkl,train
47387.pkl,train
47388.pkl,val
47389.pkl,val
47390.pkl,val
47391.pkl,train
47392.pkl,val
47393.pkl,train
47394.pkl,train
47395.pkl,train
47396.pkl,val
47397.pkl,train
47398.pkl,train
47399.pkl,val
47400.pkl,val
47401.pkl,train
47402.pkl,train
47403.pkl,train
47404.pkl,val
47405.pkl,val
47406.pkl,val
47407.pkl,val
47408.pkl,train
47409.pkl,val
47410.pkl,train
47411.pkl,train
47412.pkl,val
47413.pkl,train
47414.pkl,val
47415.pkl,train
47416.pkl,train
47417.pkl,train
47418.pkl,train
47419.pkl,val
47420.pkl,val
47421.pkl,val
47422.pkl,train
47423.pkl,val
47424.pkl,train
47425.pkl,val
47426.pkl,train
47427.pkl,train
47428.pkl,train
47429.pkl,val
47430.pkl,val
47431.pkl,train
47432.pkl,train
47433.pkl,val
47434.pkl,val
47435.pkl,val
47436.pkl,train
47437.pkl,train
47438.pkl,train
47439.pkl,train
47440.pkl,val
47441.pkl,val
47442.pkl,train
47443.pkl,train
47444.pkl,val
47445.pkl,train
47446.pkl,val
47447.pkl,val
47448.pkl,train
47449.pkl,val
47450.pkl,train
47451.pkl,val
47452.pkl,val
47453.pkl,val
47454.pkl,val
47455.pkl,train
47456.pkl,val
47457.pkl,val
47458.pkl,val
47459.pkl,val
47460.pkl,val
47461.pkl,val
47462.pkl,val
47463.pkl,val
47464.pkl,train
47465.pkl,val
47466.pkl,train
47467.pkl,train
47468.pkl,val
47469.pkl,train
47470.pkl,val
47471.pkl,train
47472.pkl,train
47473.pkl,train
47474.pkl,val
47475.pkl,train
47476.pkl,val
47477.pkl,train
47478.pkl,train
47479.pkl,train
47480.pkl,val
47481.pkl,train
47482.pkl,train
47483.pkl,val
47484.pkl,val
47485.pkl,val
47486.pkl,val
47487.pkl,val
47488.pkl,train
47489.pkl,train
47490.pkl,train
47491.pkl,train
47492.pkl,train
47493.pkl,train
47494.pkl,train
47495.pkl,train
47496.pkl,train
47497.pkl,train
47498.pkl,train
47499.pkl,train
47500.pkl,train
47501.pkl,train
47502.pkl,val
47503.pkl,val
47504.pkl,val
47505.pkl,val
47506.pkl,train
47507.pkl,val
47508.pkl,val
47509.pkl,train
47510.pkl,train
47511.pkl,val
47512.pkl,val
47513.pkl,val
47514.pkl,val
47515.pkl,val
47516.pkl,val
47517.pkl,val
47518.pkl,val
47519.pkl,train
47520.pkl,val
47521.pkl,val
47522.pkl,val
47523.pkl,train
47524.pkl,val
47525.pkl,val
47526.pkl,val
47527.pkl,val
47528.pkl,val
47529.pkl,val
47530.pkl,val
47531.pkl,train
47532.pkl,train
47533.pkl,train
47534.pkl,val
47535.pkl,train
47536.pkl,train
47537.pkl,val
47538.pkl,train
47539.pkl,val
47540.pkl,train
47541.pkl,train
47542.pkl,train
47543.pkl,val
47544.pkl,val
47545.pkl,val
47546.pkl,train
47547.pkl,train
47548.pkl,val
47549.pkl,val
47550.pkl,val
47551.pkl,train
47552.pkl,val
47553.pkl,train
47554.pkl,train
47555.pkl,train
47556.pkl,val
47557.pkl,train
47558.pkl,train
47559.pkl,train
47560.pkl,train
47561.pkl,val
47562.pkl,train
47563.pkl,val
47564.pkl,val
47565.pkl,train
47566.pkl,train
47567.pkl,train
47568.pkl,train
47569.pkl,train
47570.pkl,val
47571.pkl,val
47572.pkl,train
47573.pkl,val
47574.pkl,train
47575.pkl,val
47576.pkl,val
47577.pkl,val
47578.pkl,val
47579.pkl,val
47580.pkl,train
47581.pkl,train
47582.pkl,val
47583.pkl,val
47584.pkl,train
47585.pkl,val
47586.pkl,train
47587.pkl,train
47588.pkl,val
47589.pkl,train
47590.pkl,train
47591.pkl,train
47592.pkl,train
47593.pkl,train
47594.pkl,val
47595.pkl,val
47596.pkl,train
47597.pkl,val
47598.pkl,val
47599.pkl,val
47600.pkl,train
47601.pkl,train
47602.pkl,val
47603.pkl,train
47604.pkl,train
47605.pkl,train
47606.pkl,val
47607.pkl,train
47608.pkl,val
47609.pkl,val
47610.pkl,train
47611.pkl,train
47612.pkl,val
47613.pkl,train
47614.pkl,train
47615.pkl,val
47616.pkl,val
47617.pkl,train
47618.pkl,val
47619.pkl,val
47620.pkl,val
47621.pkl,val
47622.pkl,val
47623.pkl,val
47624.pkl,train
47625.pkl,train
47626.pkl,train
47627.pkl,train
47628.pkl,train
47629.pkl,val
47630.pkl,val
47631.pkl,train
47632.pkl,val
47633.pkl,val
47634.pkl,train
47635.pkl,train
47636.pkl,val
47637.pkl,val
47638.pkl,train
47639.pkl,val
47640.pkl,val
47641.pkl,train
47642.pkl,val
47643.pkl,train
47644.pkl,train
47645.pkl,val
47646.pkl,train
47647.pkl,train
47648.pkl,train
47649.pkl,val
47650.pkl,val
47651.pkl,val
47652.pkl,train
47653.pkl,val
47654.pkl,train
47655.pkl,val
47656.pkl,val
47657.pkl,train
47658.pkl,val
47659.pkl,train
47660.pkl,val
47661.pkl,train
47662.pkl,val
47663.pkl,train
47664.pkl,train
47665.pkl,val
47666.pkl,val
47667.pkl,train
47668.pkl,val
47669.pkl,val
47670.pkl,val
47671.pkl,val
47672.pkl,val
47673.pkl,train
47674.pkl,train
47675.pkl,train
47676.pkl,val
47677.pkl,val
47678.pkl,train
47679.pkl,val
47680.pkl,val
47681.pkl,train
47682.pkl,val
47683.pkl,train
47684.pkl,val
47685.pkl,train
47686.pkl,train
47687.pkl,val
47688.pkl,train
47689.pkl,val
47690.pkl,train
47691.pkl,train
47692.pkl,train
47693.pkl,train
47694.pkl,val
47695.pkl,val
47696.pkl,train
47697.pkl,val
47698.pkl,train
47699.pkl,val
47700.pkl,val
47701.pkl,train
47702.pkl,train
47703.pkl,val
47704.pkl,train
47705.pkl,train
47706.pkl,train
47707.pkl,train
47708.pkl,val
47709.pkl,val
47710.pkl,train
47711.pkl,train
47712.pkl,val
47713.pkl,train
47714.pkl,val
47715.pkl,val
47716.pkl,train
47717.pkl,train
47718.pkl,train
47719.pkl,train
47720.pkl,train
47721.pkl,train
47722.pkl,val
47723.pkl,val
47724.pkl,val
47725.pkl,val
47726.pkl,train
47727.pkl,train
47728.pkl,train
47729.pkl,val
47730.pkl,val
47731.pkl,train
47732.pkl,val
47733.pkl,train
47734.pkl,train
47735.pkl,val
47736.pkl,train
47737.pkl,train
47738.pkl,val
47739.pkl,val
47740.pkl,train
47741.pkl,train
47742.pkl,val
47743.pkl,train
47744.pkl,train
47745.pkl,val
47746.pkl,val
47747.pkl,val
47748.pkl,train
47749.pkl,train
47750.pkl,val
47751.pkl,val
47752.pkl,val
47753.pkl,train
47754.pkl,train
47755.pkl,train
47756.pkl,train
47757.pkl,train
47758.pkl,train
47759.pkl,val
47760.pkl,train
47761.pkl,val
47762.pkl,val
47763.pkl,val
47764.pkl,val
47765.pkl,train
47766.pkl,train
47767.pkl,train
47768.pkl,val
47769.pkl,val
47770.pkl,val
47771.pkl,train
47772.pkl,val
47773.pkl,train
47774.pkl,train
47775.pkl,train
47776.pkl,val
47777.pkl,val
47778.pkl,train
47779.pkl,train
47780.pkl,val
47781.pkl,val
47782.pkl,val
47783.pkl,train
47784.pkl,val
47785.pkl,val
47786.pkl,train
47787.pkl,val
47788.pkl,val
47789.pkl,val
47790.pkl,val
47791.pkl,train
47792.pkl,train
47793.pkl,val
47794.pkl,val
47795.pkl,train
47796.pkl,val
47797.pkl,val
47798.pkl,train
47799.pkl,train
47800.pkl,val
47801.pkl,train
47802.pkl,val
47803.pkl,val
47804.pkl,val
47805.pkl,train
47806.pkl,train
47807.pkl,train
47808.pkl,val
47809.pkl,train
47810.pkl,train
47811.pkl,train
47812.pkl,train
47813.pkl,train
47814.pkl,train
47815.pkl,val
47816.pkl,train
47817.pkl,train
47818.pkl,train
47819.pkl,val
47820.pkl,val
47821.pkl,val
47822.pkl,val
47823.pkl,val
47824.pkl,train
47825.pkl,val
47826.pkl,val
47827.pkl,val
47828.pkl,val
47829.pkl,val
47830.pkl,train
47831.pkl,val
47832.pkl,train
47833.pkl,val
47834.pkl,val
47835.pkl,train
47836.pkl,val
47837.pkl,val
47838.pkl,val
47839.pkl,val
47840.pkl,val
47841.pkl,val
47842.pkl,train
47843.pkl,train
47844.pkl,train
47845.pkl,val
47846.pkl,val
47847.pkl,train
47848.pkl,train
47849.pkl,train
47850.pkl,val
47851.pkl,val
47852.pkl,train
47853.pkl,val
47854.pkl,val
47855.pkl,train
47856.pkl,val
47857.pkl,val
47858.pkl,val
47859.pkl,val
47860.pkl,train
47861.pkl,val
47862.pkl,val
47863.pkl,train
47864.pkl,val
47865.pkl,val
47866.pkl,train
47867.pkl,val
47868.pkl,val
47869.pkl,train
47870.pkl,val
47871.pkl,train
47872.pkl,train
47873.pkl,val
47874.pkl,val
47875.pkl,train
47876.pkl,val
47877.pkl,train
47878.pkl,train
47879.pkl,train
47880.pkl,train
47881.pkl,train
47882.pkl,train
47883.pkl,val
47884.pkl,val
47885.pkl,val
47886.pkl,val
47887.pkl,val
47888.pkl,train
47889.pkl,train
47890.pkl,train
47891.pkl,val
47892.pkl,val
47893.pkl,val
47894.pkl,train
47895.pkl,train
47896.pkl,val
47897.pkl,val
47898.pkl,val
47899.pkl,train
47900.pkl,train
47901.pkl,val
47902.pkl,val
47903.pkl,train
47904.pkl,train
47905.pkl,train
47906.pkl,val
47907.pkl,train
47908.pkl,val
47909.pkl,val
47910.pkl,train
47911.pkl,val
47912.pkl,train
47913.pkl,val
47914.pkl,val
47915.pkl,train
47916.pkl,train
47917.pkl,val
47918.pkl,train
47919.pkl,train
47920.pkl,val
47921.pkl,train
47922.pkl,val
47923.pkl,train
47924.pkl,val
47925.pkl,val
47926.pkl,val
47927.pkl,val
47928.pkl,val
47929.pkl,val
47930.pkl,val
47931.pkl,val
47932.pkl,val
47933.pkl,train
47934.pkl,train
47935.pkl,train
47936.pkl,train
47937.pkl,val
47938.pkl,val
47939.pkl,train
47940.pkl,val
47941.pkl,train
47942.pkl,train
47943.pkl,train
47944.pkl,val
47945.pkl,val
47946.pkl,train
47947.pkl,val
47948.pkl,val
47949.pkl,val
47950.pkl,train
47951.pkl,train
47952.pkl,train
47953.pkl,val
47954.pkl,val
47955.pkl,train
47956.pkl,train
47957.pkl,val
47958.pkl,val
47959.pkl,val
47960.pkl,train
47961.pkl,val
47962.pkl,train
47963.pkl,train
47964.pkl,val
47965.pkl,val
47966.pkl,val
47967.pkl,val
47968.pkl,val
47969.pkl,train
47970.pkl,train
47971.pkl,val
47972.pkl,val
47973.pkl,train
47974.pkl,train
47975.pkl,val
47976.pkl,train
47977.pkl,val
47978.pkl,val
47979.pkl,train
47980.pkl,train
47981.pkl,val
47982.pkl,train
47983.pkl,train
47984.pkl,val
47985.pkl,train
47986.pkl,val
47987.pkl,train
47988.pkl,train
47989.pkl,train
47990.pkl,val
47991.pkl,train
47992.pkl,val
47993.pkl,val
47994.pkl,train
47995.pkl,val
47996.pkl,val
47997.pkl,train
47998.pkl,val
47999.pkl,train
48000.pkl,train
48001.pkl,val
48002.pkl,val
48003.pkl,train
48004.pkl,val
48005.pkl,train
48006.pkl,val
48007.pkl,train
48008.pkl,train
48009.pkl,train
48010.pkl,val
48011.pkl,train
48012.pkl,val
48013.pkl,train
48014.pkl,train
48015.pkl,train
48016.pkl,val
48017.pkl,train
48018.pkl,train
48019.pkl,val
48020.pkl,val
48021.pkl,train
48022.pkl,val
48023.pkl,val
48024.pkl,train
48025.pkl,val
48026.pkl,train
48027.pkl,val
48028.pkl,train
48029.pkl,train
48030.pkl,train
48031.pkl,train
48032.pkl,train
48033.pkl,val
48034.pkl,val
48035.pkl,val
48036.pkl,val
48037.pkl,val
48038.pkl,train
48039.pkl,val
48040.pkl,train
48041.pkl,val
48042.pkl,val
48043.pkl,val
48044.pkl,train
48045.pkl,val
48046.pkl,train
48047.pkl,train
48048.pkl,train
48049.pkl,val
48050.pkl,val
48051.pkl,val
48052.pkl,val
48053.pkl,val
48054.pkl,train
48055.pkl,val
48056.pkl,val
48057.pkl,val
48058.pkl,train
48059.pkl,train
48060.pkl,train
48061.pkl,train
48062.pkl,train
48063.pkl,val
48064.pkl,val
48065.pkl,val
48066.pkl,val
48067.pkl,train
48068.pkl,train
48069.pkl,train
48070.pkl,val
48071.pkl,val
48072.pkl,val
48073.pkl,val
48074.pkl,train
48075.pkl,train
48076.pkl,train
48077.pkl,val
48078.pkl,val
48079.pkl,val
48080.pkl,val
48081.pkl,val
48082.pkl,train
48083.pkl,val
48084.pkl,val
48085.pkl,train
48086.pkl,train
48087.pkl,val
48088.pkl,val
48089.pkl,train
48090.pkl,val
48091.pkl,val
48092.pkl,val
48093.pkl,train
48094.pkl,train
48095.pkl,val
48096.pkl,val
48097.pkl,val
48098.pkl,train
48099.pkl,train
48100.pkl,train
48101.pkl,train
48102.pkl,val
48103.pkl,val
48104.pkl,train
48105.pkl,train
48106.pkl,train
48107.pkl,train
48108.pkl,val
48109.pkl,val
48110.pkl,train
48111.pkl,train
48112.pkl,train
48113.pkl,train
48114.pkl,train
48115.pkl,val
48116.pkl,val
48117.pkl,train
48118.pkl,train
48119.pkl,train
48120.pkl,val
48121.pkl,val
48122.pkl,train
48123.pkl,val
48124.pkl,train
48125.pkl,train
48126.pkl,train
48127.pkl,val
48128.pkl,train
48129.pkl,train
48130.pkl,train
48131.pkl,train
48132.pkl,val
48133.pkl,train
48134.pkl,val
48135.pkl,val
48136.pkl,val
48137.pkl,val
48138.pkl,val
48139.pkl,train
48140.pkl,train
48141.pkl,val
48142.pkl,val
48143.pkl,train
48144.pkl,val
48145.pkl,train
48146.pkl,train
48147.pkl,train
48148.pkl,train
48149.pkl,train
48150.pkl,val
48151.pkl,val
48152.pkl,train
48153.pkl,train
48154.pkl,val
48155.pkl,val
48156.pkl,train
48157.pkl,train
48158.pkl,val
48159.pkl,train
48160.pkl,val
48161.pkl,train
48162.pkl,train
48163.pkl,train
48164.pkl,train
48165.pkl,val
48166.pkl,train
48167.pkl,train
48168.pkl,val
48169.pkl,val
48170.pkl,val
48171.pkl,val
48172.pkl,val
48173.pkl,train
48174.pkl,val
48175.pkl,val
48176.pkl,train
48177.pkl,train
48178.pkl,val
48179.pkl,train
48180.pkl,val
48181.pkl,val
48182.pkl,val
48183.pkl,train
48184.pkl,train
48185.pkl,train
48186.pkl,train
48187.pkl,train
48188.pkl,train
48189.pkl,train
48190.pkl,val
48191.pkl,val
48192.pkl,val
48193.pkl,train
48194.pkl,val
48195.pkl,val
48196.pkl,train
48197.pkl,val
48198.pkl,train
48199.pkl,val
48200.pkl,val
48201.pkl,val
48202.pkl,train
48203.pkl,train
48204.pkl,train
48205.pkl,val
48206.pkl,train
48207.pkl,train
48208.pkl,val
48209.pkl,train
48210.pkl,train
48211.pkl,val
48212.pkl,val
48213.pkl,val
48214.pkl,train
48215.pkl,train
48216.pkl,val
48217.pkl,val
48218.pkl,train
48219.pkl,train
48220.pkl,val
48221.pkl,train
48222.pkl,train
48223.pkl,val
48224.pkl,val
48225.pkl,val
48226.pkl,train
48227.pkl,train
48228.pkl,train
48229.pkl,val
48230.pkl,train
48231.pkl,val
48232.pkl,train
48233.pkl,val
48234.pkl,train
48235.pkl,train
48236.pkl,train
48237.pkl,train
48238.pkl,val
48239.pkl,train
48240.pkl,train
48241.pkl,train
48242.pkl,val
48243.pkl,val
48244.pkl,val
48245.pkl,val
48246.pkl,train
48247.pkl,val
48248.pkl,val
48249.pkl,train
48250.pkl,train
48251.pkl,val
48252.pkl,val
48253.pkl,val
48254.pkl,val
48255.pkl,train
48256.pkl,train
48257.pkl,train
48258.pkl,val
48259.pkl,train
48260.pkl,train
48261.pkl,train
48262.pkl,val
48263.pkl,train
48264.pkl,val
48265.pkl,val
48266.pkl,train
48267.pkl,train
48268.pkl,val
48269.pkl,train
48270.pkl,val
48271.pkl,val
48272.pkl,train
48273.pkl,val
48274.pkl,val
48275.pkl,val
48276.pkl,train
48277.pkl,train
48278.pkl,train
48279.pkl,train
48280.pkl,train
48281.pkl,val
48282.pkl,val
48283.pkl,train
48284.pkl,train
48285.pkl,train
48286.pkl,train
48287.pkl,val
48288.pkl,val
48289.pkl,val
48290.pkl,val
48291.pkl,val
48292.pkl,val
48293.pkl,train
48294.pkl,val
48295.pkl,val
48296.pkl,train
48297.pkl,train
48298.pkl,val
48299.pkl,train
48300.pkl,train
48301.pkl,val
48302.pkl,val
48303.pkl,val
48304.pkl,train
48305.pkl,train
48306.pkl,val
48307.pkl,val
48308.pkl,train
48309.pkl,train
48310.pkl,val
48311.pkl,train
48312.pkl,train
48313.pkl,train
48314.pkl,train
48315.pkl,val
48316.pkl,train
48317.pkl,val
48318.pkl,val
48319.pkl,train
48320.pkl,train
48321.pkl,val
48322.pkl,train
48323.pkl,val
48324.pkl,val
48325.pkl,val
48326.pkl,train
48327.pkl,val
48328.pkl,train
48329.pkl,train
48330.pkl,val
48331.pkl,val
48332.pkl,val
48333.pkl,val
48334.pkl,val
48335.pkl,val
48336.pkl,val
48337.pkl,val
48338.pkl,val
48339.pkl,train
48340.pkl,val
48341.pkl,train
48342.pkl,train
48343.pkl,val
48344.pkl,train
48345.pkl,train
48346.pkl,val
48347.pkl,train
48348.pkl,val
48349.pkl,train
48350.pkl,val
48351.pkl,train
48352.pkl,train
48353.pkl,val
48354.pkl,train
48355.pkl,train
48356.pkl,val
48357.pkl,train
48358.pkl,train
48359.pkl,train
48360.pkl,train
48361.pkl,train
48362.pkl,train
48363.pkl,train
48364.pkl,val
48365.pkl,train
48366.pkl,val
48367.pkl,val
48368.pkl,train
48369.pkl,val
48370.pkl,val
48371.pkl,train
48372.pkl,val
48373.pkl,train
48374.pkl,train
48375.pkl,train
48376.pkl,train
48377.pkl,val
48378.pkl,val
48379.pkl,val
48380.pkl,train
48381.pkl,val
48382.pkl,val
48383.pkl,val
48384.pkl,train
48385.pkl,train
48386.pkl,train
48387.pkl,val
48388.pkl,train
48389.pkl,train
48390.pkl,train
48391.pkl,train
48392.pkl,val
48393.pkl,train
48394.pkl,val
48395.pkl,val
48396.pkl,train
48397.pkl,train
48398.pkl,val
48399.pkl,val
48400.pkl,val
48401.pkl,val
48402.pkl,val
48403.pkl,train
48404.pkl,val
48405.pkl,val
48406.pkl,train
48407.pkl,val
48408.pkl,train
48409.pkl,train
48410.pkl,val
48411.pkl,val
48412.pkl,val
48413.pkl,train
48414.pkl,train
48415.pkl,train
48416.pkl,val
48417.pkl,val
48418.pkl,val
48419.pkl,val
48420.pkl,val
48421.pkl,train
48422.pkl,train
48423.pkl,train
48424.pkl,train
48425.pkl,val
48426.pkl,train
48427.pkl,val
48428.pkl,val
48429.pkl,val
48430.pkl,train
48431.pkl,val
48432.pkl,train
48433.pkl,train
48434.pkl,val
48435.pkl,train
48436.pkl,train
48437.pkl,train
48438.pkl,train
48439.pkl,train
48440.pkl,train
48441.pkl,val
48442.pkl,train
48443.pkl,val
48444.pkl,train
48445.pkl,train
48446.pkl,val
48447.pkl,val
48448.pkl,train
48449.pkl,val
48450.pkl,train
48451.pkl,train
48452.pkl,val
48453.pkl,train
48454.pkl,train
48455.pkl,val
48456.pkl,val
48457.pkl,train
48458.pkl,train
48459.pkl,val
48460.pkl,train
48461.pkl,train
48462.pkl,val
48463.pkl,val
48464.pkl,val
48465.pkl,val
48466.pkl,val
48467.pkl,val
48468.pkl,val
48469.pkl,val
48470.pkl,val
48471.pkl,train
48472.pkl,train
48473.pkl,val
48474.pkl,val
48475.pkl,train
48476.pkl,val
48477.pkl,train
48478.pkl,val
48479.pkl,val
48480.pkl,val
48481.pkl,train
48482.pkl,val
48483.pkl,val
48484.pkl,val
48485.pkl,train
48486.pkl,val
48487.pkl,val
48488.pkl,val
48489.pkl,train
48490.pkl,val
48491.pkl,val
48492.pkl,train
48493.pkl,val
48494.pkl,val
48495.pkl,train
48496.pkl,val
48497.pkl,val
48498.pkl,train
48499.pkl,train
48500.pkl,train
48501.pkl,val
48502.pkl,val
48503.pkl,train
48504.pkl,val
48505.pkl,train
48506.pkl,val
48507.pkl,train
48508.pkl,val
48509.pkl,val
48510.pkl,val
48511.pkl,train
48512.pkl,train
48513.pkl,train
48514.pkl,val
48515.pkl,val
48516.pkl,val
48517.pkl,val
48518.pkl,val
48519.pkl,train
48520.pkl,train
48521.pkl,train
48522.pkl,train
48523.pkl,train
48524.pkl,val
48525.pkl,val
48526.pkl,val
48527.pkl,val
48528.pkl,val
48529.pkl,val
48530.pkl,train
48531.pkl,train
48532.pkl,val
48533.pkl,train
48534.pkl,val
48535.pkl,train
48536.pkl,train
48537.pkl,train
48538.pkl,val
48539.pkl,val
48540.pkl,val
48541.pkl,val
48542.pkl,train
48543.pkl,train
48544.pkl,train
48545.pkl,train
48546.pkl,val
48547.pkl,val
48548.pkl,val
48549.pkl,train
48550.pkl,val
48551.pkl,val
48552.pkl,val
48553.pkl,train
48554.pkl,val
48555.pkl,val
48556.pkl,val
48557.pkl,val
48558.pkl,val
48559.pkl,train
48560.pkl,val
48561.pkl,val
48562.pkl,val
48563.pkl,train
48564.pkl,val
48565.pkl,val
48566.pkl,train
48567.pkl,train
48568.pkl,train
48569.pkl,val
48570.pkl,train
48571.pkl,val
48572.pkl,train
48573.pkl,train
48574.pkl,train
48575.pkl,train
48576.pkl,train
48577.pkl,val
48578.pkl,val
48579.pkl,val
48580.pkl,train
48581.pkl,train
48582.pkl,val
48583.pkl,train
48584.pkl,train
48585.pkl,val
48586.pkl,val
48587.pkl,val
48588.pkl,train
48589.pkl,train
48590.pkl,val
48591.pkl,train
48592.pkl,train
48593.pkl,val
48594.pkl,train
48595.pkl,train
48596.pkl,val
48597.pkl,train
48598.pkl,val
48599.pkl,train
48600.pkl,val
48601.pkl,val
48602.pkl,val
48603.pkl,train
48604.pkl,train
48605.pkl,train
48606.pkl,val
48607.pkl,val
48608.pkl,train
48609.pkl,val
48610.pkl,train
48611.pkl,train
48612.pkl,train
48613.pkl,train
48614.pkl,train
48615.pkl,train
48616.pkl,val
48617.pkl,train
48618.pkl,val
48619.pkl,train
48620.pkl,train
48621.pkl,val
48622.pkl,val
48623.pkl,train
48624.pkl,val
48625.pkl,train
48626.pkl,train
48627.pkl,val
48628.pkl,val
48629.pkl,val
48630.pkl,val
48631.pkl,val
48632.pkl,train
48633.pkl,train
48634.pkl,val
48635.pkl,train
48636.pkl,val
48637.pkl,val
48638.pkl,train
48639.pkl,val
48640.pkl,val
48641.pkl,train
48642.pkl,train
48643.pkl,val
48644.pkl,val
48645.pkl,val
48646.pkl,train
48647.pkl,train
48648.pkl,train
48649.pkl,train
48650.pkl,val
48651.pkl,val
48652.pkl,train
48653.pkl,train
48654.pkl,val
48655.pkl,val
48656.pkl,val
48657.pkl,val
48658.pkl,val
48659.pkl,train
48660.pkl,val
48661.pkl,val
48662.pkl,val
48663.pkl,val
48664.pkl,train
48665.pkl,train
48666.pkl,val
48667.pkl,train
48668.pkl,val
48669.pkl,train
48670.pkl,val
48671.pkl,train
48672.pkl,train
48673.pkl,train
48674.pkl,train
48675.pkl,train
48676.pkl,train
48677.pkl,train
48678.pkl,train
48679.pkl,train
48680.pkl,val
48681.pkl,train
48682.pkl,val
48683.pkl,val
48684.pkl,val
48685.pkl,val
48686.pkl,train
48687.pkl,val
48688.pkl,val
48689.pkl,val
48690.pkl,train
48691.pkl,val
48692.pkl,train
48693.pkl,val
48694.pkl,val
48695.pkl,train
48696.pkl,train
48697.pkl,train
48698.pkl,val
48699.pkl,val
48700.pkl,train
48701.pkl,train
48702.pkl,val
48703.pkl,val
48704.pkl,val
48705.pkl,train
48706.pkl,val
48707.pkl,train
48708.pkl,train
48709.pkl,val
48710.pkl,val
48711.pkl,train
48712.pkl,train
48713.pkl,val
48714.pkl,train
48715.pkl,train
48716.pkl,train
48717.pkl,train
48718.pkl,train
48719.pkl,train
48720.pkl,train
48721.pkl,val
48722.pkl,train
48723.pkl,val
48724.pkl,val
48725.pkl,train
48726.pkl,train
48727.pkl,val
48728.pkl,val
48729.pkl,train
48730.pkl,train
48731.pkl,train
48732.pkl,train
48733.pkl,train
48734.pkl,val
48735.pkl,val
48736.pkl,val
48737.pkl,val
48738.pkl,train
48739.pkl,val
48740.pkl,val
48741.pkl,val
48742.pkl,val
48743.pkl,train
48744.pkl,train
48745.pkl,train
48746.pkl,train
48747.pkl,train
48748.pkl,train
48749.pkl,train
48750.pkl,val
48751.pkl,train
48752.pkl,val
48753.pkl,val
48754.pkl,val
48755.pkl,train
48756.pkl,train
48757.pkl,val
48758.pkl,train
48759.pkl,train
48760.pkl,val
48761.pkl,val
48762.pkl,train
48763.pkl,train
48764.pkl,train
48765.pkl,val
48766.pkl,train
48767.pkl,val
48768.pkl,val
48769.pkl,val
48770.pkl,train
48771.pkl,train
48772.pkl,val
48773.pkl,val
48774.pkl,train
48775.pkl,train
48776.pkl,val
48777.pkl,val
48778.pkl,train
48779.pkl,val
48780.pkl,train
48781.pkl,train
48782.pkl,val
48783.pkl,val
48784.pkl,val
48785.pkl,train
48786.pkl,val
48787.pkl,train
48788.pkl,train
48789.pkl,val
48790.pkl,train
48791.pkl,train
48792.pkl,train
48793.pkl,val
48794.pkl,train
48795.pkl,train
48796.pkl,val
48797.pkl,val
48798.pkl,train
48799.pkl,val
48800.pkl,train
48801.pkl,val
48802.pkl,val
48803.pkl,train
48804.pkl,val
48805.pkl,train
48806.pkl,val
48807.pkl,train
48808.pkl,train
48809.pkl,val
48810.pkl,val
48811.pkl,train
48812.pkl,val
48813.pkl,train
48814.pkl,train
48815.pkl,val
48816.pkl,train
48817.pkl,train
48818.pkl,val
48819.pkl,train
48820.pkl,train
48821.pkl,train
48822.pkl,train
48823.pkl,val
48824.pkl,train
48825.pkl,train
48826.pkl,train
48827.pkl,train
48828.pkl,train
48829.pkl,val
48830.pkl,train
48831.pkl,train
48832.pkl,train
48833.pkl,val
48834.pkl,val
48835.pkl,val
48836.pkl,train
48837.pkl,val
48838.pkl,val
48839.pkl,val
48840.pkl,val
48841.pkl,val
48842.pkl,val
48843.pkl,train
48844.pkl,val
48845.pkl,train
48846.pkl,val
48847.pkl,val
48848.pkl,train
48849.pkl,val
48850.pkl,train
48851.pkl,train
48852.pkl,train
48853.pkl,train
48854.pkl,val
48855.pkl,train
48856.pkl,val
48857.pkl,train
48858.pkl,val
48859.pkl,train
48860.pkl,train
48861.pkl,val
48862.pkl,val
48863.pkl,train
48864.pkl,val
48865.pkl,train
48866.pkl,val
48867.pkl,val
48868.pkl,train
48869.pkl,train
48870.pkl,train
48871.pkl,train
48872.pkl,val
48873.pkl,val
48874.pkl,train
48875.pkl,train
48876.pkl,train
48877.pkl,val
48878.pkl,val
48879.pkl,train
48880.pkl,val
48881.pkl,train
48882.pkl,val
48883.pkl,val
48884.pkl,val
48885.pkl,val
48886.pkl,val
48887.pkl,val
48888.pkl,train
48889.pkl,train
48890.pkl,val
48891.pkl,train
48892.pkl,val
48893.pkl,val
48894.pkl,val
48895.pkl,train
48896.pkl,val
48897.pkl,val
48898.pkl,train
48899.pkl,train
48900.pkl,val
48901.pkl,train
48902.pkl,val
48903.pkl,val
48904.pkl,val
48905.pkl,train
48906.pkl,val
48907.pkl,train
48908.pkl,train
48909.pkl,val
48910.pkl,train
48911.pkl,val
48912.pkl,train
48913.pkl,val
48914.pkl,train
48915.pkl,train
48916.pkl,train
48917.pkl,train
48918.pkl,val
48919.pkl,val
48920.pkl,train
48921.pkl,val
48922.pkl,val
48923.pkl,train
48924.pkl,train
48925.pkl,train
48926.pkl,val
48927.pkl,train
48928.pkl,train
48929.pkl,val
48930.pkl,train
48931.pkl,train
48932.pkl,train
48933.pkl,val
48934.pkl,train
48935.pkl,val
48936.pkl,train
48937.pkl,train
48938.pkl,val
48939.pkl,val
48940.pkl,val
48941.pkl,train
48942.pkl,val
48943.pkl,train
48944.pkl,train
48945.pkl,val
48946.pkl,val
48947.pkl,val
48948.pkl,val
48949.pkl,train
48950.pkl,train
48951.pkl,train
48952.pkl,val
48953.pkl,train
48954.pkl,train
48955.pkl,train
48956.pkl,val
48957.pkl,train
48958.pkl,val
48959.pkl,val
48960.pkl,train
48961.pkl,train
48962.pkl,train
48963.pkl,val
48964.pkl,train
48965.pkl,train
48966.pkl,train
48967.pkl,train
48968.pkl,train
48969.pkl,val
48970.pkl,val
48971.pkl,train
48972.pkl,train
48973.pkl,train
48974.pkl,train
48975.pkl,val
48976.pkl,val
48977.pkl,val
48978.pkl,train
48979.pkl,train
48980.pkl,train
48981.pkl,train
48982.pkl,train
48983.pkl,val
48984.pkl,train
48985.pkl,val
48986.pkl,val
48987.pkl,train
48988.pkl,val
48989.pkl,val
48990.pkl,train
48991.pkl,train
48992.pkl,train
48993.pkl,val
48994.pkl,val
48995.pkl,val
48996.pkl,train
48997.pkl,train
48998.pkl,val
48999.pkl,val
49000.pkl,val
49001.pkl,train
49002.pkl,val
49003.pkl,val
49004.pkl,val
49005.pkl,train
49006.pkl,val
49007.pkl,train
49008.pkl,val
49009.pkl,val
49010.pkl,val
49011.pkl,val
49012.pkl,val
49013.pkl,train
49014.pkl,val
49015.pkl,train
49016.pkl,val
49017.pkl,val
49018.pkl,val
49019.pkl,val
49020.pkl,train
49021.pkl,train
49022.pkl,train
49023.pkl,val
49024.pkl,val
49025.pkl,train
49026.pkl,val
49027.pkl,train
49028.pkl,train
49029.pkl,val
49030.pkl,train
49031.pkl,train
49032.pkl,train
49033.pkl,train
49034.pkl,train
49035.pkl,val
49036.pkl,val
49037.pkl,train
49038.pkl,val
49039.pkl,val
49040.pkl,val
49041.pkl,train
49042.pkl,val
49043.pkl,val
49044.pkl,val
49045.pkl,val
49046.pkl,val
49047.pkl,train
49048.pkl,val
49049.pkl,val
49050.pkl,train
49051.pkl,train
49052.pkl,val
49053.pkl,train
49054.pkl,train
49055.pkl,val
49056.pkl,val
49057.pkl,val
49058.pkl,val
49059.pkl,train
49060.pkl,train
49061.pkl,val
49062.pkl,train
49063.pkl,val
49064.pkl,train
49065.pkl,train
49066.pkl,train
49067.pkl,val
49068.pkl,val
49069.pkl,train
49070.pkl,train
49071.pkl,val
49072.pkl,val
49073.pkl,train
49074.pkl,val
49075.pkl,train
49076.pkl,val
49077.pkl,val
49078.pkl,train
49079.pkl,val
49080.pkl,val
49081.pkl,train
49082.pkl,train
49083.pkl,val
49084.pkl,val
49085.pkl,train
49086.pkl,val
49087.pkl,val
49088.pkl,val
49089.pkl,train
49090.pkl,train
49091.pkl,train
49092.pkl,train
49093.pkl,val
49094.pkl,train
49095.pkl,val
49096.pkl,val
49097.pkl,val
49098.pkl,train
49099.pkl,val
49100.pkl,val
49101.pkl,train
49102.pkl,val
49103.pkl,train
49104.pkl,train
49105.pkl,train
49106.pkl,train
49107.pkl,train
49108.pkl,val
49109.pkl,train
49110.pkl,val
49111.pkl,val
49112.pkl,train
49113.pkl,train
49114.pkl,val
49115.pkl,train
49116.pkl,val
49117.pkl,val
49118.pkl,train
49119.pkl,train
49120.pkl,val
49121.pkl,train
49122.pkl,train
49123.pkl,train
49124.pkl,val
49125.pkl,train
49126.pkl,train
49127.pkl,val
49128.pkl,val
49129.pkl,train
49130.pkl,val
49131.pkl,train
49132.pkl,train
49133.pkl,val
49134.pkl,val
49135.pkl,val
49136.pkl,val
49137.pkl,val
49138.pkl,val
49139.pkl,val
49140.pkl,train
49141.pkl,train
49142.pkl,val
49143.pkl,val
49144.pkl,val
49145.pkl,val
49146.pkl,train
49147.pkl,val
49148.pkl,val
49149.pkl,train
49150.pkl,train
49151.pkl,val
49152.pkl,val
49153.pkl,val
49154.pkl,val
49155.pkl,train
49156.pkl,val
49157.pkl,val
49158.pkl,val
49159.pkl,val
49160.pkl,val
49161.pkl,train
49162.pkl,train
49163.pkl,val
49164.pkl,val
49165.pkl,val
49166.pkl,train
49167.pkl,train
49168.pkl,val
49169.pkl,val
49170.pkl,val
49171.pkl,train
49172.pkl,val
49173.pkl,val
49174.pkl,val
49175.pkl,val
49176.pkl,val
49177.pkl,train
49178.pkl,val
49179.pkl,val
49180.pkl,val
49181.pkl,train
49182.pkl,val
49183.pkl,val
49184.pkl,train
49185.pkl,val
49186.pkl,val
49187.pkl,val
49188.pkl,val
49189.pkl,val
49190.pkl,val
49191.pkl,train
49192.pkl,val
49193.pkl,val
49194.pkl,val
49195.pkl,train
49196.pkl,train
49197.pkl,train
49198.pkl,val
49199.pkl,train
49200.pkl,val
49201.pkl,val
49202.pkl,val
49203.pkl,train
49204.pkl,train
49205.pkl,train
49206.pkl,val
49207.pkl,train
49208.pkl,val
49209.pkl,val
49210.pkl,train
49211.pkl,val
49212.pkl,train
49213.pkl,val
49214.pkl,val
49215.pkl,val
49216.pkl,val
49217.pkl,train
49218.pkl,train
49219.pkl,val
49220.pkl,val
49221.pkl,train
49222.pkl,train
49223.pkl,train
49224.pkl,train
49225.pkl,val
49226.pkl,val
49227.pkl,train
49228.pkl,train
49229.pkl,val
49230.pkl,train
49231.pkl,train
49232.pkl,val
49233.pkl,train
49234.pkl,train
49235.pkl,train
49236.pkl,train
49237.pkl,val
49238.pkl,val
49239.pkl,train
49240.pkl,val
49241.pkl,train
49242.pkl,val
49243.pkl,val
49244.pkl,train
49245.pkl,val
49246.pkl,val
49247.pkl,train
49248.pkl,train
49249.pkl,val
49250.pkl,val
49251.pkl,val
49252.pkl,train
49253.pkl,val
49254.pkl,train
49255.pkl,val
49256.pkl,val
49257.pkl,val
49258.pkl,train
49259.pkl,train
49260.pkl,train
49261.pkl,val
49262.pkl,train
49263.pkl,val
49264.pkl,val
49265.pkl,train
49266.pkl,train
49267.pkl,train
49268.pkl,val
49269.pkl,val
49270.pkl,val
49271.pkl,train
49272.pkl,train
49273.pkl,train
49274.pkl,val
49275.pkl,val
49276.pkl,train
49277.pkl,train
49278.pkl,train
49279.pkl,train
49280.pkl,train
49281.pkl,train
49282.pkl,train
49283.pkl,val
49284.pkl,train
49285.pkl,train
49286.pkl,val
49287.pkl,val
49288.pkl,train
49289.pkl,val
49290.pkl,train
49291.pkl,val
49292.pkl,train
49293.pkl,train
49294.pkl,train
49295.pkl,val
49296.pkl,train
49297.pkl,val
49298.pkl,val
49299.pkl,val
49300.pkl,train
49301.pkl,val
49302.pkl,train
49303.pkl,train
49304.pkl,val
49305.pkl,train
49306.pkl,train
49307.pkl,train
49308.pkl,val
49309.pkl,val
49310.pkl,train
49311.pkl,train
49312.pkl,val
49313.pkl,train
49314.pkl,val
49315.pkl,train
49316.pkl,train
49317.pkl,val
49318.pkl,train
49319.pkl,val
49320.pkl,train
49321.pkl,val
49322.pkl,val
49323.pkl,train
49324.pkl,val
49325.pkl,train
49326.pkl,val
49327.pkl,val
49328.pkl,val
49329.pkl,val
49330.pkl,val
49331.pkl,val
49332.pkl,train
49333.pkl,train
49334.pkl,val
49335.pkl,train
49336.pkl,val
49337.pkl,train
49338.pkl,val
49339.pkl,train
49340.pkl,train
49341.pkl,val
49342.pkl,val
49343.pkl,train
49344.pkl,train
49345.pkl,train
49346.pkl,train
49347.pkl,train
49348.pkl,val
49349.pkl,train
49350.pkl,val
49351.pkl,val
49352.pkl,val
49353.pkl,val
49354.pkl,train
49355.pkl,train
49356.pkl,train
49357.pkl,val
49358.pkl,val
49359.pkl,val
49360.pkl,train
49361.pkl,train
49362.pkl,val
49363.pkl,val
49364.pkl,train
49365.pkl,val
49366.pkl,val
49367.pkl,val
49368.pkl,val
49369.pkl,val
49370.pkl,train
49371.pkl,train
49372.pkl,train
49373.pkl,train
49374.pkl,train
49375.pkl,train
49376.pkl,val
49377.pkl,val
49378.pkl,train
49379.pkl,val
49380.pkl,train
49381.pkl,val
49382.pkl,val
49383.pkl,val
49384.pkl,train
49385.pkl,val
49386.pkl,train
49387.pkl,val
49388.pkl,val
49389.pkl,train
49390.pkl,train
49391.pkl,train
49392.pkl,val
49393.pkl,train
49394.pkl,train
49395.pkl,train
49396.pkl,val
49397.pkl,train
49398.pkl,val
49399.pkl,val
49400.pkl,val
49401.pkl,val
49402.pkl,val
49403.pkl,val
49404.pkl,val
49405.pkl,val
49406.pkl,train
49407.pkl,val
49408.pkl,train
49409.pkl,val
49410.pkl,val
49411.pkl,val
49412.pkl,train
49413.pkl,val
49414.pkl,train
49415.pkl,val
49416.pkl,val
49417.pkl,train
49418.pkl,val
49419.pkl,val
49420.pkl,val
49421.pkl,train
49422.pkl,train
49423.pkl,train
49424.pkl,val
49425.pkl,train
49426.pkl,val
49427.pkl,train
49428.pkl,val
49429.pkl,val
49430.pkl,val
49431.pkl,train
49432.pkl,val
49433.pkl,val
49434.pkl,train
49435.pkl,val
49436.pkl,train
49437.pkl,val
49438.pkl,val
49439.pkl,val
49440.pkl,train
49441.pkl,val
49442.pkl,val
49443.pkl,val
49444.pkl,train
49445.pkl,train
49446.pkl,train
49447.pkl,train
49448.pkl,val
49449.pkl,val
49450.pkl,val
49451.pkl,val
49452.pkl,val
49453.pkl,train
49454.pkl,train
49455.pkl,val
49456.pkl,val
49457.pkl,val
49458.pkl,train
49459.pkl,train
49460.pkl,train
49461.pkl,train
49462.pkl,val
49463.pkl,train
49464.pkl,val
49465.pkl,val
49466.pkl,train
49467.pkl,train
49468.pkl,train
49469.pkl,train
49470.pkl,train
49471.pkl,train
49472.pkl,train
49473.pkl,train
49474.pkl,train
49475.pkl,val
49476.pkl,val
49477.pkl,val
49478.pkl,train
49479.pkl,train
49480.pkl,train
49481.pkl,train
49482.pkl,train
49483.pkl,train
49484.pkl,val
49485.pkl,val
49486.pkl,val
49487.pkl,train
49488.pkl,train
49489.pkl,train
49490.pkl,train
49491.pkl,train
49492.pkl,train
49493.pkl,val
49494.pkl,val
49495.pkl,val
49496.pkl,val
49497.pkl,val
49498.pkl,val
49499.pkl,train
49500.pkl,val
49501.pkl,train
49502.pkl,train
49503.pkl,val
49504.pkl,val
49505.pkl,val
49506.pkl,train
49507.pkl,train
49508.pkl,train
49509.pkl,train
49510.pkl,val
49511.pkl,train
49512.pkl,train
49513.pkl,train
49514.pkl,val
49515.pkl,val
49516.pkl,train
49517.pkl,val
49518.pkl,train
49519.pkl,val
49520.pkl,val
49521.pkl,train
49522.pkl,val
49523.pkl,train
49524.pkl,train
49525.pkl,train
49526.pkl,train
49527.pkl,train
49528.pkl,train
49529.pkl,val
49530.pkl,val
49531.pkl,val
49532.pkl,train
49533.pkl,val
49534.pkl,val
49535.pkl,train
49536.pkl,val
49537.pkl,train
49538.pkl,train
49539.pkl,val
49540.pkl,val
49541.pkl,val
49542.pkl,val
49543.pkl,val
49544.pkl,train
49545.pkl,val
49546.pkl,train
49547.pkl,val
49548.pkl,train
49549.pkl,train
49550.pkl,val
49551.pkl,val
49552.pkl,train
49553.pkl,train
49554.pkl,train
49555.pkl,train
49556.pkl,val
49557.pkl,train
49558.pkl,val
49559.pkl,train
49560.pkl,train
49561.pkl,val
49562.pkl,val
49563.pkl,train
49564.pkl,val
49565.pkl,val
49566.pkl,train
49567.pkl,train
49568.pkl,train
49569.pkl,val
49570.pkl,train
49571.pkl,train
49572.pkl,val
49573.pkl,val
49574.pkl,val
49575.pkl,val
49576.pkl,train
49577.pkl,val
49578.pkl,train
49579.pkl,train
49580.pkl,val
49581.pkl,val
49582.pkl,val
49583.pkl,train
49584.pkl,train
49585.pkl,val
49586.pkl,val
49587.pkl,val
49588.pkl,val
49589.pkl,val
49590.pkl,val
49591.pkl,train
49592.pkl,train
49593.pkl,val
49594.pkl,train
49595.pkl,train
49596.pkl,val
49597.pkl,train
49598.pkl,val
49599.pkl,val
49600.pkl,val
49601.pkl,val
49602.pkl,val
49603.pkl,val
49604.pkl,val
49605.pkl,val
49606.pkl,train
49607.pkl,val
49608.pkl,val
49609.pkl,train
49610.pkl,val
49611.pkl,train
49612.pkl,val
49613.pkl,val
49614.pkl,val
49615.pkl,train
49616.pkl,val
49617.pkl,val
49618.pkl,train
49619.pkl,val
49620.pkl,val
49621.pkl,train
49622.pkl,train
49623.pkl,val
49624.pkl,val
49625.pkl,val
49626.pkl,train
49627.pkl,train
49628.pkl,train
49629.pkl,val
49630.pkl,val
49631.pkl,val
49632.pkl,val
49633.pkl,val
49634.pkl,train
49635.pkl,train
49636.pkl,train
49637.pkl,val
49638.pkl,val
49639.pkl,train
49640.pkl,train
49641.pkl,val
49642.pkl,train
49643.pkl,train
49644.pkl,val
49645.pkl,val
49646.pkl,val
49647.pkl,val
49648.pkl,train
49649.pkl,train
49650.pkl,train
49651.pkl,val
49652.pkl,val
49653.pkl,val
49654.pkl,train
49655.pkl,train
49656.pkl,train
49657.pkl,train
49658.pkl,train
49659.pkl,train
49660.pkl,val
49661.pkl,train
49662.pkl,val
49663.pkl,val
49664.pkl,train
49665.pkl,train
49666.pkl,train
49667.pkl,train
49668.pkl,train
49669.pkl,train
49670.pkl,val
49671.pkl,val
49672.pkl,val
49673.pkl,train
49674.pkl,val
49675.pkl,val
49676.pkl,train
49677.pkl,train
49678.pkl,val
49679.pkl,val
49680.pkl,train
49681.pkl,val
49682.pkl,train
49683.pkl,val
49684.pkl,val
49685.pkl,val
49686.pkl,val
49687.pkl,val
49688.pkl,train
49689.pkl,val
49690.pkl,train
49691.pkl,val
49692.pkl,val
49693.pkl,val
49694.pkl,val
49695.pkl,val
49696.pkl,train
49697.pkl,val
49698.pkl,val
49699.pkl,train
49700.pkl,val
49701.pkl,val
49702.pkl,train
49703.pkl,val
49704.pkl,val
49705.pkl,train
49706.pkl,train
49707.pkl,train
49708.pkl,train
49709.pkl,val
49710.pkl,val
49711.pkl,val
49712.pkl,train
49713.pkl,train
49714.pkl,train
49715.pkl,val
49716.pkl,val
49717.pkl,train
49718.pkl,train
49719.pkl,val
49720.pkl,train
49721.pkl,train
49722.pkl,val
49723.pkl,val
49724.pkl,val
49725.pkl,train
49726.pkl,train
49727.pkl,train
49728.pkl,val
49729.pkl,val
49730.pkl,val
49731.pkl,val
49732.pkl,val
49733.pkl,train
49734.pkl,val
49735.pkl,train
49736.pkl,train
49737.pkl,val
49738.pkl,train
49739.pkl,train
49740.pkl,train
49741.pkl,train
49742.pkl,val
49743.pkl,train
49744.pkl,val
49745.pkl,train
49746.pkl,val
49747.pkl,train
49748.pkl,val
49749.pkl,train
49750.pkl,train
49751.pkl,val
49752.pkl,val
49753.pkl,train
49754.pkl,train
49755.pkl,val
49756.pkl,val
49757.pkl,train
49758.pkl,train
49759.pkl,train
49760.pkl,train
49761.pkl,val
49762.pkl,val
49763.pkl,val
49764.pkl,train
49765.pkl,val
49766.pkl,train
49767.pkl,val
49768.pkl,val
49769.pkl,train
49770.pkl,val
49771.pkl,train
49772.pkl,val
49773.pkl,train
49774.pkl,val
49775.pkl,train
49776.pkl,val
49777.pkl,train
49778.pkl,val
49779.pkl,train
49780.pkl,val
49781.pkl,train
49782.pkl,train
49783.pkl,val
49784.pkl,train
49785.pkl,train
49786.pkl,train
49787.pkl,train
49788.pkl,train
49789.pkl,train
49790.pkl,val
49791.pkl,train
49792.pkl,val
49793.pkl,val
49794.pkl,val
49795.pkl,val
49796.pkl,val
49797.pkl,train
49798.pkl,train
49799.pkl,val
49800.pkl,train
49801.pkl,train
49802.pkl,val
49803.pkl,train
49804.pkl,val
49805.pkl,train
49806.pkl,val
49807.pkl,val
49808.pkl,train
49809.pkl,train
49810.pkl,val
49811.pkl,train
49812.pkl,train
49813.pkl,val
49814.pkl,val
49815.pkl,train
49816.pkl,train
49817.pkl,val
49818.pkl,val
49819.pkl,train
49820.pkl,val
49821.pkl,val
49822.pkl,val
49823.pkl,val
49824.pkl,train
49825.pkl,train
49826.pkl,val
49827.pkl,val
49828.pkl,val
49829.pkl,train
49830.pkl,val
49831.pkl,val
49832.pkl,train
49833.pkl,val
49834.pkl,val
49835.pkl,train
49836.pkl,val
49837.pkl,val
49838.pkl,val
49839.pkl,train
49840.pkl,val
49841.pkl,val
49842.pkl,val
49843.pkl,train
49844.pkl,train
49845.pkl,train
49846.pkl,val
49847.pkl,val
49848.pkl,train
49849.pkl,train
49850.pkl,val
49851.pkl,val
49852.pkl,train
49853.pkl,val
49854.pkl,train
49855.pkl,val
49856.pkl,val
49857.pkl,train
49858.pkl,val
49859.pkl,train
49860.pkl,train
49861.pkl,val
49862.pkl,train
49863.pkl,train
49864.pkl,train
49865.pkl,val
49866.pkl,val
49867.pkl,train
49868.pkl,val
49869.pkl,val
49870.pkl,train
49871.pkl,val
49872.pkl,val
49873.pkl,train
49874.pkl,val
49875.pkl,train
49876.pkl,val
49877.pkl,val
49878.pkl,train
49879.pkl,train
49880.pkl,val
49881.pkl,train
49882.pkl,val
49883.pkl,train
49884.pkl,train
49885.pkl,val
49886.pkl,train
49887.pkl,val
49888.pkl,train
49889.pkl,train
49890.pkl,train
49891.pkl,train
49892.pkl,train
49893.pkl,train
49894.pkl,train
49895.pkl,val
49896.pkl,val
49897.pkl,train
49898.pkl,train
49899.pkl,train
49900.pkl,train
49901.pkl,train
49902.pkl,val
49903.pkl,val
49904.pkl,val
49905.pkl,val
49906.pkl,train
49907.pkl,train
49908.pkl,val
49909.pkl,train
49910.pkl,train
49911.pkl,train
49912.pkl,train
49913.pkl,train
49914.pkl,val
49915.pkl,val
49916.pkl,train
49917.pkl,val
49918.pkl,val
49919.pkl,val
49920.pkl,val
49921.pkl,val
49922.pkl,train
49923.pkl,train
49924.pkl,train
49925.pkl,train
49926.pkl,train
49927.pkl,val
49928.pkl,train
49929.pkl,val
49930.pkl,val
49931.pkl,val
49932.pkl,val
49933.pkl,val
49934.pkl,train
49935.pkl,val
49936.pkl,val
49937.pkl,val
49938.pkl,train
49939.pkl,train
49940.pkl,train
49941.pkl,train
49942.pkl,val
49943.pkl,train
49944.pkl,train
49945.pkl,val
49946.pkl,val
49947.pkl,train
49948.pkl,val
49949.pkl,train
49950.pkl,val
49951.pkl,val
49952.pkl,train
49953.pkl,val
49954.pkl,train
49955.pkl,val
49956.pkl,train
49957.pkl,val
49958.pkl,val
49959.pkl,train
49960.pkl,train
49961.pkl,train
49962.pkl,val
49963.pkl,train
49964.pkl,val
49965.pkl,val
49966.pkl,val
49967.pkl,train
49968.pkl,train
49969.pkl,train
49970.pkl,train
49971.pkl,val
49972.pkl,train
49973.pkl,train
49974.pkl,train
49975.pkl,train
49976.pkl,train
49977.pkl,val
49978.pkl,val
49979.pkl,val
49980.pkl,val
49981.pkl,val
49982.pkl,train
49983.pkl,train
49984.pkl,val
49985.pkl,val
49986.pkl,val
49987.pkl,train
49988.pkl,val
49989.pkl,val
49990.pkl,train
49991.pkl,val
49992.pkl,train
49993.pkl,train
49994.pkl,train
49995.pkl,val
49996.pkl,train
49997.pkl,val
49998.pkl,val
49999.pkl,train
50000.pkl,train
50001.pkl,train
50002.pkl,val
50003.pkl,val
50004.pkl,train
50005.pkl,train
50006.pkl,train
50007.pkl,val
50008.pkl,val
50009.pkl,val
50010.pkl,train
50011.pkl,val
50012.pkl,val
50013.pkl,train
50014.pkl,train
50015.pkl,train
50016.pkl,val
50017.pkl,val
50018.pkl,val
50019.pkl,train
50020.pkl,val
50021.pkl,val
50022.pkl,val
50023.pkl,train
50024.pkl,train
50025.pkl,val
50026.pkl,train
50027.pkl,val
50028.pkl,train
50029.pkl,val
50030.pkl,train
50031.pkl,val
50032.pkl,val
50033.pkl,train
50034.pkl,train
50035.pkl,train
50036.pkl,val
50037.pkl,train
50038.pkl,train
50039.pkl,val
50040.pkl,val
50041.pkl,val
50042.pkl,train
50043.pkl,train
50044.pkl,val
50045.pkl,train
50046.pkl,val
50047.pkl,val
50048.pkl,train
50049.pkl,val
50050.pkl,val
50051.pkl,train
50052.pkl,val
50053.pkl,val
50054.pkl,val
50055.pkl,train
50056.pkl,train
50057.pkl,train
50058.pkl,val
50059.pkl,train
50060.pkl,val
50061.pkl,train
50062.pkl,val
50063.pkl,train
50064.pkl,val
50065.pkl,train
50066.pkl,val
50067.pkl,val
50068.pkl,train
50069.pkl,train
50070.pkl,train
50071.pkl,val
50072.pkl,val
50073.pkl,train
50074.pkl,val
50075.pkl,val
50076.pkl,train
50077.pkl,train
50078.pkl,val
50079.pkl,val
50080.pkl,val
50081.pkl,train
50082.pkl,train
50083.pkl,train
50084.pkl,train
50085.pkl,val
50086.pkl,val
50087.pkl,train
50088.pkl,val
50089.pkl,train
50090.pkl,train
50091.pkl,val
50092.pkl,train
50093.pkl,val
50094.pkl,train
50095.pkl,val
50096.pkl,train
50097.pkl,val
50098.pkl,val
50099.pkl,train
50100.pkl,val
50101.pkl,val
50102.pkl,train
50103.pkl,train
50104.pkl,train
50105.pkl,train
50106.pkl,val
50107.pkl,train
50108.pkl,train
50109.pkl,train
50110.pkl,train
50111.pkl,val
50112.pkl,val
50113.pkl,train
50114.pkl,val
50115.pkl,train
50116.pkl,train
50117.pkl,train
50118.pkl,train
50119.pkl,val
50120.pkl,train
50121.pkl,train
50122.pkl,train
50123.pkl,val
50124.pkl,train
50125.pkl,val
50126.pkl,train
50127.pkl,val
50128.pkl,val
50129.pkl,val
50130.pkl,train
50131.pkl,train
50132.pkl,val
50133.pkl,train
50134.pkl,train
50135.pkl,train
50136.pkl,val
50137.pkl,train
50138.pkl,train
50139.pkl,train
50140.pkl,train
50141.pkl,val
50142.pkl,train
50143.pkl,train
50144.pkl,train
50145.pkl,val
50146.pkl,train
50147.pkl,train
50148.pkl,train
50149.pkl,train
50150.pkl,train
50151.pkl,val
50152.pkl,train
50153.pkl,val
50154.pkl,train
50155.pkl,train
50156.pkl,train
50157.pkl,val
50158.pkl,train
50159.pkl,train
50160.pkl,val
50161.pkl,val
50162.pkl,train
50163.pkl,val
50164.pkl,train
50165.pkl,train
50166.pkl,val
50167.pkl,val
50168.pkl,train
50169.pkl,train
50170.pkl,val
50171.pkl,train
50172.pkl,val
50173.pkl,val
50174.pkl,val
50175.pkl,val
50176.pkl,val
50177.pkl,val
50178.pkl,train
50179.pkl,val
50180.pkl,val
50181.pkl,train
50182.pkl,train
50183.pkl,train
50184.pkl,train
50185.pkl,val
50186.pkl,train
50187.pkl,train
50188.pkl,val
50189.pkl,val
50190.pkl,train
50191.pkl,val
50192.pkl,val
50193.pkl,train
50194.pkl,val
50195.pkl,val
50196.pkl,val
50197.pkl,train
50198.pkl,val
50199.pkl,train
50200.pkl,val
50201.pkl,val
50202.pkl,train
50203.pkl,train
50204.pkl,val
50205.pkl,val
50206.pkl,train
50207.pkl,train
50208.pkl,val
50209.pkl,val
50210.pkl,val
50211.pkl,val
50212.pkl,val
50213.pkl,train
50214.pkl,train
50215.pkl,val
50216.pkl,train
50217.pkl,val
50218.pkl,val
50219.pkl,train
50220.pkl,val
50221.pkl,val
50222.pkl,val
50223.pkl,train
50224.pkl,val
50225.pkl,train
50226.pkl,train
50227.pkl,val
50228.pkl,train
50229.pkl,train
50230.pkl,val
50231.pkl,train
50232.pkl,train
50233.pkl,train
50234.pkl,train
50235.pkl,train
50236.pkl,val
50237.pkl,train
50238.pkl,train
50239.pkl,train
50240.pkl,val
50241.pkl,val
50242.pkl,train
50243.pkl,train
50244.pkl,val
50245.pkl,train
50246.pkl,train
50247.pkl,train
50248.pkl,val
50249.pkl,train
50250.pkl,val
50251.pkl,train
50252.pkl,train
50253.pkl,val
50254.pkl,val
50255.pkl,val
50256.pkl,val
50257.pkl,train
50258.pkl,train
50259.pkl,val
50260.pkl,train
50261.pkl,train
50262.pkl,val
50263.pkl,val
50264.pkl,val
50265.pkl,val
50266.pkl,train
50267.pkl,val
50268.pkl,val
50269.pkl,val
50270.pkl,val
50271.pkl,train
50272.pkl,val
50273.pkl,val
50274.pkl,val
50275.pkl,train
50276.pkl,train
50277.pkl,train
50278.pkl,val
50279.pkl,train
50280.pkl,train
50281.pkl,train
50282.pkl,train
50283.pkl,train
50284.pkl,val
50285.pkl,train
50286.pkl,train
50287.pkl,train
50288.pkl,val
50289.pkl,val
50290.pkl,val
50291.pkl,val
50292.pkl,val
50293.pkl,val
50294.pkl,val
50295.pkl,val
50296.pkl,val
50297.pkl,train
50298.pkl,val
50299.pkl,train
50300.pkl,val
50301.pkl,train
50302.pkl,val
50303.pkl,val
50304.pkl,train
50305.pkl,train
50306.pkl,val
50307.pkl,val
50308.pkl,val
50309.pkl,train
50310.pkl,train
50311.pkl,train
50312.pkl,val
50313.pkl,train
50314.pkl,val
50315.pkl,val
50316.pkl,train
50317.pkl,val
50318.pkl,train
50319.pkl,val
50320.pkl,train
50321.pkl,train
50322.pkl,train
50323.pkl,val
50324.pkl,train
50325.pkl,train
50326.pkl,train
50327.pkl,val
50328.pkl,train
50329.pkl,train
50330.pkl,val
50331.pkl,train
50332.pkl,val
50333.pkl,train
50334.pkl,val
50335.pkl,val
50336.pkl,train
50337.pkl,train
50338.pkl,train
50339.pkl,train
50340.pkl,train
50341.pkl,val
50342.pkl,val
50343.pkl,train
50344.pkl,train
50345.pkl,val
50346.pkl,val
50347.pkl,train
50348.pkl,train
50349.pkl,train
50350.pkl,val
50351.pkl,train
50352.pkl,val
50353.pkl,val
50354.pkl,train
50355.pkl,train
50356.pkl,train
50357.pkl,train
50358.pkl,train
50359.pkl,train
50360.pkl,train
50361.pkl,train
50362.pkl,train
50363.pkl,val
50364.pkl,val
50365.pkl,train
50366.pkl,train
50367.pkl,val
50368.pkl,val
50369.pkl,val
50370.pkl,val
50371.pkl,train
50372.pkl,val
50373.pkl,val
50374.pkl,val
50375.pkl,val
50376.pkl,train
50377.pkl,train
50378.pkl,val
50379.pkl,val
50380.pkl,train
50381.pkl,val
50382.pkl,val
50383.pkl,val
50384.pkl,train
50385.pkl,train
50386.pkl,train
50387.pkl,train
50388.pkl,val
50389.pkl,val
50390.pkl,val
50391.pkl,train
50392.pkl,train
50393.pkl,train
50394.pkl,val
50395.pkl,val
50396.pkl,val
50397.pkl,val
50398.pkl,train
50399.pkl,train
50400.pkl,val
50401.pkl,val
50402.pkl,train
50403.pkl,train
50404.pkl,train
50405.pkl,train
50406.pkl,train
50407.pkl,val
50408.pkl,train
50409.pkl,train
50410.pkl,val
50411.pkl,train
50412.pkl,train
50413.pkl,val
50414.pkl,train
50415.pkl,train
50416.pkl,train
50417.pkl,train
50418.pkl,val
50419.pkl,val
50420.pkl,val
50421.pkl,train
50422.pkl,train
50423.pkl,train
50424.pkl,train
50425.pkl,val
50426.pkl,val
50427.pkl,val
50428.pkl,val
50429.pkl,train
50430.pkl,train
50431.pkl,val
50432.pkl,train
50433.pkl,train
50434.pkl,val
50435.pkl,train
50436.pkl,train
50437.pkl,val
50438.pkl,val
50439.pkl,train
50440.pkl,val
50441.pkl,val
50442.pkl,val
50443.pkl,train
50444.pkl,val
50445.pkl,train
50446.pkl,train
50447.pkl,train
50448.pkl,val
50449.pkl,val
50450.pkl,train
50451.pkl,train
50452.pkl,val
50453.pkl,train
50454.pkl,train
50455.pkl,train
50456.pkl,train
50457.pkl,train
50458.pkl,val
50459.pkl,train
50460.pkl,train
50461.pkl,val
50462.pkl,train
50463.pkl,val
50464.pkl,train
50465.pkl,val
50466.pkl,val
50467.pkl,val
50468.pkl,val
50469.pkl,val
50470.pkl,val
50471.pkl,train
50472.pkl,val
50473.pkl,train
50474.pkl,train
50475.pkl,train
50476.pkl,train
50477.pkl,val
50478.pkl,train
50479.pkl,val
50480.pkl,val
50481.pkl,train
50482.pkl,train
50483.pkl,val
50484.pkl,val
50485.pkl,val
50486.pkl,val
50487.pkl,val
50488.pkl,val
50489.pkl,val
50490.pkl,train
50491.pkl,train
50492.pkl,train
50493.pkl,train
50494.pkl,val
50495.pkl,val
50496.pkl,val
50497.pkl,train
50498.pkl,val
50499.pkl,train
50500.pkl,val
50501.pkl,train
50502.pkl,train
50503.pkl,val
50504.pkl,train
50505.pkl,train
50506.pkl,val
50507.pkl,val
50508.pkl,train
50509.pkl,val
50510.pkl,val
50511.pkl,train
50512.pkl,val
50513.pkl,train
50514.pkl,val
50515.pkl,train
50516.pkl,train
50517.pkl,val
50518.pkl,val
50519.pkl,train
50520.pkl,val
50521.pkl,val
50522.pkl,val
50523.pkl,val
50524.pkl,train
50525.pkl,val
50526.pkl,val
50527.pkl,train
50528.pkl,train
50529.pkl,val
50530.pkl,train
50531.pkl,train
50532.pkl,train
50533.pkl,val
50534.pkl,val
50535.pkl,train
50536.pkl,val
50537.pkl,val
50538.pkl,train
50539.pkl,val
50540.pkl,val
50541.pkl,train
50542.pkl,train
50543.pkl,val
50544.pkl,val
50545.pkl,val
50546.pkl,val
50547.pkl,val
50548.pkl,val
50549.pkl,val
50550.pkl,val
50551.pkl,train
50552.pkl,train
50553.pkl,train
50554.pkl,train
50555.pkl,train
50556.pkl,val
50557.pkl,train
50558.pkl,train
50559.pkl,val
50560.pkl,val
50561.pkl,val
50562.pkl,train
50563.pkl,train
50564.pkl,val
50565.pkl,train
50566.pkl,val
50567.pkl,train
50568.pkl,val
50569.pkl,train
50570.pkl,val
50571.pkl,val
50572.pkl,val
50573.pkl,train
50574.pkl,train
50575.pkl,val
50576.pkl,train
50577.pkl,val
50578.pkl,train
50579.pkl,val
50580.pkl,train
50581.pkl,val
50582.pkl,train
50583.pkl,train
50584.pkl,train
50585.pkl,train
50586.pkl,train
50587.pkl,val
50588.pkl,train
50589.pkl,train
50590.pkl,train
50591.pkl,train
50592.pkl,train
50593.pkl,val
50594.pkl,train
50595.pkl,val
50596.pkl,val
50597.pkl,val
50598.pkl,val
50599.pkl,train
50600.pkl,val
50601.pkl,val
50602.pkl,train
50603.pkl,val
50604.pkl,val
50605.pkl,train
50606.pkl,train
50607.pkl,train
50608.pkl,train
50609.pkl,train
50610.pkl,train
50611.pkl,val
50612.pkl,train
50613.pkl,train
50614.pkl,train
50615.pkl,train
50616.pkl,val
50617.pkl,val
50618.pkl,val
50619.pkl,val
50620.pkl,val
50621.pkl,train
50622.pkl,train
50623.pkl,train
50624.pkl,val
50625.pkl,val
50626.pkl,val
50627.pkl,val
50628.pkl,train
50629.pkl,val
50630.pkl,val
50631.pkl,val
50632.pkl,val
50633.pkl,val
50634.pkl,val
50635.pkl,train
50636.pkl,train
50637.pkl,train
50638.pkl,val
50639.pkl,train
50640.pkl,val
50641.pkl,train
50642.pkl,train
50643.pkl,val
50644.pkl,val
50645.pkl,train
50646.pkl,train
50647.pkl,val
50648.pkl,train
50649.pkl,val
50650.pkl,train
50651.pkl,train
50652.pkl,train
50653.pkl,train
50654.pkl,train
50655.pkl,train
50656.pkl,train
50657.pkl,train
50658.pkl,train
50659.pkl,val
50660.pkl,train
50661.pkl,train
50662.pkl,train
50663.pkl,val
50664.pkl,train
50665.pkl,train
50666.pkl,train
50667.pkl,val
50668.pkl,val
50669.pkl,train
50670.pkl,train
50671.pkl,train
50672.pkl,val
50673.pkl,train
50674.pkl,val
50675.pkl,train
50676.pkl,val
50677.pkl,val
50678.pkl,train
50679.pkl,val
50680.pkl,val
50681.pkl,train
50682.pkl,train
50683.pkl,val
50684.pkl,train
50685.pkl,train
50686.pkl,val
50687.pkl,val
50688.pkl,train
50689.pkl,val
50690.pkl,val
50691.pkl,train
50692.pkl,val
50693.pkl,val
50694.pkl,val
50695.pkl,val
50696.pkl,train
50697.pkl,val
50698.pkl,train
50699.pkl,train
50700.pkl,train
50701.pkl,train
50702.pkl,val
50703.pkl,train
50704.pkl,val
50705.pkl,train
50706.pkl,val
50707.pkl,val
50708.pkl,train
50709.pkl,train
50710.pkl,train
50711.pkl,train
50712.pkl,val
50713.pkl,train
50714.pkl,train
50715.pkl,val
50716.pkl,train
50717.pkl,train
50718.pkl,val
50719.pkl,train
50720.pkl,val
50721.pkl,val
50722.pkl,train
50723.pkl,val
50724.pkl,train
50725.pkl,val
50726.pkl,val
50727.pkl,val
50728.pkl,train
50729.pkl,train
50730.pkl,train
50731.pkl,train
50732.pkl,train
50733.pkl,val
50734.pkl,train
50735.pkl,val
50736.pkl,val
50737.pkl,train
50738.pkl,val
50739.pkl,val
50740.pkl,train
50741.pkl,val
50742.pkl,train
50743.pkl,train
50744.pkl,val
50745.pkl,train
50746.pkl,val
50747.pkl,train
50748.pkl,val
50749.pkl,val
50750.pkl,train
50751.pkl,train
50752.pkl,val
50753.pkl,val
50754.pkl,train
50755.pkl,val
50756.pkl,train
50757.pkl,train
50758.pkl,train
50759.pkl,val
50760.pkl,val
50761.pkl,train
50762.pkl,train
50763.pkl,train
50764.pkl,val
50765.pkl,train
50766.pkl,val
50767.pkl,val
50768.pkl,train
50769.pkl,val
50770.pkl,val
50771.pkl,val
50772.pkl,val
50773.pkl,train
50774.pkl,val
50775.pkl,train
50776.pkl,val
50777.pkl,train
50778.pkl,train
50779.pkl,train
50780.pkl,val
50781.pkl,val
50782.pkl,val
50783.pkl,val
50784.pkl,val
50785.pkl,val
50786.pkl,train
50787.pkl,train
50788.pkl,val
50789.pkl,val
50790.pkl,val
50791.pkl,train
50792.pkl,train
50793.pkl,train
50794.pkl,train
50795.pkl,val
50796.pkl,train
50797.pkl,val
50798.pkl,val
50799.pkl,train
50800.pkl,val
50801.pkl,val
50802.pkl,train
50803.pkl,val
50804.pkl,val
50805.pkl,train
50806.pkl,val
50807.pkl,train
50808.pkl,train
50809.pkl,train
50810.pkl,val
50811.pkl,val
50812.pkl,train
50813.pkl,train
50814.pkl,train
50815.pkl,train
50816.pkl,train
50817.pkl,train
50818.pkl,train
50819.pkl,train
50820.pkl,val
50821.pkl,train
50822.pkl,val
50823.pkl,train
50824.pkl,val
50825.pkl,train
50826.pkl,val
50827.pkl,train
50828.pkl,train
50829.pkl,train
50830.pkl,train
50831.pkl,val
50832.pkl,val
50833.pkl,train
50834.pkl,val
50835.pkl,val
50836.pkl,train
50837.pkl,val
50838.pkl,val
50839.pkl,val
50840.pkl,train
50841.pkl,train
50842.pkl,train
50843.pkl,train
50844.pkl,val
50845.pkl,val
50846.pkl,train
50847.pkl,train
50848.pkl,val
50849.pkl,train
50850.pkl,train
50851.pkl,train
50852.pkl,val
50853.pkl,val
50854.pkl,val
50855.pkl,val
50856.pkl,train
50857.pkl,train
50858.pkl,train
50859.pkl,val
50860.pkl,val
50861.pkl,train
50862.pkl,val
50863.pkl,train
50864.pkl,val
50865.pkl,val
50866.pkl,val
50867.pkl,val
50868.pkl,val
50869.pkl,val
50870.pkl,val
50871.pkl,train
50872.pkl,val
50873.pkl,val
50874.pkl,train
50875.pkl,val
50876.pkl,val
50877.pkl,train
50878.pkl,train
50879.pkl,val
50880.pkl,val
50881.pkl,val
50882.pkl,val
50883.pkl,train
50884.pkl,train
50885.pkl,train
50886.pkl,train
50887.pkl,train
50888.pkl,train
50889.pkl,train
50890.pkl,val
50891.pkl,val
50892.pkl,val
50893.pkl,train
50894.pkl,train
50895.pkl,train
50896.pkl,train
50897.pkl,train
50898.pkl,val
50899.pkl,train
50900.pkl,val
50901.pkl,train
50902.pkl,train
50903.pkl,train
50904.pkl,val
50905.pkl,val
50906.pkl,train
50907.pkl,val
50908.pkl,train
50909.pkl,train
50910.pkl,val
50911.pkl,train
50912.pkl,train
50913.pkl,train
50914.pkl,train
50915.pkl,val
50916.pkl,train
50917.pkl,train
50918.pkl,val
50919.pkl,val
50920.pkl,val
50921.pkl,train
50922.pkl,val
50923.pkl,train
50924.pkl,train
50925.pkl,train
50926.pkl,train
50927.pkl,train
50928.pkl,train
50929.pkl,train
50930.pkl,train
50931.pkl,val
50932.pkl,val
50933.pkl,train
50934.pkl,val
50935.pkl,val
50936.pkl,train
50937.pkl,train
50938.pkl,train
50939.pkl,train
50940.pkl,val
50941.pkl,val
50942.pkl,val
50943.pkl,val
50944.pkl,train
50945.pkl,val
50946.pkl,val
50947.pkl,val
50948.pkl,train
50949.pkl,train
50950.pkl,train
50951.pkl,train
50952.pkl,train
50953.pkl,train
50954.pkl,train
50955.pkl,val
50956.pkl,val
50957.pkl,val
50958.pkl,val
50959.pkl,val
50960.pkl,val
50961.pkl,train
50962.pkl,train
50963.pkl,train
50964.pkl,train
50965.pkl,val
50966.pkl,train
50967.pkl,val
50968.pkl,val
50969.pkl,val
50970.pkl,train
50971.pkl,val
50972.pkl,val
50973.pkl,val
50974.pkl,val
50975.pkl,train
50976.pkl,val
50977.pkl,val
50978.pkl,val
50979.pkl,val
50980.pkl,train
50981.pkl,val
50982.pkl,train
50983.pkl,train
50984.pkl,val
50985.pkl,val
50986.pkl,train
50987.pkl,val
50988.pkl,val
50989.pkl,train
50990.pkl,train
50991.pkl,train
50992.pkl,val
50993.pkl,train
50994.pkl,val
50995.pkl,val
50996.pkl,val
50997.pkl,val
50998.pkl,val
50999.pkl,train
51000.pkl,train
51001.pkl,train
51002.pkl,val
51003.pkl,val
51004.pkl,train
51005.pkl,train
51006.pkl,train
51007.pkl,val
51008.pkl,train
51009.pkl,train
51010.pkl,train
51011.pkl,train
51012.pkl,train
51013.pkl,train
51014.pkl,val
51015.pkl,train
51016.pkl,train
51017.pkl,val
51018.pkl,train
51019.pkl,val
51020.pkl,val
51021.pkl,train
51022.pkl,val
51023.pkl,val
51024.pkl,train
51025.pkl,val
51026.pkl,val
51027.pkl,train
51028.pkl,val
51029.pkl,train
51030.pkl,train
51031.pkl,val
51032.pkl,train
51033.pkl,train
51034.pkl,train
51035.pkl,train
51036.pkl,train
51037.pkl,val
51038.pkl,val
51039.pkl,train
51040.pkl,train
51041.pkl,val
51042.pkl,val
51043.pkl,val
51044.pkl,train
51045.pkl,val
51046.pkl,train
51047.pkl,val
51048.pkl,val
51049.pkl,val
51050.pkl,val
51051.pkl,val
51052.pkl,val
51053.pkl,val
51054.pkl,train
51055.pkl,val
51056.pkl,train
51057.pkl,val
51058.pkl,train
51059.pkl,train
51060.pkl,val
51061.pkl,val
51062.pkl,train
51063.pkl,val
51064.pkl,val
51065.pkl,train
51066.pkl,val
51067.pkl,val
51068.pkl,train
51069.pkl,train
51070.pkl,train
51071.pkl,train
51072.pkl,train
51073.pkl,train
51074.pkl,val
51075.pkl,val
51076.pkl,train
51077.pkl,val
51078.pkl,train
51079.pkl,val
51080.pkl,train
51081.pkl,train
51082.pkl,val
51083.pkl,val
51084.pkl,train
51085.pkl,train
51086.pkl,train
51087.pkl,val
51088.pkl,val
51089.pkl,train
51090.pkl,val
51091.pkl,val
51092.pkl,train
51093.pkl,train
51094.pkl,val
51095.pkl,train
51096.pkl,val
51097.pkl,val
51098.pkl,val
51099.pkl,train
51100.pkl,val
51101.pkl,val
51102.pkl,val
51103.pkl,train
51104.pkl,val
51105.pkl,train
51106.pkl,val
51107.pkl,train
51108.pkl,train
51109.pkl,val
51110.pkl,train
51111.pkl,val
51112.pkl,val
51113.pkl,val
51114.pkl,train
51115.pkl,train
51116.pkl,train
51117.pkl,train
51118.pkl,val
51119.pkl,train
51120.pkl,val
51121.pkl,train
51122.pkl,val
51123.pkl,val
51124.pkl,train
51125.pkl,val
51126.pkl,val
51127.pkl,train
51128.pkl,train
51129.pkl,val
51130.pkl,val
51131.pkl,val
51132.pkl,val
51133.pkl,val
51134.pkl,val
51135.pkl,val
51136.pkl,val
51137.pkl,val
51138.pkl,val
51139.pkl,train
51140.pkl,train
51141.pkl,train
51142.pkl,train
51143.pkl,val
51144.pkl,train
51145.pkl,val
51146.pkl,val
51147.pkl,train
51148.pkl,train
51149.pkl,train
51150.pkl,val
51151.pkl,val
51152.pkl,train
51153.pkl,val
51154.pkl,train
51155.pkl,val
51156.pkl,train
51157.pkl,val
51158.pkl,train
51159.pkl,train
51160.pkl,val
51161.pkl,train
51162.pkl,train
51163.pkl,train
51164.pkl,train
51165.pkl,train
51166.pkl,val
51167.pkl,train
51168.pkl,val
51169.pkl,val
51170.pkl,val
51171.pkl,train
51172.pkl,train
51173.pkl,val
51174.pkl,train
51175.pkl,val
51176.pkl,train
51177.pkl,train
51178.pkl,train
51179.pkl,val
51180.pkl,val
51181.pkl,train
51182.pkl,train
51183.pkl,val
51184.pkl,val
51185.pkl,train
51186.pkl,train
51187.pkl,val
51188.pkl,val
51189.pkl,train
51190.pkl,train
51191.pkl,val
51192.pkl,val
51193.pkl,val
51194.pkl,train
51195.pkl,train
51196.pkl,train
51197.pkl,val
51198.pkl,val
51199.pkl,train
51200.pkl,train
51201.pkl,train
51202.pkl,val
51203.pkl,val
51204.pkl,val
51205.pkl,train
51206.pkl,train
51207.pkl,val
51208.pkl,train
51209.pkl,val
51210.pkl,val
51211.pkl,val
51212.pkl,val
51213.pkl,train
51214.pkl,val
51215.pkl,train
51216.pkl,val
51217.pkl,val
51218.pkl,val
51219.pkl,val
51220.pkl,val
51221.pkl,val
51222.pkl,val
51223.pkl,val
51224.pkl,val
51225.pkl,train
51226.pkl,train
51227.pkl,train
51228.pkl,val
51229.pkl,train
51230.pkl,val
51231.pkl,train
51232.pkl,val
51233.pkl,train
51234.pkl,train
51235.pkl,train
51236.pkl,val
51237.pkl,val
51238.pkl,train
51239.pkl,val
51240.pkl,val
51241.pkl,val
51242.pkl,val
51243.pkl,val
51244.pkl,train
51245.pkl,val
51246.pkl,train
51247.pkl,val
51248.pkl,val
51249.pkl,val
51250.pkl,train
51251.pkl,val
51252.pkl,train
51253.pkl,train
51254.pkl,train
51255.pkl,train
51256.pkl,val
51257.pkl,train
51258.pkl,val
51259.pkl,train
51260.pkl,val
51261.pkl,val
51262.pkl,val
51263.pkl,val
51264.pkl,val
51265.pkl,val
51266.pkl,train
51267.pkl,train
51268.pkl,train
51269.pkl,train
51270.pkl,val
51271.pkl,train
51272.pkl,train
51273.pkl,val
51274.pkl,val
51275.pkl,val
51276.pkl,val
51277.pkl,val
51278.pkl,train
51279.pkl,train
51280.pkl,train
51281.pkl,train
51282.pkl,train
51283.pkl,val
51284.pkl,val
51285.pkl,val
51286.pkl,train
51287.pkl,train
51288.pkl,train
51289.pkl,train
51290.pkl,val
51291.pkl,train
51292.pkl,val
51293.pkl,train
51294.pkl,val
51295.pkl,val
51296.pkl,train
51297.pkl,train
51298.pkl,train
51299.pkl,val
51300.pkl,val
51301.pkl,val
51302.pkl,train
51303.pkl,val
51304.pkl,val
51305.pkl,train
51306.pkl,train
51307.pkl,val
51308.pkl,val
51309.pkl,val
51310.pkl,train
51311.pkl,val
51312.pkl,val
51313.pkl,val
51314.pkl,train
51315.pkl,val
51316.pkl,val
51317.pkl,train
51318.pkl,train
51319.pkl,train
51320.pkl,train
51321.pkl,train
51322.pkl,val
51323.pkl,train
51324.pkl,val
51325.pkl,train
51326.pkl,train
51327.pkl,train
51328.pkl,train
51329.pkl,val
51330.pkl,train
51331.pkl,val
51332.pkl,train
51333.pkl,val
51334.pkl,train
51335.pkl,train
51336.pkl,train
51337.pkl,val
51338.pkl,val
51339.pkl,train
51340.pkl,train
51341.pkl,val
51342.pkl,train
51343.pkl,train
51344.pkl,val
51345.pkl,val
51346.pkl,val
51347.pkl,val
51348.pkl,val
51349.pkl,val
51350.pkl,val
51351.pkl,train
51352.pkl,val
51353.pkl,val
51354.pkl,train
51355.pkl,val
51356.pkl,train
51357.pkl,train
51358.pkl,train
51359.pkl,val
51360.pkl,train
51361.pkl,val
51362.pkl,val
51363.pkl,val
51364.pkl,train
51365.pkl,val
51366.pkl,train
51367.pkl,val
51368.pkl,train
51369.pkl,val
51370.pkl,train
51371.pkl,train
51372.pkl,val
51373.pkl,val
51374.pkl,train
51375.pkl,train
51376.pkl,train
51377.pkl,train
51378.pkl,val
51379.pkl,train
51380.pkl,val
51381.pkl,train
51382.pkl,train
51383.pkl,train
51384.pkl,val
51385.pkl,train
51386.pkl,train
51387.pkl,train
51388.pkl,train
51389.pkl,train
51390.pkl,train
51391.pkl,val
51392.pkl,train
51393.pkl,train
51394.pkl,train
51395.pkl,train
51396.pkl,val
51397.pkl,val
51398.pkl,train
51399.pkl,val
51400.pkl,val
51401.pkl,train
51402.pkl,val
51403.pkl,train
51404.pkl,val
51405.pkl,train
51406.pkl,train
51407.pkl,train
51408.pkl,val
51409.pkl,val
51410.pkl,val
51411.pkl,train
51412.pkl,val
51413.pkl,val
51414.pkl,train
51415.pkl,train
51416.pkl,train
51417.pkl,train
51418.pkl,train
51419.pkl,val
51420.pkl,val
51421.pkl,train
51422.pkl,val
51423.pkl,val
51424.pkl,train
51425.pkl,train
51426.pkl,train
51427.pkl,val
51428.pkl,train
51429.pkl,val
51430.pkl,val
51431.pkl,train
51432.pkl,train
51433.pkl,train
51434.pkl,train
51435.pkl,val
51436.pkl,val
51437.pkl,val
51438.pkl,val
51439.pkl,val
51440.pkl,val
51441.pkl,train
51442.pkl,val
51443.pkl,val
51444.pkl,val
51445.pkl,train
51446.pkl,train
51447.pkl,train
51448.pkl,train
51449.pkl,val
51450.pkl,train
51451.pkl,val
51452.pkl,train
51453.pkl,val
51454.pkl,val
51455.pkl,val
51456.pkl,val
51457.pkl,train
51458.pkl,val
51459.pkl,val
51460.pkl,train
51461.pkl,train
51462.pkl,val
51463.pkl,train
51464.pkl,train
51465.pkl,train
51466.pkl,train
51467.pkl,val
51468.pkl,train
51469.pkl,train
51470.pkl,val
51471.pkl,train
51472.pkl,train
51473.pkl,val
51474.pkl,val
51475.pkl,val
51476.pkl,train
51477.pkl,val
51478.pkl,train
51479.pkl,train
51480.pkl,val
51481.pkl,val
51482.pkl,train
51483.pkl,val
51484.pkl,val
51485.pkl,val
51486.pkl,train
51487.pkl,val
51488.pkl,val
51489.pkl,train
51490.pkl,train
51491.pkl,val
51492.pkl,val
51493.pkl,train
51494.pkl,val
51495.pkl,val
51496.pkl,train
51497.pkl,train
51498.pkl,val
51499.pkl,train
51500.pkl,train
51501.pkl,train
51502.pkl,val
51503.pkl,val
51504.pkl,val
51505.pkl,train
51506.pkl,val
51507.pkl,val
51508.pkl,train
51509.pkl,val
51510.pkl,val
51511.pkl,val
51512.pkl,train
51513.pkl,train
51514.pkl,val
51515.pkl,train
51516.pkl,val
51517.pkl,val
51518.pkl,val
51519.pkl,train
51520.pkl,train
51521.pkl,val
51522.pkl,train
51523.pkl,train
51524.pkl,val
51525.pkl,val
51526.pkl,train
51527.pkl,train
51528.pkl,val
51529.pkl,val
51530.pkl,train
51531.pkl,train
51532.pkl,val
51533.pkl,val
51534.pkl,val
51535.pkl,val
51536.pkl,train
51537.pkl,train
51538.pkl,val
51539.pkl,val
51540.pkl,train
51541.pkl,val
51542.pkl,train
51543.pkl,train
51544.pkl,val
51545.pkl,val
51546.pkl,val
51547.pkl,val
51548.pkl,val
51549.pkl,train
51550.pkl,train
51551.pkl,train
51552.pkl,val
51553.pkl,train
51554.pkl,train
51555.pkl,val
51556.pkl,val
51557.pkl,val
51558.pkl,val
51559.pkl,val
51560.pkl,train
51561.pkl,val
51562.pkl,val
51563.pkl,val
51564.pkl,val
51565.pkl,train
51566.pkl,val
51567.pkl,train
51568.pkl,val
51569.pkl,train
51570.pkl,train
51571.pkl,val
51572.pkl,train
51573.pkl,val
51574.pkl,val
51575.pkl,val
51576.pkl,val
51577.pkl,val
51578.pkl,val
51579.pkl,train
51580.pkl,val
51581.pkl,val
51582.pkl,train
51583.pkl,train
51584.pkl,train
51585.pkl,train
51586.pkl,train
51587.pkl,train
51588.pkl,train
51589.pkl,train
51590.pkl,train
51591.pkl,val
51592.pkl,train
51593.pkl,train
51594.pkl,val
51595.pkl,train
51596.pkl,val
51597.pkl,train
51598.pkl,train
51599.pkl,val
51600.pkl,val
51601.pkl,val
51602.pkl,val
51603.pkl,train
51604.pkl,train
51605.pkl,train
51606.pkl,train
51607.pkl,train
51608.pkl,val
51609.pkl,val
51610.pkl,val
51611.pkl,val
51612.pkl,val
51613.pkl,val
51614.pkl,train
51615.pkl,val
51616.pkl,train
51617.pkl,train
51618.pkl,val
51619.pkl,train
51620.pkl,val
51621.pkl,train
51622.pkl,train
51623.pkl,val
51624.pkl,train
51625.pkl,val
51626.pkl,val
51627.pkl,train
51628.pkl,val
51629.pkl,val
51630.pkl,train
51631.pkl,val
51632.pkl,train
51633.pkl,train
51634.pkl,train
51635.pkl,val
51636.pkl,train
51637.pkl,train
51638.pkl,val
51639.pkl,val
51640.pkl,val
51641.pkl,train
51642.pkl,train
51643.pkl,train
51644.pkl,train
51645.pkl,val
51646.pkl,train
51647.pkl,val
51648.pkl,train
51649.pkl,val
51650.pkl,val
51651.pkl,val
51652.pkl,train
51653.pkl,train
51654.pkl,train
51655.pkl,train
51656.pkl,val
51657.pkl,val
51658.pkl,val
51659.pkl,train
51660.pkl,train
51661.pkl,train
51662.pkl,val
51663.pkl,train
51664.pkl,val
51665.pkl,val
51666.pkl,val
51667.pkl,val
51668.pkl,val
51669.pkl,train
51670.pkl,val
51671.pkl,train
51672.pkl,train
51673.pkl,train
51674.pkl,val
51675.pkl,train
51676.pkl,val
51677.pkl,train
51678.pkl,train
51679.pkl,train
51680.pkl,val
51681.pkl,train
51682.pkl,val
51683.pkl,val
51684.pkl,val
51685.pkl,train
51686.pkl,val
51687.pkl,val
51688.pkl,val
51689.pkl,val
51690.pkl,val
51691.pkl,val
51692.pkl,val
51693.pkl,train
51694.pkl,train
51695.pkl,train
51696.pkl,train
51697.pkl,train
51698.pkl,val
51699.pkl,train
51700.pkl,train
51701.pkl,train
51702.pkl,train
51703.pkl,train
51704.pkl,val
51705.pkl,train
51706.pkl,val
51707.pkl,train
51708.pkl,train
51709.pkl,val
51710.pkl,val
51711.pkl,train
51712.pkl,val
51713.pkl,val
51714.pkl,val
51715.pkl,train
51716.pkl,train
51717.pkl,train
51718.pkl,train
51719.pkl,train
51720.pkl,train
51721.pkl,val
51722.pkl,val
51723.pkl,train
51724.pkl,val
51725.pkl,val
51726.pkl,val
51727.pkl,val
51728.pkl,train
51729.pkl,train
51730.pkl,val
51731.pkl,train
51732.pkl,train
51733.pkl,train
51734.pkl,val
51735.pkl,train
51736.pkl,train
51737.pkl,train
51738.pkl,val
51739.pkl,val
51740.pkl,train
51741.pkl,train
51742.pkl,val
51743.pkl,train
51744.pkl,val
51745.pkl,train
51746.pkl,val
51747.pkl,train
51748.pkl,train
51749.pkl,train
51750.pkl,val
51751.pkl,val
51752.pkl,val
51753.pkl,val
51754.pkl,train
51755.pkl,val
51756.pkl,train
51757.pkl,val
51758.pkl,val
51759.pkl,val
51760.pkl,train
51761.pkl,train
51762.pkl,val
51763.pkl,train
51764.pkl,val
51765.pkl,train
51766.pkl,val
51767.pkl,val
51768.pkl,train
51769.pkl,train
51770.pkl,train
51771.pkl,val
51772.pkl,val
51773.pkl,val
51774.pkl,val
51775.pkl,train
51776.pkl,train
51777.pkl,train
51778.pkl,train
51779.pkl,val
51780.pkl,val
51781.pkl,train
51782.pkl,train
51783.pkl,val
51784.pkl,train
51785.pkl,val
51786.pkl,train
51787.pkl,train
51788.pkl,train
51789.pkl,train
51790.pkl,val
51791.pkl,train
51792.pkl,train
51793.pkl,train
51794.pkl,train
51795.pkl,train
51796.pkl,train
51797.pkl,val
51798.pkl,val
51799.pkl,val
51800.pkl,val
51801.pkl,train
51802.pkl,train
51803.pkl,train
51804.pkl,train
51805.pkl,train
51806.pkl,val
51807.pkl,train
51808.pkl,val
51809.pkl,train
51810.pkl,val
51811.pkl,val
51812.pkl,val
51813.pkl,val
51814.pkl,val
51815.pkl,train
51816.pkl,train
51817.pkl,train
51818.pkl,val
51819.pkl,val
51820.pkl,val
51821.pkl,val
51822.pkl,train
51823.pkl,val
51824.pkl,train
51825.pkl,val
51826.pkl,val
51827.pkl,train
51828.pkl,val
51829.pkl,val
51830.pkl,val
51831.pkl,val
51832.pkl,train
51833.pkl,val
51834.pkl,train
51835.pkl,train
51836.pkl,val
51837.pkl,val
51838.pkl,val
51839.pkl,val
51840.pkl,train
51841.pkl,val
51842.pkl,train
51843.pkl,val
51844.pkl,val
51845.pkl,train
51846.pkl,val
51847.pkl,train
51848.pkl,val
51849.pkl,train
51850.pkl,train
51851.pkl,val
51852.pkl,train
51853.pkl,val
51854.pkl,val
51855.pkl,val
51856.pkl,val
51857.pkl,train
51858.pkl,train
51859.pkl,train
51860.pkl,val
51861.pkl,train
51862.pkl,train
51863.pkl,val
51864.pkl,val
51865.pkl,train
51866.pkl,train
51867.pkl,train
51868.pkl,val
51869.pkl,train
51870.pkl,val
51871.pkl,val
51872.pkl,val
51873.pkl,val
51874.pkl,train
51875.pkl,val
51876.pkl,val
51877.pkl,train
51878.pkl,val
51879.pkl,train
51880.pkl,val
51881.pkl,val
51882.pkl,val
51883.pkl,train
51884.pkl,val
51885.pkl,train
51886.pkl,val
51887.pkl,train
51888.pkl,train
51889.pkl,train
51890.pkl,val
51891.pkl,val
51892.pkl,val
51893.pkl,val
51894.pkl,val
51895.pkl,val
51896.pkl,train
51897.pkl,train
51898.pkl,train
51899.pkl,val
51900.pkl,val
51901.pkl,train
51902.pkl,val
51903.pkl,train
51904.pkl,train
51905.pkl,val
51906.pkl,train
51907.pkl,train
51908.pkl,val
51909.pkl,val
51910.pkl,val
51911.pkl,val
51912.pkl,val
51913.pkl,train
51914.pkl,val
51915.pkl,val
51916.pkl,val
51917.pkl,train
51918.pkl,val
51919.pkl,train
51920.pkl,train
51921.pkl,val
51922.pkl,val
51923.pkl,val
51924.pkl,val
51925.pkl,train
51926.pkl,train
51927.pkl,train
51928.pkl,train
51929.pkl,val
51930.pkl,val
51931.pkl,train
51932.pkl,train
51933.pkl,train
51934.pkl,train
51935.pkl,val
51936.pkl,train
51937.pkl,val
51938.pkl,val
51939.pkl,val
51940.pkl,val
51941.pkl,val
51942.pkl,train
51943.pkl,train
51944.pkl,train
51945.pkl,val
51946.pkl,train
51947.pkl,val
51948.pkl,val
51949.pkl,val
51950.pkl,train
51951.pkl,val
51952.pkl,train
51953.pkl,train
51954.pkl,train
51955.pkl,val
51956.pkl,train
51957.pkl,train
51958.pkl,val
51959.pkl,train
51960.pkl,train
51961.pkl,train
51962.pkl,train
51963.pkl,train
51964.pkl,train
51965.pkl,val
51966.pkl,train
51967.pkl,train
51968.pkl,train
51969.pkl,train
51970.pkl,train
51971.pkl,train
51972.pkl,val
51973.pkl,val
51974.pkl,val
51975.pkl,train
51976.pkl,val
51977.pkl,train
51978.pkl,train
51979.pkl,train
51980.pkl,val
51981.pkl,train
51982.pkl,val
51983.pkl,val
51984.pkl,train
51985.pkl,val
51986.pkl,train
51987.pkl,train
51988.pkl,train
51989.pkl,val
51990.pkl,train
51991.pkl,val
51992.pkl,train
51993.pkl,train
51994.pkl,val
51995.pkl,train
51996.pkl,train
51997.pkl,val
51998.pkl,val
51999.pkl,val
52000.pkl,val
52001.pkl,train
52002.pkl,val
52003.pkl,train
52004.pkl,val
52005.pkl,train
52006.pkl,val
52007.pkl,train
52008.pkl,val
52009.pkl,train
52010.pkl,train
52011.pkl,train
52012.pkl,train
52013.pkl,val
52014.pkl,train
52015.pkl,val
52016.pkl,train
52017.pkl,val
52018.pkl,val
52019.pkl,train
52020.pkl,train
52021.pkl,val
52022.pkl,val
52023.pkl,val
52024.pkl,train
52025.pkl,train
52026.pkl,train
52027.pkl,train
52028.pkl,val
52029.pkl,val
52030.pkl,train
52031.pkl,val
52032.pkl,train
52033.pkl,val
52034.pkl,train
52035.pkl,train
52036.pkl,train
52037.pkl,val
52038.pkl,val
52039.pkl,val
52040.pkl,val
52041.pkl,val
52042.pkl,train
52043.pkl,val
52044.pkl,train
52045.pkl,train
52046.pkl,train
52047.pkl,val
52048.pkl,val
52049.pkl,train
52050.pkl,train
52051.pkl,train
52052.pkl,val
52053.pkl,train
52054.pkl,train
52055.pkl,train
52056.pkl,val
52057.pkl,train
52058.pkl,train
52059.pkl,train
52060.pkl,val
52061.pkl,train
52062.pkl,val
52063.pkl,train
52064.pkl,train
52065.pkl,val
52066.pkl,val
52067.pkl,val
52068.pkl,train
52069.pkl,train
52070.pkl,train
52071.pkl,train
52072.pkl,train
52073.pkl,train
52074.pkl,val
52075.pkl,train
52076.pkl,val
52077.pkl,val
52078.pkl,train
52079.pkl,train
52080.pkl,val
52081.pkl,val
52082.pkl,val
52083.pkl,val
52084.pkl,train
52085.pkl,train
52086.pkl,val
52087.pkl,train
52088.pkl,train
52089.pkl,train
52090.pkl,train
52091.pkl,val
52092.pkl,val
52093.pkl,val
52094.pkl,val
52095.pkl,val
52096.pkl,val
52097.pkl,train
52098.pkl,val
52099.pkl,val
52100.pkl,train
52101.pkl,val
52102.pkl,val
52103.pkl,val
52104.pkl,val
52105.pkl,train
52106.pkl,val
52107.pkl,train
52108.pkl,train
52109.pkl,val
52110.pkl,val
52111.pkl,val
52112.pkl,train
52113.pkl,train
52114.pkl,val
52115.pkl,val
52116.pkl,train
52117.pkl,val
52118.pkl,train
52119.pkl,train
52120.pkl,train
52121.pkl,train
52122.pkl,train
52123.pkl,val
52124.pkl,val
52125.pkl,train
52126.pkl,train
52127.pkl,val
52128.pkl,train
52129.pkl,val
52130.pkl,train
52131.pkl,train
52132.pkl,train
52133.pkl,val
52134.pkl,val
52135.pkl,train
52136.pkl,train
52137.pkl,val
52138.pkl,val
52139.pkl,train
52140.pkl,train
52141.pkl,train
52142.pkl,train
52143.pkl,val
52144.pkl,val
52145.pkl,val
52146.pkl,val
52147.pkl,val
52148.pkl,val
52149.pkl,train
52150.pkl,train
52151.pkl,val
52152.pkl,train
52153.pkl,val
52154.pkl,train
52155.pkl,val
52156.pkl,val
52157.pkl,val
52158.pkl,val
52159.pkl,val
52160.pkl,val
52161.pkl,train
52162.pkl,train
52163.pkl,val
52164.pkl,val
52165.pkl,val
52166.pkl,train
52167.pkl,val
52168.pkl,val
52169.pkl,train
52170.pkl,val
52171.pkl,train
52172.pkl,val
52173.pkl,val
52174.pkl,val
52175.pkl,val
52176.pkl,val
52177.pkl,val
52178.pkl,val
52179.pkl,train
52180.pkl,train
52181.pkl,val
52182.pkl,val
52183.pkl,train
52184.pkl,train
52185.pkl,train
52186.pkl,train
52187.pkl,train
52188.pkl,val
52189.pkl,val
52190.pkl,train
52191.pkl,val
52192.pkl,train
52193.pkl,val
52194.pkl,val
52195.pkl,train
52196.pkl,train
52197.pkl,val
52198.pkl,val
52199.pkl,val
52200.pkl,train
52201.pkl,val
52202.pkl,val
52203.pkl,val
52204.pkl,train
52205.pkl,train
52206.pkl,train
52207.pkl,val
52208.pkl,val
52209.pkl,val
52210.pkl,val
52211.pkl,val
52212.pkl,val
52213.pkl,val
52214.pkl,train
52215.pkl,train
52216.pkl,val
52217.pkl,val
52218.pkl,val
52219.pkl,train
52220.pkl,train
52221.pkl,val
52222.pkl,val
52223.pkl,train
52224.pkl,train
52225.pkl,val
52226.pkl,train
52227.pkl,train
52228.pkl,train
52229.pkl,train
52230.pkl,val
52231.pkl,train
52232.pkl,val
52233.pkl,val
52234.pkl,val
52235.pkl,train
52236.pkl,train
52237.pkl,val
52238.pkl,val
52239.pkl,val
52240.pkl,val
52241.pkl,val
52242.pkl,train
52243.pkl,val
52244.pkl,val
52245.pkl,val
52246.pkl,train
52247.pkl,val
52248.pkl,train
52249.pkl,val
52250.pkl,val
52251.pkl,val
52252.pkl,val
52253.pkl,val
52254.pkl,train
52255.pkl,val
52256.pkl,val
52257.pkl,val
52258.pkl,train
52259.pkl,train
52260.pkl,train
52261.pkl,train
52262.pkl,train
52263.pkl,train
52264.pkl,train
52265.pkl,train
52266.pkl,val
52267.pkl,train
52268.pkl,train
52269.pkl,train
52270.pkl,train
52271.pkl,train
52272.pkl,val
52273.pkl,val
52274.pkl,val
52275.pkl,train
52276.pkl,val
52277.pkl,val
52278.pkl,train
52279.pkl,train
52280.pkl,train
52281.pkl,val
52282.pkl,train
52283.pkl,val
52284.pkl,val
52285.pkl,val
52286.pkl,val
52287.pkl,train
52288.pkl,val
52289.pkl,train
52290.pkl,train
52291.pkl,val
52292.pkl,train
52293.pkl,train
52294.pkl,val
52295.pkl,train
52296.pkl,val
52297.pkl,val
52298.pkl,val
52299.pkl,train
52300.pkl,train
52301.pkl,val
52302.pkl,val
52303.pkl,val
52304.pkl,train
52305.pkl,train
52306.pkl,val
52307.pkl,val
52308.pkl,train
52309.pkl,train
52310.pkl,train
52311.pkl,train
52312.pkl,val
52313.pkl,val
52314.pkl,train
52315.pkl,train
52316.pkl,train
52317.pkl,val
52318.pkl,val
52319.pkl,val
52320.pkl,train
52321.pkl,val
52322.pkl,train
52323.pkl,val
52324.pkl,val
52325.pkl,val
52326.pkl,train
52327.pkl,train
52328.pkl,train
52329.pkl,val
52330.pkl,train
52331.pkl,val
52332.pkl,val
52333.pkl,val
52334.pkl,train
52335.pkl,val
52336.pkl,train
52337.pkl,train
52338.pkl,val
52339.pkl,train
52340.pkl,train
52341.pkl,train
52342.pkl,val
52343.pkl,train
52344.pkl,train
52345.pkl,train
52346.pkl,train
52347.pkl,val
52348.pkl,val
52349.pkl,train
52350.pkl,val
52351.pkl,train
52352.pkl,val
52353.pkl,val
52354.pkl,val
52355.pkl,train
52356.pkl,val
52357.pkl,val
52358.pkl,train
52359.pkl,val
52360.pkl,train
52361.pkl,val
52362.pkl,val
52363.pkl,val
52364.pkl,train
52365.pkl,val
52366.pkl,train
52367.pkl,val
52368.pkl,train
52369.pkl,val
52370.pkl,train
52371.pkl,train
52372.pkl,train
52373.pkl,val
52374.pkl,train
52375.pkl,val
52376.pkl,train
52377.pkl,val
52378.pkl,train
52379.pkl,train
52380.pkl,val
52381.pkl,val
52382.pkl,train
52383.pkl,val
52384.pkl,val
52385.pkl,val
52386.pkl,train
52387.pkl,val
52388.pkl,train
52389.pkl,train
52390.pkl,train
52391.pkl,train
52392.pkl,train
52393.pkl,val
52394.pkl,train
52395.pkl,val
52396.pkl,val
52397.pkl,val
52398.pkl,train
52399.pkl,train
52400.pkl,val
52401.pkl,val
52402.pkl,train
52403.pkl,val
52404.pkl,val
52405.pkl,val
52406.pkl,val
52407.pkl,train
52408.pkl,val
52409.pkl,train
52410.pkl,val
52411.pkl,val
52412.pkl,val
52413.pkl,val
52414.pkl,val
52415.pkl,val
52416.pkl,val
52417.pkl,train
52418.pkl,val
52419.pkl,train
52420.pkl,val
52421.pkl,val
52422.pkl,train
52423.pkl,train
52424.pkl,val
52425.pkl,train
52426.pkl,train
52427.pkl,val
52428.pkl,val
52429.pkl,val
52430.pkl,train
52431.pkl,val
52432.pkl,val
52433.pkl,train
52434.pkl,val
52435.pkl,val
52436.pkl,train
52437.pkl,train
52438.pkl,train
52439.pkl,val
52440.pkl,train
52441.pkl,val
52442.pkl,val
52443.pkl,train
52444.pkl,val
52445.pkl,train
52446.pkl,val
52447.pkl,val
52448.pkl,val
52449.pkl,train
52450.pkl,train
52451.pkl,val
52452.pkl,val
52453.pkl,train
52454.pkl,train
52455.pkl,train
52456.pkl,train
52457.pkl,train
52458.pkl,train
52459.pkl,val
52460.pkl,train
52461.pkl,train
52462.pkl,val
52463.pkl,val
52464.pkl,train
52465.pkl,train
52466.pkl,val
52467.pkl,val
52468.pkl,val
52469.pkl,train
52470.pkl,val
52471.pkl,val
52472.pkl,val
52473.pkl,train
52474.pkl,val
52475.pkl,val
52476.pkl,train
52477.pkl,val
52478.pkl,train
52479.pkl,train
52480.pkl,val
52481.pkl,train
52482.pkl,val
52483.pkl,train
52484.pkl,val
52485.pkl,train
52486.pkl,train
52487.pkl,train
52488.pkl,train
52489.pkl,train
52490.pkl,val
52491.pkl,train
52492.pkl,train
52493.pkl,val
52494.pkl,train
52495.pkl,train
52496.pkl,train
52497.pkl,train
52498.pkl,val
52499.pkl,train
52500.pkl,val
52501.pkl,val
52502.pkl,train
52503.pkl,train
52504.pkl,val
52505.pkl,val
52506.pkl,val
52507.pkl,train
52508.pkl,val
52509.pkl,train
52510.pkl,val
52511.pkl,val
52512.pkl,val
52513.pkl,train
52514.pkl,train
52515.pkl,val
52516.pkl,val
52517.pkl,train
52518.pkl,val
52519.pkl,val
52520.pkl,val
52521.pkl,val
52522.pkl,train
52523.pkl,train
52524.pkl,val
52525.pkl,val
52526.pkl,val
52527.pkl,val
52528.pkl,train
52529.pkl,val
52530.pkl,train
52531.pkl,val
52532.pkl,val
52533.pkl,train
52534.pkl,val
52535.pkl,val
52536.pkl,train
52537.pkl,train
52538.pkl,train
52539.pkl,train
52540.pkl,val
52541.pkl,train
52542.pkl,train
52543.pkl,train
52544.pkl,val
52545.pkl,val
52546.pkl,val
52547.pkl,train
52548.pkl,val
52549.pkl,val
52550.pkl,train
52551.pkl,val
52552.pkl,train
52553.pkl,val
52554.pkl,train
52555.pkl,val
52556.pkl,train
52557.pkl,train
52558.pkl,train
52559.pkl,val
52560.pkl,train
52561.pkl,train
52562.pkl,val
52563.pkl,train
52564.pkl,train
52565.pkl,val
52566.pkl,val
52567.pkl,val
52568.pkl,train
52569.pkl,val
52570.pkl,train
52571.pkl,train
52572.pkl,val
52573.pkl,train
52574.pkl,train
52575.pkl,val
52576.pkl,train
52577.pkl,val
52578.pkl,train
52579.pkl,train
52580.pkl,val
52581.pkl,val
52582.pkl,train
52583.pkl,train
52584.pkl,val
52585.pkl,train
52586.pkl,val
52587.pkl,train
52588.pkl,val
52589.pkl,val
52590.pkl,val
52591.pkl,val
52592.pkl,train
52593.pkl,train
52594.pkl,val
52595.pkl,train
52596.pkl,train
52597.pkl,val
52598.pkl,val
52599.pkl,val
52600.pkl,val
52601.pkl,val
52602.pkl,train
52603.pkl,train
52604.pkl,train
52605.pkl,val
52606.pkl,val
52607.pkl,val
52608.pkl,train
52609.pkl,val
52610.pkl,train
52611.pkl,val
52612.pkl,train
52613.pkl,val
52614.pkl,val
52615.pkl,train
52616.pkl,train
52617.pkl,val
52618.pkl,train
52619.pkl,train
52620.pkl,train
52621.pkl,train
52622.pkl,train
52623.pkl,train
52624.pkl,train
52625.pkl,val
52626.pkl,val
52627.pkl,val
52628.pkl,val
52629.pkl,val
52630.pkl,val
52631.pkl,val
52632.pkl,val
52633.pkl,val
52634.pkl,val
52635.pkl,val
52636.pkl,train
52637.pkl,train
52638.pkl,train
52639.pkl,train
52640.pkl,train
52641.pkl,val
52642.pkl,train
52643.pkl,val
52644.pkl,train
52645.pkl,train
52646.pkl,train
52647.pkl,val
52648.pkl,train
52649.pkl,val
52650.pkl,val
52651.pkl,train
52652.pkl,train
52653.pkl,val
52654.pkl,val
52655.pkl,val
52656.pkl,val
52657.pkl,train
52658.pkl,train
52659.pkl,val
52660.pkl,train
52661.pkl,train
52662.pkl,train
52663.pkl,val
52664.pkl,val
52665.pkl,train
52666.pkl,train
52667.pkl,val
52668.pkl,val
52669.pkl,val
52670.pkl,train
52671.pkl,train
52672.pkl,val
52673.pkl,val
52674.pkl,train
52675.pkl,train
52676.pkl,val
52677.pkl,train
52678.pkl,train
52679.pkl,val
52680.pkl,val
52681.pkl,train
52682.pkl,train
52683.pkl,train
52684.pkl,val
52685.pkl,train
52686.pkl,val
52687.pkl,train
52688.pkl,val
52689.pkl,val
52690.pkl,val
52691.pkl,train
52692.pkl,val
52693.pkl,val
52694.pkl,train
52695.pkl,val
52696.pkl,val
52697.pkl,val
52698.pkl,val
52699.pkl,train
52700.pkl,train
52701.pkl,val
52702.pkl,train
52703.pkl,val
52704.pkl,train
52705.pkl,val
52706.pkl,val
52707.pkl,val
52708.pkl,val
52709.pkl,train
52710.pkl,train
52711.pkl,val
52712.pkl,val
52713.pkl,train
52714.pkl,val
52715.pkl,train
52716.pkl,train
52717.pkl,val
52718.pkl,val
52719.pkl,train
52720.pkl,val
52721.pkl,train
52722.pkl,val
52723.pkl,train
52724.pkl,val
52725.pkl,val
52726.pkl,train
52727.pkl,val
52728.pkl,train
52729.pkl,val
52730.pkl,train
52731.pkl,val
52732.pkl,val
52733.pkl,val
52734.pkl,train
52735.pkl,train
52736.pkl,val
52737.pkl,val
52738.pkl,train
52739.pkl,train
52740.pkl,train
52741.pkl,train
52742.pkl,train
52743.pkl,val
52744.pkl,val
52745.pkl,train
52746.pkl,train
52747.pkl,val
52748.pkl,train
52749.pkl,train
52750.pkl,train
52751.pkl,train
52752.pkl,train
52753.pkl,train
52754.pkl,train
52755.pkl,val
52756.pkl,val
52757.pkl,train
52758.pkl,train
52759.pkl,val
52760.pkl,val
52761.pkl,train
52762.pkl,val
52763.pkl,val
52764.pkl,val
52765.pkl,val
52766.pkl,train
52767.pkl,train
52768.pkl,val
52769.pkl,train
52770.pkl,val
52771.pkl,val
52772.pkl,train
52773.pkl,train
52774.pkl,train
52775.pkl,train
52776.pkl,val
52777.pkl,val
52778.pkl,train
52779.pkl,val
52780.pkl,train
52781.pkl,val
52782.pkl,val
52783.pkl,train
52784.pkl,val
52785.pkl,val
52786.pkl,train
52787.pkl,train
52788.pkl,train
52789.pkl,train
52790.pkl,train
52791.pkl,val
52792.pkl,val
52793.pkl,val
52794.pkl,train
52795.pkl,train
52796.pkl,val
52797.pkl,val
52798.pkl,train
52799.pkl,val
52800.pkl,val
52801.pkl,train
52802.pkl,train
52803.pkl,train
52804.pkl,train
52805.pkl,train
52806.pkl,val
52807.pkl,val
52808.pkl,train
52809.pkl,train
52810.pkl,val
52811.pkl,train
52812.pkl,train
52813.pkl,val
52814.pkl,train
52815.pkl,train
52816.pkl,val
52817.pkl,train
52818.pkl,val
52819.pkl,val
52820.pkl,val
52821.pkl,val
52822.pkl,val
52823.pkl,train
52824.pkl,val
52825.pkl,val
52826.pkl,val
52827.pkl,val
52828.pkl,val
52829.pkl,val
52830.pkl,val
52831.pkl,train
52832.pkl,train
52833.pkl,val
52834.pkl,train
52835.pkl,val
52836.pkl,train
52837.pkl,train
52838.pkl,val
52839.pkl,val
52840.pkl,val
52841.pkl,val
52842.pkl,val
52843.pkl,train
52844.pkl,train
52845.pkl,train
52846.pkl,val
52847.pkl,val
52848.pkl,val
52849.pkl,val
52850.pkl,val
52851.pkl,train
52852.pkl,train
52853.pkl,val
52854.pkl,val
52855.pkl,val
52856.pkl,train
52857.pkl,val
52858.pkl,val
52859.pkl,val
52860.pkl,train
52861.pkl,train
52862.pkl,val
52863.pkl,train
52864.pkl,val
52865.pkl,train
52866.pkl,train
52867.pkl,train
52868.pkl,val
52869.pkl,val
52870.pkl,val
52871.pkl,val
52872.pkl,val
52873.pkl,val
52874.pkl,train
52875.pkl,val
52876.pkl,train
52877.pkl,train
52878.pkl,val
52879.pkl,val
52880.pkl,train
52881.pkl,train
52882.pkl,val
52883.pkl,train
52884.pkl,val
52885.pkl,train
52886.pkl,train
52887.pkl,val
52888.pkl,train
52889.pkl,train
52890.pkl,train
52891.pkl,train
52892.pkl,train
52893.pkl,train
52894.pkl,val
52895.pkl,val
52896.pkl,val
52897.pkl,val
52898.pkl,val
52899.pkl,train
52900.pkl,val
52901.pkl,train
52902.pkl,val
52903.pkl,val
52904.pkl,train
52905.pkl,val
52906.pkl,train
52907.pkl,train
52908.pkl,train
52909.pkl,train
52910.pkl,val
52911.pkl,val
52912.pkl,train
52913.pkl,train
52914.pkl,train
52915.pkl,train
52916.pkl,val
52917.pkl,val
52918.pkl,val
52919.pkl,train
52920.pkl,val
52921.pkl,train
52922.pkl,val
52923.pkl,train
52924.pkl,train
52925.pkl,train
52926.pkl,train
52927.pkl,train
52928.pkl,train
52929.pkl,train
52930.pkl,train
52931.pkl,train
52932.pkl,train
52933.pkl,val
52934.pkl,train
52935.pkl,train
52936.pkl,val
52937.pkl,val
52938.pkl,train
52939.pkl,train
52940.pkl,val
52941.pkl,train
52942.pkl,train
52943.pkl,val
52944.pkl,val
52945.pkl,val
52946.pkl,val
52947.pkl,train
52948.pkl,train
52949.pkl,val
52950.pkl,train
52951.pkl,val
52952.pkl,val
52953.pkl,train
52954.pkl,val
52955.pkl,train
52956.pkl,train
52957.pkl,val
52958.pkl,train
52959.pkl,val
52960.pkl,val
52961.pkl,val
52962.pkl,val
52963.pkl,train
52964.pkl,train
52965.pkl,train
52966.pkl,val
52967.pkl,val
52968.pkl,val
52969.pkl,val
52970.pkl,train
52971.pkl,train
52972.pkl,train
52973.pkl,val
52974.pkl,val
52975.pkl,train
52976.pkl,val
52977.pkl,train
52978.pkl,val
52979.pkl,val
52980.pkl,train
52981.pkl,train
52982.pkl,train
52983.pkl,train
52984.pkl,val
52985.pkl,val
52986.pkl,val
52987.pkl,val
52988.pkl,val
52989.pkl,val
52990.pkl,val
52991.pkl,val
52992.pkl,train
52993.pkl,val
52994.pkl,val
52995.pkl,val
52996.pkl,train
52997.pkl,val
52998.pkl,val
52999.pkl,train
53000.pkl,val
53001.pkl,train
53002.pkl,val
53003.pkl,train
53004.pkl,val
53005.pkl,train
53006.pkl,val
53007.pkl,val
53008.pkl,train
53009.pkl,train
53010.pkl,train
53011.pkl,val
53012.pkl,val
53013.pkl,train
53014.pkl,train
53015.pkl,train
53016.pkl,train
53017.pkl,train
53018.pkl,train
53019.pkl,train
53020.pkl,val
53021.pkl,val
53022.pkl,train
53023.pkl,val
53024.pkl,train
53025.pkl,val
53026.pkl,train
53027.pkl,train
53028.pkl,train
53029.pkl,val
53030.pkl,val
53031.pkl,train
53032.pkl,train
53033.pkl,val
53034.pkl,train
53035.pkl,train
53036.pkl,val
53037.pkl,val
53038.pkl,val
53039.pkl,val
53040.pkl,val
53041.pkl,train
53042.pkl,train
53043.pkl,train
53044.pkl,val
53045.pkl,val
53046.pkl,val
53047.pkl,val
53048.pkl,val
53049.pkl,val
53050.pkl,val
53051.pkl,train
53052.pkl,val
53053.pkl,train
53054.pkl,val
53055.pkl,train
53056.pkl,train
53057.pkl,val
53058.pkl,val
53059.pkl,val
53060.pkl,train
53061.pkl,train
53062.pkl,val
53063.pkl,val
53064.pkl,train
53065.pkl,train
53066.pkl,train
53067.pkl,val
53068.pkl,train
53069.pkl,val
53070.pkl,train
53071.pkl,val
53072.pkl,val
53073.pkl,train
53074.pkl,train
53075.pkl,train
53076.pkl,val
53077.pkl,train
53078.pkl,train
53079.pkl,val
53080.pkl,train
53081.pkl,train
53082.pkl,train
53083.pkl,train
53084.pkl,train
53085.pkl,val
53086.pkl,val
53087.pkl,train
53088.pkl,val
53089.pkl,val
53090.pkl,train
53091.pkl,train
53092.pkl,train
53093.pkl,val
53094.pkl,train
53095.pkl,train
53096.pkl,val
53097.pkl,val
53098.pkl,train
53099.pkl,val
53100.pkl,train
53101.pkl,train
53102.pkl,train
53103.pkl,train
53104.pkl,train
53105.pkl,train
53106.pkl,train
53107.pkl,train
53108.pkl,val
53109.pkl,train
53110.pkl,val
53111.pkl,val
53112.pkl,val
53113.pkl,val
53114.pkl,val
53115.pkl,train
53116.pkl,val
53117.pkl,val
53118.pkl,train
53119.pkl,train
53120.pkl,val
53121.pkl,train
53122.pkl,train
53123.pkl,val
53124.pkl,val
53125.pkl,train
53126.pkl,val
53127.pkl,val
53128.pkl,train
53129.pkl,val
53130.pkl,val
53131.pkl,train
53132.pkl,val
53133.pkl,val
53134.pkl,val
53135.pkl,train
53136.pkl,val
53137.pkl,train
53138.pkl,train
53139.pkl,train
53140.pkl,train
53141.pkl,train
53142.pkl,train
53143.pkl,val
53144.pkl,train
53145.pkl,train
53146.pkl,train
53147.pkl,val
53148.pkl,val
53149.pkl,val
53150.pkl,train
53151.pkl,train
53152.pkl,val
53153.pkl,train
53154.pkl,train
53155.pkl,train
53156.pkl,val
53157.pkl,train
53158.pkl,train
53159.pkl,val
53160.pkl,train
53161.pkl,train
53162.pkl,val
53163.pkl,train
53164.pkl,train
53165.pkl,train
53166.pkl,val
53167.pkl,train
53168.pkl,val
53169.pkl,val
53170.pkl,val
53171.pkl,train
53172.pkl,val
53173.pkl,val
53174.pkl,train
53175.pkl,train
53176.pkl,val
53177.pkl,val
53178.pkl,val
53179.pkl,val
53180.pkl,val
53181.pkl,train
53182.pkl,val
53183.pkl,train
53184.pkl,train
53185.pkl,train
53186.pkl,val
53187.pkl,train
53188.pkl,train
53189.pkl,train
53190.pkl,train
53191.pkl,val
53192.pkl,val
53193.pkl,train
53194.pkl,val
53195.pkl,train
53196.pkl,train
53197.pkl,val
53198.pkl,val
53199.pkl,val
53200.pkl,val
53201.pkl,val
53202.pkl,val
53203.pkl,val
53204.pkl,train
53205.pkl,val
53206.pkl,val
53207.pkl,train
53208.pkl,train
53209.pkl,val
53210.pkl,val
53211.pkl,train
53212.pkl,val
53213.pkl,train
53214.pkl,train
53215.pkl,val
53216.pkl,val
53217.pkl,train
53218.pkl,val
53219.pkl,val
53220.pkl,train
53221.pkl,val
53222.pkl,train
53223.pkl,val
53224.pkl,train
53225.pkl,val
53226.pkl,train
53227.pkl,val
53228.pkl,train
53229.pkl,val
53230.pkl,train
53231.pkl,train
53232.pkl,val
53233.pkl,val
53234.pkl,train
53235.pkl,train
53236.pkl,val
53237.pkl,train
53238.pkl,val
53239.pkl,val
53240.pkl,val
53241.pkl,train
53242.pkl,val
53243.pkl,train
53244.pkl,val
53245.pkl,train
53246.pkl,train
53247.pkl,train
53248.pkl,val
53249.pkl,train
53250.pkl,train
53251.pkl,val
53252.pkl,val
53253.pkl,train
53254.pkl,val
53255.pkl,train
53256.pkl,train
53257.pkl,val
53258.pkl,train
53259.pkl,val
53260.pkl,train
53261.pkl,val
53262.pkl,train
53263.pkl,val
53264.pkl,val
53265.pkl,train
53266.pkl,train
53267.pkl,val
53268.pkl,train
53269.pkl,train
53270.pkl,train
53271.pkl,val
53272.pkl,val
53273.pkl,train
53274.pkl,train
53275.pkl,train
53276.pkl,train
53277.pkl,train
53278.pkl,train
53279.pkl,train
53280.pkl,train
53281.pkl,train
53282.pkl,val
53283.pkl,train
53284.pkl,val
53285.pkl,train
53286.pkl,val
53287.pkl,train
53288.pkl,val
53289.pkl,train
53290.pkl,val
53291.pkl,val
53292.pkl,val
53293.pkl,train
53294.pkl,val
53295.pkl,val
53296.pkl,val
53297.pkl,train
53298.pkl,train
53299.pkl,train
53300.pkl,val
53301.pkl,train
53302.pkl,train
53303.pkl,val
53304.pkl,train
53305.pkl,train
53306.pkl,val
53307.pkl,train
53308.pkl,train
53309.pkl,train
53310.pkl,train
53311.pkl,val
53312.pkl,val
53313.pkl,train
53314.pkl,val
53315.pkl,val
53316.pkl,val
53317.pkl,val
53318.pkl,val
53319.pkl,val
53320.pkl,val
53321.pkl,train
53322.pkl,train
53323.pkl,val
53324.pkl,train
53325.pkl,train
53326.pkl,train
53327.pkl,train
53328.pkl,train
53329.pkl,train
53330.pkl,val
53331.pkl,val
53332.pkl,val
53333.pkl,val
53334.pkl,val
53335.pkl,val
53336.pkl,train
53337.pkl,train
53338.pkl,train
53339.pkl,train
53340.pkl,train
53341.pkl,train
53342.pkl,train
53343.pkl,val
53344.pkl,val
53345.pkl,train
53346.pkl,train
53347.pkl,train
53348.pkl,val
53349.pkl,val
53350.pkl,val
53351.pkl,val
53352.pkl,val
53353.pkl,train
53354.pkl,val
53355.pkl,val
53356.pkl,val
53357.pkl,val
53358.pkl,val
53359.pkl,train
53360.pkl,val
53361.pkl,train
53362.pkl,val
53363.pkl,val
53364.pkl,train
53365.pkl,train
53366.pkl,val
53367.pkl,val
53368.pkl,train
53369.pkl,val
53370.pkl,val
53371.pkl,val
53372.pkl,train
53373.pkl,train
53374.pkl,train
53375.pkl,train
53376.pkl,val
53377.pkl,train
53378.pkl,train
53379.pkl,train
53380.pkl,val
53381.pkl,val
53382.pkl,val
53383.pkl,train
53384.pkl,val
53385.pkl,train
53386.pkl,train
53387.pkl,train
53388.pkl,val
53389.pkl,val
53390.pkl,train
53391.pkl,val
53392.pkl,train
53393.pkl,val
53394.pkl,val
53395.pkl,val
53396.pkl,train
53397.pkl,val
53398.pkl,val
53399.pkl,train
53400.pkl,train
53401.pkl,val
53402.pkl,val
53403.pkl,val
53404.pkl,train
53405.pkl,train
53406.pkl,train
53407.pkl,train
53408.pkl,train
53409.pkl,train
53410.pkl,train
53411.pkl,train
53412.pkl,val
53413.pkl,train
53414.pkl,val
53415.pkl,val
53416.pkl,train
53417.pkl,val
53418.pkl,train
53419.pkl,train
53420.pkl,train
53421.pkl,train
53422.pkl,train
53423.pkl,val
53424.pkl,train
53425.pkl,val
53426.pkl,val
53427.pkl,train
53428.pkl,train
53429.pkl,val
53430.pkl,val
53431.pkl,val
53432.pkl,val
53433.pkl,val
53434.pkl,train
53435.pkl,train
53436.pkl,train
53437.pkl,val
53438.pkl,val
53439.pkl,val
53440.pkl,val
53441.pkl,train
53442.pkl,train
53443.pkl,train
53444.pkl,train
53445.pkl,train
53446.pkl,train
53447.pkl,train
53448.pkl,train
53449.pkl,val
53450.pkl,train
53451.pkl,train
53452.pkl,train
53453.pkl,train
53454.pkl,train
53455.pkl,val
53456.pkl,train
53457.pkl,val
53458.pkl,train
53459.pkl,train
53460.pkl,val
53461.pkl,val
53462.pkl,train
53463.pkl,val
53464.pkl,train
53465.pkl,train
53466.pkl,val
53467.pkl,val
53468.pkl,train
53469.pkl,val
53470.pkl,val
53471.pkl,train
53472.pkl,val
53473.pkl,train
53474.pkl,val
53475.pkl,train
53476.pkl,val
53477.pkl,val
53478.pkl,val
53479.pkl,val
53480.pkl,val
53481.pkl,val
53482.pkl,train
53483.pkl,train
53484.pkl,train
53485.pkl,train
53486.pkl,val
53487.pkl,train
53488.pkl,train
53489.pkl,train
53490.pkl,train
53491.pkl,train
53492.pkl,val
53493.pkl,val
53494.pkl,val
53495.pkl,train
53496.pkl,train
53497.pkl,val
53498.pkl,train
53499.pkl,val
53500.pkl,train
53501.pkl,val
53502.pkl,train
53503.pkl,val
53504.pkl,val
53505.pkl,train
53506.pkl,train
53507.pkl,val
53508.pkl,train
53509.pkl,val
53510.pkl,train
53511.pkl,train
53512.pkl,train
53513.pkl,val
53514.pkl,val
53515.pkl,val
53516.pkl,val
53517.pkl,val
53518.pkl,val
53519.pkl,train
53520.pkl,val
53521.pkl,val
53522.pkl,train
53523.pkl,val
53524.pkl,train
53525.pkl,train
53526.pkl,train
53527.pkl,val
53528.pkl,train
53529.pkl,train
53530.pkl,train
53531.pkl,train
53532.pkl,val
53533.pkl,train
53534.pkl,train
53535.pkl,val
53536.pkl,train
53537.pkl,train
53538.pkl,val
53539.pkl,train
53540.pkl,train
53541.pkl,train
53542.pkl,train
53543.pkl,train
53544.pkl,train
53545.pkl,val
53546.pkl,val
53547.pkl,train
53548.pkl,val
53549.pkl,val
53550.pkl,val
53551.pkl,train
53552.pkl,train
53553.pkl,val
53554.pkl,train
53555.pkl,val
53556.pkl,train
53557.pkl,train
53558.pkl,val
53559.pkl,train
53560.pkl,val
53561.pkl,train
53562.pkl,train
53563.pkl,train
53564.pkl,val
53565.pkl,train
53566.pkl,train
53567.pkl,train
53568.pkl,val
53569.pkl,train
53570.pkl,val
53571.pkl,val
53572.pkl,train
53573.pkl,val
53574.pkl,train
53575.pkl,train
53576.pkl,train
53577.pkl,val
53578.pkl,val
53579.pkl,train
53580.pkl,val
53581.pkl,train
53582.pkl,train
53583.pkl,val
53584.pkl,val
53585.pkl,val
53586.pkl,val
53587.pkl,train
53588.pkl,val
53589.pkl,train
53590.pkl,val
53591.pkl,val
53592.pkl,train
53593.pkl,val
53594.pkl,train
53595.pkl,train
53596.pkl,val
53597.pkl,val
53598.pkl,val
53599.pkl,train
53600.pkl,val
53601.pkl,val
53602.pkl,val
53603.pkl,train
53604.pkl,train
53605.pkl,train
53606.pkl,train
53607.pkl,val
53608.pkl,val
53609.pkl,train
53610.pkl,train
53611.pkl,train
53612.pkl,train
53613.pkl,train
53614.pkl,val
53615.pkl,val
53616.pkl,train
53617.pkl,train
53618.pkl,train
53619.pkl,train
53620.pkl,val
53621.pkl,train
53622.pkl,val
53623.pkl,train
53624.pkl,val
53625.pkl,train
53626.pkl,train
53627.pkl,val
53628.pkl,val
53629.pkl,val
53630.pkl,train
53631.pkl,train
53632.pkl,train
53633.pkl,val
53634.pkl,train
53635.pkl,val
53636.pkl,val
53637.pkl,train
53638.pkl,val
53639.pkl,train
53640.pkl,train
53641.pkl,val
53642.pkl,train
53643.pkl,val
53644.pkl,val
53645.pkl,val
53646.pkl,val
53647.pkl,val
53648.pkl,val
53649.pkl,train
53650.pkl,train
53651.pkl,train
53652.pkl,train
53653.pkl,val
53654.pkl,val
53655.pkl,train
53656.pkl,train
53657.pkl,train
53658.pkl,train
53659.pkl,val
53660.pkl,val
53661.pkl,train
53662.pkl,val
53663.pkl,train
53664.pkl,val
53665.pkl,val
53666.pkl,val
53667.pkl,val
53668.pkl,train
53669.pkl,train
53670.pkl,val
53671.pkl,val
53672.pkl,val
53673.pkl,train
53674.pkl,train
53675.pkl,val
53676.pkl,val
53677.pkl,train
53678.pkl,val
53679.pkl,val
53680.pkl,val
53681.pkl,val
53682.pkl,val
53683.pkl,train
53684.pkl,train
53685.pkl,val
53686.pkl,val
53687.pkl,val
53688.pkl,train
53689.pkl,train
53690.pkl,train
53691.pkl,train
53692.pkl,train
53693.pkl,val
53694.pkl,train
53695.pkl,train
53696.pkl,train
53697.pkl,train
53698.pkl,val
53699.pkl,train
53700.pkl,train
53701.pkl,val
53702.pkl,train
53703.pkl,val
53704.pkl,val
53705.pkl,val
53706.pkl,train
53707.pkl,val
53708.pkl,train
53709.pkl,train
53710.pkl,train
53711.pkl,val
53712.pkl,train
53713.pkl,train
53714.pkl,train
53715.pkl,val
53716.pkl,train
53717.pkl,train
53718.pkl,train
53719.pkl,train
53720.pkl,train
53721.pkl,train
53722.pkl,train
53723.pkl,val
53724.pkl,train
53725.pkl,train
53726.pkl,train
53727.pkl,train
53728.pkl,val
53729.pkl,val
53730.pkl,val
53731.pkl,val
53732.pkl,train
53733.pkl,train
53734.pkl,train
53735.pkl,val
53736.pkl,train
53737.pkl,train
53738.pkl,val
53739.pkl,train
53740.pkl,train
53741.pkl,val
53742.pkl,val
53743.pkl,val
53744.pkl,val
53745.pkl,val
53746.pkl,val
53747.pkl,train
53748.pkl,train
53749.pkl,train
53750.pkl,val
53751.pkl,val
53752.pkl,val
53753.pkl,val
53754.pkl,val
53755.pkl,val
53756.pkl,train
53757.pkl,train
53758.pkl,train
53759.pkl,train
53760.pkl,val
53761.pkl,train
53762.pkl,train
53763.pkl,train
53764.pkl,val
53765.pkl,val
53766.pkl,val
53767.pkl,train
53768.pkl,train
53769.pkl,train
53770.pkl,val
53771.pkl,train
53772.pkl,val
53773.pkl,val
53774.pkl,val
53775.pkl,val
53776.pkl,train
53777.pkl,train
53778.pkl,train
53779.pkl,val
53780.pkl,val
53781.pkl,train
53782.pkl,val
53783.pkl,train
53784.pkl,val
53785.pkl,val
53786.pkl,val
53787.pkl,val
53788.pkl,val
53789.pkl,train
53790.pkl,train
53791.pkl,train
53792.pkl,val
53793.pkl,val
53794.pkl,train
53795.pkl,train
53796.pkl,val
53797.pkl,val
53798.pkl,train
53799.pkl,train
53800.pkl,train
53801.pkl,train
53802.pkl,train
53803.pkl,train
53804.pkl,train
53805.pkl,train
53806.pkl,train
53807.pkl,val
53808.pkl,val
53809.pkl,train
53810.pkl,val
53811.pkl,val
53812.pkl,train
53813.pkl,train
53814.pkl,train
53815.pkl,val
53816.pkl,val
53817.pkl,val
53818.pkl,train
53819.pkl,train
53820.pkl,val
53821.pkl,train
53822.pkl,train
53823.pkl,val
53824.pkl,val
53825.pkl,val
53826.pkl,train
53827.pkl,val
53828.pkl,train
53829.pkl,val
53830.pkl,train
53831.pkl,val
53832.pkl,val
53833.pkl,train
53834.pkl,val
53835.pkl,train
53836.pkl,val
53837.pkl,train
53838.pkl,train
53839.pkl,train
53840.pkl,train
53841.pkl,val
53842.pkl,val
53843.pkl,val
53844.pkl,train
53845.pkl,train
53846.pkl,train
53847.pkl,train
53848.pkl,val
53849.pkl,train
53850.pkl,train
53851.pkl,train
53852.pkl,val
53853.pkl,train
53854.pkl,train
53855.pkl,val
53856.pkl,train
53857.pkl,val
53858.pkl,val
53859.pkl,val
53860.pkl,train
53861.pkl,train
53862.pkl,val
53863.pkl,val
53864.pkl,val
53865.pkl,train
53866.pkl,train
53867.pkl,train
53868.pkl,val
53869.pkl,train
53870.pkl,train
53871.pkl,train
53872.pkl,val
53873.pkl,val
53874.pkl,val
53875.pkl,val
53876.pkl,val
53877.pkl,train
53878.pkl,val
53879.pkl,train
53880.pkl,train
53881.pkl,val
53882.pkl,train
53883.pkl,train
53884.pkl,val
53885.pkl,train
53886.pkl,val
53887.pkl,train
53888.pkl,train
53889.pkl,val
53890.pkl,val
53891.pkl,val
53892.pkl,val
53893.pkl,val
53894.pkl,train
53895.pkl,val
53896.pkl,val
53897.pkl,val
53898.pkl,train
53899.pkl,train
53900.pkl,train
53901.pkl,val
53902.pkl,val
53903.pkl,train
53904.pkl,train
53905.pkl,train
53906.pkl,val
53907.pkl,val
53908.pkl,val
53909.pkl,train
53910.pkl,val
53911.pkl,train
53912.pkl,val
53913.pkl,train
53914.pkl,train
53915.pkl,train
53916.pkl,val
53917.pkl,val
53918.pkl,val
53919.pkl,train
53920.pkl,train
53921.pkl,train
53922.pkl,val
53923.pkl,val
53924.pkl,train
53925.pkl,val
53926.pkl,train
53927.pkl,train
53928.pkl,train
53929.pkl,train
53930.pkl,train
53931.pkl,train
53932.pkl,train
53933.pkl,val
53934.pkl,val
53935.pkl,train
53936.pkl,val
53937.pkl,train
53938.pkl,val
53939.pkl,val
53940.pkl,val
53941.pkl,val
53942.pkl,train
53943.pkl,val
53944.pkl,train
53945.pkl,train
53946.pkl,train
53947.pkl,train
53948.pkl,val
53949.pkl,val
53950.pkl,train
53951.pkl,train
53952.pkl,val
53953.pkl,val
53954.pkl,val
53955.pkl,train
53956.pkl,train
53957.pkl,val
53958.pkl,val
53959.pkl,train
53960.pkl,val
53961.pkl,train
53962.pkl,train
53963.pkl,val
53964.pkl,train
53965.pkl,train
53966.pkl,val
53967.pkl,train
53968.pkl,train
53969.pkl,val
53970.pkl,val
53971.pkl,val
53972.pkl,train
53973.pkl,val
53974.pkl,val
53975.pkl,train
53976.pkl,train
53977.pkl,val
53978.pkl,train
53979.pkl,val
53980.pkl,train
53981.pkl,val
53982.pkl,train
53983.pkl,train
53984.pkl,train
53985.pkl,val
53986.pkl,val
53987.pkl,train
53988.pkl,train
53989.pkl,train
53990.pkl,train
53991.pkl,val
53992.pkl,val
53993.pkl,train
53994.pkl,train
53995.pkl,val
53996.pkl,train
53997.pkl,train
53998.pkl,train
53999.pkl,val
54000.pkl,val
54001.pkl,train
54002.pkl,val
54003.pkl,val
54004.pkl,train
54005.pkl,val
54006.pkl,val
54007.pkl,val
54008.pkl,train
54009.pkl,train
54010.pkl,train
54011.pkl,train
54012.pkl,train
54013.pkl,val
54014.pkl,val
54015.pkl,train
54016.pkl,train
54017.pkl,val
54018.pkl,val
54019.pkl,val
54020.pkl,train
54021.pkl,val
54022.pkl,train
54023.pkl,val
54024.pkl,val
54025.pkl,val
54026.pkl,val
54027.pkl,train
54028.pkl,train
54029.pkl,train
54030.pkl,train
54031.pkl,val
54032.pkl,val
54033.pkl,val
54034.pkl,val
54035.pkl,val
54036.pkl,val
54037.pkl,val
54038.pkl,val
54039.pkl,val
54040.pkl,train
54041.pkl,train
54042.pkl,val
54043.pkl,train
54044.pkl,val
54045.pkl,train
54046.pkl,val
54047.pkl,train
54048.pkl,train
54049.pkl,train
54050.pkl,val
54051.pkl,val
54052.pkl,train
54053.pkl,val
54054.pkl,val
54055.pkl,val
54056.pkl,val
54057.pkl,val
54058.pkl,val
54059.pkl,train
54060.pkl,val
54061.pkl,val
54062.pkl,val
54063.pkl,train
54064.pkl,train
54065.pkl,train
54066.pkl,val
54067.pkl,val
54068.pkl,train
54069.pkl,val
54070.pkl,train
54071.pkl,val
54072.pkl,val
54073.pkl,val
54074.pkl,val
54075.pkl,val
54076.pkl,val
54077.pkl,train
54078.pkl,val
54079.pkl,val
54080.pkl,val
54081.pkl,train
54082.pkl,val
54083.pkl,train
54084.pkl,val
54085.pkl,train
54086.pkl,val
54087.pkl,val
54088.pkl,train
54089.pkl,train
54090.pkl,train
54091.pkl,train
54092.pkl,val
54093.pkl,val
54094.pkl,val
54095.pkl,train
54096.pkl,val
54097.pkl,val
54098.pkl,val
54099.pkl,val
54100.pkl,val
54101.pkl,val
54102.pkl,train
54103.pkl,train
54104.pkl,train
54105.pkl,val
54106.pkl,val
54107.pkl,val
54108.pkl,train
54109.pkl,val
54110.pkl,val
54111.pkl,train
54112.pkl,val
54113.pkl,val
54114.pkl,val
54115.pkl,val
54116.pkl,val
54117.pkl,train
54118.pkl,train
54119.pkl,val
54120.pkl,train
54121.pkl,val
54122.pkl,train
54123.pkl,val
54124.pkl,train
54125.pkl,train
54126.pkl,train
54127.pkl,val
54128.pkl,train
54129.pkl,train
54130.pkl,train
54131.pkl,train
54132.pkl,train
54133.pkl,train
54134.pkl,val
54135.pkl,val
54136.pkl,train
54137.pkl,train
54138.pkl,train
54139.pkl,train
54140.pkl,train
54141.pkl,val
54142.pkl,train
54143.pkl,val
54144.pkl,train
54145.pkl,val
54146.pkl,val
54147.pkl,val
54148.pkl,train
54149.pkl,val
54150.pkl,train
54151.pkl,val
54152.pkl,train
54153.pkl,val
54154.pkl,train
54155.pkl,val
54156.pkl,val
54157.pkl,train
54158.pkl,train
54159.pkl,train
54160.pkl,val
54161.pkl,train
54162.pkl,train
54163.pkl,train
54164.pkl,train
54165.pkl,train
54166.pkl,val
54167.pkl,train
54168.pkl,train
54169.pkl,val
54170.pkl,train
54171.pkl,val
54172.pkl,val
54173.pkl,val
54174.pkl,val
54175.pkl,train
54176.pkl,train
54177.pkl,val
54178.pkl,val
54179.pkl,val
54180.pkl,train
54181.pkl,train
54182.pkl,val
54183.pkl,train
54184.pkl,val
54185.pkl,val
54186.pkl,val
54187.pkl,train
54188.pkl,train
54189.pkl,val
54190.pkl,train
54191.pkl,train
54192.pkl,train
54193.pkl,train
54194.pkl,val
54195.pkl,val
54196.pkl,train
54197.pkl,val
54198.pkl,train
54199.pkl,train
54200.pkl,val
54201.pkl,train
54202.pkl,train
54203.pkl,train
54204.pkl,val
54205.pkl,train
54206.pkl,train
54207.pkl,val
54208.pkl,val
54209.pkl,train
54210.pkl,train
54211.pkl,train
54212.pkl,train
54213.pkl,train
54214.pkl,train
54215.pkl,val
54216.pkl,train
54217.pkl,train
54218.pkl,train
54219.pkl,train
54220.pkl,train
54221.pkl,val
54222.pkl,val
54223.pkl,train
54224.pkl,train
54225.pkl,val
54226.pkl,val
54227.pkl,train
54228.pkl,val
54229.pkl,val
54230.pkl,val
54231.pkl,val
54232.pkl,train
54233.pkl,val
54234.pkl,val
54235.pkl,val
54236.pkl,train
54237.pkl,train
54238.pkl,val
54239.pkl,train
54240.pkl,train
54241.pkl,train
54242.pkl,val
54243.pkl,train
54244.pkl,val
54245.pkl,train
54246.pkl,val
54247.pkl,train
54248.pkl,train
54249.pkl,train
54250.pkl,val
54251.pkl,val
54252.pkl,train
54253.pkl,train
54254.pkl,train
54255.pkl,val
54256.pkl,train
54257.pkl,val
54258.pkl,train
54259.pkl,train
54260.pkl,train
54261.pkl,train
54262.pkl,val
54263.pkl,train
54264.pkl,val
54265.pkl,val
54266.pkl,train
54267.pkl,train
54268.pkl,train
54269.pkl,train
54270.pkl,train
54271.pkl,val
54272.pkl,train
54273.pkl,val
54274.pkl,train
54275.pkl,train
54276.pkl,train
54277.pkl,val
54278.pkl,train
54279.pkl,train
54280.pkl,val
54281.pkl,val
54282.pkl,train
54283.pkl,train
54284.pkl,val
54285.pkl,train
54286.pkl,train
54287.pkl,train
54288.pkl,train
54289.pkl,train
54290.pkl,val
54291.pkl,val
54292.pkl,val
54293.pkl,val
54294.pkl,val
54295.pkl,train
54296.pkl,train
54297.pkl,train
54298.pkl,val
54299.pkl,train
54300.pkl,val
54301.pkl,val
54302.pkl,train
54303.pkl,train
54304.pkl,train
54305.pkl,val
54306.pkl,train
54307.pkl,train
54308.pkl,train
54309.pkl,train
54310.pkl,val
54311.pkl,val
54312.pkl,val
54313.pkl,train
54314.pkl,train
54315.pkl,val
54316.pkl,train
54317.pkl,train
54318.pkl,train
54319.pkl,val
54320.pkl,val
54321.pkl,val
54322.pkl,val
54323.pkl,train
54324.pkl,val
54325.pkl,val
54326.pkl,val
54327.pkl,train
54328.pkl,train
54329.pkl,val
54330.pkl,train
54331.pkl,val
54332.pkl,val
54333.pkl,val
54334.pkl,val
54335.pkl,val
54336.pkl,train
54337.pkl,val
54338.pkl,train
54339.pkl,val
54340.pkl,val
54341.pkl,val
54342.pkl,val
54343.pkl,train
54344.pkl,val
54345.pkl,train
54346.pkl,train
54347.pkl,train
54348.pkl,train
54349.pkl,val
54350.pkl,val
54351.pkl,train
54352.pkl,val
54353.pkl,train
54354.pkl,val
54355.pkl,val
54356.pkl,val
54357.pkl,val
54358.pkl,val
54359.pkl,val
54360.pkl,train
54361.pkl,val
54362.pkl,train
54363.pkl,val
54364.pkl,val
54365.pkl,train
54366.pkl,train
54367.pkl,train
54368.pkl,val
54369.pkl,train
54370.pkl,val
54371.pkl,val
54372.pkl,val
54373.pkl,val
54374.pkl,train
54375.pkl,val
54376.pkl,val
54377.pkl,val
54378.pkl,val
54379.pkl,val
54380.pkl,val
54381.pkl,train
54382.pkl,val
54383.pkl,val
54384.pkl,train
54385.pkl,train
54386.pkl,train
54387.pkl,train
54388.pkl,train
54389.pkl,train
54390.pkl,train
54391.pkl,train
54392.pkl,val
54393.pkl,val
54394.pkl,train
54395.pkl,train
54396.pkl,val
54397.pkl,val
54398.pkl,val
54399.pkl,val
54400.pkl,train
54401.pkl,train
54402.pkl,val
54403.pkl,train
54404.pkl,val
54405.pkl,train
54406.pkl,train
54407.pkl,val
54408.pkl,val
54409.pkl,train
54410.pkl,train
54411.pkl,train
54412.pkl,val
54413.pkl,train
54414.pkl,val
54415.pkl,val
54416.pkl,train
54417.pkl,val
54418.pkl,val
54419.pkl,train
54420.pkl,val
54421.pkl,train
54422.pkl,val
54423.pkl,val
54424.pkl,val
54425.pkl,val
54426.pkl,train
54427.pkl,val
54428.pkl,train
54429.pkl,train
54430.pkl,train
54431.pkl,val
54432.pkl,val
54433.pkl,train
54434.pkl,val
54435.pkl,train
54436.pkl,train
54437.pkl,train
54438.pkl,train
54439.pkl,train
54440.pkl,train
54441.pkl,train
54442.pkl,val
54443.pkl,train
54444.pkl,train
54445.pkl,train
54446.pkl,val
54447.pkl,train
54448.pkl,val
54449.pkl,train
54450.pkl,train
54451.pkl,val
54452.pkl,train
54453.pkl,val
54454.pkl,train
54455.pkl,train
54456.pkl,train
54457.pkl,val
54458.pkl,train
54459.pkl,val
54460.pkl,train
54461.pkl,train
54462.pkl,val
54463.pkl,val
54464.pkl,train
54465.pkl,val
54466.pkl,train
54467.pkl,val
54468.pkl,val
54469.pkl,val
54470.pkl,train
54471.pkl,val
54472.pkl,train
54473.pkl,train
54474.pkl,val
54475.pkl,train
54476.pkl,val
54477.pkl,train
54478.pkl,train
54479.pkl,val
54480.pkl,val
54481.pkl,val
54482.pkl,val
54483.pkl,val
54484.pkl,val
54485.pkl,train
54486.pkl,train
54487.pkl,val
54488.pkl,train
54489.pkl,val
54490.pkl,train
54491.pkl,train
54492.pkl,val
54493.pkl,train
54494.pkl,train
54495.pkl,val
54496.pkl,val
54497.pkl,train
54498.pkl,val
54499.pkl,train
54500.pkl,train
54501.pkl,val
54502.pkl,train
54503.pkl,train
54504.pkl,val
54505.pkl,val
54506.pkl,val
54507.pkl,train
54508.pkl,train
54509.pkl,val
54510.pkl,val
54511.pkl,val
54512.pkl,val
54513.pkl,val
54514.pkl,train
54515.pkl,val
54516.pkl,val
54517.pkl,train
54518.pkl,val
54519.pkl,train
54520.pkl,val
54521.pkl,val
54522.pkl,val
54523.pkl,train
54524.pkl,train
54525.pkl,val
54526.pkl,val
54527.pkl,val
54528.pkl,train
54529.pkl,train
54530.pkl,train
54531.pkl,val
54532.pkl,train
54533.pkl,train
54534.pkl,val
54535.pkl,val
54536.pkl,train
54537.pkl,val
54538.pkl,val
54539.pkl,train
54540.pkl,train
54541.pkl,train
54542.pkl,train
54543.pkl,train
54544.pkl,train
54545.pkl,train
54546.pkl,train
54547.pkl,train
54548.pkl,train
54549.pkl,train
54550.pkl,val
54551.pkl,train
54552.pkl,train
54553.pkl,train
54554.pkl,train
54555.pkl,val
54556.pkl,train
54557.pkl,train
54558.pkl,train
54559.pkl,val
54560.pkl,train
54561.pkl,val
54562.pkl,train
54563.pkl,train
54564.pkl,val
54565.pkl,val
54566.pkl,val
54567.pkl,val
54568.pkl,val
54569.pkl,train
54570.pkl,train
54571.pkl,val
54572.pkl,train
54573.pkl,train
54574.pkl,train
54575.pkl,train
54576.pkl,val
54577.pkl,val
54578.pkl,train
54579.pkl,train
54580.pkl,val
54581.pkl,train
54582.pkl,train
54583.pkl,train
54584.pkl,val
54585.pkl,val
54586.pkl,train
54587.pkl,val
54588.pkl,val
54589.pkl,val
54590.pkl,train
54591.pkl,val
54592.pkl,val
54593.pkl,val
54594.pkl,train
54595.pkl,train
54596.pkl,train
54597.pkl,val
54598.pkl,train
54599.pkl,val
54600.pkl,train
54601.pkl,train
54602.pkl,train
54603.pkl,train
54604.pkl,train
54605.pkl,train
54606.pkl,train
54607.pkl,train
54608.pkl,val
54609.pkl,train
54610.pkl,val
54611.pkl,val
54612.pkl,val
54613.pkl,val
54614.pkl,val
54615.pkl,val
54616.pkl,train
54617.pkl,train
54618.pkl,val
54619.pkl,train
54620.pkl,train
54621.pkl,val
54622.pkl,train
54623.pkl,train
54624.pkl,val
54625.pkl,train
54626.pkl,train
54627.pkl,val
54628.pkl,train
54629.pkl,train
54630.pkl,train
54631.pkl,train
54632.pkl,val
54633.pkl,train
54634.pkl,train
54635.pkl,train
54636.pkl,val
54637.pkl,val
54638.pkl,train
54639.pkl,val
54640.pkl,val
54641.pkl,train
54642.pkl,train
54643.pkl,train
54644.pkl,train
54645.pkl,val
54646.pkl,val
54647.pkl,val
54648.pkl,val
54649.pkl,train
54650.pkl,val
54651.pkl,train
54652.pkl,val
54653.pkl,val
54654.pkl,val
54655.pkl,train
54656.pkl,val
54657.pkl,val
54658.pkl,val
54659.pkl,val
54660.pkl,val
54661.pkl,val
54662.pkl,train
54663.pkl,train
54664.pkl,val
54665.pkl,train
54666.pkl,train
54667.pkl,train
54668.pkl,val
54669.pkl,val
54670.pkl,train
54671.pkl,val
54672.pkl,train
54673.pkl,val
54674.pkl,val
54675.pkl,val
54676.pkl,val
54677.pkl,val
54678.pkl,train
54679.pkl,val
54680.pkl,val
54681.pkl,val
54682.pkl,train
54683.pkl,val
54684.pkl,val
54685.pkl,val
54686.pkl,train
54687.pkl,train
54688.pkl,val
54689.pkl,train
54690.pkl,train
54691.pkl,train
54692.pkl,train
54693.pkl,train
54694.pkl,val
54695.pkl,train
54696.pkl,val
54697.pkl,train
54698.pkl,train
54699.pkl,train
54700.pkl,val
54701.pkl,train
54702.pkl,val
54703.pkl,val
54704.pkl,val
54705.pkl,train
54706.pkl,val
54707.pkl,train
54708.pkl,val
54709.pkl,train
54710.pkl,val
54711.pkl,train
54712.pkl,train
54713.pkl,val
54714.pkl,val
54715.pkl,val
54716.pkl,val
54717.pkl,val
54718.pkl,val
54719.pkl,val
54720.pkl,train
54721.pkl,train
54722.pkl,train
54723.pkl,train
54724.pkl,val
54725.pkl,val
54726.pkl,train
54727.pkl,val
54728.pkl,val
54729.pkl,train
54730.pkl,val
54731.pkl,train
54732.pkl,train
54733.pkl,val
54734.pkl,val
54735.pkl,train
54736.pkl,train
54737.pkl,val
54738.pkl,val
54739.pkl,val
54740.pkl,train
54741.pkl,train
54742.pkl,train
54743.pkl,val
54744.pkl,train
54745.pkl,val
54746.pkl,val
54747.pkl,val
54748.pkl,train
54749.pkl,val
54750.pkl,train
54751.pkl,train
54752.pkl,train
54753.pkl,val
54754.pkl,train
54755.pkl,train
54756.pkl,train
54757.pkl,val
54758.pkl,train
54759.pkl,train
54760.pkl,train
54761.pkl,val
54762.pkl,val
54763.pkl,val
54764.pkl,train
54765.pkl,train
54766.pkl,train
54767.pkl,val
54768.pkl,val
54769.pkl,train
54770.pkl,val
54771.pkl,val
54772.pkl,train
54773.pkl,train
54774.pkl,train
54775.pkl,train
54776.pkl,train
54777.pkl,train
54778.pkl,val
54779.pkl,train
54780.pkl,train
54781.pkl,train
54782.pkl,train
54783.pkl,val
54784.pkl,train
54785.pkl,val
54786.pkl,train
54787.pkl,val
54788.pkl,train
54789.pkl,val
54790.pkl,train
54791.pkl,train
54792.pkl,train
54793.pkl,val
54794.pkl,val
54795.pkl,train
54796.pkl,train
54797.pkl,train
54798.pkl,train
54799.pkl,train
54800.pkl,val
54801.pkl,val
54802.pkl,train
54803.pkl,train
54804.pkl,train
54805.pkl,train
54806.pkl,val
54807.pkl,val
54808.pkl,train
54809.pkl,val
54810.pkl,train
54811.pkl,train
54812.pkl,val
54813.pkl,val
54814.pkl,val
54815.pkl,train
54816.pkl,train
54817.pkl,val
54818.pkl,train
54819.pkl,train
54820.pkl,train
54821.pkl,train
54822.pkl,train
54823.pkl,train
54824.pkl,val
54825.pkl,val
54826.pkl,train
54827.pkl,train
54828.pkl,train
54829.pkl,val
54830.pkl,val
54831.pkl,val
54832.pkl,val
54833.pkl,train
54834.pkl,val
54835.pkl,train
54836.pkl,val
54837.pkl,val
54838.pkl,train
54839.pkl,train
54840.pkl,train
54841.pkl,train
54842.pkl,val
54843.pkl,train
54844.pkl,train
54845.pkl,train
54846.pkl,train
54847.pkl,val
54848.pkl,val
54849.pkl,train
54850.pkl,train
54851.pkl,val
54852.pkl,train
54853.pkl,val
54854.pkl,val
54855.pkl,val
54856.pkl,train
54857.pkl,val
54858.pkl,val
54859.pkl,train
54860.pkl,val
54861.pkl,train
54862.pkl,val
54863.pkl,val
54864.pkl,train
54865.pkl,train
54866.pkl,train
54867.pkl,train
54868.pkl,val
54869.pkl,train
54870.pkl,train
54871.pkl,val
54872.pkl,train
54873.pkl,val
54874.pkl,train
54875.pkl,train
54876.pkl,val
54877.pkl,val
54878.pkl,val
54879.pkl,val
54880.pkl,val
54881.pkl,train
54882.pkl,val
54883.pkl,val
54884.pkl,val
54885.pkl,train
54886.pkl,val
54887.pkl,train
54888.pkl,val
54889.pkl,val
54890.pkl,train
54891.pkl,train
54892.pkl,train
54893.pkl,train
54894.pkl,val
54895.pkl,train
54896.pkl,val
54897.pkl,train
54898.pkl,train
54899.pkl,val
54900.pkl,train
54901.pkl,val
54902.pkl,val
54903.pkl,train
54904.pkl,train
54905.pkl,train
54906.pkl,val
54907.pkl,train
54908.pkl,val
54909.pkl,train
54910.pkl,val
54911.pkl,val
54912.pkl,val
54913.pkl,train
54914.pkl,train
54915.pkl,val
54916.pkl,val
54917.pkl,train
54918.pkl,val
54919.pkl,train
54920.pkl,train
54921.pkl,train
54922.pkl,val
54923.pkl,train
54924.pkl,val
54925.pkl,train
54926.pkl,train
54927.pkl,train
54928.pkl,val
54929.pkl,train
54930.pkl,train
54931.pkl,val
54932.pkl,train
54933.pkl,val
54934.pkl,val
54935.pkl,train
54936.pkl,val
54937.pkl,val
54938.pkl,val
54939.pkl,train
54940.pkl,train
54941.pkl,val
54942.pkl,train
54943.pkl,val
54944.pkl,train
54945.pkl,train
54946.pkl,train
54947.pkl,train
54948.pkl,train
54949.pkl,train
54950.pkl,val
54951.pkl,val
54952.pkl,val
54953.pkl,train
54954.pkl,train
54955.pkl,train
54956.pkl,train
54957.pkl,train
54958.pkl,train
54959.pkl,train
54960.pkl,val
54961.pkl,train
54962.pkl,train
54963.pkl,train
54964.pkl,train
54965.pkl,val
54966.pkl,val
54967.pkl,val
54968.pkl,train
54969.pkl,train
54970.pkl,train
54971.pkl,train
54972.pkl,train
54973.pkl,val
54974.pkl,val
54975.pkl,train
54976.pkl,train
54977.pkl,train
54978.pkl,val
54979.pkl,train
54980.pkl,val
54981.pkl,val
54982.pkl,val
54983.pkl,train
54984.pkl,val
54985.pkl,val
54986.pkl,val
54987.pkl,train
54988.pkl,train
54989.pkl,val
54990.pkl,val
54991.pkl,train
54992.pkl,train
54993.pkl,val
54994.pkl,val
54995.pkl,train
54996.pkl,train
54997.pkl,train
54998.pkl,val
54999.pkl,val
55000.pkl,val
55001.pkl,val
55002.pkl,val
55003.pkl,train
55004.pkl,val
55005.pkl,val
55006.pkl,val
55007.pkl,train
55008.pkl,train
55009.pkl,val
55010.pkl,val
55011.pkl,val
55012.pkl,train
55013.pkl,val
55014.pkl,train
55015.pkl,val
55016.pkl,train
55017.pkl,val
55018.pkl,val
55019.pkl,train
55020.pkl,val
55021.pkl,train
55022.pkl,val
55023.pkl,train
55024.pkl,train
55025.pkl,val
55026.pkl,train
55027.pkl,val
55028.pkl,train
55029.pkl,val
55030.pkl,train
55031.pkl,train
55032.pkl,val
55033.pkl,val
55034.pkl,train
55035.pkl,val
55036.pkl,val
55037.pkl,val
55038.pkl,val
55039.pkl,val
55040.pkl,train
55041.pkl,val
55042.pkl,val
55043.pkl,train
55044.pkl,val
55045.pkl,train
55046.pkl,train
55047.pkl,train
55048.pkl,train
55049.pkl,train
55050.pkl,train
55051.pkl,val
55052.pkl,train
55053.pkl,train
55054.pkl,val
55055.pkl,val
55056.pkl,train
55057.pkl,val
55058.pkl,train
55059.pkl,train
55060.pkl,train
55061.pkl,val
55062.pkl,val
55063.pkl,val
55064.pkl,train
55065.pkl,val
55066.pkl,val
55067.pkl,train
55068.pkl,val
55069.pkl,val
55070.pkl,train
55071.pkl,train
55072.pkl,val
55073.pkl,train
55074.pkl,train
55075.pkl,val
55076.pkl,val
55077.pkl,train
55078.pkl,val
55079.pkl,train
55080.pkl,train
55081.pkl,val
55082.pkl,val
55083.pkl,val
55084.pkl,train
55085.pkl,train
55086.pkl,train
55087.pkl,val
55088.pkl,val
55089.pkl,train
55090.pkl,train
55091.pkl,val
55092.pkl,val
55093.pkl,train
55094.pkl,train
55095.pkl,train
55096.pkl,train
55097.pkl,train
55098.pkl,val
55099.pkl,train
55100.pkl,train
55101.pkl,train
55102.pkl,train
55103.pkl,train
55104.pkl,val
55105.pkl,val
55106.pkl,val
55107.pkl,train
55108.pkl,val
55109.pkl,val
55110.pkl,val
55111.pkl,val
55112.pkl,train
55113.pkl,val
55114.pkl,train
55115.pkl,val
55116.pkl,train
55117.pkl,val
55118.pkl,train
55119.pkl,val
55120.pkl,val
55121.pkl,val
55122.pkl,val
55123.pkl,train
55124.pkl,train
55125.pkl,val
55126.pkl,train
55127.pkl,train
55128.pkl,val
55129.pkl,val
55130.pkl,val
55131.pkl,val
55132.pkl,val
55133.pkl,val
55134.pkl,val
55135.pkl,train
55136.pkl,val
55137.pkl,train
55138.pkl,val
55139.pkl,val
55140.pkl,val
55141.pkl,val
55142.pkl,val
55143.pkl,val
55144.pkl,val
55145.pkl,train
55146.pkl,train
55147.pkl,train
55148.pkl,val
55149.pkl,val
55150.pkl,val
55151.pkl,train
55152.pkl,val
55153.pkl,train
55154.pkl,train
55155.pkl,train
55156.pkl,val
55157.pkl,val
55158.pkl,train
55159.pkl,val
55160.pkl,train
55161.pkl,train
55162.pkl,train
55163.pkl,val
55164.pkl,train
55165.pkl,train
55166.pkl,val
55167.pkl,val
55168.pkl,val
55169.pkl,val
55170.pkl,val
55171.pkl,val
55172.pkl,train
55173.pkl,train
55174.pkl,val
55175.pkl,train
55176.pkl,train
55177.pkl,train
55178.pkl,val
55179.pkl,val
55180.pkl,val
55181.pkl,val
55182.pkl,val
55183.pkl,train
55184.pkl,train
55185.pkl,train
55186.pkl,val
55187.pkl,val
55188.pkl,val
55189.pkl,val
55190.pkl,val
55191.pkl,val
55192.pkl,train
55193.pkl,train
55194.pkl,val
55195.pkl,train
55196.pkl,train
55197.pkl,train
55198.pkl,val
55199.pkl,train
55200.pkl,train
55201.pkl,train
55202.pkl,val
55203.pkl,train
55204.pkl,train
55205.pkl,train
55206.pkl,val
55207.pkl,train
55208.pkl,val
55209.pkl,val
55210.pkl,val
55211.pkl,train
55212.pkl,val
55213.pkl,val
55214.pkl,train
55215.pkl,val
55216.pkl,val
55217.pkl,val
55218.pkl,train
55219.pkl,train
55220.pkl,val
55221.pkl,train
55222.pkl,val
55223.pkl,train
55224.pkl,train
55225.pkl,train
55226.pkl,train
55227.pkl,val
55228.pkl,train
55229.pkl,val
55230.pkl,train
55231.pkl,val
55232.pkl,train
55233.pkl,val
55234.pkl,train
55235.pkl,val
55236.pkl,val
55237.pkl,val
55238.pkl,train
55239.pkl,val
55240.pkl,val
55241.pkl,val
55242.pkl,train
55243.pkl,train
55244.pkl,train
55245.pkl,train
55246.pkl,val
55247.pkl,val
55248.pkl,train
55249.pkl,train
55250.pkl,val
55251.pkl,train
55252.pkl,train
55253.pkl,val
55254.pkl,train
55255.pkl,val
55256.pkl,train
55257.pkl,train
55258.pkl,train
55259.pkl,val
55260.pkl,train
55261.pkl,train
55262.pkl,train
55263.pkl,val
55264.pkl,val
55265.pkl,val
55266.pkl,train
55267.pkl,val
55268.pkl,val
55269.pkl,train
55270.pkl,val
55271.pkl,val
55272.pkl,train
55273.pkl,val
55274.pkl,val
55275.pkl,train
55276.pkl,train
55277.pkl,train
55278.pkl,train
55279.pkl,val
55280.pkl,val
55281.pkl,train
55282.pkl,train
55283.pkl,val
55284.pkl,train
55285.pkl,val
55286.pkl,val
55287.pkl,train
55288.pkl,train
55289.pkl,val
55290.pkl,val
55291.pkl,train
55292.pkl,val
55293.pkl,train
55294.pkl,val
55295.pkl,train
55296.pkl,val
55297.pkl,val
55298.pkl,val
55299.pkl,train
55300.pkl,train
55301.pkl,train
55302.pkl,train
55303.pkl,val
55304.pkl,val
55305.pkl,val
55306.pkl,val
55307.pkl,train
55308.pkl,train
55309.pkl,train
55310.pkl,val
55311.pkl,val
55312.pkl,train
55313.pkl,train
55314.pkl,train
55315.pkl,val
55316.pkl,val
55317.pkl,train
55318.pkl,train
55319.pkl,train
55320.pkl,train
55321.pkl,train
55322.pkl,train
55323.pkl,train
55324.pkl,val
55325.pkl,train
55326.pkl,train
55327.pkl,val
55328.pkl,train
55329.pkl,train
55330.pkl,train
55331.pkl,train
55332.pkl,train
55333.pkl,train
55334.pkl,val
55335.pkl,train
55336.pkl,train
55337.pkl,val
55338.pkl,val
55339.pkl,train
55340.pkl,val
55341.pkl,val
55342.pkl,val
55343.pkl,val
55344.pkl,train
55345.pkl,val
55346.pkl,val
55347.pkl,val
55348.pkl,train
55349.pkl,val
55350.pkl,train
55351.pkl,val
55352.pkl,val
55353.pkl,train
55354.pkl,train
55355.pkl,train
55356.pkl,val
55357.pkl,val
55358.pkl,val
55359.pkl,train
55360.pkl,val
55361.pkl,train
55362.pkl,train
55363.pkl,train
55364.pkl,train
55365.pkl,train
55366.pkl,train
55367.pkl,val
55368.pkl,train
55369.pkl,val
55370.pkl,val
55371.pkl,val
55372.pkl,train
55373.pkl,train
55374.pkl,val
55375.pkl,val
55376.pkl,val
55377.pkl,train
55378.pkl,val
55379.pkl,val
55380.pkl,val
55381.pkl,train
55382.pkl,train
55383.pkl,train
55384.pkl,train
55385.pkl,train
55386.pkl,train
55387.pkl,val
55388.pkl,val
55389.pkl,val
55390.pkl,val
55391.pkl,train
55392.pkl,val
55393.pkl,val
55394.pkl,val
55395.pkl,train
55396.pkl,train
55397.pkl,val
55398.pkl,train
55399.pkl,train
55400.pkl,train
55401.pkl,train
55402.pkl,train
55403.pkl,train
55404.pkl,train
55405.pkl,train
55406.pkl,train
55407.pkl,val
55408.pkl,val
55409.pkl,train
55410.pkl,train
55411.pkl,val
55412.pkl,val
55413.pkl,val
55414.pkl,val
55415.pkl,val
55416.pkl,val
55417.pkl,train
55418.pkl,train
55419.pkl,val
55420.pkl,train
55421.pkl,val
55422.pkl,val
55423.pkl,train
55424.pkl,train
55425.pkl,val
55426.pkl,train
55427.pkl,val
55428.pkl,train
55429.pkl,val
55430.pkl,val
55431.pkl,val
55432.pkl,val
55433.pkl,val
55434.pkl,train
55435.pkl,val
55436.pkl,val
55437.pkl,train
55438.pkl,val
55439.pkl,val
55440.pkl,train
55441.pkl,train
55442.pkl,train
55443.pkl,train
55444.pkl,train
55445.pkl,train
55446.pkl,val
55447.pkl,val
55448.pkl,val
55449.pkl,val
55450.pkl,val
55451.pkl,val
55452.pkl,train
55453.pkl,train
55454.pkl,val
55455.pkl,train
55456.pkl,val
55457.pkl,val
55458.pkl,train
55459.pkl,train
55460.pkl,val
55461.pkl,train
55462.pkl,val
55463.pkl,train
55464.pkl,val
55465.pkl,val
55466.pkl,train
55467.pkl,val
55468.pkl,train
55469.pkl,train
55470.pkl,val
55471.pkl,val
55472.pkl,val
55473.pkl,val
55474.pkl,val
55475.pkl,train
55476.pkl,val
55477.pkl,train
55478.pkl,train
55479.pkl,val
55480.pkl,train
55481.pkl,val
55482.pkl,train
55483.pkl,train
55484.pkl,val
55485.pkl,val
55486.pkl,val
55487.pkl,val
55488.pkl,val
55489.pkl,val
55490.pkl,val
55491.pkl,val
55492.pkl,train
55493.pkl,train
55494.pkl,val
55495.pkl,train
55496.pkl,val
55497.pkl,train
55498.pkl,val
55499.pkl,train
55500.pkl,val
55501.pkl,val
55502.pkl,train
55503.pkl,val
55504.pkl,val
55505.pkl,val
55506.pkl,val
55507.pkl,train
55508.pkl,val
55509.pkl,val
55510.pkl,val
55511.pkl,train
55512.pkl,val
55513.pkl,val
55514.pkl,val
55515.pkl,val
55516.pkl,train
55517.pkl,train
55518.pkl,val
55519.pkl,val
55520.pkl,train
55521.pkl,val
55522.pkl,val
55523.pkl,train
55524.pkl,val
55525.pkl,val
55526.pkl,val
55527.pkl,train
55528.pkl,val
55529.pkl,val
55530.pkl,train
55531.pkl,train
55532.pkl,val
55533.pkl,train
55534.pkl,train
55535.pkl,train
55536.pkl,val
55537.pkl,val
55538.pkl,val
55539.pkl,train
55540.pkl,val
55541.pkl,val
55542.pkl,val
55543.pkl,val
55544.pkl,train
55545.pkl,train
55546.pkl,train
55547.pkl,val
55548.pkl,train
55549.pkl,train
55550.pkl,train
55551.pkl,val
55552.pkl,val
55553.pkl,val
55554.pkl,train
55555.pkl,val
55556.pkl,val
55557.pkl,train
55558.pkl,val
55559.pkl,val
55560.pkl,train
55561.pkl,val
55562.pkl,val
55563.pkl,val
55564.pkl,train
55565.pkl,val
55566.pkl,val
55567.pkl,train
55568.pkl,val
55569.pkl,train
55570.pkl,val
55571.pkl,train
55572.pkl,train
55573.pkl,val
55574.pkl,train
55575.pkl,val
55576.pkl,train
55577.pkl,val
55578.pkl,val
55579.pkl,train
55580.pkl,train
55581.pkl,train
55582.pkl,val
55583.pkl,val
55584.pkl,val
55585.pkl,train
55586.pkl,val
55587.pkl,train
55588.pkl,train
55589.pkl,train
55590.pkl,train
55591.pkl,val
55592.pkl,train
55593.pkl,val
55594.pkl,train
55595.pkl,val
55596.pkl,val
55597.pkl,train
55598.pkl,val
55599.pkl,train
55600.pkl,val
55601.pkl,val
55602.pkl,val
55603.pkl,val
55604.pkl,train
55605.pkl,val
55606.pkl,train
55607.pkl,val
55608.pkl,val
55609.pkl,val
55610.pkl,train
55611.pkl,train
55612.pkl,val
55613.pkl,val
55614.pkl,val
55615.pkl,val
55616.pkl,train
55617.pkl,train
55618.pkl,val
55619.pkl,train
55620.pkl,val
55621.pkl,val
55622.pkl,val
55623.pkl,train
55624.pkl,val
55625.pkl,train
55626.pkl,val
55627.pkl,val
55628.pkl,train
55629.pkl,train
55630.pkl,val
55631.pkl,train
55632.pkl,val
55633.pkl,val
55634.pkl,val
55635.pkl,val
55636.pkl,train
55637.pkl,train
55638.pkl,val
55639.pkl,train
55640.pkl,train
55641.pkl,train
55642.pkl,train
55643.pkl,val
55644.pkl,train
55645.pkl,train
55646.pkl,train
55647.pkl,val
55648.pkl,train
55649.pkl,val
55650.pkl,train
55651.pkl,val
55652.pkl,train
55653.pkl,val
55654.pkl,val
55655.pkl,train
55656.pkl,train
55657.pkl,val
55658.pkl,train
55659.pkl,train
55660.pkl,val
55661.pkl,train
55662.pkl,train
55663.pkl,val
55664.pkl,val
55665.pkl,val
55666.pkl,val
55667.pkl,train
55668.pkl,train
55669.pkl,val
55670.pkl,train
55671.pkl,train
55672.pkl,val
55673.pkl,train
55674.pkl,val
55675.pkl,val
55676.pkl,val
55677.pkl,val
55678.pkl,train
55679.pkl,train
55680.pkl,val
55681.pkl,val
55682.pkl,val
55683.pkl,val
55684.pkl,train
55685.pkl,val
55686.pkl,val
55687.pkl,val
55688.pkl,val
55689.pkl,val
55690.pkl,train
55691.pkl,val
55692.pkl,train
55693.pkl,train
55694.pkl,val
55695.pkl,train
55696.pkl,train
55697.pkl,train
55698.pkl,train
55699.pkl,train
55700.pkl,train
55701.pkl,val
55702.pkl,train
55703.pkl,val
55704.pkl,val
55705.pkl,train
55706.pkl,val
55707.pkl,val
55708.pkl,val
55709.pkl,train
55710.pkl,train
55711.pkl,train
55712.pkl,train
55713.pkl,train
55714.pkl,val
55715.pkl,train
55716.pkl,train
55717.pkl,train
55718.pkl,train
55719.pkl,val
55720.pkl,train
55721.pkl,train
55722.pkl,val
55723.pkl,train
55724.pkl,val
55725.pkl,val
55726.pkl,val
55727.pkl,train
55728.pkl,val
55729.pkl,val
55730.pkl,train
55731.pkl,val
55732.pkl,train
55733.pkl,val
55734.pkl,val
55735.pkl,val
55736.pkl,val
55737.pkl,val
55738.pkl,train
55739.pkl,val
55740.pkl,train
55741.pkl,val
55742.pkl,val
55743.pkl,val
55744.pkl,train
55745.pkl,val
55746.pkl,val
55747.pkl,val
55748.pkl,train
55749.pkl,train
55750.pkl,train
55751.pkl,train
55752.pkl,val
55753.pkl,train
55754.pkl,val
55755.pkl,train
55756.pkl,train
55757.pkl,train
55758.pkl,val
55759.pkl,val
55760.pkl,train
55761.pkl,train
55762.pkl,val
55763.pkl,val
55764.pkl,train
55765.pkl,train
55766.pkl,val
55767.pkl,train
55768.pkl,val
55769.pkl,val
55770.pkl,train
55771.pkl,val
55772.pkl,val
55773.pkl,train
55774.pkl,val
55775.pkl,train
55776.pkl,val
55777.pkl,train
55778.pkl,val
55779.pkl,train
55780.pkl,val
55781.pkl,train
55782.pkl,val
55783.pkl,val
55784.pkl,val
55785.pkl,val
55786.pkl,train
55787.pkl,val
55788.pkl,train
55789.pkl,train
55790.pkl,train
55791.pkl,val
55792.pkl,val
55793.pkl,val
55794.pkl,train
55795.pkl,val
55796.pkl,train
55797.pkl,val
55798.pkl,train
55799.pkl,train
55800.pkl,val
55801.pkl,val
55802.pkl,train
55803.pkl,train
55804.pkl,train
55805.pkl,val
55806.pkl,val
55807.pkl,val
55808.pkl,train
55809.pkl,train
55810.pkl,train
55811.pkl,val
55812.pkl,train
55813.pkl,train
55814.pkl,train
55815.pkl,val
55816.pkl,train
55817.pkl,val
55818.pkl,train
55819.pkl,val
55820.pkl,val
55821.pkl,train
55822.pkl,val
55823.pkl,val
55824.pkl,val
55825.pkl,val
55826.pkl,train
55827.pkl,val
55828.pkl,val
55829.pkl,train
55830.pkl,train
55831.pkl,train
55832.pkl,val
55833.pkl,train
55834.pkl,train
55835.pkl,train
55836.pkl,val
55837.pkl,val
55838.pkl,train
55839.pkl,val
55840.pkl,train
55841.pkl,val
55842.pkl,val
55843.pkl,train
55844.pkl,val
55845.pkl,val
55846.pkl,train
55847.pkl,val
55848.pkl,train
55849.pkl,val
55850.pkl,val
55851.pkl,val
55852.pkl,val
55853.pkl,val
55854.pkl,train
55855.pkl,train
55856.pkl,val
55857.pkl,train
55858.pkl,train
55859.pkl,val
55860.pkl,val
55861.pkl,val
55862.pkl,val
55863.pkl,train
55864.pkl,train
55865.pkl,train
55866.pkl,train
55867.pkl,train
55868.pkl,train
55869.pkl,val
55870.pkl,train
55871.pkl,val
55872.pkl,val
55873.pkl,val
55874.pkl,train
55875.pkl,val
55876.pkl,train
55877.pkl,val
55878.pkl,train
55879.pkl,val
55880.pkl,train
55881.pkl,train
55882.pkl,val
55883.pkl,val
55884.pkl,val
55885.pkl,val
55886.pkl,train
55887.pkl,train
55888.pkl,train
55889.pkl,train
55890.pkl,val
55891.pkl,train
55892.pkl,val
55893.pkl,val
55894.pkl,train
55895.pkl,train
55896.pkl,val
55897.pkl,train
55898.pkl,train
55899.pkl,val
55900.pkl,train
55901.pkl,val
55902.pkl,train
55903.pkl,val
55904.pkl,val
55905.pkl,train
55906.pkl,train
55907.pkl,val
55908.pkl,val
55909.pkl,val
55910.pkl,train
55911.pkl,val
55912.pkl,train
55913.pkl,train
55914.pkl,train
55915.pkl,train
55916.pkl,val
55917.pkl,train
55918.pkl,val
55919.pkl,train
55920.pkl,train
55921.pkl,val
55922.pkl,train
55923.pkl,train
55924.pkl,train
55925.pkl,train
55926.pkl,train
55927.pkl,train
55928.pkl,train
55929.pkl,train
55930.pkl,val
55931.pkl,val
55932.pkl,val
55933.pkl,train
55934.pkl,val
55935.pkl,val
55936.pkl,val
55937.pkl,val
55938.pkl,val
55939.pkl,val
55940.pkl,train
55941.pkl,train
55942.pkl,train
55943.pkl,train
55944.pkl,val
55945.pkl,train
55946.pkl,val
55947.pkl,val
55948.pkl,val
55949.pkl,train
55950.pkl,train
55951.pkl,train
55952.pkl,val
55953.pkl,val
55954.pkl,train
55955.pkl,val
55956.pkl,val
55957.pkl,train
55958.pkl,val
55959.pkl,train
55960.pkl,train
55961.pkl,train
55962.pkl,train
55963.pkl,train
55964.pkl,val
55965.pkl,train
55966.pkl,val
55967.pkl,train
55968.pkl,train
55969.pkl,val
55970.pkl,train
55971.pkl,train
55972.pkl,train
55973.pkl,val
55974.pkl,val
55975.pkl,train
55976.pkl,train
55977.pkl,val
55978.pkl,val
55979.pkl,val
55980.pkl,val
55981.pkl,val
55982.pkl,train
55983.pkl,train
55984.pkl,val
55985.pkl,val
55986.pkl,val
55987.pkl,train
55988.pkl,train
55989.pkl,train
55990.pkl,val
55991.pkl,val
55992.pkl,val
55993.pkl,train
55994.pkl,train
55995.pkl,val
55996.pkl,train
55997.pkl,val
55998.pkl,train
55999.pkl,train
56000.pkl,train
56001.pkl,train
56002.pkl,train
56003.pkl,train
56004.pkl,val
56005.pkl,val
56006.pkl,train
56007.pkl,val
56008.pkl,train
56009.pkl,train
56010.pkl,train
56011.pkl,val
56012.pkl,val
56013.pkl,train
56014.pkl,val
56015.pkl,val
56016.pkl,val
56017.pkl,train
56018.pkl,train
56019.pkl,train
56020.pkl,train
56021.pkl,train
56022.pkl,val
56023.pkl,val
56024.pkl,val
56025.pkl,train
56026.pkl,val
56027.pkl,val
56028.pkl,train
56029.pkl,train
56030.pkl,train
56031.pkl,train
56032.pkl,train
56033.pkl,train
56034.pkl,train
56035.pkl,val
56036.pkl,val
56037.pkl,train
56038.pkl,train
56039.pkl,train
56040.pkl,train
56041.pkl,val
56042.pkl,train
56043.pkl,val
56044.pkl,train
56045.pkl,val
56046.pkl,val
56047.pkl,train
56048.pkl,train
56049.pkl,train
56050.pkl,val
56051.pkl,val
56052.pkl,val
56053.pkl,val
56054.pkl,val
56055.pkl,val
56056.pkl,val
56057.pkl,train
56058.pkl,train
56059.pkl,val
56060.pkl,val
56061.pkl,val
56062.pkl,val
56063.pkl,train
56064.pkl,train
56065.pkl,train
56066.pkl,train
56067.pkl,val
56068.pkl,train
56069.pkl,train
56070.pkl,val
56071.pkl,train
56072.pkl,train
56073.pkl,val
56074.pkl,val
56075.pkl,train
56076.pkl,val
56077.pkl,train
56078.pkl,train
56079.pkl,train
56080.pkl,train
56081.pkl,val
56082.pkl,val
56083.pkl,train
56084.pkl,val
56085.pkl,train
56086.pkl,train
56087.pkl,train
56088.pkl,train
56089.pkl,val
56090.pkl,train
56091.pkl,train
56092.pkl,val
56093.pkl,val
56094.pkl,val
56095.pkl,train
56096.pkl,val
56097.pkl,val
56098.pkl,train
56099.pkl,train
56100.pkl,train
56101.pkl,train
56102.pkl,val
56103.pkl,val
56104.pkl,train
56105.pkl,train
56106.pkl,train
56107.pkl,val
56108.pkl,val
56109.pkl,train
56110.pkl,val
56111.pkl,val
56112.pkl,train
56113.pkl,val
56114.pkl,val
56115.pkl,val
56116.pkl,train
56117.pkl,train
56118.pkl,val
56119.pkl,train
56120.pkl,train
56121.pkl,val
56122.pkl,train
56123.pkl,train
56124.pkl,train
56125.pkl,val
56126.pkl,val
56127.pkl,train
56128.pkl,train
56129.pkl,train
56130.pkl,train
56131.pkl,val
56132.pkl,val
56133.pkl,val
56134.pkl,val
56135.pkl,train
56136.pkl,val
56137.pkl,train
56138.pkl,train
56139.pkl,val
56140.pkl,train
56141.pkl,train
56142.pkl,train
56143.pkl,val
56144.pkl,val
56145.pkl,val
56146.pkl,val
56147.pkl,train
56148.pkl,train
56149.pkl,train
56150.pkl,train
56151.pkl,val
56152.pkl,train
56153.pkl,train
56154.pkl,train
56155.pkl,val
56156.pkl,val
56157.pkl,train
56158.pkl,val
56159.pkl,train
56160.pkl,val
56161.pkl,train
56162.pkl,val
56163.pkl,train
56164.pkl,train
56165.pkl,train
56166.pkl,train
56167.pkl,train
56168.pkl,val
56169.pkl,val
56170.pkl,train
56171.pkl,train
56172.pkl,train
56173.pkl,val
56174.pkl,val
56175.pkl,train
56176.pkl,train
56177.pkl,val
56178.pkl,train
56179.pkl,val
56180.pkl,train
56181.pkl,val
56182.pkl,val
56183.pkl,val
56184.pkl,val
56185.pkl,train
56186.pkl,train
56187.pkl,val
56188.pkl,train
56189.pkl,val
56190.pkl,train
56191.pkl,train
56192.pkl,train
56193.pkl,val
56194.pkl,val
56195.pkl,train
56196.pkl,train
56197.pkl,val
56198.pkl,train
56199.pkl,val
56200.pkl,train
56201.pkl,train
56202.pkl,train
56203.pkl,train
56204.pkl,val
56205.pkl,train
56206.pkl,val
56207.pkl,train
56208.pkl,train
56209.pkl,train
56210.pkl,train
56211.pkl,train
56212.pkl,train
56213.pkl,train
56214.pkl,val
56215.pkl,val
56216.pkl,train
56217.pkl,train
56218.pkl,train
56219.pkl,val
56220.pkl,train
56221.pkl,train
56222.pkl,val
56223.pkl,train
56224.pkl,train
56225.pkl,val
56226.pkl,val
56227.pkl,train
56228.pkl,train
56229.pkl,train
56230.pkl,train
56231.pkl,train
56232.pkl,train
56233.pkl,train
56234.pkl,val
56235.pkl,train
56236.pkl,train
56237.pkl,train
56238.pkl,val
56239.pkl,train
56240.pkl,val
56241.pkl,val
56242.pkl,val
56243.pkl,train
56244.pkl,val
56245.pkl,train
56246.pkl,val
56247.pkl,val
56248.pkl,val
56249.pkl,train
56250.pkl,val
56251.pkl,val
56252.pkl,val
56253.pkl,val
56254.pkl,train
56255.pkl,train
56256.pkl,train
56257.pkl,val
56258.pkl,train
56259.pkl,train
56260.pkl,val
56261.pkl,val
56262.pkl,train
56263.pkl,val
56264.pkl,val
56265.pkl,val
56266.pkl,val
56267.pkl,val
56268.pkl,val
56269.pkl,train
56270.pkl,val
56271.pkl,val
56272.pkl,train
56273.pkl,train
56274.pkl,train
56275.pkl,val
56276.pkl,train
56277.pkl,train
56278.pkl,train
56279.pkl,val
56280.pkl,val
56281.pkl,train
56282.pkl,train
56283.pkl,train
56284.pkl,val
56285.pkl,val
56286.pkl,val
56287.pkl,val
56288.pkl,train
56289.pkl,train
56290.pkl,val
56291.pkl,train
56292.pkl,train
56293.pkl,train
56294.pkl,train
56295.pkl,train
56296.pkl,val
56297.pkl,train
56298.pkl,val
56299.pkl,train
56300.pkl,train
56301.pkl,val
56302.pkl,train
56303.pkl,train
56304.pkl,val
56305.pkl,train
56306.pkl,train
56307.pkl,train
56308.pkl,train
56309.pkl,train
56310.pkl,train
56311.pkl,train
56312.pkl,val
56313.pkl,val
56314.pkl,train
56315.pkl,train
56316.pkl,val
56317.pkl,val
56318.pkl,val
56319.pkl,train
56320.pkl,val
56321.pkl,val
56322.pkl,train
56323.pkl,train
56324.pkl,val
56325.pkl,train
56326.pkl,val
56327.pkl,val
56328.pkl,train
56329.pkl,train
56330.pkl,val
56331.pkl,val
56332.pkl,train
56333.pkl,train
56334.pkl,val
56335.pkl,val
56336.pkl,val
56337.pkl,val
56338.pkl,train
56339.pkl,val
56340.pkl,train
56341.pkl,val
56342.pkl,train
56343.pkl,val
56344.pkl,train
56345.pkl,train
56346.pkl,train
56347.pkl,val
56348.pkl,val
56349.pkl,val
56350.pkl,val
56351.pkl,val
56352.pkl,val
56353.pkl,val
56354.pkl,train
56355.pkl,val
56356.pkl,val
56357.pkl,val
56358.pkl,val
56359.pkl,val
56360.pkl,val
56361.pkl,val
56362.pkl,train
56363.pkl,val
56364.pkl,train
56365.pkl,val
56366.pkl,train
56367.pkl,val
56368.pkl,train
56369.pkl,val
56370.pkl,train
56371.pkl,train
56372.pkl,val
56373.pkl,val
56374.pkl,val
56375.pkl,val
56376.pkl,val
56377.pkl,train
56378.pkl,val
56379.pkl,val
56380.pkl,val
56381.pkl,val
56382.pkl,train
56383.pkl,val
56384.pkl,train
56385.pkl,train
56386.pkl,train
56387.pkl,train
56388.pkl,val
56389.pkl,train
56390.pkl,train
56391.pkl,train
56392.pkl,val
56393.pkl,val
56394.pkl,train
56395.pkl,train
56396.pkl,train
56397.pkl,val
56398.pkl,train
56399.pkl,val
56400.pkl,val
56401.pkl,train
56402.pkl,train
56403.pkl,val
56404.pkl,train
56405.pkl,train
56406.pkl,val
56407.pkl,val
56408.pkl,val
56409.pkl,val
56410.pkl,train
56411.pkl,train
56412.pkl,val
56413.pkl,train
56414.pkl,val
56415.pkl,train
56416.pkl,val
56417.pkl,val
56418.pkl,train
56419.pkl,val
56420.pkl,train
56421.pkl,train
56422.pkl,val
56423.pkl,val
56424.pkl,train
56425.pkl,train
56426.pkl,val
56427.pkl,val
56428.pkl,train
56429.pkl,val
56430.pkl,train
56431.pkl,val
56432.pkl,val
56433.pkl,val
56434.pkl,val
56435.pkl,val
56436.pkl,val
56437.pkl,train
56438.pkl,val
56439.pkl,val
56440.pkl,train
56441.pkl,val
56442.pkl,train
56443.pkl,train
56444.pkl,train
56445.pkl,val
56446.pkl,val
56447.pkl,val
56448.pkl,train
56449.pkl,val
56450.pkl,val
56451.pkl,val
56452.pkl,train
56453.pkl,val
56454.pkl,val
56455.pkl,train
56456.pkl,val
56457.pkl,val
56458.pkl,val
56459.pkl,train
56460.pkl,val
56461.pkl,val
56462.pkl,train
56463.pkl,val
56464.pkl,train
56465.pkl,val
56466.pkl,train
56467.pkl,val
56468.pkl,val
56469.pkl,train
56470.pkl,val
56471.pkl,val
56472.pkl,val
56473.pkl,val
56474.pkl,train
56475.pkl,val
56476.pkl,val
56477.pkl,val
56478.pkl,val
56479.pkl,val
56480.pkl,val
56481.pkl,train
56482.pkl,train
56483.pkl,train
56484.pkl,train
56485.pkl,val
56486.pkl,train
56487.pkl,train
56488.pkl,train
56489.pkl,train
56490.pkl,val
56491.pkl,val
56492.pkl,train
56493.pkl,train
56494.pkl,val
56495.pkl,val
56496.pkl,train
56497.pkl,train
56498.pkl,train
56499.pkl,val
56500.pkl,train
56501.pkl,val
56502.pkl,train
56503.pkl,train
56504.pkl,val
56505.pkl,val
56506.pkl,train
56507.pkl,val
56508.pkl,train
56509.pkl,val
56510.pkl,train
56511.pkl,train
56512.pkl,train
56513.pkl,val
56514.pkl,val
56515.pkl,train
56516.pkl,val
56517.pkl,train
56518.pkl,train
56519.pkl,train
56520.pkl,train
56521.pkl,val
56522.pkl,val
56523.pkl,val
56524.pkl,train
56525.pkl,val
56526.pkl,train
56527.pkl,val
56528.pkl,val
56529.pkl,val
56530.pkl,train
56531.pkl,val
56532.pkl,val
56533.pkl,train
56534.pkl,val
56535.pkl,train
56536.pkl,train
56537.pkl,val
56538.pkl,val
56539.pkl,train
56540.pkl,train
56541.pkl,train
56542.pkl,train
56543.pkl,train
56544.pkl,val
56545.pkl,val
56546.pkl,train
56547.pkl,train
56548.pkl,val
56549.pkl,val
56550.pkl,train
56551.pkl,val
56552.pkl,val
56553.pkl,val
56554.pkl,train
56555.pkl,val
56556.pkl,val
56557.pkl,train
56558.pkl,train
56559.pkl,train
56560.pkl,train
56561.pkl,train
56562.pkl,val
56563.pkl,train
56564.pkl,train
56565.pkl,val
56566.pkl,train
56567.pkl,train
56568.pkl,train
56569.pkl,train
56570.pkl,val
56571.pkl,train
56572.pkl,val
56573.pkl,train
56574.pkl,val
56575.pkl,val
56576.pkl,train
56577.pkl,val
56578.pkl,train
56579.pkl,val
56580.pkl,val
56581.pkl,train
56582.pkl,train
56583.pkl,train
56584.pkl,train
56585.pkl,val
56586.pkl,train
56587.pkl,val
56588.pkl,val
56589.pkl,train
56590.pkl,val
56591.pkl,train
56592.pkl,train
56593.pkl,train
56594.pkl,train
56595.pkl,val
56596.pkl,val
56597.pkl,val
56598.pkl,train
56599.pkl,train
56600.pkl,val
56601.pkl,val
56602.pkl,train
56603.pkl,train
56604.pkl,val
56605.pkl,val
56606.pkl,train
56607.pkl,val
56608.pkl,train
56609.pkl,val
56610.pkl,val
56611.pkl,train
56612.pkl,val
56613.pkl,val
56614.pkl,train
56615.pkl,val
56616.pkl,val
56617.pkl,val
56618.pkl,val
56619.pkl,train
56620.pkl,val
56621.pkl,train
56622.pkl,train
56623.pkl,train
56624.pkl,val
56625.pkl,train
56626.pkl,val
56627.pkl,val
56628.pkl,val
56629.pkl,val
56630.pkl,val
56631.pkl,val
56632.pkl,train
56633.pkl,val
56634.pkl,train
56635.pkl,val
56636.pkl,train
56637.pkl,train
56638.pkl,train
56639.pkl,val
56640.pkl,val
56641.pkl,train
56642.pkl,val
56643.pkl,val
56644.pkl,val
56645.pkl,val
56646.pkl,val
56647.pkl,train
56648.pkl,val
56649.pkl,train
56650.pkl,train
56651.pkl,val
56652.pkl,train
56653.pkl,train
56654.pkl,val
56655.pkl,train
56656.pkl,train
56657.pkl,val
56658.pkl,train
56659.pkl,train
56660.pkl,train
56661.pkl,val
56662.pkl,val
56663.pkl,val
56664.pkl,val
56665.pkl,train
56666.pkl,train
56667.pkl,train
56668.pkl,train
56669.pkl,train
56670.pkl,train
56671.pkl,val
56672.pkl,train
56673.pkl,train
56674.pkl,train
56675.pkl,val
56676.pkl,train
56677.pkl,val
56678.pkl,val
56679.pkl,train
56680.pkl,val
56681.pkl,val
56682.pkl,train
56683.pkl,train
56684.pkl,train
56685.pkl,val
56686.pkl,val
56687.pkl,val
56688.pkl,val
56689.pkl,train
56690.pkl,train
56691.pkl,val
56692.pkl,train
56693.pkl,val
56694.pkl,val
56695.pkl,val
56696.pkl,train
56697.pkl,val
56698.pkl,train
56699.pkl,val
56700.pkl,val
56701.pkl,train
56702.pkl,train
56703.pkl,val
56704.pkl,train
56705.pkl,train
56706.pkl,val
56707.pkl,train
56708.pkl,val
56709.pkl,val
56710.pkl,val
56711.pkl,train
56712.pkl,val
56713.pkl,train
56714.pkl,train
56715.pkl,val
56716.pkl,val
56717.pkl,train
56718.pkl,val
56719.pkl,train
56720.pkl,train
56721.pkl,train
56722.pkl,val
56723.pkl,train
56724.pkl,train
56725.pkl,train
56726.pkl,train
56727.pkl,train
56728.pkl,val
56729.pkl,train
56730.pkl,train
56731.pkl,val
56732.pkl,val
56733.pkl,val
56734.pkl,train
56735.pkl,train
56736.pkl,train
56737.pkl,val
56738.pkl,train
56739.pkl,val
56740.pkl,val
56741.pkl,train
56742.pkl,val
56743.pkl,train
56744.pkl,val
56745.pkl,val
56746.pkl,val
56747.pkl,val
56748.pkl,val
56749.pkl,train
56750.pkl,train
56751.pkl,val
56752.pkl,val
56753.pkl,val
56754.pkl,train
56755.pkl,val
56756.pkl,train
56757.pkl,val
56758.pkl,val
56759.pkl,train
56760.pkl,train
56761.pkl,val
56762.pkl,val
56763.pkl,val
56764.pkl,train
56765.pkl,val
56766.pkl,val
56767.pkl,val
56768.pkl,train
56769.pkl,train
56770.pkl,train
56771.pkl,val
56772.pkl,train
56773.pkl,val
56774.pkl,train
56775.pkl,train
56776.pkl,val
56777.pkl,val
56778.pkl,val
56779.pkl,val
56780.pkl,train
56781.pkl,train
56782.pkl,val
56783.pkl,val
56784.pkl,val
56785.pkl,val
56786.pkl,train
56787.pkl,val
56788.pkl,val
56789.pkl,train
56790.pkl,train
56791.pkl,train
56792.pkl,train
56793.pkl,val
56794.pkl,train
56795.pkl,train
56796.pkl,train
56797.pkl,val
56798.pkl,val
56799.pkl,train
56800.pkl,val
56801.pkl,val
56802.pkl,train
56803.pkl,val
56804.pkl,train
56805.pkl,val
56806.pkl,val
56807.pkl,val
56808.pkl,val
56809.pkl,train
56810.pkl,train
56811.pkl,val
56812.pkl,val
56813.pkl,train
56814.pkl,train
56815.pkl,val
56816.pkl,train
56817.pkl,val
56818.pkl,train
56819.pkl,train
56820.pkl,train
56821.pkl,val
56822.pkl,val
56823.pkl,train
56824.pkl,train
56825.pkl,val
56826.pkl,train
56827.pkl,train
56828.pkl,val
56829.pkl,train
56830.pkl,val
56831.pkl,val
56832.pkl,val
56833.pkl,train
56834.pkl,train
56835.pkl,train
56836.pkl,val
56837.pkl,val
56838.pkl,val
56839.pkl,train
56840.pkl,val
56841.pkl,val
56842.pkl,val
56843.pkl,train
56844.pkl,val
56845.pkl,train
56846.pkl,train
56847.pkl,train
56848.pkl,train
56849.pkl,val
56850.pkl,train
56851.pkl,train
56852.pkl,train
56853.pkl,val
56854.pkl,train
56855.pkl,train
56856.pkl,train
56857.pkl,val
56858.pkl,train
56859.pkl,val
56860.pkl,train
56861.pkl,train
56862.pkl,val
56863.pkl,train
56864.pkl,train
56865.pkl,val
56866.pkl,val
56867.pkl,train
56868.pkl,val
56869.pkl,train
56870.pkl,val
56871.pkl,val
56872.pkl,train
56873.pkl,val
56874.pkl,train
56875.pkl,val
56876.pkl,train
56877.pkl,val
56878.pkl,val
56879.pkl,val
56880.pkl,train
56881.pkl,val
56882.pkl,val
56883.pkl,train
56884.pkl,val
56885.pkl,val
56886.pkl,val
56887.pkl,val
56888.pkl,train
56889.pkl,train
56890.pkl,train
56891.pkl,train
56892.pkl,val
56893.pkl,train
56894.pkl,val
56895.pkl,val
56896.pkl,train
56897.pkl,val
56898.pkl,train
56899.pkl,train
56900.pkl,val
56901.pkl,val
56902.pkl,train
56903.pkl,val
56904.pkl,val
56905.pkl,train
56906.pkl,val
56907.pkl,train
56908.pkl,val
56909.pkl,train
56910.pkl,train
56911.pkl,val
56912.pkl,train
56913.pkl,val
56914.pkl,train
56915.pkl,train
56916.pkl,val
56917.pkl,val
56918.pkl,train
56919.pkl,train
56920.pkl,val
56921.pkl,train
56922.pkl,train
56923.pkl,val
56924.pkl,train
56925.pkl,train
56926.pkl,val
56927.pkl,train
56928.pkl,val
56929.pkl,train
56930.pkl,train
56931.pkl,val
56932.pkl,val
56933.pkl,val
56934.pkl,val
56935.pkl,train
56936.pkl,train
56937.pkl,val
56938.pkl,val
56939.pkl,val
56940.pkl,train
56941.pkl,val
56942.pkl,train
56943.pkl,val
56944.pkl,val
56945.pkl,train
56946.pkl,val
56947.pkl,train
56948.pkl,train
56949.pkl,val
56950.pkl,val
56951.pkl,train
56952.pkl,train
56953.pkl,train
56954.pkl,train
56955.pkl,val
56956.pkl,train
56957.pkl,val
56958.pkl,train
56959.pkl,val
56960.pkl,val
56961.pkl,val
56962.pkl,train
56963.pkl,train
56964.pkl,train
56965.pkl,val
56966.pkl,train
56967.pkl,val
56968.pkl,train
56969.pkl,val
56970.pkl,val
56971.pkl,train
56972.pkl,train
56973.pkl,train
56974.pkl,val
56975.pkl,val
56976.pkl,val
56977.pkl,val
56978.pkl,val
56979.pkl,val
56980.pkl,val
56981.pkl,train
56982.pkl,train
56983.pkl,val
56984.pkl,train
56985.pkl,val
56986.pkl,train
56987.pkl,val
56988.pkl,val
56989.pkl,train
56990.pkl,train
56991.pkl,val
56992.pkl,val
56993.pkl,val
56994.pkl,val
56995.pkl,train
56996.pkl,train
56997.pkl,val
56998.pkl,train
56999.pkl,train
57000.pkl,train
57001.pkl,val
57002.pkl,val
57003.pkl,train
57004.pkl,train
57005.pkl,train
