filename,split
001623.png,train
000620.png,train
000987.png,train
006672.png,train
003873.png,train
005299.png,train
004767.png,train
001116.png,train
003491.png,train
005124.png,train
004917.png,train
003228.png,train
001445.png,train
007429.png,train
004807.png,train
004150.png,train
000310.png,train
000058.png,train
002289.png,train
007082.png,train
001152.png,train
001198.png,train
000683.png,train
007164.png,train
002466.png,train
002533.png,train
006634.png,train
001893.png,train
000244.png,train
002619.png,train
005417.png,train
004851.png,train
005129.png,train
000982.png,train
004466.png,train
004103.png,train
001327.png,train
005535.png,train
001699.png,train
004996.png,train
007229.png,train
003373.png,train
005174.png,train
001005.png,train
005176.png,train
003705.png,train
005407.png,train
001080.png,train
004834.png,train
000443.png,train
006400.png,train
004580.png,train
005754.png,train
006481.png,train
001166.png,train
002197.png,train
000873.png,train
002013.png,train
002020.png,train
002847.png,train
006789.png,train
001402.png,train
000266.png,train
003120.png,train
005206.png,train
000609.png,train
004955.png,train
006788.png,train
005427.png,train
001224.png,train
006350.png,train
004247.png,train
002406.png,train
001359.png,train
000272.png,train
005944.png,train
006742.png,train
000564.png,train
005047.png,train
000264.png,train
000469.png,train
005224.png,train
004057.png,train
006395.png,train
005846.png,train
007250.png,train
006794.png,train
001545.png,train
002819.png,train
003835.png,train
001088.png,train
006640.png,train
002252.png,train
004001.png,train
002584.png,train
004455.png,train
000844.png,train
006727.png,train
002625.png,train
004188.png,train
006793.png,train
001383.png,train
000241.png,train
001268.png,train
006739.png,train
002903.png,train
000134.png,train
005681.png,train
007002.png,train
004551.png,train
000763.png,train
002117.png,train
000115.png,train
000031.png,train
001493.png,train
001036.png,train
003251.png,train
003699.png,train
002824.png,train
004009.png,train
003172.png,train
003056.png,train
000414.png,train
000632.png,train
003925.png,train
006302.png,train
005829.png,train
004490.png,train
006741.png,train
003557.png,train
000335.png,train
001496.png,train
001421.png,train
002239.png,train
003928.png,train
006504.png,train
000465.png,train
007152.png,train
006678.png,train
005335.png,train
002005.png,train
003201.png,train
005050.png,train
007438.png,train
001494.png,train
003931.png,train
004930.png,train
001446.png,train
000915.png,train
003692.png,train
006078.png,train
006700.png,train
000407.png,train
001104.png,train
001111.png,train
000011.png,train
006230.png,train
007226.png,train
004905.png,train
000950.png,train
000316.png,train
007305.png,train
000672.png,train
003979.png,train
005522.png,train
002922.png,train
003129.png,train
007327.png,train
007147.png,train
004002.png,train
004344.png,train
005597.png,train
007289.png,train
001856.png,train
003861.png,train
003841.png,train
006097.png,train
007306.png,train
002589.png,train
007308.png,train
005888.png,train
007121.png,train
003085.png,train
006544.png,train
000447.png,train
005266.png,train
003804.png,train
004645.png,train
003675.png,train
002206.png,train
004883.png,train
005752.png,train
004660.png,train
002304.png,train
002026.png,train
004825.png,train
000847.png,train
006654.png,train
002979.png,train
006172.png,train
001718.png,train
004803.png,train
000784.png,train
003682.png,train
007241.png,train
000868.png,train
005635.png,train
000875.png,train
003899.png,train
004124.png,train
006422.png,train
004881.png,train
002959.png,train
003772.png,train
003240.png,train
007415.png,train
006472.png,train
007108.png,train
004429.png,train
006844.png,train
004978.png,train
002936.png,train
006021.png,train
001044.png,train
006319.png,train
003926.png,train
006536.png,train
005946.png,train
004376.png,train
003600.png,train
000887.png,train
000361.png,train
005039.png,train
003552.png,train
002554.png,train
000227.png,train
003416.png,train
005885.png,train
004217.png,train
003854.png,train
006828.png,train
004229.png,train
007313.png,train
002281.png,train
006269.png,train
000814.png,train
006737.png,train
000567.png,train
003327.png,train
006515.png,train
000907.png,train
002066.png,train
003709.png,train
005295.png,train
000772.png,train
003020.png,train
000808.png,train
005412.png,train
001746.png,train
006013.png,train
003084.png,train
006251.png,train
001733.png,train
001123.png,train
005298.png,train
004127.png,train
003249.png,train
001579.png,train
000573.png,train
005239.png,train
000256.png,train
001434.png,train
001163.png,train
002879.png,train
005064.png,train
002110.png,train
006868.png,train
005704.png,train
000757.png,train
000016.png,train
002602.png,train
006226.png,train
003480.png,train
002555.png,train
005319.png,train
006124.png,train
006107.png,train
007216.png,train
006560.png,train
002759.png,train
006762.png,train
003487.png,train
000172.png,train
004862.png,train
001612.png,train
005739.png,train
000265.png,train
000903.png,train
001475.png,train
002793.png,train
002428.png,train
004156.png,train
003664.png,train
005410.png,train
001626.png,train
002646.png,train
000544.png,train
004323.png,train
006462.png,train
004749.png,train
002742.png,train
005003.png,train
005442.png,train
007213.png,train
006220.png,train
000081.png,train
003432.png,train
004779.png,train
005104.png,train
006641.png,train
001199.png,train
002948.png,train
001414.png,train
004452.png,train
000582.png,train
005045.png,train
001192.png,train
005326.png,train
006522.png,train
002881.png,train
006289.png,train
003753.png,train
007123.png,train
006893.png,train
006841.png,train
005101.png,train
005457.png,train
002684.png,train
000302.png,train
002766.png,train
003242.png,train
003590.png,train
007007.png,train
005123.png,train
001881.png,train
002506.png,train
002653.png,train
002465.png,train
002357.png,train
004508.png,train
001889.png,train
003099.png,train
006413.png,train
004115.png,train
006174.png,train
000423.png,train
005071.png,train
001964.png,train
002690.png,train
004514.png,train
002738.png,train
005650.png,train
001098.png,train
004729.png,train
004375.png,train
000171.png,train
006537.png,train
001932.png,train
005621.png,train
004512.png,train
002970.png,train
006642.png,train
001729.png,train
001742.png,train
006609.png,train
006612.png,train
006338.png,train
001460.png,train
000539.png,train
006339.png,train
000262.png,train
004989.png,train
002413.png,train
004461.png,train
000097.png,train
003517.png,train
005868.png,train
001934.png,train
005972.png,train
004449.png,train
002000.png,train
004442.png,train
002627.png,train
001357.png,train
004128.png,train
002894.png,train
004012.png,train
001034.png,train
002170.png,train
004216.png,train
005150.png,train
006759.png,train
005586.png,train
002012.png,train
006903.png,train
002617.png,train
007068.png,train
001887.png,train
003338.png,train
001426.png,train
005049.png,train
000695.png,train
002145.png,train
003477.png,train
001360.png,train
007262.png,train
001482.png,train
000777.png,train
005018.png,train
005804.png,train
000601.png,train
000753.png,train
001225.png,train
001259.png,train
005864.png,train
002030.png,train
007366.png,train
005168.png,train
005160.png,train
007353.png,train
000222.png,train
003142.png,train
006527.png,train
001878.png,train
006671.png,train
006771.png,train
001364.png,train
006475.png,train
005191.png,train
006962.png,train
001008.png,train
004757.png,train
007254.png,train
001215.png,train
001317.png,train
004340.png,train
005710.png,train
000028.png,train
007286.png,train
002126.png,train
005262.png,train
007196.png,train
007063.png,train
003041.png,train
005426.png,train
001792.png,train
002838.png,train
005717.png,train
000090.png,train
004248.png,train
006024.png,train
005526.png,train
000521.png,train
002558.png,train
001358.png,train
005318.png,train
007437.png,train
002434.png,train
007065.png,train
004667.png,train
005525.png,train
001712.png,train
004570.png,train
004391.png,train
005532.png,train
000898.png,train
000879.png,train
004857.png,train
002291.png,train
007145.png,train
001721.png,train
005613.png,train
006322.png,train
001837.png,train
002801.png,train
003587.png,train
004381.png,train
000607.png,train
005439.png,train
003534.png,train
000215.png,train
000182.png,train
001548.png,train
004695.png,train
001959.png,train
007093.png,train
004656.png,train
000318.png,train
003713.png,train
000528.png,train
003956.png,train
003101.png,train
004841.png,train
003567.png,train
001807.png,train
003183.png,train
006266.png,train
006090.png,train
002907.png,train
005004.png,train
001060.png,train
005365.png,train
001436.png,train
006696.png,train
003293.png,train
006181.png,train
000871.png,train
001055.png,train
004045.png,train
004214.png,train
002817.png,train
001830.png,train
002960.png,train
000119.png,train
001913.png,train
006412.png,train
003489.png,train
005567.png,train
004533.png,train
003963.png,train
007215.png,train
005812.png,train
003104.png,train
001223.png,train
002290.png,train
005502.png,train
004047.png,train
007299.png,train
005223.png,train
001025.png,train
003382.png,train
002737.png,train
006955.png,train
002565.png,train
001246.png,train
003387.png,train
004201.png,train
005288.png,train
007340.png,train
006265.png,train
000865.png,train
005458.png,train
003412.png,train
000136.png,train
006969.png,train
005914.png,train
002398.png,train
002479.png,train
003738.png,train
002457.png,train
003882.png,train
006497.png,train
004368.png,train
000441.png,train
002633.png,train
002635.png,train
001976.png,train
002216.png,train
005610.png,train
003076.png,train
006169.png,train
006280.png,train
006164.png,train
002378.png,train
006513.png,train
002932.png,train
003264.png,train
004390.png,train
007221.png,train
005662.png,train
001749.png,train
002374.png,train
002017.png,train
006136.png,train
000156.png,train
006933.png,train
001390.png,train
003605.png,train
006418.png,train
007135.png,train
006810.png,train
004680.png,train
002508.png,train
006156.png,train
002929.png,train
005472.png,train
002310.png,train
004503.png,train
004548.png,train
005153.png,train
000351.png,train
004977.png,train
004772.png,train
007036.png,train
006728.png,train
002641.png,train
003458.png,train
002058.png,train
007032.png,train
006952.png,train
004963.png,train
006630.png,train
006222.png,train
002564.png,train
006211.png,train
005497.png,train
001898.png,train
002806.png,train
006629.png,train
001418.png,train
003826.png,train
001133.png,train
002547.png,train
001779.png,train
006441.png,train
004557.png,train
006337.png,train
000088.png,train
004279.png,train
002494.png,train
005213.png,train
005758.png,train
000642.png,train
002637.png,train
000595.png,train
002348.png,train
002754.png,train
006558.png,train
004278.png,train
004056.png,train
006926.png,train
005791.png,train
000375.png,train
001962.png,train
002553.png,train
005348.png,train
003823.png,train
006761.png,train
006073.png,train
004084.png,train
000251.png,train
001971.png,train
005958.png,train
000724.png,train
000366.png,train
006541.png,train
003939.png,train
000269.png,train
005286.png,train
000730.png,train
001544.png,train
000742.png,train
003116.png,train
006208.png,train
001053.png,train
004535.png,train
001907.png,train
004683.png,train
000341.png,train
004306.png,train
003191.png,train
000333.png,train
000372.png,train
005108.png,train
000621.png,train
003332.png,train
004481.png,train
007118.png,train
007146.png,train
006309.png,train
001846.png,train
002675.png,train
005986.png,train
001818.png,train
000486.png,train
002059.png,train
000990.png,train
003986.png,train
003225.png,train
002792.png,train
004151.png,train
006887.png,train
005134.png,train
002176.png,train
000394.png,train
003945.png,train
000711.png,train
004577.png,train
002193.png,train
006291.png,train
001593.png,train
000008.png,train
004092.png,train
005518.png,train
007117.png,train
000600.png,train
002049.png,train
006699.png,train
005341.png,train
006458.png,train
004118.png,train
001557.png,train
004507.png,train
001763.png,train
004141.png,train
000749.png,train
001895.png,train
003680.png,train
007368.png,train
005370.png,train
005329.png,train
001258.png,train
006615.png,train
005932.png,train
004654.png,train
005988.png,train
006711.png,train
003565.png,train
003967.png,train
001915.png,train
007175.png,train
000843.png,train
000700.png,train
005057.png,train
000510.png,train
003059.png,train
006040.png,train
003195.png,train
000495.png,train
004943.png,train
002608.png,train
006870.png,train
001711.png,train
002989.png,train
001337.png,train
001671.png,train
000089.png,train
005098.png,train
001362.png,train
004038.png,train
005855.png,train
000431.png,train
003626.png,train
003802.png,train
000811.png,train
002611.png,train
000440.png,train
001193.png,train
001601.png,train
004652.png,train
002275.png,train
001508.png,train
003824.png,train
003163.png,train
002640.png,train
004791.png,train
001815.png,train
006330.png,train
004873.png,train
002599.png,train
006314.png,train
002924.png,train
006840.png,train
003834.png,train
002852.png,train
002474.png,train
002339.png,train
003962.png,train
006398.png,train
002583.png,train
006509.png,train
003374.png,train
006949.png,train
006463.png,train
001663.png,train
003091.png,train
003954.png,train
003585.png,train
000144.png,train
000139.png,train
003663.png,train
006533.png,train
003768.png,train
004453.png,train
001398.png,train
001708.png,train
001844.png,train
004511.png,train
003093.png,train
004130.png,train
000309.png,train
005269.png,train
002097.png,train
004345.png,train
000299.png,train
004088.png,train
005337.png,train
001144.png,train
000631.png,train
006129.png,train
003723.png,train
006374.png,train
003733.png,train
003660.png,train
004027.png,train
004601.png,train
006669.png,train
000034.png,train
002312.png,train
004120.png,train
001061.png,train
006748.png,train
003292.png,train
000298.png,train
000023.png,train
001439.png,train
004594.png,train
006991.png,train
003110.png,train
004404.png,train
003326.png,train
006855.png,train
002425.png,train
000353.png,train
006334.png,train
006278.png,train
004245.png,train
004329.png,train
005937.png,train
005690.png,train
003575.png,train
001507.png,train
007193.png,train
000571.png,train
004311.png,train
004016.png,train
002270.png,train
007275.png,train
004379.png,train
005917.png,train
001501.png,train
001817.png,train
002321.png,train
002469.png,train
006167.png,train
001026.png,train
005857.png,train
000540.png,train
005265.png,train
004826.png,train
000067.png,train
000995.png,train
006018.png,train
005258.png,train
004541.png,train
002859.png,train
004499.png,train
004708.png,train
004606.png,train
002267.png,train
005554.png,train
001101.png,train
000212.png,train
001949.png,train
000655.png,train
003857.png,train
005826.png,train
003145.png,train
006064.png,train
002971.png,train
001966.png,train
004502.png,train
007473.png,train
006668.png,train
002250.png,train
001256.png,train
007447.png,train
003522.png,train
004260.png,train
002003.png,train
005159.png,train
005600.png,train
003672.png,train
002495.png,train
005606.png,train
006034.png,train
004980.png,train
006852.png,train
001714.png,train
006875.png,train
003951.png,train
001796.png,train
000322.png,train
001361.png,train
006716.png,train
003495.png,train
000319.png,train
004824.png,train
001329.png,train
004446.png,train
000731.png,train
000470.png,train
003732.png,train
005257.png,train
005441.png,train
005713.png,train
003633.png,train
003847.png,train
004597.png,train
000483.png,train
002751.png,train
006525.png,train
003553.png,train
001904.png,train
001281.png,train
001173.png,train
005391.png,train
000400.png,train
006822.png,train
002038.png,train
003312.png,train
006048.png,train
002933.png,train
003388.png,train
005312.png,train
004357.png,train
004105.png,train
006808.png,train
006384.png,train
006783.png,train
006627.png,train
002946.png,train
002888.png,train
003407.png,train
003190.png,train
001289.png,train
002966.png,train
001891.png,train
006666.png,train
006922.png,train
001618.png,train
005856.png,train
000646.png,train
007430.png,train
006755.png,train
000395.png,train
007452.png,train
001520.png,train
005061.png,train
000370.png,train
003735.png,train
001011.png,train
003809.png,train
005002.png,train
004020.png,train
003946.png,train
006600.png,train
001660.png,train
005687.png,train
005534.png,train
005686.png,train
003438.png,train
003801.png,train
001876.png,train
006608.png,train
004233.png,train
005625.png,train
007307.png,train
001543.png,train
006110.png,train
005511.png,train
002381.png,train
001384.png,train
002451.png,train
007248.png,train
000694.png,train
007371.png,train
003619.png,train
002779.png,train
007404.png,train
003745.png,train
000006.png,train
005543.png,train
005276.png,train
006271.png,train
002610.png,train
002867.png,train
000162.png,train
007236.png,train
000075.png,train
006950.png,train
004816.png,train
005948.png,train
004069.png,train
006853.png,train
006707.png,train
006523.png,train
002752.png,train
004910.png,train
005676.png,train
005482.png,train
007170.png,train
005250.png,train
007141.png,train
001993.png,train
003328.png,train
004122.png,train
000330.png,train
003749.png,train
004428.png,train
005132.png,train
006581.png,train
000417.png,train
001237.png,train
002769.png,train
004602.png,train
001136.png,train
005490.png,train
006930.png,train
005632.png,train
002222.png,train
001430.png,train
000217.png,train
006023.png,train
001921.png,train
003443.png,train
001676.png,train
000560.png,train
003551.png,train
002325.png,train
007027.png,train
005097.png,train
003454.png,train
004106.png,train
004990.png,train
000846.png,train
005928.png,train
000044.png,train
004888.png,train
001497.png,train
006845.png,train
007401.png,train
005087.png,train
000983.png,train
005756.png,train
003556.png,train
000793.png,train
004320.png,train
002842.png,train
000569.png,train
002967.png,train
004190.png,train
004179.png,train
001688.png,train
003351.png,train
004895.png,train
006877.png,train
003111.png,train
004255.png,train
000242.png,train
000592.png,train
003161.png,train
001343.png,train
001974.png,train
002396.png,train
006035.png,train
006534.png,train
002487.png,train
001981.png,train
002114.png,train
005755.png,train
000721.png,train
004256.png,train
000945.png,train
003471.png,train
000714.png,train
005761.png,train
003377.png,train
003938.png,train
003516.png,train
004859.png,train
002532.png,train
007037.png,train
004755.png,train
000213.png,train
006864.png,train
005078.png,train
003953.png,train
005639.png,train
007016.png,train
007161.png,train
001130.png,train
004085.png,train
001103.png,train
003470.png,train
001278.png,train
007297.png,train
001558.png,train
003950.png,train
003521.png,train
005732.png,train
005388.png,train
002134.png,train
007274.png,train
006195.png,train
007422.png,train
002561.png,train
006829.png,train
002007.png,train
006059.png,train
005693.png,train
003793.png,train
000998.png,train
007155.png,train
004257.png,train
006599.png,train
005688.png,train
000169.png,train
005449.png,train
000110.png,train
005394.png,train
004640.png,train
005199.png,train
002763.png,train
003329.png,train
001723.png,train
005494.png,train
000279.png,train
007240.png,train
006355.png,train
001916.png,train
003403.png,train
004944.png,train
000062.png,train
004756.png,train
003334.png,train
002841.png,train
001755.png,train
004605.png,train
000856.png,train
000946.png,train
002099.png,train
005618.png,train
007435.png,train
001772.png,train
003514.png,train
001691.png,train
002512.png,train
006466.png,train
000723.png,train
006801.png,train
002536.png,train
005042.png,train
004892.png,train
003023.png,train
005901.png,train
000970.png,train
002490.png,train
003599.png,train
006937.png,train
003060.png,train
003349.png,train
004630.png,train
002605.png,train
002505.png,train
002522.png,train
006000.png,train
004497.png,train
000682.png,train
001339.png,train
005709.png,train
003815.png,train
004474.png,train
001769.png,train
006879.png,train
000352.png,train
001642.png,train
007346.png,train
007410.png,train
001764.png,train
000929.png,train
003184.png,train
004301.png,train
001157.png,train
000037.png,train
004532.png,train
005933.png,train
004259.png,train
006439.png,train
004780.png,train
003948.png,train
004909.png,train
002735.png,train
002101.png,train
003770.png,train
000168.png,train
000286.png,train
006850.png,train
006835.png,train
006119.png,train
004542.png,train
004657.png,train
002069.png,train
001298.png,train
003789.png,train
004934.png,train
001813.png,train
007067.png,train
002502.png,train
004904.png,train
004540.png,train
003207.png,train
001314.png,train
001448.png,train
005354.png,train
005273.png,train
001825.png,train
007003.png,train
001340.png,train
004136.png,train
007407.png,train
007249.png,train
006127.png,train
000902.png,train
007349.png,train
004692.png,train
001528.png,train
004078.png,train
002614.png,train
001175.png,train
004700.png,train
000919.png,train
005111.png,train
003671.png,train
002928.png,train
003544.png,train
001174.png,train
006421.png,train
000988.png,train
001925.png,train
006176.png,train
001449.png,train
004246.png,train
003872.png,train
007209.png,train
003629.png,train
000850.png,train
004238.png,train
003219.png,train
003769.png,train
005861.png,train
002107.png,train
003468.png,train
006014.png,train
001353.png,train
005819.png,train
004501.png,train
000112.png,train
002704.png,train
005240.png,train
002336.png,train
000854.png,train
002828.png,train
005776.png,train
001471.png,train
005936.png,train
005645.png,train
003574.png,train
006144.png,train
003083.png,train
004925.png,train
005300.png,train
001732.png,train
006170.png,train
000547.png,train
005414.png,train
007056.png,train
000718.png,train
002029.png,train
004155.png,train
003082.png,train
003959.png,train
003752.png,train
000548.png,train
001787.png,train
004694.png,train
004431.png,train
006688.png,train
006890.png,train
004131.png,train
000736.png,train
006579.png,train
002996.png,train
005590.png,train
005309.png,train
000949.png,train
003743.png,train
002146.png,train
006569.png,train
002549.png,train
006091.png,train
000232.png,train
005022.png,train
003636.png,train
005431.png,train
004180.png,train
003075.png,train
006889.png,train
003357.png,train
002053.png,train
007005.png,train
005992.png,train
001242.png,train
001489.png,train
001599.png,train
005985.png,train
002781.png,train
002776.png,train
005563.png,train
002259.png,train
004338.png,train
003073.png,train
007414.png,train
005924.png,train
003474.png,train
007116.png,train
003291.png,train
007406.png,train
002923.png,train
006171.png,train
002240.png,train
005351.png,train
001325.png,train
002697.png,train
006381.png,train
006502.png,train
007394.png,train
004506.png,train
005762.png,train
006041.png,train
001491.png,train
006745.png,train
004709.png,train
003681.png,train
003257.png,train
000301.png,train
007119.png,train
000628.png,train
004738.png,train
006490.png,train
006712.png,train
000534.png,train
005789.png,train
000925.png,train
006135.png,train
002596.png,train
001167.png,train
006658.png,train
005979.png,train
000271.png,train
006557.png,train
002365.png,train
000422.png,train
006192.png,train
001230.png,train
003239.png,train
003913.png,train
000426.png,train
006027.png,train
004436.png,train
003720.png,train
000220.png,train
006559.png,train
005922.png,train
001334.png,train
006767.png,train
006085.png,train
003016.png,train
006050.png,train
005113.png,train
003463.png,train
005883.png,train
003160.png,train
006498.png,train
002840.png,train
006590.png,train
005903.png,train
006402.png,train
000143.png,train
005380.png,train
006934.png,train
005831.png,train
005637.png,train
005464.png,train
004906.png,train
004712.png,train
001608.png,train
002803.png,train
003886.png,train
002942.png,train
006032.png,train
001067.png,train
004620.png,train
005389.png,train
003915.png,train
005760.png,train
001848.png,train
006636.png,train
004521.png,train
003026.png,train
006152.png,train
003096.png,train
001838.png,train
003562.png,train
005528.png,train
005769.png,train
003055.png,train
002408.png,train
003123.png,train
002182.png,train
001316.png,train
002047.png,train
007363.png,train
003846.png,train
005144.png,train
001834.png,train
003726.png,train
004912.png,train
004373.png,train
006300.png,train
005180.png,train
006331.png,train
002678.png,train
004585.png,train
000884.png,train
002409.png,train
002418.png,train
001951.png,train
003306.png,train
002179.png,train
002786.png,train
001457.png,train
003341.png,train
006837.png,train
006865.png,train
005808.png,train
005640.png,train
005387.png,train
000615.png,train
000612.png,train
004073.png,train
004688.png,train
004969.png,train
006735.png,train
005920.png,train
004059.png,train
005983.png,train
002682.png,train
003710.png,train
006714.png,train
004598.png,train
000778.png,train
005927.png,train
005574.png,train
002947.png,train
006122.png,train
006234.png,train
005100.png,train
005581.png,train
005254.png,train
001444.png,train
001610.png,train
003012.png,train
006450.png,train
005825.png,train
003604.png,train
006511.png,train
000916.png,train
005453.png,train
005815.png,train
003336.png,train
000226.png,train
005161.png,train
006993.png,train
003204.png,train
005836.png,train
005512.png,train
002723.png,train
004926.png,train
002417.png,train
005669.png,train
002238.png,train
007040.png,train
004529.png,train
004736.png,train
004769.png,train
004388.png,train
004974.png,train
005058.png,train
001760.png,train
007431.png,train
002475.png,train
002070.png,train
002468.png,train
006221.png,train
002329.png,train
001356.png,train
002546.png,train
001348.png,train
002600.png,train
004545.png,train
000525.png,train
003688.png,train
002092.png,train
004703.png,train
004312.png,train
005989.png,train
000705.png,train
002799.png,train
006738.png,train
000872.png,train
001031.png,train
002515.png,train
004005.png,train
000411.png,train
001606.png,train
001453.png,train
000334.png,train
004212.png,train
000926.png,train
001064.png,train
001522.png,train
002872.png,train
001978.png,train
002467.png,train
000598.png,train
002442.png,train
000780.png,train
003114.png,train
004689.png,train
006036.png,train
007421.png,train
005244.png,train
005142.png,train
004433.png,train
000432.png,train
002116.png,train
004821.png,train
003424.png,train
002319.png,train
004939.png,train
002760.png,train
003819.png,train
006967.png,train
007198.png,train
006212.png,train
001280.png,train
003005.png,train
000357.png,train
003849.png,train
002488.png,train
004113.png,train
001149.png,train
003580.png,train
004173.png,train
006477.png,train
006614.png,train
003108.png,train
004696.png,train
003210.png,train
007157.png,train
000692.png,train
003570.png,train
007381.png,train
000070.png,train
006451.png,train
003601.png,train
005955.png,train
007001.png,train
001035.png,train
002741.png,train
005753.png,train
003049.png,train
003058.png,train
006951.png,train
003657.png,train
007224.png,train
002447.png,train
006505.png,train
000673.png,train
002243.png,train
001051.png,train
002402.png,train
004742.png,train
004871.png,train
003958.png,train
000771.png,train
002829.png,train
004777.png,train
004828.png,train
002370.png,train
003202.png,train
003652.png,train
000360.png,train
001831.png,train
002174.png,train
002113.png,train
003497.png,train
007464.png,train
003246.png,train
002177.png,train
005194.png,train
004456.png,train
004991.png,train
001464.png,train
007375.png,train
002820.png,train
000013.png,train
007339.png,train
005259.png,train
002630.png,train
001032.png,train
001793.png,train
005316.png,train
003112.png,train
005963.png,train
000512.png,train
000593.png,train
002920.png,train
002592.png,train
002491.png,train
001083.png,train
006473.png,train
006814.png,train
001594.png,train
003888.png,train
007389.png,train
000880.png,train
001071.png,train
001715.png,train
004034.png,train
004982.png,train
006426.png,train
000754.png,train
003176.png,train
001870.png,train
005304.png,train
001492.png,train
003181.png,train
005102.png,train
004221.png,train
002463.png,train
002150.png,train
002119.png,train
002609.png,train
000840.png,train
004297.png,train
001547.png,train
000555.png,train
005595.png,train
002674.png,train
004918.png,train
000420.png,train
002420.png,train
003706.png,train
006945.png,train
004659.png,train
002644.png,train
006332.png,train
003418.png,train
006012.png,train
001888.png,train
005183.png,train
001602.png,train
002668.png,train
002689.png,train
003300.png,train
002899.png,train
006908.png,train
001129.png,train
003998.png,train
000717.png,train
006392.png,train
003940.png,train
006246.png,train
000862.png,train
002790.png,train
007239.png,train
002405.png,train
007390.png,train
007038.png,train
001299.png,train
000192.png,train
006489.png,train
004171.png,train
002272.png,train
002307.png,train
005011.png,train
002544.png,train
002464.png,train
006602.png,train
000955.png,train
005874.png,train
001020.png,train
000729.png,train
004854.png,train
005272.png,train
002902.png,train
001884.png,train
002981.png,train
001803.png,train
002392.png,train
004231.png,train
000315.png,train
007086.png,train
000997.png,train
002634.png,train
002271.png,train
003613.png,train
002808.png,train
003229.png,train
004622.png,train
004555.png,train
004263.png,train
006464.png,train
001165.png,train
001291.png,train
005893.png,train
004152.png,train
001503.png,train
007463.png,train
002436.png,train
006054.png,train
000766.png,train
005200.png,train
004181.png,train
006349.png,train
002344.png,train
003519.png,train
004874.png,train
004520.png,train
005035.png,train
000410.png,train
001649.png,train
006888.png,train
005685.png,train
003674.png,train
007081.png,train
004479.png,train
007218.png,train
006824.png,train
003569.png,train
003381.png,train
005869.png,train
005126.png,train
006980.png,train
003006.png,train
002916.png,train
002051.png,train
005653.png,train
005647.png,train
001896.png,train
006986.png,train
007225.png,train
002027.png,train
002446.png,train
006971.png,train
001836.png,train
002341.png,train
003272.png,train
004940.png,train
000001.png,train
006042.png,train
003532.png,train
005560.png,train
005517.png,train
003437.png,train
002925.png,train
004950.png,train
004596.png,train
003265.png,train
007387.png,train
006704.png,train
004192.png,train
002963.png,train
005652.png,train
005401.png,train
000193.png,train
006185.png,train
007020.png,train
005832.png,train
003406.png,train
005369.png,train
006554.png,train
000904.png,train
003912.png,train
006687.png,train
000813.png,train
003000.png,train
003568.png,train
003656.png,train
004929.png,train
000022.png,train
001423.png,train
004817.png,train
002607.png,train
000699.png,train
003490.png,train
004468.png,train
001619.png,train
005918.png,train
002112.png,train
000221.png,train
002912.png,train
004413.png,train
006736.png,train
003836.png,train
006912.png,train
000708.png,train
000214.png,train
003439.png,train
003734.png,train
006796.png,train
006747.png,train
001269.png,train
003891.png,train
005289.png,train
000477.png,train
006997.png,train
000587.png,train
004135.png,train
001084.png,train
002273.png,train
005411.png,train
005216.png,train
005211.png,train
002746.png,train
002980.png,train
007174.png,train
005974.png,train
003197.png,train
007288.png,train
000338.png,train
000849.png,train
003466.png,train
000343.png,train
006267.png,train
006198.png,train
000276.png,train
002476.png,train
000751.png,train
004820.png,train
002403.png,train
004040.png,train
007090.png,train
006111.png,train
000562.png,train
003895.png,train
000675.png,train
004573.png,train
002123.png,train
005187.png,train
006936.png,train
004526.png,train
000406.png,train
003896.png,train
001778.png,train
006985.png,train
004578.png,train
000635.png,train
004722.png,train
003109.png,train
003421.png,train
003771.png,train
006894.png,train
004675.png,train
007017.png,train
002074.png,train
005202.png,train
002004.png,train
002938.png,train
003434.png,train
001076.png,train
005775.png,train
000216.png,train
002577.png,train
002687.png,train
006190.png,train
005155.png,train
005947.png,train
001851.png,train
007089.png,train
005628.png,train
006849.png,train
006484.png,train
000053.png,train
001486.png,train
003209.png,train
000085.png,train
004185.png,train
004613.png,train
006547.png,train
001267.png,train
001495.png,train
004284.png,train
007113.png,train
000941.png,train
003113.png,train
003422.png,train
003198.png,train
007388.png,train
005038.png,train
000466.png,train
006958.png,train
007189.png,train
004893.png,train
000934.png,train
004476.png,train
001542.png,train
002330.png,train
000327.png,train
004352.png,train
005523.png,train
005612.png,train
007383.png,train
004811.png,train
006802.png,train
005605.png,train
006648.png,train
003596.png,train
006066.png,train
004571.png,train
002568.png,train
005296.png,train
006773.png,train
004565.png,train
000126.png,train
007365.png,train
000218.png,train
005849.png,train
004370.png,train
005971.png,train
004997.png,train
003456.png,train
007143.png,train
001164.png,train
005998.png,train
006284.png,train
006580.png,train
004137.png,train
001432.png,train
000707.png,train
000368.png,train
004147.png,train
005765.png,train
000438.png,train
007087.png,train
000292.png,train
001892.png,train
001886.png,train
006626.png,train
003405.png,train
006818.png,train
003127.png,train
002643.png,train
005741.png,train
000239.png,train
004804.png,train
004799.png,train
005801.png,train
000924.png,train
005383.png,train
002184.png,train
000059.png,train
001203.png,train
007312.png,train
005167.png,train
004342.png,train
007080.png,train
003830.png,train
004995.png,train
004623.png,train
000165.png,train
006752.png,train
000800.png,train
007459.png,train
005949.png,train
002422.png,train
004558.png,train
004422.png,train
004030.png,train
003506.png,train
002499.png,train
006706.png,train
000209.png,train
005305.png,train
005015.png,train
007397.png,train
001096.png,train
007097.png,train
004632.png,train
002400.png,train
003908.png,train
004346.png,train
000026.png,train
007120.png,train
005054.png,train
001580.png,train
001404.png,train
004946.png,train
003543.png,train
000106.png,train
005740.png,train
005283.png,train
003668.png,train
005182.png,train
005434.png,train
002833.png,train
002142.png,train
006182.png,train
006067.png,train
000092.png,train
006028.png,train
006250.png,train
002492.png,train
000526.png,train
002219.png,train
004783.png,train
004288.png,train
003855.png,train
001941.png,train
002673.png,train
004614.png,train
000969.png,train
003391.png,train
003067.png,train
006682.png,train
003740.png,train
002220.png,train
006347.png,train
006595.png,train
003844.png,train
001095.png,train
001994.png,train
002782.png,train
004322.png,train
004860.png,train
002322.png,train
001799.png,train
004985.png,train
001616.png,train
001552.png,train
006453.png,train
007251.png,train
007149.png,train
000471.png,train
003307.png,train
003648.png,train
005895.png,train
003036.png,train
001207.png,train
005242.png,train
003595.png,train
004698.png,train
005327.png,train
000101.png,train
002137.png,train
002993.png,train
007048.png,train
004387.png,train
001145.png,train
002104.png,train
003069.png,train
002743.png,train
005786.png,train
005736.png,train
002729.png,train
007047.png,train
004956.png,train
004810.png,train
001142.png,train
003833.png,train
005165.png,train
000365.png,train
003985.png,train
001835.png,train
006859.png,train
006343.png,train
003981.png,train
000641.png,train
002141.png,train
000071.png,train
004998.png,train
004877.png,train
005867.png,train
000313.png,train
007356.png,train
001805.png,train
002090.png,train
007104.png,train
002657.png,train
006447.png,train
005614.png,train
000257.png,train
002251.png,train
004384.png,train
003577.png,train
002685.png,train
003449.png,train
002412.png,train
004454.png,train
004899.png,train
005661.png,train
001938.png,train
003741.png,train
006764.png,train
004967.png,train
002187.png,train
002652.png,train
005214.png,train
000303.png,train
000493.png,train
006003.png,train
000852.png,train
001871.png,train
001002.png,train
005976.png,train
005664.png,train
005644.png,train
003014.png,train
007122.png,train
005062.png,train
000337.png,train
002367.png,train
006717.png,train
005468.png,train
004361.png,train
000656.png,train
005154.png,train
000398.png,train
003591.png,train
000518.png,train
005089.png,train
000445.png,train
004715.png,train
001324.png,train
000424.png,train
004438.png,train
004920.png,train
007091.png,train
006919.png,train
005447.png,train
006357.png,train
000238.png,train
000415.png,train
001672.png,train
002509.png,train
006708.png,train
000391.png,train
003121.png,train
005848.png,train
000249.png,train
003410.png,train
001638.png,train
002570.png,train
007222.png,train
006370.png,train
003074.png,train
004236.png,train
002055.png,train
005243.png,train
003728.png,train
004840.png,train
005409.png,train
004202.png,train
003478.png,train
006047.png,train
002863.png,train
001159.png,train
005968.png,train
004327.png,train
006848.png,train
001156.png,train
005943.png,train
002130.png,train
002350.png,train
007246.png,train
006262.png,train
004307.png,train
003693.png,train
000689.png,train
006754.png,train
004732.png,train
002904.png,train
006540.png,train
000419.png,train
006661.png,train
004546.png,train
003347.png,train
002380.png,train
002889.png,train
001783.png,train
003654.png,train
005982.png,train
006646.png,train
002893.png,train
007188.png,train
003616.png,train
005658.png,train
000354.png,train
001662.png,train
004759.png,train
006862.png,train
002709.png,train
004728.png,train
005466.png,train
000344.png,train
005109.png,train
004286.png,train
006183.png,train
005616.png,train
001762.png,train
006576.png,train
000939.png,train
002982.png,train
000461.png,train
002521.png,train
001899.png,train
003825.png,train
000616.png,train
000658.png,train
004160.png,train
001531.png,train
003853.png,train
000176.png,train
005232.png,train
004531.png,train
004603.png,train
003775.png,train
000550.png,train
002860.png,train
003033.png,train
003131.png,train
003978.png,train
004647.png,train
000732.png,train
002127.png,train
002195.png,train
001937.png,train
000010.png,train
002080.png,train
000294.png,train
004536.png,train
007214.png,train
005796.png,train
000986.png,train
002698.png,train
004543.png,train
005169.png,train
007344.png,train
005921.png,train
006429.png,train
003916.png,train
000258.png,train
001747.png,train
005446.png,train
005935.png,train
000142.png,train
003178.png,train
000804.png,train
001945.png,train
002807.png,train
001946.png,train
002805.png,train
001210.png,train
002883.png,train
004459.png,train
005802.png,train
001499.png,train
006998.png,train
002077.png,train
003838.png,train
001222.png,train
005402.png,train
004066.png,train
000633.png,train
002043.png,train
002550.png,train
001138.png,train
007186.png,train
002548.png,train
007400.png,train
003549.png,train
006692.png,train
000093.png,train
003105.png,train
001204.png,train
000024.png,train
005395.png,train
006866.png,train
007285.png,train
003274.png,train
006622.png,train
005072.png,train
001455.png,train
006570.png,train
003331.png,train
001454.png,train
000744.png,train
001652.png,train
004172.png,train
003494.png,train
000591.png,train
002711.png,train
000018.png,train
005952.png,train
001023.png,train
001983.png,train
002156.png,train
006676.png,train
005671.png,train
005008.png,train
004524.png,train
000166.png,train
001874.png,train
003175.png,train
000535.png,train
000468.png,train
006979.png,train
002274.png,train
005814.png,train
003982.png,train
000004.png,train
004176.png,train
005923.png,train
006915.png,train
005188.png,train
001529.png,train
003904.png,train
005951.png,train
006015.png,train
007446.png,train
004207.png,train
001375.png,train
000474.png,train
002477.png,train
000748.png,train
005375.png,train
004830.png,train
004448.png,train
002623.png,train
002497.png,train
001703.png,train
004746.png,train
003932.png,train
002340.png,train
005358.png,train
001303.png,train
004296.png,train
003579.png,train
004243.png,train
001335.png,train
002253.png,train
004091.png,train
005912.png,train
002172.png,train
001801.png,train
006686.png,train
007039.png,train
005020.png,train
002519.png,train
007168.png,train
006726.png,train
005392.png,train
003095.png,train
005084.png,train
001293.png,train
002843.png,train
003146.png,train
002214.png,train
002997.png,train
001297.png,train
002688.png,train
006459.png,train
001823.png,train
000537.png,train
004443.png,train
002721.png,train
003848.png,train
005990.png,train
007267.png,train
005408.png,train
000312.png,train
004334.png,train
005803.png,train
007478.png,train
003719.png,train
003030.png,train
002702.png,train
000455.png,train
000437.png,train
007223.png,train
005609.png,train
006645.png,train
001590.png,train
003039.png,train
000135.png,train
006910.png,train
002079.png,train
004140.png,train
003159.png,train
006236.png,train
005324.png,train
004505.png,train
001861.png,train
007088.png,train
006664.png,train
004537.png,train
006635.png,train
003064.png,train
001577.png,train
005793.png,train
006797.png,train
003436.png,train
002096.png,train
000719.png,train
004579.png,train
000055.png,train
006721.png,train
005696.png,train
007396.png,train
000957.png,train
007125.png,train
000107.png,train
001345.png,train
001587.png,train
003988.png,train
003927.png,train
003475.png,train
002955.png,train
006713.png,train
000496.png,train
001998.png,train
003879.png,train
002612.png,train
003481.png,train
006520.png,train
000109.png,train
001461.png,train
000638.png,train
000566.png,train
006354.png,train
007058.png,train
006147.png,train
003250.png,train
004628.png,train
006108.png,train
005026.png,train
005179.png,train
005611.png,train
001304.png,train
000435.png,train
004401.png,train
003174.png,train
004513.png,train
005184.png,train
007471.png,train
000869.png,train
006387.png,train
002543.png,train
004035.png,train
002397.png,train
000822.png,train
004042.png,train
001919.png,train
003880.png,train
005424.png,train
002730.png,train
002258.png,train
003203.png,train
002856.png,train
000709.png,train
000207.png,train
007321.png,train
005125.png,train
002950.png,train
006435.png,train
002411.png,train
001928.png,train
005131.png,train
001124.png,train
000484.png,train
007126.png,train
006928.png,train
003704.png,train
002087.png,train
000874.png,train
002473.png,train
002382.png,train
001290.png,train
003473.png,train
004527.png,train
006434.png,train
004098.png,train
007450.png,train
006389.png,train
004218.png,train
000454.png,train
003488.png,train
004643.png,train
004517.png,train
005531.png,train
004835.png,train
001774.png,train
001169.png,train
002121.png,train
007124.png,train
006964.png,train
006427.png,train
002189.png,train
003024.png,train
006990.png,train
007210.png,train
001989.png,train
002152.png,train
000036.png,train
002870.png,train
004472.png,train
000686.png,train
002784.png,train
004018.png,train
005987.png,train
002945.png,train
000472.png,train
002359.png,train
001273.png,train
001785.png,train
004445.png,train
005222.png,train
001903.png,train
006819.png,train
005428.png,train
006606.png,train
006247.png,train
002669.png,train
002414.png,train
001271.png,train
005406.png,train
001042.png,train
003943.png,train
003757.png,train
000132.png,train
000476.png,train
007177.png,train
001822.png,train
004400.png,train
003342.png,train
005023.png,train
001582.png,train
004935.png,train
005284.png,train
001308.png,train
004847.png,train
004730.png,train
000196.png,train
002812.png,train
005270.png,train
003631.png,train
002858.png,train
005158.png,train
004083.png,train
004028.png,train
003171.png,train
003321.png,train
006157.png,train
003731.png,train
005773.png,train
001759.png,train
006149.png,train
006884.png,train
004556.png,train
002572.png,train
001621.png,train
004595.png,train
006007.png,train
000704.png,train
002884.png,train
005225.png,train
002202.png,train
002103.png,train
002749.png,train
000025.png,train
003217.png,train
001248.png,train
001400.png,train
002358.png,train
005390.png,train
006098.png,train
000204.png,train
005774.png,train
005487.png,train
003589.png,train
005177.png,train
005533.png,train
006565.png,train
006283.png,train
002453.png,train
004567.png,train
005859.png,train
000936.png,train
007154.png,train
006386.png,train
006670.png,train
006193.png,train
000527.png,train
004253.png,train
004875.png,train
005817.png,train
001059.png,train
001141.png,train
005592.png,train
007418.png,train
006379.png,train
000297.png,train
004154.png,train
006238.png,train
003054.png,train
000823.png,train
007015.png,train
007309.png,train
003453.png,train
003167.png,train
004901.png,train
002718.png,train
005088.png,train
005374.png,train
006103.png,train
003991.png,train
000191.png,train
004971.png,train
004168.png,train
000350.png,train
007329.png,train
007031.png,train
004922.png,train
005025.png,train
005643.png,train
007053.png,train
004230.png,train
003510.png,train
007151.png,train
006906.png,train
003298.png,train
007456.png,train
001847.png,train
006017.png,train
006514.png,train
000816.png,train
000291.png,train
002701.png,train
005552.png,train
000848.png,train
001701.png,train
000498.png,train
004458.png,train
002542.png,train
001012.png,train
002368.png,train
000845.png,train
005821.png,train
001824.png,train
002115.png,train
007138.png,train
004795.png,train
003313.png,train
004125.png,train
000774.png,train
003581.png,train
003483.png,train
002703.png,train
007061.png,train
006479.png,train
006116.png,train
003077.png,train
003155.png,train
000359.png,train
001260.png,train
001753.png,train
005764.png,train
004316.png,train
006240.png,train
000017.png,train
002333.png,train
006948.png,train
006094.png,train
001397.png,train
002305.png,train
002084.png,train
000659.png,train
002911.png,train
007466.png,train
005542.png,train
002449.png,train
001408.png,train
003507.png,train
006273.png,train
001730.png,train
006605.png,train
001740.png,train
004335.png,train
003259.png,train
003248.png,train
006994.png,train
003797.png,train
003530.png,train
004607.png,train
001920.png,train
001440.png,train
004093.png,train
005432.png,train
003910.png,train
001984.png,train
001484.png,train
001046.png,train
006074.png,train
003268.png,train
007442.png,train
002719.png,train
005551.png,train
001153.png,train
005692.png,train
000190.png,train
004337.png,train
001819.png,train
001236.png,train
001346.png,train
007035.png,train
002376.png,train
003469.png,train
001658.png,train
001027.png,train
003087.png,train
002337.png,train
005145.png,train
002204.png,train
002943.png,train
006058.png,train
006281.png,train
007228.png,train
000503.png,train
000596.png,train
005384.png,train
006643.png,train
001514.png,train
005594.png,train
003937.png,train
000855.png,train
000384.png,train
004884.png,train
001112.png,train
002373.png,train
006188.png,train
006519.png,train
007382.png,train
000572.png,train
006151.png,train
004801.png,train
002666.png,train
006878.png,train
005238.png,train
001371.png,train
001790.png,train
003028.png,train
001097.png,train
001631.png,train
005076.png,train
000977.png,train
000120.png,train
001092.png,train
000710.png,train
001262.png,train
003744.png,train
000083.png,train
007386.png,train
006411.png,train
003053.png,train
000158.png,train
005721.png,train
001560.png,train
006496.png,train
007465.png,train
001911.png,train
002450.png,train
005186.png,train
004293.png,train
005882.png,train
004498.png,train
005915.png,train
003132.png,train
007212.png,train
003034.png,train
005627.png,train
001655.png,train
000985.png,train
003511.png,train
006685.png,train
005833.png,train
000047.png,train
002161.png,train
006296.png,train
001765.png,train
004568.png,train
001218.png,train
006556.png,train
003725.png,train
006394.png,train
002951.png,train
005516.png,train
005483.png,train
001551.png,train
005234.png,train
000425.png,train
007279.png,train
004633.png,train
000015.png,train
004139.png,train
003189.png,train
001902.png,train
002265.png,train
003218.png,train
000348.png,train
003677.png,train
003541.png,train
006324.png,train
005997.png,train
001882.png,train
005398.png,train
002483.png,train
002324.png,train
001609.png,train
002419.png,train
004516.png,train
004196.png,train
000764.png,train
002748.png,train
006288.png,train
003632.png,train
002736.png,train
004591.png,train
004972.png,train
005942.png,train
007376.png,train
003011.png,train
001717.png,train
003157.png,train
002306.png,train
006391.png,train
005991.png,train
001050.png,train
007290.png,train
001283.png,train
003450.png,train
003612.png,train
000255.png,train
003029.png,train
003071.png,train
007194.png,train
001234.png,train
007129.png,train
002455.png,train
003360.png,train
003364.png,train
001852.png,train
000838.png,train
002626.png,train
002921.png,train
000669.png,train
006335.png,train
000549.png,train
000803.png,train
000210.png,train
005360.png,train
003718.png,train
006858.png,train
005422.png,train
004355.png,train
002896.png,train
003236.png,train
001196.png,train
000094.png,train
001478.png,train
000339.png,train
003707.png,train
001570.png,train
005718.png,train
005866.png,train
000386.png,train
007201.png,train
006863.png,train
003408.png,train
003597.png,train
007045.png,train
005973.png,train
005237.png,train
005573.png,train
001634.png,train
001037.png,train
006550.png,train
006916.png,train
004412.png,train
002345.png,train
001072.png,train
007059.png,train
002242.png,train
007408.png,train
001720.png,train
001126.png,train
004104.png,train
000599.png,train
003340.png,train
002758.png,train
007167.png,train
003767.png,train
000776.png,train
001056.png,train
004750.png,train
004672.png,train
004839.png,train
001077.png,train
005251.png,train
005128.png,train
003220.png,train
003859.png,train
007256.png,train
006718.png,train
005835.png,train
004033.png,train
001028.png,train
002323.png,train
001944.png,train
005820.png,train
001860.png,train
002733.png,train
002295.png,train
000504.png,train
004393.png,train
004405.png,train
005292.png,train
005485.png,train
003311.png,train
002148.png,train
004023.png,train
007310.png,train
006901.png,train
003320.png,train
004609.png,train
005978.png,train
002285.png,train
005513.png,train
002421.png,train
000937.png,train
004751.png,train
002795.png,train
003287.png,train
006272.png,train
001553.png,train
003429.png,train
001065.png,train
006921.png,train
004942.png,train
001727.png,train
005172.png,train
002045.png,train
004693.png,train
006957.png,train
006725.png,train
000952.png,train
000610.png,train
003941.png,train
004624.png,train
001840.png,train
004205.png,train
006920.png,train
004889.png,train
007444.png,train
002188.png,train
000146.png,train
004896.png,train
006362.png,train
006145.png,train
001276.png,train
007190.png,train
004460.png,train
005737.png,train
000892.png,train
001409.png,train
002642.png,train
000148.png,train
007238.png,train
001538.png,train
004842.png,train
006601.png,train
007426.png,train
004195.png,train
004727.png,train
000263.png,train
006996.png,train
004269.png,train
000959.png,train
002249.png,train
002713.png,train
002151.png,train
005041.png,train
006914.png,train
000041.png,train
004304.png,train
001517.png,train
005456.png,train
004162.png,train
006800.png,train
002725.png,train
000888.png,train
001377.png,train
001009.png,train
000851.png,train
005794.png,train
002624.png,train
005333.png,train
005677.png,train
005691.png,train
001030.png,train
006159.png,train
002426.png,train
004077.png,train
007230.png,train
001381.png,train
003169.png,train
002975.png,train
005837.png,train
000565.png,train
003905.png,train
000140.png,train
005317.png,train
004981.png,train
003015.png,train
002501.png,train
002106.png,train
001118.png,train
005465.png,train
006454.png,train
005451.png,train
007242.png,train
005393.png,train
002015.png,train
004252.png,train
002789.png,train
006768.png,train
002489.png,train
000100.png,train
000927.png,train
002526.png,train
001106.png,train
002445.png,train
005641.png,train
001687.png,train
006900.png,train
006983.png,train
004655.png,train
002991.png,train
000914.png,train
000506.png,train
003987.png,train
006452.png,train
003348.png,train
005811.png,train
004134.png,train
000246.png,train
002199.png,train
002563.png,train
005615.png,train
001961.png,train
000362.png,train
003907.png,train
005264.png,train
002618.png,train
006297.png,train
002994.png,train
002937.png,train
006562.png,train
003976.png,train
001563.png,train
006105.png,train
002940.png,train
003867.png,train
001321.png,train
000867.png,train
000434.png,train
002707.png,train
006968.png,train
007075.png,train
003914.png,train
002869.png,train
005795.png,train
004786.png,train
005005.png,train
002211.png,train
000459.png,train
006329.png,train
006140.png,train
001754.png,train
001947.png,train
005331.png,train
005790.png,train
003790.png,train
007043.png,train
000020.png,train
000167.png,train
002416.png,train
002578.png,train
004544.png,train
004861.png,train
003766.png,train
002541.png,train
005400.png,train
000317.png,train
006002.png,train
002740.png,train
003295.png,train
000720.png,train
003044.png,train
002244.png,train
003624.png,train
001180.png,train
001806.png,train
005550.png,train
001752.png,train
004041.png,train
007477.png,train
005596.png,train
005475.png,train
007204.png,train
000160.png,train
002529.png,train
006867.png,train
003277.png,train
007282.png,train
001581.png,train
006009.png,train
005759.png,train
001487.png,train
005467.png,train
004432.png,train
006573.png,train
000040.png,train
004193.png,train
006820.png,train
002094.png,train
006702.png,train
004372.png,train
001854.png,train
000042.png,train
004604.png,train
004071.png,train
000920.png,train
003763.png,train
005726.png,train
006225.png,train
002732.png,train
003870.png,train
003955.png,train
006647.png,train
005197.png,train
002041.png,train
001657.png,train
003667.png,train
007049.png,train
004781.png,train
003103.png,train
005364.png,train
001068.png,train
000756.png,train
006913.png,train
007142.png,train
003658.png,train
005598.png,train
007384.png,train
000080.png,train
004774.png,train
005778.png,train
000497.png,train
007092.png,train
001319.png,train
003780.png,train
001914.png,train
005033.png,train
004470.png,train
001614.png,train
007432.png,train
001647.png,train
000806.png,train
003661.png,train
002764.png,train
000746.png,train
003089.png,train
007131.png,train
005280.png,train
005361.png,train
003444.png,train
006548.png,train
002388.png,train
003061.png,train
004099.png,train
005067.png,train
001452.png,train
003017.png,train
000795.png,train
002315.png,train
006428.png,train
005604.png,train
003296.png,train
000453.png,train
004330.png,train
004590.png,train
000487.png,train
003788.png,train
001312.png,train
001751.png,train
006784.png,train
007443.png,train
005443.png,train
005891.png,train
005130.png,train
003584.png,train
006804.png,train
005700.png,train
007206.png,train
000091.png,train
004280.png,train
007258.png,train
006938.png,train
006961.png,train
006517.png,train
000905.png,train
003002.png,train
005865.png,train
000114.png,train
003151.png,train
007433.png,train
004272.png,train
004275.png,train
005436.png,train
001532.png,train
001756.png,train
005887.png,train
005397.png,train
001349.png,train
000482.png,train
001877.png,train
005378.png,train
006044.png,train
002734.png,train
001350.png,train
004802.png,train
000605.png,train
001595.png,train
004625.png,train
006409.png,train
006941.png,train
006380.png,train
000820.png,train
002639.png,train
004616.png,train
001302.png,train
006093.png,train
000877.png,train
000306.png,train
006060.png,train
001739.png,train
006898.png,train
003784.png,train
004681.png,train
006243.png,train
001389.png,train
001510.png,train
002855.png,train
003464.png,train
000268.png,train
002728.png,train
001943.png,train
003762.png,train
005608.png,train
005818.png,train
006999.png,train
002006.png,train
004289.png,train
002213.png,train
006184.png,train
003166.png,train
001201.png,train
001519.png,train
003761.png,train
002972.png,train
000396.png,train
000197.png,train
002217.png,train
000861.png,train
005382.png,train
005500.png,train
003666.png,train
001228.png,train
006442.png,train
002298.png,train
004065.png,train
007163.png,train
003990.png,train
004987.png,train
006963.png,train
007380.png,train
005679.png,train
005725.png,train
000248.png,train
006254.png,train
002988.png,train
000376.png,train
007110.png,train
007009.png,train
006701.png,train
002014.png,train
002783.png,train
005028.png,train
006244.png,train
006006.png,train
004741.png,train
004994.png,train
001716.png,train
004582.png,train
003843.png,train
004166.png,train
005744.png,train
004500.png,train
004960.png,train
000690.png,train
003560.png,train
002620.png,train
004182.png,train
002261.png,train
007457.png,train
005926.png,train
005827.png,train
001243.png,train
005851.png,train
002089.png,train
002961.png,train
004720.png,train
007077.png,train
004417.png,train
001109.png,train
004976.png,train
001776.png,train
006485.png,train
006763.png,train
000281.png,train
003696.png,train
007425.png,train
001696.png,train
003448.png,train
001102.png,train
002551.png,train
005545.png,train
001185.png,train
000326.png,train
002098.png,train
007195.png,train
000944.png,train
007294.png,train
001950.png,train
002590.png,train
002207.png,train
006080.png,train
004890.png,train
004211.png,train
000488.png,train
004957.png,train
007171.png,train
003294.png,train
001328.png,train
006141.png,train
000943.png,train
004439.png,train
004671.png,train
000387.png,train
002377.png,train
005055.png,train
005847.png,train
000909.png,train
007200.png,train
002470.png,train
005320.png,train
002821.png,train
003397.png,train
000951.png,train
001826.png,train
002658.png,train
003440.png,train
006530.png,train
005357.png,train
002927.png,train
003655.png,train
003389.png,train
000501.png,train
000787.png,train
003501.png,train
001347.png,train
002588.png,train
006750.png,train
000492.png,train
006423.png,train
004704.png,train
006683.png,train
003779.png,train
000430.png,train
003420.png,train
000984.png,train
003413.png,train
003350.png,train
004954.png,train
007025.png,train
003866.png,train
005780.png,train
004723.png,train
001956.png,train
007293.png,train
006100.png,train
006833.png,train
004776.png,train
001689.png,train
004425.png,train
001282.png,train
002040.png,train
003461.png,train
006062.png,train
000859.png,train
003684.png,train
002845.png,train
006365.png,train
003484.png,train
006308.png,train
002771.png,train
004979.png,train
002296.png,train
005332.png,train
004566.png,train
001726.png,train
000382.png,train
003717.png,train
000413.png,train
003796.png,train
005171.png,train
003078.png,train
005386.png,train
000308.png,train
007006.png,train
000369.png,train
005334.png,train
005607.png,train
002804.png,train
006918.png,train
000752.png,train
003659.png,train
001988.png,train
005046.png,train
004775.png,train
003224.png,train
002185.png,train
000228.png,train
004133.png,train
001154.png,train
001407.png,train
004669.png,train
004395.png,train
000050.png,train
001571.png,train
000781.png,train
003297.png,train
005787.png,train
006940.png,train
000152.png,train
003614.png,train
000027.png,train
002461.png,train
003479.png,train
004116.png,train
003148.png,train
003851.png,train
002765.png,train
004051.png,train
006480.png,train
002247.png,train
005460.png,train
003496.png,train
007085.png,train
002886.png,train
005638.png,train
005212.png,train
004581.png,train
007245.png,train
004235.png,train
006241.png,train
000401.png,train
003701.png,train
002443.png,train
007283.png,train
007173.png,train
005310.png,train
007054.png,train
001333.png,train
006892.png,train
004615.png,train
002654.png,train
001385.png,train
001401.png,train
003345.png,train
006037.png,train
006096.png,train
005353.png,train
004017.png,train
001735.png,train
006449.png,train
004138.png,train
005705.png,train
001572.png,train
003662.png,train
007335.png,train
007399.png,train
005220.png,train
006316.png,train
002579.png,train
005626.png,train
007475.png,train
005699.png,train
004702.png,train
006323.png,train
004072.png,train
000056.png,train
002224.png,train
000451.png,train
006487.png,train
000183.png,train
002560.png,train
000805.png,train
004962.png,train
004086.png,train
006403.png,train
001115.png,train
001438.png,train
001330.png,train
006049.png,train
004430.png,train
002300.png,train
006588.png,train
001233.png,train
006253.png,train
005720.png,train
001650.png,train
003808.png,train
000894.png,train
001227.png,train
003622.png,train
006033.png,train
006197.png,train
003524.png,train
003729.png,train
001010.png,train
001114.png,train
001651.png,train
003385.png,train
006424.png,train
001533.png,train
004887.png,train
000662.png,train
000961.png,train
001411.png,train
005524.png,train
006987.png,train
003798.png,train
003751.png,train
006201.png,train
004175.png,train
003212.png,train
006927.png,train
004690.png,train
000644.png,train
004473.png,train
007468.png,train
001668.png,train
006500.png,train
005146.png,train
001344.png,train
006437.png,train
006019.png,train
007317.png,train
005017.png,train
006611.png,train
006749.png,train
002068.png,train
004101.png,train
001999.png,train
003739.png,train
002910.png,train
005659.png,train
001897.png,train
002122.png,train
001437.png,train
005359.png,train
007130.png,train
006765.png,train
000397.png,train
002009.png,train
002757.png,train
001388.png,train
006114.png,train
007084.png,train
000439.png,train
005085.png,train
003047.png,train
007358.png,train
000234.png,train
004754.png,train
000389.png,train
000077.png,train
005569.png,train
006516.png,train
000870.png,train
005107.png,train
004794.png,train
004648.png,train
004965.png,train
001564.png,train
006227.png,train
006885.png,train
000175.png,train
002672.png,train
005339.png,train
004046.png,train
000240.png,train
006120.png,train
000551.png,train
005340.png,train
004687.png,train
001509.png,train
006953.png,train
006883.png,train
003393.png,train
000520.png,train
000515.png,train
001550.png,train
006443.png,train
004132.png,train
002780.png,train
003057.png,train
000096.png,train
006467.png,train
006305.png,train
004267.png,train
000761.png,train
005122.png,train
007205.png,train
004457.png,train
002518.png,train
004080.png,train
006508.png,train
004592.png,train
006872.png,train
002716.png,train
006545.png,train
000715.png,train
001315.png,train
001431.png,train
000833.png,train
007348.png,train
001917.png,train
000293.png,train
007028.png,train
004354.png,train
004766.png,train
000792.png,train
000971.png,train
003135.png,train
005138.png,train
001771.png,train
006758.png,train
003929.png,train
004576.png,train
003122.png,train
004792.png,train
001963.png,train
004589.png,train
001540.png,train
005575.png,train
005349.png,train
002048.png,train
000321.png,train
000680.png,train
007287.png,train
004227.png,train
001975.png,train
000533.png,train
000668.png,train
000356.png,train
002606.png,train
005940.png,train
007105.png,train
006025.png,train
006031.png,train
007217.png,train
002876.png,train
006353.png,train
001728.png,train
003889.png,train
003068.png,train
007148.png,train
003378.png,train
003961.png,train
005527.png,train
005553.png,train
000696.png,train
005135.png,train
004197.png,train
003042.png,train
004691.png,train
006823.png,train
006684.png,train
003465.png,train
004953.png,train
006414.png,train
006838.png,train
001137.png,train
005423.png,train
006252.png,train
001523.png,train
006154.png,train
003404.png,train
002478.png,train
005379.png,train
000253.png,train
006274.png,train
005809.png,train
005838.png,train
005540.png,train
005556.png,train
000999.png,train
006416.png,train
001734.png,train
005093.png,train
004037.png,train
003138.png,train
004796.png,train
001447.png,train
003984.png,train
006621.png,train
001143.png,train
003476.png,train
002248.png,train
002031.png,train
006461.png,train
001654.png,train
003695.png,train
000481.png,train
000858.png,train
000133.png,train
005547.png,train
001374.png,train
004000.png,train
004302.png,train
002023.png,train
003620.png,train
002834.png,train
006460.png,train
003205.png,train
003561.png,train
005454.png,train
002527.png,train
005519.png,train
005079.png,train
004495.png,train
000383.png,train
004060.png,train
000760.png,train
007320.png,train
002173.png,train
005711.png,train
003280.png,train
000379.png,train
000630.png,train
003243.png,train
005957.png,train
004966.png,train
001506.png,train
001809.png,train
001202.png,train
005009.png,train
000839.png,train
000277.png,train
003952.png,train
006813.png,train
005768.png,train
005906.png,train
006946.png,train
003370.png,train
006286.png,train
001254.png,train
007314.png,train
006528.png,train
001561.png,train
007411.png,train
007298.png,train
006131.png,train
005548.png,train
003564.png,train
000179.png,train
004658.png,train
003427.png,train
004510.png,train
004677.png,train
002510.png,train
003065.png,train
001379.png,train
007231.png,train
006694.png,train
003366.png,train
005207.png,train
006206.png,train
007181.png,train
005715.png,train
006577.png,train
005708.png,train
003842.png,train
006425.png,train
006317.png,train
004793.png,train
003989.png,train
002813.png,train
004480.png,train
002827.png,train
003975.png,train
003535.png,train
004678.png,train
001605.png,train
006817.png,train
004484.png,train
004319.png,train
001968.png,train
003537.png,train
006055.png,train
003499.png,train
006623.png,train
002983.png,train
001354.png,train
000863.png,train
003845.png,train
003134.png,train
005489.png,train
005798.png,train
001140.png,train
004378.png,train
004145.png,train
005090.png,train
000827.png,train
002573.png,train
000385.png,train
000634.png,train
001992.png,train
002700.png,train
001410.png,train
005301.png,train
002965.png,train
005181.png,train
005315.png,train
002194.png,train
002651.png,train
004254.png,train
000650.png,train
000245.png,train
001107.png,train
006637.png,train
002438.png,train
000900.png,train
004815.png,train
000649.png,train
001680.png,train
002545.png,train
006619.png,train
007096.png,train
001415.png,train
000968.png,train
000331.png,train
006846.png,train
001833.png,train
002557.png,train
006022.png,train
006572.png,train
000082.png,train
007220.png,train
002621.png,train
003645.png,train
006803.png,train
000485.png,train
002861.png,train
005367.png,train
000128.png,train
003500.png,train
003180.png,train
006978.png,train
002976.png,train
004437.png,train
000324.png,train
005729.png,train
001391.png,train
006499.png,train
004627.png,train
002057.png,train
006604.png,train
001229.png,train
007178.png,train
006827.png,train
001413.png,train
002956.png,train
005931.png,train
002699.png,train
007264.png,train
000130.png,train
001565.png,train
003046.png,train
001958.png,train
006904.png,train
004553.png,train
001782.png,train
006382.png,train
006312.png,train
003827.png,train
000608.png,train
001678.png,train
000513.png,train
004079.png,train
003025.png,train
004897.png,train
003993.png,train
002731.png,train
005473.png,train
001780.png,train
001090.png,train
003799.png,train
003942.png,train
001105.png,train
002404.png,train
002990.png,train
004612.png,train
004063.png,train
004762.png,train
006924.png,train
003503.png,train
003877.png,train
000159.png,train
005689.png,train
002647.png,train
004203.png,train
005603.png,train
006306.png,train
004523.png,train
002800.png,train
001004.png,train
001200.png,train
003806.png,train
002286.png,train
002410.png,train
004341.png,train
002885.png,train
003395.png,train
001665.png,train
005617.png,train
001396.png,train
006377.png,train
003269.png,train
006011.png,train
002385.png,train
005143.png,train
004486.png,train
006932.png,train
007296.png,train
005185.png,train
000825.png,train
006333.png,train
007199.png,train
004931.png,train
005430.png,train
003126.png,train
000098.png,train
007234.png,train
004032.png,train
003194.png,train
004110.png,train
006566.png,train
003625.png,train
001342.png,train
006373.png,train
000393.png,train
004666.png,train
000236.png,train
000773.png,train
002629.png,train
004244.png,train
006303.png,train
004225.png,train
003276.png,train
003698.png,train
004621.png,train
003310.png,train
003136.png,train
006723.png,train
007280.png,train
005624.png,train
002778.png,train
004829.png,train
000563.png,train
004937.png,train
000223.png,train
006087.png,train
005950.png,train
001368.png,train
002825.png,train
005346.png,train
002234.png,train
000505.png,train
004250.png,train
006263.png,train
005314.png,train
004385.png,train
004469.png,train
003689.png,train
003211.png,train
000117.png,train
000759.png,train
000962.png,train
001405.png,train
005634.png,train
006486.png,train
005960.png,train
005810.png,train
001659.png,train
001206.png,train
006638.png,train
005463.png,train
004525.png,train
003482.png,train
003094.png,train
007379.png,train
003009.png,train
006974.png,train
006106.png,train
002595.png,train
003233.png,train
001997.png,train
001867.png,train
003035.png,train
005192.png,train
002001.png,train
004676.png,train
004408.png,train
000199.png,train
001525.png,train
000975.png,train
000270.png,train
001744.png,train
001709.png,train
007100.png,train
002372.png,train
003850.png,train
003635.png,train
006662.png,train
002914.png,train
002517.png,train
001700.png,train
000768.png,train
006510.png,train
004674.png,train
004163.png,train
002205.png,train
001483.png,train
005094.png,train
004423.png,train
002227.png,train
000978.png,train
007102.png,train
007476.png,train
006715.png,train
001810.png,train
003615.png,train
007112.png,train
006583.png,train
005488.png,train
005964.png,train
004891.png,train
000429.png,train
004194.png,train
000580.png,train
005648.png,train
004107.png,train
001936.png,train
003686.png,train
007046.png,train
004444.png,train
001640.png,train
007439.png,train
000260.png,train
003934.png,train
000931.png,train
005162.png,train
004094.png,train
004097.png,train
000367.png,train
003697.png,train
003344.png,train
007302.png,train
001395.png,train
000377.png,train
004440.png,train
003685.png,train
001406.png,train
005271.png,train
001685.png,train
000289.png,train
006860.png,train
006378.png,train
005114.png,train
003119.png,train
001706.png,train
002500.png,train
002844.png,train
004562.png,train
005925.png,train
006644.png,train
002303.png,train
001741.png,train
005252.png,train
001470.png,train
005381.png,train
001272.png,train
000541.png,train
001948.png,train
007270.png,train
005013.png,train
003031.png,train
001252.png,train
007004.png,train
001128.png,train
005771.png,train
005157.png,train
005797.png,train
005043.png,train
001367.png,train
000685.png,train
006757.png,train
002387.png,train
005255.png,train
002010.png,train
002717.png,train
002908.png,train
005338.png,train
001537.png,train
004471.png,train
004734.png,train
005557.png,train
000897.png,train
002761.png,train
000604.png,train
001274.png,train
003533.png,train
001603.png,train
005873.png,train
003486.png,train
003325.png,train
000320.png,train
004199.png,train
004291.png,train
005712.png,train
001573.png,train
003226.png,train
006603.png,train
004082.png,train
004362.png,train
004509.png,train
001827.png,train
007244.png,train
001019.png,train
000052.png,train
003324.png,train
006589.png,train
006483.png,train
007291.png,train
001378.png,train
002486.png,train
001087.png,train
005127.png,train
007261.png,train
004164.png,train
002992.png,train
006474.png,train
001183.png,train
005961.png,train
000584.png,train
001425.png,train
000552.png,train
004933.png,train
002969.png,train
006495.png,train
003027.png,train
000948.png,train
004797.png,train
000069.png,train
001768.png,train
006346.png,train
006115.png,train
003964.png,train
004380.png,train
001451.png,train
007055.png,train
001063.png,train
006896.png,train
002129.png,train
004869.png,train
004129.png,train
005703.png,train
003346.png,train
003637.png,train
004668.png,train
006130.png,train
000966.png,train
005620.png,train
006521.png,train
001923.png,train
001459.png,train
002954.png,train
005263.png,train
006769.png,train
003301.png,train
005074.png,train
005166.png,train
003737.png,train
003755.png,train
001048.png,train
005099.png,train
002693.png,train
001757.png,train
004328.png,train
005350.png,train
001120.png,train
001018.png,train
005438.png,train
001125.png,train
006327.png,train
002944.png,train
001014.png,train
001611.png,train
002394.png,train
000412.png,train
007233.png,train
001858.png,train
006366.png,train
003130.png,train
000507.png,train
004285.png,train
002282.png,train
005103.png,train
005147.png,train
005307.png,train
004559.png,train
003628.png,train
001555.png,train
001382.png,train
002221.png,train
001006.png,train
000648.png,train
001905.png,train
005229.png,train
001770.png,train
001150.png,train
006931.png,train
004222.png,train
006616.png,train
002756.png,train
005748.png,train
004186.png,train
001284.png,train
001637.png,train
003244.png,train
002968.png,train
002915.png,train
004055.png,train
002283.png,train
006328.png,train
001323.png,train
006766.png,train
000923.png,train
006077.png,train
001250.png,train
000237.png,train
001972.png,train
001786.png,train
001850.png,train
007281.png,train
006561.png,train
001054.png,train
004845.png,train
004465.png,train
001841.png,train
001336.png,train
006625.png,train
006791.png,train
007109.png,train
002887.png,train
001070.png,train
006995.png,train
000295.png,train
003457.png,train
000137.png,train
003498.png,train
007350.png,train
003299.png,train
002796.png,train
000546.png,train
001633.png,train
000489.png,train
005745.png,train
006199.png,train
000769.png,train
000185.png,train
003431.png,train
004321.png,train
001000.png,train
004200.png,train
005275.png,train
004315.png,train
002332.png,train
004003.png,train
004353.png,train
000079.png,train
006709.png,train
003776.png,train
002118.png,train
002714.png,train
005655.png,train
000786.png,train
004096.png,train
007191.png,train
002135.png,train
001695.png,train
002811.png,train
006891.png,train
006555.png,train
000706.png,train
001474.png,train
005707.png,train
007072.png,train
001110.png,train
001197.png,train
002576.png,train
001645.png,train
006836.png,train
006270.png,train
002797.png,train
007472.png,train
004407.png,train
001263.png,train
000947.png,train
002628.png,train
004249.png,train
005006.png,train
001288.png,train
003594.png,train
006649.png,train
006321.png,train
000652.png,train
006178.png,train
006205.png,train
005228.png,train
001990.png,train
001355.png,train
004916.png,train
003359.png,train
005245.png,train
007343.png,train
004358.png,train
001922.png,train
000287.png,train
002458.png,train
002308.png,train
001583.png,train
002917.png,train
002351.png,train
000906.png,train
002437.png,train
001177.png,train
000127.png,train
004684.png,train
001082.png,train
003231.png,train
006375.png,train
002998.png,train
001933.png,train
006342.png,train
006992.png,train
007062.png,train
003452.png,train
003361.png,train
007319.png,train
003805.png,train
001332.png,train
004773.png,train
002645.png,train
006977.png,train
001845.png,train
002383.png,train
002078.png,train
001973.png,train
003673.png,train
005878.png,train
000473.png,train
001909.png,train
005493.png,train
004823.png,train
000606.png,train
002395.png,train
005498.png,train
001681.png,train
004475.png,train
006444.png,train
001211.png,train
004872.png,train
007060.png,train
004061.png,train
007369.png,train
004713.png,train
001526.png,train
003400.png,train
004011.png,train
006734.png,train
002183.png,train
005014.png,train
004411.png,train
004318.png,train
006772.png,train
002165.png,train
002076.png,train
005279.png,train
003794.png,train
006290.png,train
002880.png,train
004554.png,train
003316.png,train
006881.png,train
005037.png,train
004530.png,train
005116.png,train
004586.png,train
006947.png,train
004855.png,train
005646.png,train
005377.png,train
005416.png,train
006617.png,train
002744.png,train
002061.png,train
000161.png,train
001001.png,train
002100.png,train
000918.png,train
005323.png,train
000579.png,train
007137.png,train
002773.png,train
005343.png,train
006356.png,train
002131.png,train
002530.png,train
006972.png,train
007069.png,train
002496.png,train
007402.png,train
001597.png,train
000745.png,train
002462.png,train
006237.png,train
006753.png,train
004039.png,train
005970.png,train
000559.png,train
003679.png,train
004273.png,train
001472.png,train
002093.png,train
006202.png,train
003572.png,train
002081.png,train
001168.png,train
005956.png,train
000449.png,train
003214.png,train
002984.png,train
005843.png,train
005328.png,train
000502.png,train
001591.png,train
006137.png,train
002503.png,train
002288.png,train
004808.png,train
000791.png,train
006943.png,train
003304.png,train
006224.png,train
000636.png,train
005919.png,train
004169.png,train
003687.png,train
006503.png,train
002524.png,train
006628.png,train
001648.png,train
001485.png,train
003924.png,train
001013.png,train
001373.png,train
000693.png,train
003538.png,train
001521.png,train
001690.png,train
004550.png,train
006756.png,train
005325.png,train
004900.png,train
003921.png,train
004760.png,train
000060.png,train
002171.png,train
000436.png,train
006397.png,train
000832.png,train
003923.png,train
004050.png,train
000666.png,train
004208.png,train
004661.png,train
004283.png,train
002591.png,train
001574.png,train
002964.png,train
003994.png,train
005570.png,train
002677.png,train
007259.png,train
002430.png,train
003305.png,train
006282.png,train
003186.png,train
004348.png,train
003079.png,train
004183.png,train
006213.png,train
005477.png,train
001086.png,train
006233.png,train
006448.png,train
006150.png,train
007441.png,train
001789.png,train
005630.png,train
001416.png,train
006231.png,train
004911.png,train
003460.png,train
004013.png,train
004737.png,train
001929.png,train
002124.png,train
006567.png,train
004986.png,train
002301.png,train
004333.png,train
001062.png,train
002791.png,train
002866.png,train
004649.png,train
003278.png,train
000131.png,train
002935.png,train
005938.png,train
000830.png,train
000121.png,train
005723.png,train
000304.png,train
003523.png,train
003063.png,train
000741.png,train
000446.png,train
003936.png,train
003683.png,train
003997.png,train
006133.png,train
005069.png,train
003318.png,train
000380.png,train
001677.png,train
000725.png,train
005530.png,train
002952.png,train
003022.png,train
006371.png,train
000819.png,train
005945.png,train
002441.png,train
002715.png,train
006196.png,train
002108.png,train
000346.png,train
001952.png,train
006674.png,train
001240.png,train
006782.png,train
005435.png,train
000876.png,train
007095.png,train
001148.png,train
001644.png,train
003271.png,train
004403.png,train
004415.png,train
006396.png,train
004496.png,train
003253.png,train
004761.png,train
000049.png,train
002851.png,train
002604.png,train
005631.png,train
005385.png,train
007451.png,train
006445.png,train
005929.png,train
006698.png,train
000653.png,train
005149.png,train
007440.png,train
004424.png,train
000576.png,train
001108.png,train
001139.png,train
002209.png,train
005227.png,train
006406.png,train
001710.png,train
004973.png,train
000508.png,train
003714.png,train
002231.png,train
003156.png,train
004588.png,train
007184.png,train
000499.png,train
005568.png,train
004639.png,train
001208.png,train
006917.png,train
005871.png,train
003288.png,train
007453.png,train
002255.png,train
002504.png,train
003008.png,train
006344.png,train
003903.png,train
005036.png,train
003215.png,train
001265.png,train
000624.png,train
004427.png,train
001808.png,train
004350.png,train
004223.png,train
007352.png,train
005839.png,train
004564.png,train
003906.png,train
004975.png,train
001534.png,train
004364.png,train
006352.png,train
005083.png,train
006806.png,train
002120.png,train
005683.png,train
001232.png,train
002770.png,train
005189.png,train
005975.png,train
002582.png,train
007342.png,train
005297.png,train
006582.png,train
006165.png,train
006966.png,train
007203.png,train
000355.png,train
007322.png,train
000460.png,train
006109.png,train
003546.png,train
002875.png,train
005619.png,train
001883.png,train
000328.png,train
003678.png,train
002598.png,train
001643.png,train
002036.png,train
004701.png,train
006210.png,train
005118.png,train
000597.png,train
007074.png,train
000581.png,train
004482.png,train
004724.png,train
005208.png,train
000853.png,train
002168.png,train
002158.png,train
003764.png,train
002037.png,train
005363.png,train
001584.png,train
003641.png,train
005248.png,train
003919.png,train
002456.png,train
002034.png,train
004343.png,train
002540.png,train
003980.png,train
006128.png,train
000785.png,train
001863.png,train
004805.png,train
005714.png,train
001190.png,train
001235.png,train
001957.png,train
004143.png,train
003353.png,train
001066.png,train
004031.png,train
006781.png,train
003379.png,train
006895.png,train
004882.png,train
003527.png,train
005702.png,train
002263.png,train
002229.png,train
001468.png,train
004258.png,train
004849.png,train
005247.png,train
002848.png,train
004075.png,train
004299.png,train
005196.png,train
006125.png,train
000342.png,train
006104.png,train
004961.png,train
001996.png,train
004148.png,train
002809.png,train
004450.png,train
003977.png,train
004434.png,train
006861.png,train
005203.png,train
001488.png,train
005303.png,train
005889.png,train
001576.png,train
001369.png,train
003154.png,train
005564.png,train
002208.png,train
004626.png,train
007357.png,train
005561.png,train
007273.png,train
006923.png,train
007328.png,train
000235.png,train
001091.png,train
001394.png,train
000625.png,train
003309.png,train
004600.png,train
001598.png,train
000072.png,train
003791.png,train
005706.png,train
007460.png,train
006571.png,train
007462.png,train
004281.png,train
000282.png,train
002891.png,train
005670.png,train
003038.png,train
002681.png,train
000188.png,train
004561.png,train
000665.png,train
003531.png,train
000229.png,train
004100.png,train
001081.png,train
005474.png,train
001788.png,train
003090.png,train
000935.png,train
005371.png,train
001979.png,train
001465.png,train
005178.png,train
003711.png,train
000403.png,train
003918.png,train
004467.png,train
005520.png,train
004309.png,train
001047.png,train
005636.png,train
006351.png,train
000812.png,train
000965.png,train
006488.png,train
002262.png,train
003727.png,train
001477.png,train
004846.png,train
005499.png,train
004619.png,train
007412.png,train
002636.png,train
005510.png,train
002794.png,train
003263.png,train
001684.png,train
003081.png,train
006857.png,train
004699.png,train
007458.png,train
002514.png,train
005509.png,train
002987.png,train
004369.png,train
002534.png,train
001816.png,train
006082.png,train
005514.png,train
003650.png,train
003164.png,train
001586.png,train
000073.png,train
003245.png,train
005959.png,train
006618.png,train
006564.png,train
000012.png,train
002215.png,train
003252.png,train
000712.png,train
002839.png,train
003115.png,train
007253.png,train
005750.png,train
005591.png,train
001705.png,train
002962.png,train
005571.png,train
002352.png,train
004913.png,train
005862.png,train
005429.png,train
000033.png,train
006173.png,train
001033.png,train
000532.png,train
002846.png,train
001693.png,train
007159.png,train
000640.png,train
001016.png,train
000530.png,train
001326.png,train
002753.png,train
007434.png,train
006277.png,train
007334.png,train
002353.png,train
005863.png,train
001987.png,train
000285.png,train
007324.png,train
007467.png,train
001567.png,train
004420.png,train
002143.png,train
001930.png,train
005695.png,train
005001.png,train
000881.png,train
005344.png,train
001100.png,train
005241.png,train
005313.png,train
006204.png,train
004064.png,train
001178.png,train
001562.png,train
001331.png,train
007013.png,train
003414.png,train
001843.png,train
006361.png,train
003080.png,train
001427.png,train
002892.png,train
000233.png,train
005694.png,train
002268.png,train
005907.png,train
000381.png,train
000208.png,train
001589.png,train
006063.png,train
000181.png,train
003528.png,train
005080.png,train
000679.png,train
004241.png,train
005854.png,train
001422.png,train
002021.png,train
005425.png,train
001986.png,train
006815.png,train
001970.png,train
002226.png,train
002691.png,train
004351.png,train
000734.png,train
006959.png,train
004363.png,train
007150.png,train
004089.png,train
006318.png,train
001857.png,train
005674.png,train
006336.png,train
000173.png,train
007266.png,train
005433.png,train
001632.png,train
003559.png,train
005966.png,train
000332.png,train
005781.png,train
006720.png,train
001039.png,train
006456.png,train
003647.png,train
000886.png,train
006476.png,train
004735.png,train
006578.png,train
002762.png,train
002724.png,train
006869.png,train
001187.png,train
005566.png,train
004663.png,train
006897.png,train
004383.png,train
003583.png,train
002313.png,train
001089.png,train
002680.png,train
005249.png,train
004187.png,train
005751.png,train
006942.png,train
004178.png,train
006989.png,train
004574.png,train
006399.png,train
002218.png,train
003792.png,train
003223.png,train
005115.png,train
004719.png,train
006843.png,train
005336.png,train
005235.png,train
002327.png,train
005444.png,train
004007.png,train
003947.png,train
005306.png,train
002320.png,train
003588.png,train
006189.png,train
003610.png,train
004949.png,train
002616.png,train
005066.png,train
003193.png,train
004608.png,train
004406.png,train
004584.png,train
003821.png,train
000374.png,train
003724.png,train
000602.png,train
003957.png,train
002256.png,train
001628.png,train
000762.png,train
001505.png,train
007424.png,train
004426.png,train
003969.png,train
000329.png,train
003317.png,train
000908.png,train
000942.png,train
005461.png,train
000003.png,train
002144.png,train
002868.png,train
005884.png,train
000974.png,train
003995.png,train
006068.png,train
002192.png,train
002523.png,train
005091.png,train
000206.png,train
001490.png,train
005440.png,train
001351.png,train
000252.png,train
005841.png,train
005322.png,train
007185.png,train
001320.png,train
002167.png,train
001635.png,train
000280.png,train
001592.png,train
000740.png,train
007311.png,train
004868.png,train
002433.png,train
003001.png,train
005735.png,train
003445.png,train
004560.png,train
005448.png,train
002586.png,train
005287.png,train
004067.png,train
003505.png,train
005256.png,train
002287.png,train
000118.png,train
006874.png,train
004262.png,train
003555.png,train
003892.png,train
003451.png,train
006468.png,train
007022.png,train
000084.png,train
000976.png,train
003785.png,train
000456.png,train
004213.png,train
000057.png,train
006360.png,train
001161.png,train
004651.png,train
006663.png,train
003702.png,train
007374.png,train
004419.png,train
001257.png,train
007474.png,train
004019.png,train
000494.png,train
005215.png,train
003170.png,train
002018.png,train
006695.png,train
002460.png,train
000145.png,train
003419.png,train
001935.png,train
005226.png,train
002044.png,train
002667.png,train
003335.png,train
001186.png,train
006030.png,train
005731.png,train
004923.png,train
005302.png,train
002900.png,train
006650.png,train
004117.png,train
001725.png,train
000790.png,train
006546.png,train
000697.png,train
007182.png,train
002720.png,train
000782.png,train
000157.png,train
000323.png,train
000739.png,train
002974.png,train
004636.png,train
005665.png,train
005916.png,train
006690.png,train
002898.png,train
001275.png,train
004778.png,train
006153.png,train
002973.png,train
003930.png,train
003965.png,train
001613.png,train
002246.png,train
005772.png,train
005529.png,train
003807.png,train
005086.png,train
000194.png,train
006812.png,train
004266.png,train
001724.png,train
001170.png,train
001588.png,train
000045.png,train
004112.png,train
003576.png,train
002695.png,train
002481.png,train
000509.png,train
002095.png,train
002369.png,train
004396.png,train
002346.png,train
004880.png,train
006633.png,train
004866.png,train
005589.png,train
004087.png,train
006301.png,train
002223.png,train
006200.png,train
006168.png,train
000311.png,train
004718.png,train
000005.png,train
007000.png,train
003140.png,train
005995.png,train
007271.png,train
005230.png,train
000618.png,train
001045.png,train
004999.png,train
004968.png,train
004149.png,train
005668.png,train
002269.png,train
003097.png,train
003690.png,train
000147.png,train
004610.png,train
005345.png,train
003256.png,train
005897.png,train
004090.png,train
006095.png,train
004806.png,train
003968.png,train
006072.png,train
000963.png,train
002985.png,train
001549.png,train
003402.png,train
003814.png,train
001869.png,train
007263.png,train
005081.png,train
001424.png,train
000450.png,train
001686.png,train
006774.png,train
002528.png,train
007448.png,train
001428.png,train
002065.png,train
007252.png,train
003472.png,train
007078.png,val
002826.png,val
004367.png,val
000231.png,val
001906.png,val
000917.png,val
001469.png,val
002995.png,val
003883.png,val
000390.png,val
005505.png,val
007409.png,val
001318.png,val
004052.png,val
004126.png,val
001849.png,val
001556.png,val
004790.png,val
002435.png,val
006469.png,val
003222.png,val
000200.png,val
003106.png,val
005587.png,val
001670.png,val
000554.png,val
006607.png,val
004308.png,val
004853.png,val
000524.png,val
000305.png,val
006988.png,val
005602.png,val
002662.png,val
006821.png,val
006310.png,val
002257.png,val
005549.png,val
006724.png,val
005352.png,val
007276.png,val
006935.png,val
002431.png,val
004813.png,val
004487.png,val
007405.png,val
003518.png,val
004932.png,val
003609.png,val
001926.png,val
001512.png,val
002155.png,val
006746.png,val
000038.png,val
006158.png,val
005507.png,val
006743.png,val
000619.png,val
002067.png,val
006010.png,val
004251.png,val
002459.png,val
001296.png,val
002360.png,val
004240.png,val
003901.png,val
004492.png,val
005716.png,val
004331.png,val
005830.png,val
005117.png,val
006899.png,val
002230.png,val
006102.png,val
006655.png,val
007326.png,val
006457.png,val
005828.png,val
002338.png,val
007331.png,val
001773.png,val
005462.png,val
006432.png,val
004641.png,val
006620.png,val
004300.png,val
002364.png,val
002864.png,val
003339.png,val
002650.png,val
001181.png,val
006795.png,val
004462.png,val
000178.png,val
004552.png,val
002054.png,val
003088.png,val
005193.png,val
003441.png,val
004048.png,val
002775.png,val
005164.png,val
002277.png,val
004763.png,val
003185.png,val
002571.png,val
000538.png,val
000364.png,val
003315.png,val
002342.png,val
005583.png,val
007378.png,val
003611.png,val
006526.png,val
006512.png,val
001873.png,val
003107.png,val
002314.png,val
003864.png,val
005260.png,val
004800.png,val
003778.png,val
004731.png,val
000702.png,val
006651.png,val
000728.png,val
006223.png,val
005356.png,val
005032.png,val
005807.png,val
002580.png,val
003949.png,val
006825.png,val
003795.png,val
005495.png,val
005994.png,val
004374.png,val
006235.png,val
003512.png,val
002008.png,val
004936.png,val
007029.png,val
002507.png,val
004819.png,val
005894.png,val
003970.png,val
000283.png,val
000457.png,val
001038.png,val
002136.png,val
004952.png,val
004228.png,val
007057.png,val
006719.png,val
007354.png,val
004948.png,val
007066.png,val
006388.png,val
000296.png,val
006777.png,val
001995.png,val
000889.png,val
002659.png,val
005077.png,val
002802.png,val
005204.png,val
001748.png,val
004004.png,val
000568.png,val
001188.png,val
002166.png,val
000108.png,val
000586.png,val
005834.png,val
007041.png,val
000458.png,val
004599.png,val
005421.png,val
004386.png,val
003165.png,val
001279.png,val
000797.png,val
005048.png,val
004634.png,val
000428.png,val
004650.png,val
004837.png,val
004054.png,val
006632.png,val
006052.png,val
004927.png,val
004809.png,val
005651.png,val
001058.png,val
002705.png,val
006203.png,val
005672.png,val
000956.png,val
002832.png,val
003858.png,val
005110.png,val
000783.png,val
006543.png,val
000063.png,val
006538.png,val
005766.png,val
003196.png,val
001955.png,val
006348.png,val
000842.png,val
000104.png,val
001057.png,val
002622.png,val
005106.png,val
003043.png,val
001309.png,val
003290.png,val
005724.png,val
000029.png,val
000866.png,val
003902.png,val
007393.png,val
005236.png,val
006834.png,val
000789.png,val
004865.png,val
004271.png,val
003102.png,val
006043.png,val
002926.png,val
002024.png,val
006689.png,val
003133.png,val
003748.png,val
001524.png,val
007469.png,val
006613.png,val
002366.png,val
002284.png,val
002236.png,val
001541.png,val
000275.png,val
005195.png,val
004313.png,val
002091.png,val
004317.png,val
006092.png,val
004670.png,val
006710.png,val
007176.png,val
003118.png,val
002648.png,val
003642.png,val
002906.png,val
006143.png,val
005492.png,val
003603.png,val
006061.png,val
003573.png,val
000464.png,val
001216.png,val
007128.png,val
006553.png,val
005152.png,val
007454.png,val
005816.png,val
005231.png,val
006433.png,val
002977.png,val
000893.png,val
002931.png,val
001412.png,val
006326.png,val
003262.png,val
004740.png,val
000433.png,val
004894.png,val
002280.png,val
005777.png,val
006292.png,val
000677.png,val
004886.png,val
000371.png,val
006341.png,val
001775.png,val
001352.png,val
004747.png,val
003302.png,val
001075.png,val
005544.png,val
007133.png,val
003322.png,val
006069.png,val
005675.png,val
006965.png,val
002299.png,val
004268.png,val
005029.png,val
006218.png,val
002160.png,val
006751.png,val
001441.png,val
001953.png,val
005654.png,val
001800.png,val
004076.png,val
004332.png,val
003052.png,val
004493.png,val
001875.png,val
000651.png,val
005095.png,val
000113.png,val
002159.png,val
004324.png,val
004123.png,val
000585.png,val
002816.png,val
000074.png,val
004522.png,val
001435.png,val
000899.png,val
002569.png,val
004237.png,val
007367.png,val
002111.png,val
003270.png,val
002331.png,val
002415.png,val
000274.png,val
006239.png,val
001502.png,val
002823.png,val
000735.png,val
006542.png,val
005743.png,val
002747.png,val
000835.png,val
005697.png,val
000014.png,val
002655.png,val
003865.png,val
003526.png,val
003354.png,val
006162.png,val
000545.png,val
006552.png,val
004043.png,val
003898.png,val
000203.png,val
005784.png,val
002022.png,val
002390.png,val
006970.png,val
002163.png,val
002083.png,val
001500.png,val
003230.png,val
004014.png,val
001392.png,val
000828.png,val
005536.png,val
000522.png,val
001985.png,val
002423.png,val
000932.png,val
005667.png,val
001980.png,val
003803.png,val
001261.png,val
006046.png,val
004025.png,val
005233.png,val
004902.png,val
002128.png,val
003048.png,val
005201.png,val
002407.png,val
004539.png,val
002362.png,val
003358.png,val
003550.png,val
005471.png,val
002696.png,val
005886.png,val
004515.png,val
004812.png,val
001093.png,val
003019.png,val
002575.png,val
004198.png,val
004287.png,val
006584.png,val
006805.png,val
003638.png,val
003831.png,val
003062.png,val
000129.png,val
001481.png,val
000164.png,val
007115.png,val
000674.png,val
006408.png,val
001737.png,val
001079.png,val
000972.png,val
006161.png,val
007052.png,val
001121.png,val
001003.png,val
001370.png,val
005727.png,val
001433.png,val
003319.png,val
006053.png,val
005452.png,val
000211.png,val
001300.png,val
006549.png,val
003241.png,val
007257.png,val
003493.png,val
007106.png,val
006639.png,val
002513.png,val
001814.png,val
004220.png,val
002726.png,val
001516.png,val
000743.png,val
006359.png,val
000511.png,val
003070.png,val
006242.png,val
004204.png,val
005673.png,val
004919.png,val
000416.png,val
001277.png,val
000124.png,val
000378.png,val
001069.png,val
004242.png,val
002212.png,val
004915.png,val
001910.png,val
002147.png,val
000007.png,val
003362.png,val
001679.png,val
007278.png,val
004184.png,val
000645.png,val
004534.png,val
000123.png,val
005491.png,val
000788.png,val
001393.png,val
007416.png,val
006215.png,val
003828.png,val
002264.png,val
001286.png,val
005969.png,val
000671.png,val
000676.png,val
005290.png,val
006229.png,val
000392.png,val
005253.png,val
003644.png,val
004870.png,val
004336.png,val
004326.png,val
006285.png,val
006194.png,val
000019.png,val
004970.png,val
005521.png,val
005805.png,val
002016.png,val
002088.png,val
006166.png,val
006902.png,val
001074.png,val
007338.png,val
001795.png,val
005281.png,val
004964.png,val
002787.png,val
001568.png,val
007364.png,val
003254.png,val
005218.png,val
004158.png,val
005119.png,val
001119.png,val
000896.png,val
005459.png,val
004959.png,val
001853.png,val
007247.png,val
007479.png,val
001219.png,val
003774.png,val
002567.png,val
005876.png,val
007385.png,val
001630.png,val
000363.png,val
004637.png,val
006574.png,val
003876.png,val
003868.png,val
004679.png,val
003881.png,val
007428.png,val
004765.png,val
006264.png,val
002849.png,val
007073.png,val
007341.png,val
002663.png,val
005484.png,val
004295.png,val
004876.png,val
004733.png,val
006345.png,val
001253.png,val
004109.png,val
003200.png,val
000186.png,val
001226.png,val
003933.png,val
006732.png,val
002853.png,val
003708.png,val
000153.png,val
004441.png,val
005939.png,val
006051.png,val
003676.png,val
006656.png,val
004170.png,val
006134.png,val
003021.png,val
002225.png,val
002125.png,val
005909.png,val
007272.png,val
004898.png,val
002656.png,val
004111.png,val
000247.png,val
006563.png,val
001184.png,val
005480.png,val
000681.png,val
004549.png,val
000594.png,val
001832.png,val
004739.png,val
003072.png,val
002830.png,val
003529.png,val
003670.png,val
002822.png,val
001622.png,val
005701.png,val
001954.png,val
006245.png,val
000629.png,val
003607.png,val
000340.png,val
002401.png,val
003602.png,val
000095.png,val
006494.png,val
002139.png,val
000678.png,val
006268.png,val
003355.png,val
003787.png,val
000992.png,val
003539.png,val
004519.png,val
001942.png,val
003168.png,val
003303.png,val
005993.png,val
002814.png,val
000979.png,val
002063.png,val
000254.png,val
001498.png,val
003618.png,val
005875.png,val
002581.png,val
006659.png,val
002939.png,val
000967.png,val
007180.png,val
001463.png,val
004274.png,val
001209.png,val
001285.png,val
004617.png,val
004752.png,val
006315.png,val
006624.png,val
003283.png,val
005278.png,val
000829.png,val
005012.png,val
002562.png,val
005190.png,val
005030.png,val
001238.png,val
003983.png,val
002661.png,val
000180.png,val
003234.png,val
006532.png,val
003392.png,val
007372.png,val
003665.png,val
002919.png,val
000000.png,val
002379.png,val
003634.png,val
001305.png,val
001702.png,val
001313.png,val
000802.png,val
000794.png,val
000703.png,val
006786.png,val
003426.png,val
002632.png,val
002064.png,val
001722.png,val
000051.png,val
006081.png,val
007370.png,val
002472.png,val
000243.png,val
002266.png,val
006610.png,val
001310.png,val
001794.png,val
000809.png,val
004209.png,val
002745.png,val
001213.png,val
003649.png,val
003513.png,val
001674.png,val
003966.png,val
005034.png,val
002739.png,val
003917.png,val
004662.png,val
002180.png,val
001456.png,val
002818.png,val
004114.png,val
001024.png,val
000996.png,val
007183.png,val
003900.png,val
000860.png,val
002706.png,val
004270.png,val
005175.png,val
006155.png,val
004945.png,val
002722.png,val
005840.png,val
002660.png,val
001864.png,val
006001.png,val
002755.png,val
003284.png,val
003150.png,val
006259.png,val
006501.png,val
006657.png,val
002871.png,val
006973.png,val
005209.png,val
004569.png,val
004686.png,val
003822.png,val
004294.png,val
002241.png,val
000687.png,val
001697.png,val
004850.png,val
001624.png,val
006295.png,val
004983.png,val
007026.png,val
000698.png,val
003832.png,val
000575.png,val
000930.png,val
000402.png,val
005623.png,val
006232.png,val
006089.png,val
005684.png,val
006404.png,val
003863.png,val
006311.png,val
003592.png,val
001862.png,val
002670.png,val
002511.png,val
006653.png,val
004843.png,val
003974.png,val
005294.png,val
006691.png,val
004748.png,val
000639.png,val
004785.png,val
006677.png,val
004015.png,val
004743.png,val
000691.png,val
002140.png,val
006680.png,val
006368.png,val
007337.png,val
002060.png,val
003890.png,val
002909.png,val
001162.png,val
003139.png,val
000643.png,val
002232.png,val
005419.png,val
000155.png,val
000048.png,val
001041.png,val
004006.png,val
001761.png,val
004538.png,val
004489.png,val
005792.png,val
000250.png,val
005051.png,val
001839.png,val
005680.png,val
007455.png,val
007423.png,val
002072.png,val
004642.png,val
002772.png,val
001270.png,val
005880.png,val
003037.png,val
005163.png,val
005476.png,val
000815.png,val
006596.png,val
006925.png,val
004572.png,val
005096.png,val
000102.png,val
006455.png,val
004478.png,val
006518.png,val
004303.png,val
006575.png,val
004528.png,val
000068.png,val
005031.png,val
003782.png,val
006705.png,val
000065.png,val
002019.png,val
001967.png,val
000557.png,val
000617.png,val
002831.png,val
006075.png,val
003542.png,val
003703.png,val
004547.png,val
001927.png,val
007360.png,val
002181.png,val
000913.png,val
001322.png,val
005860.png,val
005629.png,val
003852.png,val
006385.png,val
005977.png,val
005649.png,val
001758.png,val
001179.png,val
006071.png,val
004504.png,val
006372.png,val
004292.png,val
001791.png,val
000964.png,val
002002.png,val
003285.png,val
003558.png,val
000603.png,val
002873.png,val
000654.png,val
005219.png,val
002958.png,val
003547.png,val
000556.png,val
002694.png,val
007373.png,val
004575.png,val
005415.png,val
005656.png,val
000531.png,val
002566.png,val
004844.png,val
005898.png,val
007292.png,val
006430.png,val
007333.png,val
000895.png,val
003459.png,val
007021.png,val
002676.png,val
007172.png,val
007361.png,val
000463.png,val
000421.png,val
005372.png,val
006847.png,val
007227.png,val
001596.png,val
003691.png,val
003508.png,val
005730.png,val
003417.png,val
007012.png,val
001292.png,val
005221.png,val
000664.png,val
002384.png,val
004644.png,val
003153.png,val
001738.png,val
007014.png,val
005537.png,val
000462.png,val
000517.png,val
003777.png,val
004858.png,val
001134.png,val
006816.png,val
001900.png,val
000151.png,val
004382.png,val
007355.png,val
007211.png,val
001536.png,val
007237.png,val
007268.png,val
002882.png,val
001113.png,val
003100.png,val
000267.png,val
002375.png,val
006276.png,val
001220.png,val
007033.png,val
007315.png,val
002535.png,val
003375.png,val
005782.png,val
000490.png,val
000570.png,val
004784.png,val
001859.png,val
006415.png,val
000442.png,val
007417.png,val
000561.png,val
003639.png,val
003893.png,val
002154.png,val
005770.png,val
005052.png,val
004714.png,val
001578.png,val
000076.png,val
001865.png,val
003643.png,val
005747.png,val
003267.png,val
005056.png,val
000901.png,val
004167.png,val
005746.png,val
005822.png,val
004477.png,val
002615.png,val
006275.png,val
006255.png,val
003187.png,val
007160.png,val
001991.png,val
001812.png,val
003971.png,val
003756.png,val
000189.png,val
005120.png,val
003143.png,val
002520.png,val
003235.png,val
002302.png,val
000043.png,val
002482.png,val
001829.png,val
006776.png,val
005844.png,val
004705.png,val
003365.png,val
003040.png,val
001251.png,val
000347.png,val
005496.png,val
004907.png,val
004818.png,val
003213.png,val
006465.png,val
003369.png,val
006529.png,val
003502.png,val
001872.png,val
003050.png,val
005558.png,val
004409.png,val
000647.png,val
002032.png,val
004418.png,val
006733.png,val
005763.png,val
002671.png,val
003999.png,val
000427.png,val
007166.png,val
002233.png,val
000345.png,val
007351.png,val
001476.png,val
002556.png,val
004349.png,val
005075.png,val
002798.png,val
005601.png,val
000738.png,val
004144.png,val
000307.png,val
007044.png,val
004008.png,val
000973.png,val
001021.png,val
003238.png,val
000713.png,val
001146.png,val
007030.png,val
003520.png,val
003323.png,val
004366.png,val
004494.png,val
007011.png,val
006665.png,val
000491.png,val
001504.png,val
002857.png,val
001982.png,val
003736.png,val
006123.png,val
003010.png,val
007377.png,val
006585.png,val
003367.png,val
005139.png,val
007359.png,val
004264.png,val
000614.png,val
004310.png,val
005719.png,val
005660.png,val
004710.png,val
004142.png,val
002429.png,val
005742.png,val
003152.png,val
001530.png,val
004153.png,val
000994.png,val
001147.png,val
005633.png,val
007134.png,val
001575.png,val
006039.png,val
005599.png,val
004314.png,val
004838.png,val
005506.png,val
003485.png,val
006790.png,val
002877.png,val
005070.png,val
004716.png,val
001653.png,val
007064.png,val
006981.png,val
003273.png,val
000836.png,val
004653.png,val
000039.png,val
007019.png,val
000105.png,val
000637.png,val
001666.png,val
007219.png,val
002042.png,val
006045.png,val
001656.png,val
001311.png,val
005366.png,val
006261.png,val
002157.png,val
005910.png,val
005879.png,val
004682.png,val
006586.png,val
002399.png,val
001918.png,val
006667.png,val
002683.png,val
006785.png,val
000910.png,val
003162.png,val
002082.png,val
004992.png,val
001704.png,val
000261.png,val
000170.png,val
004463.png,val
002552.png,val
001214.png,val
000688.png,val
003383.png,val
007316.png,val
003286.png,val
001750.png,val
007392.png,val
003380.png,val
006256.png,val
005682.png,val
001518.png,val
003261.png,val
003446.png,val
000864.png,val
002062.png,val
005148.png,val
003911.png,val
000409.png,val
001127.png,val
000523.png,val
002768.png,val
007301.png,val
004277.png,val
003909.png,val
001842.png,val
004177.png,val
003817.png,val
000921.png,val
001249.png,val
002178.png,val
002316.png,val
003992.png,val
004010.png,val
001890.png,val
001049.png,val
003363.png,val
007165.png,val
000405.png,val
005546.png,val
004879.png,val
006358.png,val
006016.png,val
001646.png,val
004711.png,val
006065.png,val
004276.png,val
000224.png,val
001264.png,val
006026.png,val
006099.png,val
007083.png,val
003563.png,val
007300.png,val
002585.png,val
000891.png,val
005330.png,val
001301.png,val
006401.png,val
006419.png,val
007187.png,val
005373.png,val
001158.png,val
000722.png,val
006798.png,test
005733.png,test
006531.png,test
003144.png,test
004488.png,test
003765.png,test
004914.png,test
006112.png,test
003894.png,test
005538.png,test
000750.png,test
002279.png,test
004908.png,test
006420.png,test
006944.png,test
001189.png,test
006960.png,test
007111.png,test
005902.png,test
001965.png,test
000116.png,test
007260.png,test
006121.png,test
006482.png,test
002109.png,test
002393.png,test
003920.png,test
005277.png,test
001636.png,test
001244.png,test
003818.png,test
006258.png,test
007042.png,test
000325.png,test
007436.png,test
006257.png,test
004447.png,test
004941.png,test
004725.png,test
003206.png,test
000111.png,test
003308.png,test
006939.png,test
001629.png,test
002850.png,test
007277.png,test
005663.png,test
005267.png,test
001480.png,test
000882.png,test
003333.png,test
002897.png,test
003786.png,test
006760.png,test
002318.png,test
006446.png,test
002133.png,test
000883.png,test
000543.png,test
007403.png,test
007449.png,test
004706.png,test
001924.png,test
004958.png,test
004852.png,test
007398.png,test
003627.png,test
002335.png,test
000314.png,test
003149.png,test
004726.png,test
001515.png,test
004356.png,test
003640.png,test
004026.png,test
006320.png,test
001698.png,test
007345.png,test
000890.png,test
000480.png,test
003467.png,test
002471.png,test
004121.png,test
003247.png,test
001171.png,test
003141.png,test
005657.png,test
006020.png,test
005622.png,test
003509.png,test
005133.png,test
004146.png,test
005040.png,test
007269.png,test
006407.png,test
005578.png,test
006975.png,test
002452.png,test
006478.png,test
001894.png,test
000765.png,test
005399.png,test
003124.png,test
005121.png,test
004938.png,test
000198.png,test
004347.png,test
006148.png,test
002597.png,test
006873.png,test
005068.png,test
002918.png,test
007023.png,test
004239.png,test
005362.png,test
007103.png,test
006506.png,test
005504.png,test
003874.png,test
002025.png,test
007099.png,test
002810.png,test
002649.png,test
002484.png,test
006911.png,test
006216.png,test
001802.png,test
002498.png,test
002033.png,test
006083.png,test
006660.png,test
004984.png,test
005285.png,test
000667.png,test
001122.png,test
001585.png,test
002432.png,test
003289.png,test
004161.png,test
001866.png,test
005799.png,test
001664.png,test
003376.png,test
002260.png,test
003386.png,test
006886.png,test
001641.png,test
003435.png,test
004265.png,test
004863.png,test
004206.png,test
004856.png,test
001052.png,test
005899.png,test
001255.png,test
007323.png,test
000821.png,test
002424.png,test
006775.png,test
000922.png,test
002086.png,test
007318.png,test
005274.png,test
005800.png,test
003606.png,test
003800.png,test
000149.png,test
003266.png,test
001473.png,test
003885.png,test
007034.png,test
006118.png,test
000514.png,test
002311.png,test
007018.png,test
006138.png,test
006260.png,test
007162.png,test
002162.png,test
007051.png,test
001241.png,test
002815.png,test
002164.png,test
005413.png,test
000125.png,test
001380.png,test
006551.png,test
000583.png,test
005858.png,test
003137.png,test
003716.png,test
001673.png,test
002978.png,test
000290.png,test
001781.png,test
003566.png,test
004563.png,test
001868.png,test
000989.png,test
000408.png,test
000953.png,test
000588.png,test
003032.png,test
001182.png,test
005539.png,test
004583.png,test
004485.png,test
000954.png,test
007413.png,test
001566.png,test
005749.png,test
002949.png,test
004631.png,test
005757.png,test
003117.png,test
004339.png,test
003227.png,test
002297.png,test
001419.png,test
006008.png,test
000542.png,test
006779.png,test
004053.png,test
002326.png,test
006770.png,test
004593.png,test
006279.png,test
001797.png,test
002153.png,test
005953.png,test
000195.png,test
002052.png,test
005044.png,test
003960.png,test
006631.png,test
004697.png,test
005141.png,test
000373.png,test
000516.png,test
003840.png,test
000009.png,test
004928.png,test
002865.png,test
001639.png,test
003216.png,test
000623.png,test
007255.png,test
002941.png,test
003694.png,test
003721.png,test
001625.png,test
004397.png,test
007094.png,test
001099.png,test
005996.png,test
000775.png,test
006839.png,test
000553.png,test
002200.png,test
006851.png,test
003173.png,test
000184.png,test
003669.png,test
002934.png,test
002356.png,test
007427.png,test
006593.png,test
001029.png,test
007136.png,test
000046.png,test
005501.png,test
002708.png,test
003462.png,test
006410.png,test
002631.png,test
003759.png,test
004261.png,test
002355.png,test
004646.png,test
005850.png,test
002235.png,test
002862.png,test
003179.png,test
002293.png,test
004414.png,test
002559.png,test
002727.png,test
003281.png,test
005980.png,test
007140.png,test
007114.png,test
002957.png,test
003829.png,test
001386.png,test
005437.png,test
000536.png,test
001683.png,test
006376.png,test
001901.png,test
002210.png,test
005930.png,test
000940.png,test
005565.png,test
002686.png,test
004044.png,test
001931.png,test
001607.png,test
005572.png,test
006438.png,test
001467.png,test
003343.png,test
002913.png,test
004717.png,test
004226.png,test
004903.png,test
007098.png,test
006905.png,test
007332.png,test
004827.png,test
003128.png,test
006217.png,test
006842.png,test
005019.png,test
003221.png,test
003586.png,test
004234.png,test
001131.png,test
004993.png,test
006693.png,test
005486.png,test
005904.png,test
005261.png,test
005728.png,test
004049.png,test
000817.png,test
001615.png,test
000578.png,test
006778.png,test
001600.png,test
006673.png,test
003401.png,test
000981.png,test
002198.png,test
003237.png,test
006417.png,test
003282.png,test
006132.png,test
000716.png,test
007445.png,test
005291.png,test
000928.png,test
005734.png,test
002276.png,test
005170.png,test
000187.png,test
003314.png,test
003812.png,test
002371.png,test
003396.png,test
002525.png,test
003371.png,test
003423.png,test
005217.png,test
002011.png,test
003722.png,test
005210.png,test
007303.png,test
006076.png,test
005355.png,test
007461.png,test
004360.png,test
005000.png,test
005112.png,test
001960.png,test
003492.png,test
000590.png,test
006219.png,test
006214.png,test
001604.png,test
004721.png,test
002878.png,test
002035.png,test
006956.png,test
003004.png,test
004770.png,test
001969.png,test
005576.png,test
002138.png,test
007265.png,test
003368.png,test
001527.png,test
007325.png,test
000273.png,test
005767.png,test
005469.png,test
006228.png,test
006117.png,test
000810.png,test
000837.png,test
005738.png,test
002278.png,test
001295.png,test
004832.png,test
003051.png,test
005405.png,test
001294.png,test
006113.png,test
001743.png,test
005585.png,test
001420.png,test
005007.png,test
005470.png,test
007480.png,test
004365.png,test
007420.png,test
003018.png,test
001731.png,test
003862.png,test
003878.png,test
006175.png,test
003433.png,test
003750.png,test
004108.png,test
002196.png,test
005579.png,test
000626.png,test
003617.png,test
002334.png,test
005065.png,test
001363.png,test
002028.png,test
001939.png,test
002440.png,test
005053.png,test
001798.png,test
001094.png,test
004664.png,test
003098.png,test
004771.png,test
002427.png,test
003860.png,test
004290.png,test
005853.png,test
004587.png,test
005824.png,test
004744.png,test
003258.png,test
003810.png,test
002785.png,test
003884.png,test
003712.png,test
002073.png,test
005479.png,test
004074.png,test
003715.png,test
000611.png,test
006792.png,test
004921.png,test
006703.png,test
004764.png,test
003773.png,test
001912.png,test
006079.png,test
002391.png,test
002046.png,test
006207.png,test
000054.png,test
002439.png,test
003820.png,test
002537.png,test
002245.png,test
001661.png,test
003760.png,test
001287.png,test
000831.png,test
006929.png,test
003515.png,test
000177.png,test
004398.png,test
003007.png,test
000078.png,test
005783.png,test
006086.png,test
005582.png,test
005881.png,test
001450.png,test
001132.png,test
007076.png,test
003255.png,test
005455.png,test
005779.png,test
001784.png,test
007232.png,test
004416.png,test
005137.png,test
001694.png,test
000841.png,test
005842.png,test
003922.png,test
003646.png,test
002516.png,test
003651.png,test
006180.png,test
005140.png,test
005911.png,test
006568.png,test
004402.png,test
003630.png,test
001399.png,test
006907.png,test
001880.png,test
005403.png,test
003384.png,test
003973.png,test
003837.png,test
006811.png,test
000826.png,test
005823.png,test
002102.png,test
006729.png,test
006004.png,test
005396.png,test
006471.png,test
007347.png,test
003875.png,test
002485.png,test
002317.png,test
004665.png,test
006299.png,test
002056.png,test
004685.png,test
003147.png,test
003856.png,test
000801.png,test
005515.png,test
004867.png,test
001366.png,test
005478.png,test
005900.png,test
000201.png,test
004822.png,test
005722.png,test
000087.png,test
007070.png,test
005059.png,test
006871.png,test
005890.png,test
000519.png,test
003813.png,test
005984.png,test
006652.png,test
000163.png,test
007362.png,test
001667.png,test
002777.png,test
006160.png,test
004070.png,test
005404.png,test
000818.png,test
002386.png,test
003582.png,test
002349.png,test
001085.png,test
002664.png,test
005666.png,test
004707.png,test
001417.png,test
001811.png,test
001245.png,test
004392.png,test
004768.png,test
000259.png,test
002854.png,test
006524.png,test
001713.png,test
004833.png,test
007208.png,test
005698.png,test
005852.png,test
003754.png,test
002363.png,test
000122.png,test
001554.png,test
000758.png,test
000086.png,test
000225.png,test
005063.png,test
006598.png,test
002328.png,test
007235.png,test
000478.png,test
007024.png,test
007158.png,test
004298.png,test
003548.png,test
005967.png,test
003199.png,test
001176.png,test
002895.png,test
000574.png,test
004787.png,test
001719.png,test
004782.png,test
006954.png,test
001442.png,test
002539.png,test
002361.png,test
004951.png,test
001212.png,test
002201.png,test
001172.png,test
000150.png,test
002228.png,test
007179.png,test
006493.png,test
003608.png,test
001372.png,test
002774.png,test
003279.png,test
007470.png,test
007107.png,test
004421.png,test
003447.png,test
004022.png,test
004062.png,test
005813.png,test
004673.png,test
006191.png,test
000284.png,test
006390.png,test
004798.png,test
004789.png,test
005896.png,test
006187.png,test
002665.png,test
001940.png,test
005282.png,test
003352.png,test
006177.png,test
005642.png,test
001617.png,test
006070.png,test
000670.png,test
000349.png,test
002692.png,test
004215.png,test
000911.png,test
003158.png,test
004947.png,test
005156.png,test
005376.png,test
003188.png,test
002071.png,test
000064.png,test
007304.png,test
004399.png,test
005877.png,test
002788.png,test
004878.png,test
003525.png,test
004174.png,test
001745.png,test
005342.png,test
001828.png,test
005981.png,test
001015.png,test
006313.png,test
001908.png,test
003003.png,test
001194.png,test
007079.png,test
005016.png,test
003742.png,test
005788.png,test
007395.png,test
004745.png,test
000807.png,test
004081.png,test
000388.png,test
006722.png,test
005136.png,test
002237.png,test
006832.png,test
000452.png,test
005293.png,test
002186.png,test
007139.png,test
003746.png,test
005308.png,test
002874.png,test
000418.png,test
007336.png,test
000726.png,test
006592.png,test
006681.png,test
001766.png,test
003578.png,test
003996.png,test
002347.png,test
001821.png,test
004119.png,test
003177.png,test
001458.png,test
007132.png,test
007153.png,test
005021.png,test
001479.png,test
004219.png,test
004885.png,test
006854.png,test
000035.png,test
003700.png,test
003208.png,test
002574.png,test
000399.png,test
002538.png,test
003623.png,test
003415.png,test
006491.png,test
003897.png,test
001040.png,test
006084.png,test
001569.png,test
002905.png,test
000767.png,test
007284.png,test
000030.png,test
007101.png,test
006731.png,test
007243.png,test
003593.png,test
002203.png,test
003425.png,test
001266.png,test
002444.png,test
002679.png,test
004483.png,test
001043.png,test
007419.png,test
000885.png,test
000747.png,test
004410.png,test
000099.png,test
002750.png,test
004389.png,test
001855.png,test
006809.png,test
006249.png,test
001017.png,test
002594.png,test
003275.png,test
007330.png,test
005870.png,test
002480.png,test
003356.png,test
006139.png,test
006982.png,test
000733.png,test
004836.png,test
004210.png,test
001073.png,test
005913.png,test
003839.png,test
000558.png,test
000857.png,test
003086.png,test
001682.png,test
003013.png,test
005577.png,test
005024.png,test
005151.png,test
005246.png,test
003045.png,test
003125.png,test
004924.png,test
005905.png,test
007010.png,test
006248.png,test
004464.png,test
005941.png,test
001155.png,test
005962.png,test
002132.png,test
000798.png,test
003330.png,test
002493.png,test
000627.png,test
007144.png,test
005105.png,test
005555.png,test
001365.png,test
001511.png,test
000174.png,test
003781.png,test
004758.png,test
006325.png,test
003869.png,test
005368.png,test
006209.png,test
004753.png,test
002149.png,test
002953.png,test
006383.png,test
002601.png,test
000991.png,test
005481.png,test
002986.png,test
003621.png,test
002050.png,test
001078.png,test
003536.png,test
005205.png,test
005872.png,test
005027.png,test
004359.png,test
006056.png,test
002613.png,test
005010.png,test
000288.png,test
001022.png,test
003972.png,test
001707.png,test
003540.png,test
000993.png,test
000660.png,test
000138.png,test
007295.png,test
002294.png,test
000622.png,test
001117.png,test
000661.png,test
000960.png,test
003783.png,test
005845.png,test
005562.png,test
006507.png,test
001885.png,test
003428.png,test
006293.png,test
002169.png,test
001767.png,test
002190.png,test
000770.png,test
001692.png,test
005588.png,test
006831.png,test
004095.png,test
006369.png,test
003409.png,test
000529.png,test
001135.png,test
000061.png,test
002389.png,test
006730.png,test
003758.png,test
000779.png,test
005892.png,test
006876.png,test
006436.png,test
001539.png,test
001160.png,test
000300.png,test
000701.png,test
000230.png,test
006856.png,test
004618.png,test
005268.png,test
000475.png,test
004611.png,test
006029.png,test
000278.png,test
006539.png,test
006363.png,test
002999.png,test
003430.png,test
000002.png,test
007207.png,test
000103.png,test
000663.png,test
003390.png,test
004831.png,test
002901.png,test
004518.png,test
006294.png,test
006340.png,test
001195.png,test
003653.png,test
006830.png,test
006597.png,test
006146.png,test
003545.png,test
002085.png,test
004848.png,test
004788.png,test
003811.png,test
004189.png,test
001669.png,test
005450.png,test
003944.png,test
005580.png,test
006005.png,test
002767.png,test
005092.png,test
006909.png,test
002712.png,test
004157.png,test
000066.png,test
003092.png,test
005508.png,test
006984.png,test
004024.png,test
004102.png,test
004029.png,test
000358.png,test
000796.png,test
006807.png,test
005965.png,test
003398.png,test
000799.png,test
007197.png,test
002587.png,test
002354.png,test
006101.png,test
001736.png,test
004864.png,test
004058.png,test
004325.png,test
004036.png,test
006799.png,test
000684.png,test
004435.png,test
000727.png,test
001341.png,test
000032.png,test
003372.png,test
003871.png,test
002039.png,test
005173.png,test
001191.png,test
002292.png,test
001403.png,test
001231.png,test
002531.png,test
000933.png,test
003411.png,test
006826.png,test
005908.png,test
000404.png,test
004491.png,test
003260.png,test
006587.png,test
005559.png,test
005593.png,test
006038.png,test
002343.png,test
004629.png,test
005420.png,test
006697.png,test
006163.png,test
007071.png,test
006304.png,test
000912.png,test
004232.png,test
002836.png,test
004394.png,test
002254.png,test
006287.png,test
004165.png,test
004191.png,test
007156.png,test
005541.png,test
000755.png,test
001217.png,test
001151.png,test
000500.png,test
004635.png,test
001205.png,test
001513.png,test
003066.png,test
000824.png,test
007391.png,test
006298.png,test
006976.png,test
004988.png,test
005347.png,test
000589.png,test
000219.png,test
006594.png,test
005445.png,test
000154.png,test
006405.png,test
000479.png,test
005934.png,test
006882.png,test
000336.png,test
000202.png,test
006179.png,test
000878.png,test
006787.png,test
005418.png,test
007127.png,test
002593.png,test
005073.png,test
004371.png,test
001429.png,test
006307.png,test
005082.png,test
001559.png,test
003571.png,test
006393.png,test
007008.png,test
000958.png,test
004814.png,test
005678.png,test
006679.png,test
005999.png,test
002890.png,test
001675.png,test
005503.png,test
006675.png,test
004068.png,test
002710.png,test
001977.png,test
003442.png,test
006431.png,test
001546.png,test
003887.png,test
001804.png,test
002309.png,test
000141.png,test
007202.png,test
000577.png,test
001221.png,test
002454.png,test
003455.png,test
006880.png,test
004305.png,test
002835.png,test
002075.png,test
004638.png,test
001007.png,test
006364.png,test
003182.png,test
000657.png,test
003504.png,test
006367.png,test
006780.png,test
006126.png,test
004282.png,test
001466.png,test
000205.png,test
001306.png,test
003394.png,test
007050.png,test
005584.png,test
005954.png,test
006440.png,test
006470.png,test
001462.png,test
004224.png,test
001387.png,test
000467.png,test
004451.png,test
005060.png,test
000737.png,test
000980.png,test
002448.png,test
001443.png,test
003747.png,test
001239.png,test
005311.png,test
006535.png,test
000938.png,test
005198.png,test
002837.png,test
006492.png,test
003192.png,test
002175.png,test
006186.png,test
000834.png,test
000613.png,test
003232.png,test
001247.png,test
006088.png,test
002930.png,test
002603.png,test
002105.png,test
003554.png,test
007169.png,test
001620.png,test
006744.png,test
005785.png,test
003935.png,test
000021.png,test
004377.png,test
007192.png,test
004159.png,test
005806.png,test
003399.png,test
000448.png,test
003598.png,test
001879.png,test
000444.png,test
006142.png,test
004021.png,test
003816.png,test
001307.png,test
003337.png,test
005321.png,test
006057.png,test
001535.png,test
001820.png,test
001376.png,test
003730.png,test
001777.png,test
002191.png,test
006740.png,test
002638.png,test
006591.png,test
001627.png,test
